{
  "run_info": {
    "dataset": "users1.json",
    "config": "slow_evaporation_exploitative",
    "run": 2,
    "execution_time": 225.55552887916565,
    "iterations_completed": 18,
    "max_iterations": 200,
    "terminated_early": true,
    "generations_without_improvement": 12,
    "pareto_size": 7,
    "pareto_points": [
      [
        358285.6100000004,
        1108.39
      ],
      [
        344661.83000000025,
        1105.9100000000003
      ],
      [
        373810.05999999994,
        1158.4
      ],
      [
        325683.25000000047,
        1050.6200000000001
      ],
      [
        330997.64999999985,
        1084.15
      ],
      [
        288836.65,
        997.4900000000002
      ],
      [
        262284.49000000034,
        992.2800000000002
      ]
    ],
    "solutions_evaluated": 360,
    "config_params": {
      "n_ants": 20,
      "rho": 0.2,
      "alpha": 2.0,
      "beta": 3.0,
      "archive_size": 100,
      "no_improvement_generations": 12
    }
  },
  "solutions_count": 7,
  "solutions_directory": "../results/PACO\\solutions\\users1\\slow_evaporation_exploitative\\run2",
  "objective_statistics": {
    "cost_range": {
      "min": 992.2800000000002,
      "max": 1158.4
    },
    "minutes_range": {
      "min": 262284.49000000034,
      "max": 373810.05999999994
    }
  },
  "algorithm_info": {
    "archive_history_length": 18,
    "max_archive_size_reached": 7
  }
}