{
  "run_info": {
    "dataset": "users4.json",
    "config": "npoint_reset_low_crossover",
    "run": 3,
    "execution_time": 448.62169671058655,
    "generations": 42,
    "pareto_size": 13,
    "pareto_points": [
      [
        -1719703.0099999972,
        5826.100000000001
      ],
      [
        -1718617.8699999978,
        5820.090000000001
      ],
      [
        -1776389.740000005,
        6166.630000000001
      ],
      [
        -1742174.4999999944,
        5892.6500000000015
      ],
      [
        -1742567.7199999944,
        5963.54
      ],
      [
        -1735956.3699999948,
        5826.650000000001
      ],
      [
        -1775496.4100000053,
        6165.6
      ],
      [
        -1778266.9700000049,
        6244.600000000001
      ],
      [
        -1704802.0699999954,
        5763.099999999999
      ],
      [
        -1737833.239999995,
        5837.700000000001
      ],
      [
        -1771209.720000004,
        6161.660000000001
      ],
      [
        -1740442.6399999945,
        5844.67
      ],
      [
        -1746669.509999996,
        6021.1900000000005
      ]
    ]
  },
  "solutions_count": 13,
  "solutions_directory": "../results/SPEA2\\solutions\\users4\\npoint_reset_low_crossover\\run3"
}