{
  "run_info": {
    "dataset": "users4.json",
    "config": "npoint_reset_low_crossover",
    "run": 3,
    "execution_time": 3879.81618642807,
    "generations": 300,
    "pareto_size": 37,
    "pareto_points": [
      [
        -1803615.600000002,
        5667.18
      ],
      [
        -1799709.2700000023,
        5652.15
      ],
      [
        -1830866.960000002,
        5838.470000000001
      ],
      [
        -1761460.2199999958,
        5526.22
      ],
      [
        -1832213.6800000018,
        5871.490000000001
      ],
      [
        -1756040.0299999965,
        5498.75
      ],
      [
        -1785540.6000000017,
        5560.230000000001
      ],
      [
        -1742460.1299999964,
        5492.3
      ],
      [
        -1833249.0100000019,
        5885.04
      ],
      [
        -1800381.520000002,
        5657.19
      ],
      [
        -1793821.4100000015,
        5633.1900000000005
      ],
      [
        -1742126.279999996,
        5473.790000000001
      ],
      [
        -1794747.7200000023,
        5644.18
      ],
      [
        -1790621.3700000008,
        5597.74
      ],
      [
        -1832637.4600000016,
        5878.510000000001
      ],
      [
        -1826039.6400000013,
        5721.58
      ],
      [
        -1785287.7200000023,
        5544.220000000001
      ],
      [
        -1827958.6500000013,
        5797.500000000001
      ],
      [
        -1826648.4100000013,
        5751.540000000002
      ],
      [
        -1827674.9600000014,
        5767.530000000001
      ],
      [
        -1831008.3500000022,
        5852.030000000002
      ],
      [
        -1814482.0900000015,
        5694.1100000000015
      ],
      [
        -1824724.0500000007,
        5717.620000000001
      ],
      [
        -1760083.9099999967,
        5516.74
      ],
      [
        -1829454.8900000015,
        5823.54
      ],
      [
        -1791846.1500000008,
        5615.720000000001
      ],
      [
        -1803609.7500000019,
        5666.18
      ],
      [
        -1789388.1299999994,
        5570.200000000001
      ],
      [
        -1830614.0800000026,
        5825.990000000001
      ],
      [
        -1831935.9500000018,
        5868.46
      ],
      [
        -1804852.7700000019,
        5668.170000000001
      ],
      [
        -1809111.6400000008,
        5676.17
      ],
      [
        -1818814.6900000009,
        5694.13
      ],
      [
        -1757872.5999999961,
        5502.76
      ],
      [
        -1834589.8400000026,
        5908.47
      ],
      [
        -1832825.2300000016,
        5878.52
      ],
      [
        -1803067.2700000019,
        5664.1900000000005
      ]
    ]
  },
  "solutions_count": 37,
  "solutions_directory": "../results/SPEA2\\solutions\\users4\\npoint_reset_low_crossover\\run3"
}