{
  "run_info": {
    "dataset": "users5.json",
    "config": "high_heuristic_influence",
    "run": 18,
    "execution_time": 7163.700448989868,
    "iterations_completed": 79,
    "max_iterations": 200,
    "terminated_early": true,
    "generations_without_improvement": 12,
    "pareto_size": 21,
    "pareto_points": [
      [
        2981817.2700000014,
        6912.000000000008
      ],
      [
        3035499.9300000104,
        7024.970000000007
      ],
      [
        3000947.390000004,
        6959.150000000009
      ],
      [
        2942847.8500000057,
        6867.330000000006
      ],
      [
        3071144.2700000093,
        7351.080000000012
      ],
      [
        3063134.1300000055,
        7184.08000000001
      ],
      [
        3065421.2800000086,
        7326.8200000000115
      ],
      [
        3091916.6500000167,
        7436.100000000011
      ],
      [
        3086145.87000003,
        7397.270000000013
      ],
      [
        3123117.480000014,
        7489.550000000011
      ],
      [
        3131422.1000000183,
        7650.250000000014
      ],
      [
        3128269.1900000153,
        7595.180000000014
      ],
      [
        3163974.3200000133,
        7653.9500000000135
      ],
      [
        3186788.2000000267,
        7751.990000000013
      ],
      [
        3209835.6700000353,
        7829.370000000015
      ],
      [
        3174214.2600000235,
        7693.190000000015
      ],
      [
        3190873.6800000267,
        7752.530000000015
      ],
      [
        3209258.390000013,
        7803.790000000013
      ],
      [
        3180929.980000024,
        7728.420000000015
      ],
      [
        3212777.4300000193,
        8000.300000000014
      ],
      [
        3192708.7300000214,
        7799.700000000015
      ]
    ],
    "solutions_evaluated": 1580,
    "config_params": {
      "n_ants": 20,
      "rho": 0.4,
      "alpha": 0.5,
      "beta": 5.0,
      "archive_size": 100,
      "no_improvement_generations": 12
    }
  },
  "solutions_count": 21,
  "solutions_directory": "C:\\Users\\hctr0\\PycharmProjects\\TFG_Hector\\31Executions\\PACO\\solutions\\users5\\high_heuristic_influence\\run18",
  "objective_statistics": {
    "cost_range": {
      "min": 6867.330000000006,
      "max": 8000.300000000014
    },
    "minutes_range": {
      "min": 2942847.8500000057,
      "max": 3212777.4300000193
    }
  },
  "algorithm_info": {
    "archive_history_length": 79,
    "max_archive_size_reached": 24
  }
}