{
  "solution": [
    2,
    12,
    2,
    2,
    14,
    17,
    17,
    17,
    2,
    17,
    17,
    16,
    17,
    17,
    8,
    4,
    9,
    2,
    17,
    16,
    17,
    8,
    1,
    15,
    5,
    15,
    8,
    6,
    16,
    5,
    8,
    17,
    17,
    17,
    17,
    17,
    16,
    10,
    7,
    17,
    12,
    2,
    17,
    17,
    5,
    8,
    17,
    5,
    17,
    13,
    7,
    1,
    13,
    11,
    8,
    8,
    17,
    17,
    7,
    17,
    13,
    7,
    2,
    16,
    5,
    17,
    6,
    17,
    4,
    8,
    16,
    17,
    17,
    17,
    12,
    17,
    16,
    17,
    3,
    17,
    5,
    2,
    17,
    5,
    4,
    8,
    17,
    6,
    17,
    6,
    9,
    1,
    17,
    2,
    8,
    12,
    8,
    17,
    2,
    2,
    8,
    16,
    8,
    17,
    17,
    9,
    4,
    6,
    16,
    18,
    17,
    17,
    13,
    8,
    5,
    2,
    2,
    17,
    8,
    2,
    2,
    2,
    17,
    5,
    8,
    2,
    17,
    17,
    4,
    15,
    8,
    17,
    17,
    2,
    4,
    17,
    13,
    17,
    8,
    17,
    5,
    18,
    17,
    17,
    16,
    5,
    17,
    9,
    5,
    8,
    15,
    17,
    17,
    16,
    2,
    17,
    5,
    17,
    17,
    17,
    8,
    1,
    17,
    17,
    9,
    1,
    4,
    16,
    5,
    8,
    8,
    17,
    5,
    16,
    6,
    17,
    17,
    17,
    17,
    4,
    8,
    5,
    3,
    17,
    4,
    17,
    6,
    4,
    17,
    2,
    17,
    16,
    17,
    17,
    16,
    17,
    6,
    17,
    6,
    4,
    17,
    17,
    1,
    17,
    17,
    17,
    13,
    17,
    17,
    6,
    17,
    5,
    16,
    17,
    17,
    17,
    17,
    17,
    1,
    15,
    2,
    17,
    17,
    8,
    2,
    7,
    17,
    17,
    1,
    17,
    16,
    11,
    5,
    7,
    9,
    17,
    17,
    4,
    2,
    17,
    17,
    6,
    17,
    17,
    15,
    6,
    6,
    17,
    8,
    4,
    1,
    5,
    17,
    17,
    17,
    16,
    17,
    5,
    16,
    8,
    8,
    11,
    17,
    17,
    16,
    8,
    17,
    17,
    8,
    17,
    17,
    5,
    1,
    5,
    17,
    6,
    6,
    6,
    8,
    8,
    17,
    17,
    16,
    17,
    17,
    8,
    8,
    2,
    17,
    5,
    17,
    9,
    17,
    4,
    14,
    17,
    3,
    8,
    4,
    17
  ],
  "objectives": [
    447386.9199999994,
    1204.6799999999998
  ],
  "fitness": {
    "minutos_ponderados": 447386.9199999994,
    "costo_total": 1204.6799999999998
  }
}