{
  "solution": [
    17,
    17,
    6,
    6,
    17,
    4,
    11,
    17,
    16,
    6,
    18,
    16,
    17,
    4,
    8,
    6,
    10,
    17,
    17,
    16,
    15,
    8,
    16,
    16,
    13,
    15,
    8,
    4,
    7,
    17,
    8,
    17,
    14,
    17,
    17,
    2,
    17,
    10,
    17,
    15,
    5,
    17,
    11,
    17,
    17,
    8,
    6,
    7,
    17,
    1,
    5,
    8,
    15,
    8,
    16,
    8,
    6,
    4,
    2,
    17,
    17,
    1,
    6,
    16,
    1,
    8,
    6,
    6,
    6,
    8,
    17,
    17,
    9,
    17,
    8,
    3,
    16,
    17,
    17,
    5,
    5,
    11,
    7,
    6,
    1,
    16,
    17,
    8,
    8,
    16,
    11,
    10,
    17,
    2,
    17,
    9,
    15,
    7,
    17,
    17,
    17,
    12,
    8,
    16,
    5,
    5,
    17,
    13,
    17,
    2,
    17,
    12,
    6,
    12,
    5,
    2,
    17,
    17,
    17,
    17,
    8,
    5,
    8,
    17,
    17,
    17,
    16,
    1,
    6,
    2,
    11,
    6,
    15,
    4,
    2,
    17,
    17,
    8,
    4,
    17,
    4,
    4,
    17,
    17,
    6,
    17,
    2,
    6,
    5,
    14,
    16,
    17,
    17,
    15,
    2,
    17,
    5,
    8,
    17,
    17,
    8,
    16,
    17,
    17,
    4,
    17,
    17,
    16,
    6,
    7,
    17,
    16,
    1,
    16,
    1,
    17,
    17,
    17,
    17,
    17,
    8,
    2,
    6,
    17,
    6,
    4,
    6,
    17,
    8,
    2,
    17,
    15,
    16,
    17,
    17,
    17,
    4,
    4,
    17,
    6,
    17,
    5,
    17,
    17,
    17,
    17,
    8,
    17,
    16,
    2,
    15,
    18,
    5,
    16,
    17,
    17,
    8,
    17,
    5,
    4,
    17,
    17,
    17,
    17,
    4,
    6,
    6,
    17,
    17,
    17,
    4,
    6,
    5,
    17,
    17,
    9,
    17,
    18,
    11,
    17,
    12,
    16,
    17,
    5,
    17,
    8,
    17,
    9,
    17,
    16,
    16,
    5,
    17,
    2,
    2,
    16,
    17,
    17,
    9,
    8,
    17,
    8,
    17,
    16,
    1,
    8,
    9,
    2,
    7,
    8,
    17,
    17,
    10,
    12,
    17,
    8,
    14,
    4,
    12,
    8,
    8,
    17,
    15,
    17,
    17,
    4,
    2,
    17,
    16,
    8,
    2,
    15,
    6,
    8,
    4,
    10,
    14,
    5,
    2,
    17
  ],
  "objectives": [
    447758.5800000006,
    1229.7799999999995
  ],
  "fitness": {
    "minutos_ponderados": 447758.5800000006,
    "costo_total": 1229.7799999999995
  }
}