{
  "solution": [
    17,
    16,
    2,
    8,
    17,
    17,
    17,
    17,
    17,
    17,
    4,
    4,
    17,
    17,
    8,
    8,
    5,
    17,
    17,
    8,
    17,
    8,
    2,
    17,
    5,
    17,
    17,
    17,
    9,
    17,
    8,
    17,
    16,
    17,
    17,
    2,
    16,
    2,
    17,
    8,
    8,
    17,
    17,
    17,
    12,
    6,
    17,
    5,
    17,
    17,
    8,
    17,
    8,
    16,
    17,
    8,
    17,
    9,
    16,
    14,
    17,
    8,
    2,
    8,
    17,
    8,
    17,
    17,
    4,
    8,
    17,
    17,
    8,
    17,
    17,
    10,
    16,
    16,
    17,
    17,
    17,
    8,
    17,
    6,
    17,
    17,
    17,
    8,
    8,
    6,
    17,
    17,
    17,
    2,
    2,
    18,
    17,
    17,
    2,
    2,
    17,
    2,
    8,
    8,
    17,
    17,
    17,
    17,
    17,
    17,
    17,
    17,
    16,
    17,
    17,
    17,
    6,
    17,
    17,
    15,
    8,
    17,
    8,
    8,
    8,
    8,
    17,
    17,
    17,
    17,
    17,
    17,
    17,
    17,
    8,
    17,
    17,
    17,
    8,
    17,
    17,
    2,
    8,
    17,
    4,
    5,
    17,
    6,
    16,
    17,
    2,
    17,
    17,
    16,
    2,
    17,
    5,
    17,
    17,
    17,
    8,
    15,
    17,
    17,
    17,
    17,
    4,
    16,
    8,
    8,
    17,
    17,
    15,
    8,
    8,
    17,
    17,
    17,
    17,
    17,
    8,
    2,
    2,
    17,
    4,
    8,
    2,
    17,
    17,
    2,
    17,
    8,
    17,
    8,
    17,
    17,
    4,
    17,
    17,
    17,
    17,
    17,
    17,
    17,
    16,
    14,
    9,
    17,
    17,
    17,
    17,
    15,
    5,
    17,
    17,
    17,
    5,
    17,
    17,
    15,
    17,
    17,
    17,
    17,
    17,
    8,
    17,
    17,
    17,
    17,
    4,
    6,
    5,
    17,
    17,
    17,
    17,
    17,
    11,
    17,
    17,
    16,
    17,
    8,
    7,
    16,
    17,
    17,
    8,
    5,
    17,
    17,
    17,
    17,
    17,
    16,
    17,
    15,
    17,
    8,
    8,
    3,
    17,
    17,
    11,
    8,
    17,
    17,
    8,
    17,
    17,
    6,
    17,
    5,
    14,
    8,
    17,
    17,
    17,
    17,
    17,
    17,
    16,
    17,
    17,
    17,
    10,
    17,
    13,
    17,
    17,
    17,
    10,
    1,
    17,
    17,
    4,
    8,
    4,
    17
  ],
  "objectives": [
    439216.82999999856,
    995.07
  ],
  "fitness": {
    "minutos_ponderados": 439216.82999999856,
    "costo_total": 995.07
  }
}