{
  "run_info": {
    "dataset": "users4.json",
    "config": "npoint_inversion_low_mutation",
    "run": 4,
    "execution_time": 6429.397490262985,
    "generations": 282,
    "pareto_size": 41,
    "pareto_points": [
      [
        -1841926.7800000028,
        5494.400000000001
      ],
      [
        -1815048.7300000032,
        5451.980000000001
      ],
      [
        -1839541.930000003,
        5492.91
      ],
      [
        -1870966.2900000014,
        5600.360000000001
      ],
      [
        -1803638.480000002,
        5397.58
      ],
      [
        -1794934.2500000012,
        5377.57
      ],
      [
        -1945678.1700000037,
        5787.26
      ],
      [
        -1952711.0600000038,
        5804.74
      ],
      [
        -1850773.4000000034,
        5500.41
      ],
      [
        -1968793.0700000033,
        5890.120000000001
      ],
      [
        -1946713.6600000032,
        5800.25
      ],
      [
        -1830562.6600000039,
        5458.920000000001
      ],
      [
        -1886383.6500000013,
        5629.750000000001
      ],
      [
        -1920028.850000005,
        5775.25
      ],
      [
        -1854816.4300000023,
        5517.35
      ],
      [
        -1958809.650000003,
        5830.19
      ],
      [
        -1826582.4400000027,
        5455.46
      ],
      [
        -1868728.5700000008,
        5592.290000000001
      ],
      [
        -1860862.2500000044,
        5561.35
      ],
      [
        -1814495.2200000023,
        5447.52
      ],
      [
        -1919126.120000001,
        5761.210000000001
      ],
      [
        -1860466.6700000032,
        5524.35
      ],
      [
        -1837537.2100000025,
        5488.9
      ],
      [
        -1903779.8500000022,
        5630.829999999999
      ],
      [
        -1916061.270000001,
        5732.28
      ],
      [
        -1808606.1199999992,
        5419.98
      ],
      [
        -1915605.54,
        5724.72
      ],
      [
        -1914085.4200000009,
        5711.219999999999
      ],
      [
        -1946620.2100000035,
        5789.719999999999
      ],
      [
        -1812395.9899999995,
        5429.469999999999
      ],
      [
        -1964027.540000004,
        5840.2
      ],
      [
        -1913317.070000001,
        5674.820000000001
      ],
      [
        -1965215.8000000028,
        5863.620000000001
      ],
      [
        -1881892.3900000027,
        5604.79
      ],
      [
        -1909558.320000002,
        5647.7699999999995
      ],
      [
        -1941934.4000000027,
        5777.269999999999
      ],
      [
        -1836843.0100000026,
        5471.409999999999
      ],
      [
        -1866677.2300000028,
        5575.760000000001
      ],
      [
        -1967084.370000003,
        5879.620000000001
      ],
      [
        -1969387.5200000033,
        5890.140000000001
      ],
      [
        -1807467.0299999996,
        5405.500000000001
      ]
    ]
  },
  "solutions_count": 41,
  "solutions_directory": "../results/NSGA2\\solutions\\users4\\npoint_inversion_low_mutation\\run4"
}