{
  "solution": [
    8,
    2,
    5,
    8,
    17,
    2,
    16,
    17,
    8,
    17,
    2,
    12,
    17,
    8,
    17,
    16,
    8,
    6,
    6,
    17,
    17,
    17,
    12,
    17,
    9,
    7,
    17,
    17,
    17,
    17,
    2,
    6,
    17,
    17,
    17,
    17,
    17,
    17,
    8,
    4,
    8,
    17,
    17,
    17,
    17,
    17,
    4,
    2,
    8,
    8,
    8,
    16,
    17,
    17,
    17,
    17,
    17,
    17,
    8,
    8,
    8,
    8,
    17,
    17,
    2,
    17,
    8,
    17,
    17,
    17,
    17,
    17,
    17,
    16,
    17,
    17,
    2,
    17,
    17,
    17,
    17,
    15,
    1,
    9,
    16,
    17,
    2,
    17,
    2,
    2,
    8,
    17,
    17,
    17,
    5,
    17,
    2,
    17,
    7,
    17,
    17,
    5,
    5,
    17,
    17,
    17,
    4,
    17,
    17,
    8,
    2,
    17,
    15,
    1,
    2,
    17,
    17,
    17,
    17,
    17,
    5,
    8,
    8,
    17,
    17,
    16,
    2,
    17,
    17,
    17,
    5,
    17,
    3,
    17,
    17,
    17,
    8,
    17,
    17,
    17,
    17,
    2,
    16,
    8,
    4,
    8,
    5,
    17,
    17,
    16,
    8,
    17,
    17,
    5,
    6,
    17,
    17,
    17,
    6,
    17,
    8,
    6,
    6,
    6,
    17,
    17,
    2,
    4,
    17,
    17,
    17,
    5,
    8,
    8,
    16,
    17,
    17,
    17,
    5,
    16,
    17,
    17,
    17,
    17,
    17,
    17,
    6,
    5,
    17,
    17,
    8,
    17,
    8,
    17,
    17,
    8,
    17,
    17,
    8,
    17,
    16,
    17,
    17,
    17,
    17,
    17,
    17,
    17,
    17,
    17,
    17,
    14,
    5,
    17,
    17,
    17,
    5,
    8,
    4,
    17,
    5,
    6,
    16,
    2,
    8,
    16,
    17,
    17,
    8,
    12,
    17,
    17,
    2,
    4,
    16,
    17,
    16,
    4,
    8,
    17,
    17,
    4,
    9,
    17,
    8,
    17,
    7,
    14,
    16,
    5,
    17,
    17,
    17,
    17,
    11,
    17,
    5,
    8,
    17,
    9,
    17,
    5,
    17,
    17,
    17,
    8,
    2,
    8,
    17,
    8,
    8,
    8,
    17,
    17,
    17,
    16,
    17,
    17,
    17,
    2,
    4,
    2,
    17,
    17,
    8,
    8,
    8,
    17,
    10,
    4,
    8,
    17,
    16,
    2,
    5,
    17,
    9,
    2,
    4,
    16
  ],
  "objectives": [
    444013.0899999988,
    985.6899999999999
  ],
  "fitness": {
    "minutos_ponderados": 444013.0899999988,
    "costo_total": 985.6899999999999
  }
}