{
  "run_info": {
    "dataset": "users2.json",
    "config": "high_pheromone_influence",
    "run": 29,
    "execution_time": 1151.881595134735,
    "iterations_completed": 46,
    "max_iterations": 200,
    "terminated_early": true,
    "generations_without_improvement": 12,
    "pareto_size": 9,
    "pareto_points": [
      [
        751439.9499999983,
        2300.63
      ],
      [
        736852.8699999998,
        1858.0300000000007
      ],
      [
        736586.970000001,
        1856.1400000000008
      ],
      [
        732078.5200000001,
        1853.0900000000004
      ],
      [
        743429.7400000002,
        1893.0700000000006
      ],
      [
        725209.8200000015,
        1807.5200000000002
      ],
      [
        747090.0000000002,
        1946.0500000000006
      ],
      [
        729302.2400000006,
        1819.1600000000008
      ],
      [
        749341.6600000011,
        1973.6400000000006
      ]
    ],
    "solutions_evaluated": 1150,
    "config_params": {
      "n_ants": 25,
      "rho": 0.3,
      "alpha": 3.0,
      "beta": 2.0,
      "archive_size": 100,
      "no_improvement_generations": 12
    }
  },
  "solutions_count": 9,
  "solutions_directory": "C:\\Users\\hctr0\\PycharmProjects\\TFG_Hector\\31Executions\\PACO\\solutions\\users2\\high_pheromone_influence\\run29",
  "objective_statistics": {
    "cost_range": {
      "min": 1807.5200000000002,
      "max": 2300.63
    },
    "minutes_range": {
      "min": 725209.8200000015,
      "max": 751439.9499999983
    }
  },
  "algorithm_info": {
    "archive_history_length": 46,
    "max_archive_size_reached": 11
  }
}