{
  "run_info": {
    "dataset": "users5.json",
    "config": "uniform_reset_high_crossover",
    "run": 4,
    "execution_time": 1111.0077452659607,
    "generations": 70,
    "pareto_size": 27,
    "pareto_points": [
      [
        -2923646.419999999,
        8538.310000000001
      ],
      [
        -2946671.769999998,
        8541.76
      ],
      [
        -2992743.3799999976,
        8601.880000000001
      ],
      [
        -3036220.180000003,
        8901.240000000002
      ],
      [
        -3020046.790000001,
        8704.370000000003
      ],
      [
        -2940568.7599999974,
        8538.330000000002
      ],
      [
        -3030877.2000000034,
        8720.880000000001
      ],
      [
        -3005805.9800000014,
        8624.970000000001
      ],
      [
        -2992351.5799999987,
        8595.34
      ],
      [
        -3018690.2400000016,
        8698.890000000003
      ],
      [
        -3035684.2100000004,
        8736.860000000002
      ],
      [
        -3035935.7700000037,
        8769.390000000003
      ],
      [
        -3012932.360000001,
        8648.930000000002
      ],
      [
        -3022368.0800000057,
        8706.880000000003
      ],
      [
        -3025221.47,
        8717.440000000002
      ],
      [
        -2981962.549999999,
        8589.930000000002
      ],
      [
        -2949519.279999996,
        8542.820000000003
      ],
      [
        -3016561.2800000017,
        8683.380000000003
      ],
      [
        -3008436.0100000035,
        8647.400000000001
      ],
      [
        -2983873.8399999966,
        8590.900000000001
      ],
      [
        -2999741.4799999995,
        8602.46
      ],
      [
        -2977572.209999999,
        8577.970000000001
      ],
      [
        -3014435.1800000034,
        8672.880000000003
      ],
      [
        -2979811.7299999977,
        8586.460000000001
      ],
      [
        -2974428.51,
        8564.890000000001
      ],
      [
        -2957912.6399999964,
        8555.34
      ],
      [
        -2976755.0899999975,
        8566.36
      ]
    ]
  },
  "solutions_count": 27,
  "solutions_directory": "../results/SPEA2\\solutions\\users5\\uniform_reset_high_crossover\\run4"
}