{
  "run_info": {
    "dataset": "users5.json",
    "config": "npoint_inversion_low_mutation",
    "run": 1,
    "execution_time": 1180.6697676181793,
    "generations": 70,
    "pareto_size": 15,
    "pareto_points": [
      [
        -2804318.4600000056,
        9183.480000000001
      ],
      [
        -2805028.9200000055,
        9188.480000000001
      ],
      [
        -2779671.720000004,
        9178.030000000002
      ],
      [
        -2806772.9200000064,
        9198.480000000001
      ],
      [
        -2801102.7500000047,
        9182.480000000001
      ],
      [
        -2873802.3900000122,
        9328.080000000002
      ],
      [
        -2840873.770000012,
        9213.04
      ],
      [
        -2868044.620000012,
        9317.100000000002
      ],
      [
        -2873103.790000012,
        9323.080000000002
      ],
      [
        -2877817.3400000134,
        9338.02
      ],
      [
        -2877313.4300000146,
        9336.080000000002
      ],
      [
        -2893807.310000002,
        9622.990000000003
      ],
      [
        -2880045.210000013,
        9338.060000000003
      ],
      [
        -2833932.3500000117,
        9212.04
      ],
      [
        -2850976.1100000143,
        9256.450000000003
      ]
    ]
  },
  "solutions_count": 15,
  "solutions_directory": "../results/SPEA2\\solutions\\users5\\npoint_inversion_low_mutation\\run1"
}