{
  "run_info": {
    "dataset": "users3.json",
    "config": "uniform_reset_high_crossover",
    "run": 3,
    "execution_time": 392.6090121269226,
    "generations": 63,
    "pareto_size": 34,
    "pareto_points": [
      [
        -1156227.3899999992,
        3571.0400000000004
      ],
      [
        -1162012.989999999,
        3642.01
      ],
      [
        -1144059.8900000004,
        3509.5600000000004
      ],
      [
        -1158776.0099999993,
        3597.0199999999995
      ],
      [
        -1139752.6000000008,
        3497.09
      ],
      [
        -1142266.0600000005,
        3505.05
      ],
      [
        -1154032.4199999992,
        3565.5600000000004
      ],
      [
        -1160219.1599999992,
        3624.02
      ],
      [
        -1148046.6400000001,
        3533.0400000000004
      ],
      [
        -1153161.699999999,
        3547.05
      ],
      [
        -1150110.299999999,
        3539.03
      ],
      [
        -1149670.0299999993,
        3534.0299999999997
      ],
      [
        -1136218.590000001,
        3484.1
      ],
      [
        -1163182.4599999995,
        3681.98
      ],
      [
        -1156838.9499999993,
        3585.0600000000004
      ],
      [
        -1156514.6099999994,
        3578.57
      ],
      [
        -1159464.3699999994,
        3606.04
      ],
      [
        -1165416.5599999996,
        3714.9800000000005
      ],
      [
        -1145800.0700000003,
        3524.0299999999997
      ],
      [
        -1165420.4499999995,
        3722.9100000000003
      ],
      [
        -1162453.259999999,
        3656.02
      ],
      [
        -1136802.8400000012,
        3492.59
      ],
      [
        -1163413.7399999993,
        3694.95
      ],
      [
        -1159387.5699999994,
        3605.0400000000004
      ],
      [
        -1146204.8199999998,
        3526.5600000000004
      ],
      [
        -1164976.2899999993,
        3694.98
      ],
      [
        -1153601.969999999,
        3547.06
      ],
      [
        -1150211.9399999992,
        3539.5500000000006
      ],
      [
        -1150652.2099999993,
        3544.55
      ],
      [
        -1165962.3599999994,
        3724.9300000000003
      ],
      [
        -1166402.6299999992,
        3744.93
      ],
      [
        -1156982.1799999992,
        3586.02
      ],
      [
        -1162795.029999999,
        3679.4500000000003
      ],
      [
        -1150280.7399999998,
        3540.0800000000004
      ]
    ]
  },
  "solutions_count": 34,
  "solutions_directory": "../results/SPEA2\\solutions\\users3\\uniform_reset_high_crossover\\run3"
}