{
  "run_info": {
    "dataset": "users5.json",
    "config": "high_heuristic_influence",
    "run": 30,
    "execution_time": 4717.761701107025,
    "iterations_completed": 52,
    "max_iterations": 200,
    "terminated_early": true,
    "generations_without_improvement": 12,
    "pareto_size": 20,
    "pareto_points": [
      [
        3002234.3100000233,
        6920.240000000008
      ],
      [
        3033708.540000011,
        7024.750000000007
      ],
      [
        3034390.1199999936,
        7062.450000000009
      ],
      [
        3057577.010000019,
        7260.7300000000105
      ],
      [
        3059610.8600000027,
        7269.53000000001
      ],
      [
        3042382.3800000036,
        7126.17000000001
      ],
      [
        3099273.390000031,
        7509.18000000001
      ],
      [
        3093556.4400000083,
        7455.040000000012
      ],
      [
        3082041.570000011,
        7452.400000000011
      ],
      [
        3072629.6000000276,
        7450.9800000000105
      ],
      [
        3071192.720000011,
        7375.9800000000105
      ],
      [
        3115205.290000022,
        7523.060000000011
      ],
      [
        3122136.96000001,
        7532.560000000012
      ],
      [
        3156384.5200000284,
        7672.560000000013
      ],
      [
        3136153.690000014,
        7563.560000000012
      ],
      [
        3142668.350000015,
        7642.630000000014
      ],
      [
        3145929.7700000103,
        7667.710000000013
      ],
      [
        3186907.7900000224,
        7702.890000000014
      ],
      [
        3163219.500000015,
        7677.540000000014
      ],
      [
        3209634.19000003,
        7728.290000000014
      ]
    ],
    "solutions_evaluated": 1040,
    "config_params": {
      "n_ants": 20,
      "rho": 0.4,
      "alpha": 0.5,
      "beta": 5.0,
      "archive_size": 100,
      "no_improvement_generations": 12
    }
  },
  "solutions_count": 20,
  "solutions_directory": "C:\\Users\\hctr0\\PycharmProjects\\TFG_Hector\\31Executions\\PACO\\solutions\\users5\\high_heuristic_influence\\run30",
  "objective_statistics": {
    "cost_range": {
      "min": 6920.240000000008,
      "max": 7728.290000000014
    },
    "minutes_range": {
      "min": 3002234.3100000233,
      "max": 3209634.19000003
    }
  },
  "algorithm_info": {
    "archive_history_length": 52,
    "max_archive_size_reached": 23
  }
}