{
  "run_info": {
    "dataset": "users4.json",
    "config": "uniform_inversion_high_mutation",
    "run": 2,
    "execution_time": 1903.0138874053955,
    "generations": 86,
    "pareto_size": 13,
    "pareto_points": [
      [
        -1902900.5500000035,
        4960.61
      ],
      [
        -1932236.940000001,
        5013.58
      ],
      [
        -1961326.270000002,
        5089.530000000001
      ],
      [
        -1947580.1700000027,
        5035.6
      ],
      [
        -1986994.16,
        5319.310000000001
      ],
      [
        -1940535.890000003,
        5034.990000000001
      ],
      [
        -1976580.1600000032,
        5147.97
      ],
      [
        -1975961.0500000026,
        5095.52
      ],
      [
        -1939036.4000000018,
        5018.590000000001
      ],
      [
        -1929807.420000003,
        4978.6500000000015
      ],
      [
        -1985608.2400000044,
        5170.0
      ],
      [
        -1954959.430000004,
        5056.020000000001
      ],
      [
        -1958712.1600000027,
        5060.509999999999
      ]
    ]
  },
  "solutions_count": 13,
  "solutions_directory": "../results/NSGA2\\solutions\\users4\\uniform_inversion_high_mutation\\run2"
}