{
  "run_info": {
    "dataset": "users5.json",
    "config": "npoint_reset_low_crossover",
    "run": 1,
    "execution_time": 2630.903054714203,
    "generations": 65,
    "pareto_size": 24,
    "pareto_points": [
      [
        -2963876.1299999966,
        9295.960000000001
      ],
      [
        -2957774.579999998,
        9284.4
      ],
      [
        -2924191.369999984,
        9174.780000000002
      ],
      [
        -2943528.769999995,
        9222.400000000001
      ],
      [
        -2956099.6199999936,
        9272.370000000003
      ],
      [
        -2950014.559999994,
        9227.390000000001
      ],
      [
        -2981020.429999997,
        9371.300000000001
      ],
      [
        -2923723.8499999875,
        9171.330000000002
      ],
      [
        -2909146.219999984,
        9143.380000000001
      ],
      [
        -2978729.009999996,
        9344.320000000002
      ],
      [
        -2913151.9199999813,
        9147.400000000001
      ],
      [
        -2958729.9099999988,
        9284.87
      ],
      [
        -2955823.5199999968,
        9265.94
      ],
      [
        -2903562.479999988,
        9098.91
      ],
      [
        -2976999.5199999968,
        9308.340000000002
      ],
      [
        -2955049.959999994,
        9254.900000000003
      ],
      [
        -2926880.5999999875,
        9181.320000000003
      ],
      [
        -2963351.759999998,
        9284.960000000003
      ],
      [
        -2928403.839999984,
        9193.290000000003
      ],
      [
        -2978554.119999997,
        9313.36
      ],
      [
        -2935862.719999988,
        9201.2
      ],
      [
        -2919704.389999987,
        9151.860000000002
      ],
      [
        -2906719.2299999865,
        9114.880000000001
      ],
      [
        -2966628.109999997,
        9304.430000000004
      ]
    ]
  },
  "solutions_count": 24,
  "solutions_directory": "../results/NSGA2\\solutions\\users5\\npoint_reset_low_crossover\\run1"
}