{
  "run_info": {
    "dataset": "users3.json",
    "config": "uniform_reset_high_crossover",
    "run": 2,
    "execution_time": 259.89883065223694,
    "generations": 46,
    "pareto_size": 19,
    "pareto_points": [
      [
        -1136443.7299999967,
        3352.61
      ],
      [
        -1162359.3999999966,
        3384.63
      ],
      [
        -1161513.1299999964,
        3366.2
      ],
      [
        -1201546.5699999975,
        3478.57
      ],
      [
        -1191491.5599999963,
        3433.11
      ],
      [
        -1190086.9399999965,
        3406.6
      ],
      [
        -1198972.999999997,
        3473.5
      ],
      [
        -1208253.2599999967,
        3565.9799999999996
      ],
      [
        -1203527.279999997,
        3488.02
      ],
      [
        -1211587.5799999966,
        3577.5000000000005
      ],
      [
        -1206240.9299999976,
        3488.51
      ],
      [
        -1214831.0799999966,
        3666.4300000000007
      ],
      [
        -1194668.2799999977,
        3447.09
      ],
      [
        -1174504.1399999962,
        3400.1099999999997
      ],
      [
        -1196224.6499999978,
        3458.55
      ],
      [
        -1209702.4099999964,
        3575.48
      ],
      [
        -1211977.7399999972,
        3589.41
      ],
      [
        -1197024.0199999972,
        3464.5400000000004
      ],
      [
        -1207808.4399999974,
        3516.5
      ]
    ]
  },
  "solutions_count": 19,
  "solutions_directory": "../results/SPEA2\\solutions\\users3\\uniform_reset_high_crossover\\run2"
}