{
  "run_info": {
    "dataset": "users2.json",
    "config": "npoint_reset_low_crossover",
    "run": 5,
    "execution_time": 311.90070390701294,
    "generations": 54,
    "pareto_size": 20,
    "pareto_points": [
      [
        -693840.1400000005,
        2532.6299999999997
      ],
      [
        -700762.6100000002,
        2540.68
      ],
      [
        -724139.43,
        2595.0499999999997
      ],
      [
        -725039.7300000003,
        2599.57
      ],
      [
        -728975.9700000006,
        2639.08
      ],
      [
        -720798.3199999997,
        2545.6200000000003
      ],
      [
        -727317.4600000008,
        2638.05
      ],
      [
        -723584.1399999994,
        2579.09
      ],
      [
        -745021.4800000013,
        2740.1400000000003
      ],
      [
        -726691.4100000001,
        2603.55
      ],
      [
        -722092.7999999993,
        2558.64
      ],
      [
        -735049.630000001,
        2651.67
      ],
      [
        -734104.3800000019,
        2651.21
      ],
      [
        -695612.3200000003,
        2535.62
      ],
      [
        -740512.9900000013,
        2673.6400000000003
      ],
      [
        -698696.9100000005,
        2538.63
      ],
      [
        -726488.9100000001,
        2600.07
      ],
      [
        -722223.3999999998,
        2561.64
      ],
      [
        -733290.3900000019,
        2647.2299999999996
      ],
      [
        -744415.8400000011,
        2702.13
      ]
    ]
  },
  "solutions_count": 20,
  "solutions_directory": "../results/NSGA2\\solutions\\users2\\npoint_reset_low_crossover\\run5"
}