{
  "run_info": {
    "dataset": "users2.json",
    "config": "high_heuristic_influence",
    "run": 12,
    "execution_time": 1973.910930633545,
    "iterations_completed": 94,
    "max_iterations": 200,
    "terminated_early": true,
    "generations_without_improvement": 12,
    "pareto_size": 15,
    "pareto_points": [
      [
        721330.0099999999,
        1975.0600000000004
      ],
      [
        706357.8600000024,
        1932.94
      ],
      [
        716951.73,
        1960.5599999999997
      ],
      [
        732286.1900000005,
        1995.2599999999993
      ],
      [
        752395.5800000005,
        2006.4099999999994
      ],
      [
        755458.7100000018,
        2018.2499999999995
      ],
      [
        779476.8800000016,
        2235.3499999999995
      ],
      [
        773025.2500000017,
        2086.2099999999996
      ],
      [
        768160.8300000005,
        2052.2099999999996
      ],
      [
        777592.9200000023,
        2191.7699999999995
      ],
      [
        769793.9900000017,
        2058.7999999999993
      ],
      [
        777031.730000002,
        2111.6899999999996
      ],
      [
        763799.0400000014,
        2022.3299999999997
      ],
      [
        754317.880000001,
        2016.7899999999995
      ],
      [
        779458.6300000024,
        2202.7699999999995
      ]
    ],
    "solutions_evaluated": 1880,
    "config_params": {
      "n_ants": 20,
      "rho": 0.4,
      "alpha": 0.5,
      "beta": 5.0,
      "archive_size": 100,
      "no_improvement_generations": 12
    }
  },
  "solutions_count": 15,
  "solutions_directory": "C:\\Users\\hctr0\\PycharmProjects\\TFG_Hector\\31Executions\\PACO\\solutions\\users2\\high_heuristic_influence\\run12",
  "objective_statistics": {
    "cost_range": {
      "min": 1932.94,
      "max": 2235.3499999999995
    },
    "minutes_range": {
      "min": 706357.8600000024,
      "max": 779476.8800000016
    }
  },
  "algorithm_info": {
    "archive_history_length": 94,
    "max_archive_size_reached": 17
  }
}