{
  "run_info": {
    "dataset": "users5.json",
    "config": "high_heuristic_influence",
    "run": 10,
    "execution_time": 4832.379407644272,
    "iterations_completed": 49,
    "max_iterations": 200,
    "terminated_early": true,
    "generations_without_improvement": 12,
    "pareto_size": 20,
    "pareto_points": [
      [
        2928307.9299999997,
        6864.210000000006
      ],
      [
        2965788.590000009,
        6958.360000000007
      ],
      [
        2964966.210000015,
        6921.040000000009
      ],
      [
        3026537.570000008,
        6990.850000000008
      ],
      [
        2986305.4200000027,
        6966.150000000007
      ],
      [
        3055576.0000000084,
        7214.120000000011
      ],
      [
        3093735.9700000207,
        7378.790000000011
      ],
      [
        3113471.2900000266,
        7524.480000000012
      ],
      [
        3103643.2900000177,
        7507.560000000012
      ],
      [
        3105995.4500000216,
        7508.370000000012
      ],
      [
        3138702.9600000195,
        7554.250000000011
      ],
      [
        3132187.92000002,
        7531.4500000000135
      ],
      [
        3160058.010000014,
        7710.090000000013
      ],
      [
        3158871.9400000237,
        7701.700000000014
      ],
      [
        3144720.320000024,
        7635.560000000014
      ],
      [
        3150370.990000016,
        7694.510000000014
      ],
      [
        3199686.5900000236,
        7801.820000000013
      ],
      [
        3176147.200000019,
        7723.990000000013
      ],
      [
        3164178.1800000304,
        7711.390000000013
      ],
      [
        3192100.2800000273,
        7730.300000000015
      ]
    ],
    "solutions_evaluated": 980,
    "config_params": {
      "n_ants": 20,
      "rho": 0.4,
      "alpha": 0.5,
      "beta": 5.0,
      "archive_size": 100,
      "no_improvement_generations": 12
    }
  },
  "solutions_count": 20,
  "solutions_directory": "C:\\Users\\hctr0\\PycharmProjects\\TFG_Hector\\31Executions\\PACO\\solutions\\users5\\high_heuristic_influence\\run10",
  "objective_statistics": {
    "cost_range": {
      "min": 6864.210000000006,
      "max": 7801.820000000013
    },
    "minutes_range": {
      "min": 2928307.9299999997,
      "max": 3199686.5900000236
    }
  },
  "algorithm_info": {
    "archive_history_length": 49,
    "max_archive_size_reached": 27
  }
}