{
  "run_info": {
    "dataset": "users3.json",
    "config": "uniform_inversion_high_mutation",
    "run": 15,
    "execution_time": 676.2620499134064,
    "generations": 67,
    "pareto_size": 22,
    "pareto_points": [
      [
        -1288175.6400000008,
        3584.0300000000007
      ],
      [
        -1237414.3700000013,
        3309.14
      ],
      [
        -1211901.7999999973,
        3278.1000000000004
      ],
      [
        -1224934.7399999974,
        3285.1
      ],
      [
        -1274058.3999999994,
        3461.1200000000003
      ],
      [
        -1251033.8599999992,
        3348.6800000000003
      ],
      [
        -1291017.6100000006,
        3594.04
      ],
      [
        -1291989.6500000015,
        3608.0200000000004
      ],
      [
        -1216978.4899999988,
        3280.5899999999997
      ],
      [
        -1228172.2199999997,
        3293.13
      ],
      [
        -1253192.5699999998,
        3366.6000000000004
      ],
      [
        -1283043.1300000024,
        3534.58
      ],
      [
        -1260749.8299999996,
        3391.6000000000004
      ],
      [
        -1259129.0000000002,
        3375.1500000000005
      ],
      [
        -1276371.9500000014,
        3464.0900000000006
      ],
      [
        -1185513.6599999964,
        3230.1000000000004
      ],
      [
        -1265292.1999999983,
        3397.5600000000004
      ],
      [
        -1242979.5299999984,
        3317.65
      ],
      [
        -1271216.4599999995,
        3450.1000000000004
      ],
      [
        -1283980.9700000007,
        3537.0299999999997
      ],
      [
        -1278494.04,
        3489.6
      ],
      [
        -1277015.8799999987,
        3488.6000000000004
      ]
    ]
  },
  "solutions_count": 22,
  "solutions_directory": "C:\\Users\\hctr0\\PycharmProjects\\TFG_Hector\\31Executions\\NSGA2\\solutions\\users3\\uniform_inversion_high_mutation\\run15"
}