{
  "run_info": {
    "dataset": "users4.json",
    "config": "uniform_inversion_high_mutation",
    "run": 13,
    "execution_time": 1588.9687569141388,
    "generations": 115,
    "pareto_size": 22,
    "pareto_points": [
      [
        -1950377.6399999973,
        5052.4800000000005
      ],
      [
        -1965729.7199999976,
        5061.05
      ],
      [
        -1971214.3299999977,
        5101.4000000000015
      ],
      [
        -1974077.2599999972,
        5119.450000000001
      ],
      [
        -1984550.6699999997,
        5253.780000000002
      ],
      [
        -1974232.379999998,
        5128.89
      ],
      [
        -1983164.919999999,
        5191.36
      ],
      [
        -1980558.7200000002,
        5149.960000000001
      ],
      [
        -1972837.089999998,
        5114.410000000001
      ],
      [
        -1979287.1499999997,
        5147.910000000001
      ],
      [
        -1975613.4799999986,
        5134.32
      ],
      [
        -1971458.9599999965,
        5104.93
      ],
      [
        -1970490.9499999974,
        5081.930000000001
      ],
      [
        -1974155.5099999986,
        5121.960000000001
      ],
      [
        -1977592.679999997,
        5136.9000000000015
      ],
      [
        -1978609.8399999973,
        5145.9000000000015
      ],
      [
        -1983711.629999999,
        5212.340000000001
      ],
      [
        -1969526.339999997,
        5067.969999999999
      ],
      [
        -1982233.7699999989,
        5169.3600000000015
      ],
      [
        -1975408.5399999996,
        5130.380000000001
      ],
      [
        -1989017.449999999,
        5264.76
      ],
      [
        -1957215.6399999969,
        5052.510000000001
      ]
    ]
  },
  "solutions_count": 22,
  "solutions_directory": "C:\\Users\\hctr0\\PycharmProjects\\TFG_Hector\\31Executions\\NSGA2\\solutions\\users4\\uniform_inversion_high_mutation\\run13"
}