{
  "run_info": {
    "dataset": "users2.json",
    "config": "uniform_inversion_high_mutation",
    "run": 5,
    "execution_time": 164.67307996749878,
    "generations": 41,
    "pareto_size": 11,
    "pareto_points": [
      [
        -796828.3000000017,
        2419.14
      ],
      [
        -832888.0400000031,
        2682.5299999999997
      ],
      [
        -803621.7400000008,
        2420.6800000000003
      ],
      [
        -791754.5900000016,
        2418.55
      ],
      [
        -790078.7400000008,
        2389.17
      ],
      [
        -816618.1900000006,
        2481.0
      ],
      [
        -828287.4000000018,
        2564.59
      ],
      [
        -826809.1600000018,
        2539.1299999999997
      ],
      [
        -819410.2900000017,
        2498.12
      ],
      [
        -829495.3900000019,
        2587.1800000000003
      ],
      [
        -809580.8600000013,
        2429.1699999999996
      ]
    ]
  },
  "solutions_count": 11,
  "solutions_directory": "C:\\Users\\hctr0\\PycharmProjects\\TFG_Hector\\31Executions\\NSGA2\\solutions\\users2\\uniform_inversion_high_mutation\\run5"
}