{
  "run_info": {
    "dataset": "users5.json",
    "config": "npoint_reset_low_crossover",
    "run": 2,
    "execution_time": 998.4583358764648,
    "generations": 59,
    "pareto_size": 25,
    "pareto_points": [
      [
        -2798536.270000012,
        9125.740000000003
      ],
      [
        -2796328.3600000096,
        9101.240000000003
      ],
      [
        -2807374.25000001,
        9140.680000000002
      ],
      [
        -2857829.0300000124,
        9478.670000000002
      ],
      [
        -2815095.15000001,
        9156.740000000002
      ],
      [
        -2870320.4700000198,
        9533.460000000003
      ],
      [
        -2874508.0900000203,
        9542.95
      ],
      [
        -2870216.4800000223,
        9531.95
      ],
      [
        -2796332.440000008,
        9119.690000000002
      ],
      [
        -2826911.130000009,
        9209.670000000002
      ],
      [
        -2817692.80000001,
        9160.240000000003
      ],
      [
        -2877265.8700000206,
        9550.460000000001
      ],
      [
        -2862148.3300000117,
        9481.160000000002
      ],
      [
        -2888528.030000023,
        9556.480000000001
      ],
      [
        -2821674.540000008,
        9188.220000000003
      ],
      [
        -2890095.030000024,
        9559.480000000001
      ],
      [
        -2856148.140000012,
        9457.200000000003
      ],
      [
        -2869273.5900000124,
        9493.160000000002
      ],
      [
        -2895904.100000022,
        9603.430000000002
      ],
      [
        -2899420.6700000213,
        9613.45
      ],
      [
        -2894893.3900000234,
        9583.970000000001
      ],
      [
        -2799510.7900000107,
        9129.220000000003
      ],
      [
        -2811718.85000001,
        9146.750000000002
      ],
      [
        -2899097.500000022,
        9604.950000000003
      ],
      [
        -2857156.9900000123,
        9469.180000000002
      ]
    ]
  },
  "solutions_count": 25,
  "solutions_directory": "../results/SPEA2\\solutions\\users5\\npoint_reset_low_crossover\\run2"
}