{
  "solution": [
    8,
    16,
    17,
    4,
    17,
    8,
    17,
    17,
    17,
    17,
    17,
    8,
    2,
    10,
    2,
    17,
    17,
    16,
    17,
    16,
    11,
    17,
    17,
    16,
    3,
    2,
    8,
    17,
    17,
    6,
    17,
    17,
    17,
    5,
    8,
    17,
    6,
    2,
    17,
    1,
    17,
    2,
    16,
    8,
    4,
    8,
    6,
    17,
    17,
    17,
    17,
    8,
    4,
    17,
    8,
    17,
    17,
    15,
    17,
    17,
    17,
    17,
    8,
    2,
    17,
    17,
    2,
    5,
    8,
    17,
    17,
    5,
    17,
    17,
    17,
    17,
    17,
    5,
    9,
    14,
    15,
    17,
    15,
    2,
    5,
    2,
    5,
    17,
    11,
    8,
    17,
    17,
    17,
    17,
    16,
    17,
    8,
    17,
    17,
    14,
    17,
    16,
    17,
    6,
    4,
    1,
    8,
    17,
    17,
    5,
    17,
    17,
    17,
    4,
    8,
    16,
    17,
    6,
    17,
    5,
    17,
    8,
    17,
    17,
    17,
    16,
    17,
    17,
    6,
    17,
    8,
    2,
    17,
    17,
    16,
    4,
    17,
    16,
    5,
    17,
    17,
    17,
    8,
    17,
    4,
    8,
    8,
    4,
    8,
    17,
    6,
    17,
    17,
    17,
    17,
    17,
    4,
    17,
    17,
    17,
    17,
    17,
    2,
    2,
    8,
    4,
    17,
    8,
    8,
    17,
    4,
    17,
    8,
    6,
    17,
    16,
    17,
    16,
    17,
    2,
    17,
    17,
    17,
    17,
    17,
    17,
    17,
    17,
    17,
    17,
    17,
    17,
    4,
    17,
    4,
    17,
    16,
    17,
    17,
    17,
    2,
    17,
    17,
    16,
    17,
    17,
    17,
    8,
    8,
    17,
    17,
    17,
    17,
    8,
    8,
    4,
    17,
    18,
    17,
    17,
    17,
    17,
    6,
    17,
    16,
    16,
    17,
    17,
    2,
    17,
    4,
    17,
    17,
    5,
    17,
    17,
    17,
    17,
    17,
    17,
    5,
    17,
    17,
    8,
    17,
    17,
    7,
    6,
    17,
    2,
    17,
    17,
    17,
    4,
    17,
    8,
    8,
    5,
    16,
    4,
    17,
    2,
    17,
    17,
    6,
    17,
    17,
    17,
    17,
    2,
    17,
    17,
    17,
    17,
    17,
    17,
    17,
    4,
    17,
    17,
    17,
    8,
    16,
    17,
    17,
    3,
    17,
    17,
    8,
    5,
    17,
    8,
    17,
    17,
    5,
    17,
    17,
    17,
    6,
    17
  ],
  "objectives": [
    439546.07000000024,
    975.06
  ],
  "fitness": {
    "minutos_ponderados": 439546.07000000024,
    "costo_total": 975.06
  }
}