{
  "solution": [
    11,
    5,
    16,
    16,
    1,
    8,
    5,
    16,
    17,
    12,
    15,
    15,
    2,
    5,
    15,
    5,
    16,
    1,
    17,
    17,
    17,
    16,
    9,
    17,
    5,
    8,
    2,
    16,
    1,
    2,
    17,
    11,
    17,
    17,
    17,
    1,
    5,
    17,
    17,
    17,
    4,
    13,
    4,
    2,
    4,
    17,
    17,
    17,
    5,
    9,
    6,
    7,
    7,
    2,
    5,
    1,
    15,
    16,
    8,
    17,
    4,
    2,
    2,
    8,
    17,
    2,
    15,
    7,
    12,
    5,
    17,
    2,
    17,
    13,
    17,
    4,
    4,
    9,
    17,
    6,
    13,
    8,
    3,
    2,
    14,
    16,
    11,
    5,
    4,
    16,
    8,
    4,
    4,
    5,
    10,
    8,
    8,
    17,
    9,
    8,
    14,
    6,
    17,
    5,
    8,
    15,
    5,
    17,
    1,
    17,
    2,
    2,
    16,
    13,
    1,
    5,
    11,
    17,
    17,
    8,
    16,
    4,
    9,
    16,
    2,
    8,
    4,
    17,
    8,
    2,
    5,
    4,
    11,
    2,
    6,
    17,
    6,
    9,
    17,
    16,
    4,
    8,
    17,
    6,
    18,
    17,
    17,
    17,
    2,
    4,
    16,
    11,
    17,
    2,
    8,
    3,
    1,
    8,
    8,
    5,
    13,
    8,
    17,
    16,
    17,
    8,
    1,
    17,
    11,
    17,
    2,
    17,
    17,
    1,
    16,
    10,
    15,
    17,
    2,
    17,
    17,
    9,
    11,
    6,
    2,
    2,
    12,
    8,
    2,
    17,
    17,
    8,
    17,
    17,
    11,
    10,
    8,
    5,
    8,
    17,
    15,
    16,
    17,
    6,
    4,
    2,
    6,
    6,
    9,
    14,
    16,
    8,
    17,
    2,
    9,
    9,
    5,
    1,
    17,
    8,
    6,
    17,
    16,
    17,
    17,
    6,
    6,
    6,
    6,
    3,
    17,
    16,
    6,
    8,
    7,
    5,
    12,
    13,
    4,
    10,
    2,
    2,
    4,
    8,
    16,
    18,
    5,
    11,
    12,
    3,
    2,
    11,
    5,
    6,
    2,
    18,
    8,
    17,
    17,
    10,
    16,
    4,
    4,
    8,
    5,
    2,
    11,
    16,
    16,
    2,
    2,
    17,
    15,
    9,
    2,
    2,
    6,
    17,
    2,
    8,
    4,
    16,
    2,
    8,
    2,
    16,
    11,
    2,
    8,
    16,
    15,
    7,
    2,
    2,
    17,
    4,
    9,
    16,
    3,
    17
  ],
  "objectives": [
    394298.55000000034,
    1245.5199999999998
  ],
  "fitness": {
    "minutos_ponderados": 394298.55000000034,
    "costo_total": 1245.5199999999998
  }
}