{
  "solution": [
    9,
    8,
    17,
    6,
    17,
    8,
    5,
    17,
    17,
    10,
    4,
    8,
    17,
    5,
    8,
    17,
    5,
    8,
    17,
    17,
    17,
    2,
    8,
    17,
    5,
    9,
    8,
    17,
    8,
    17,
    17,
    17,
    3,
    17,
    17,
    17,
    17,
    17,
    17,
    17,
    5,
    17,
    2,
    17,
    3,
    17,
    8,
    17,
    17,
    17,
    17,
    8,
    4,
    17,
    17,
    17,
    5,
    17,
    1,
    17,
    17,
    17,
    17,
    8,
    13,
    8,
    17,
    17,
    17,
    15,
    17,
    5,
    17,
    2,
    17,
    17,
    2,
    18,
    17,
    17,
    17,
    17,
    2,
    17,
    8,
    9,
    16,
    16,
    16,
    17,
    8,
    16,
    17,
    5,
    8,
    8,
    8,
    17,
    17,
    2,
    17,
    5,
    17,
    5,
    17,
    4,
    17,
    17,
    17,
    6,
    4,
    16,
    5,
    5,
    8,
    16,
    4,
    17,
    17,
    8,
    16,
    4,
    2,
    4,
    17,
    17,
    4,
    17,
    4,
    5,
    17,
    8,
    2,
    5,
    17,
    16,
    5,
    17,
    17,
    8,
    4,
    8,
    17,
    8,
    5,
    17,
    17,
    17,
    11,
    8,
    17,
    1,
    17,
    2,
    8,
    8,
    16,
    17,
    8,
    8,
    17,
    8,
    17,
    17,
    17,
    8,
    8,
    17,
    17,
    15,
    17,
    17,
    2,
    17,
    17,
    17,
    17,
    17,
    2,
    17,
    17,
    17,
    8,
    17,
    17,
    17,
    10,
    17,
    15,
    17,
    17,
    7,
    17,
    16,
    4,
    17,
    16,
    17,
    8,
    17,
    8,
    5,
    17,
    6,
    17,
    2,
    17,
    17,
    17,
    5,
    17,
    6,
    17,
    2,
    17,
    8,
    17,
    5,
    17,
    8,
    4,
    17,
    2,
    17,
    17,
    17,
    8,
    17,
    17,
    17,
    17,
    15,
    17,
    3,
    17,
    16,
    3,
    8,
    9,
    6,
    17,
    8,
    17,
    8,
    17,
    5,
    2,
    1,
    17,
    16,
    2,
    5,
    1,
    10,
    17,
    17,
    8,
    17,
    6,
    17,
    16,
    4,
    8,
    1,
    5,
    5,
    17,
    8,
    17,
    17,
    16,
    17,
    4,
    17,
    16,
    2,
    17,
    17,
    2,
    8,
    2,
    8,
    2,
    8,
    2,
    17,
    2,
    2,
    17,
    14,
    17,
    5,
    2,
    17,
    17,
    4,
    17,
    6,
    6,
    17
  ],
  "objectives": [
    343672.78,
    961.7300000000002
  ],
  "fitness": {
    "minutos_ponderados": 343672.78,
    "costo_total": 961.7300000000002
  }
}