{
  "solution": [
    10,
    8,
    4,
    6,
    2,
    11,
    8,
    14,
    3,
    8,
    4,
    8,
    8,
    12,
    8,
    5,
    17,
    4,
    17,
    5,
    10,
    2,
    17,
    3,
    16,
    16,
    2,
    17,
    15,
    16,
    16,
    17,
    16,
    17,
    17,
    17,
    9,
    2,
    8,
    17,
    10,
    17,
    8,
    17,
    17,
    15,
    8,
    6,
    16,
    15,
    17,
    9,
    5,
    16,
    2,
    6,
    16,
    17,
    8,
    17,
    8,
    17,
    17,
    8,
    8,
    8,
    15,
    17,
    5,
    17,
    4,
    5,
    6,
    2,
    7,
    7,
    2,
    4,
    10,
    2,
    17,
    17,
    4,
    5,
    8,
    17,
    16,
    1,
    17,
    17,
    17,
    16,
    6,
    4,
    8,
    17,
    7,
    2,
    17,
    2,
    7,
    13,
    16,
    9,
    1,
    10,
    2,
    17,
    17,
    2,
    10,
    10,
    5,
    17,
    8,
    16,
    4,
    5,
    17,
    7,
    17,
    9,
    18,
    14,
    9,
    13,
    4,
    17,
    8,
    5,
    7,
    6,
    2,
    5,
    17,
    16,
    5,
    2,
    17,
    13,
    16,
    11,
    6,
    1,
    5,
    15,
    9,
    2,
    10,
    8,
    18,
    17,
    15,
    2,
    8,
    7,
    5,
    2,
    6,
    8,
    17,
    15,
    9,
    17,
    9,
    11,
    9,
    17,
    17,
    2,
    10,
    15,
    13,
    6,
    17,
    17,
    17,
    15,
    10,
    14,
    2,
    17,
    8,
    17,
    17,
    5,
    16,
    2,
    6,
    17,
    4,
    6,
    10,
    16,
    4,
    1,
    1,
    6,
    6,
    17,
    13,
    11,
    8,
    8,
    14,
    3,
    17,
    7,
    13,
    9,
    17,
    5,
    17,
    2,
    2,
    2,
    14,
    10,
    17,
    14,
    4,
    13,
    2,
    17,
    6,
    5,
    3,
    17,
    17,
    10,
    17,
    17,
    17,
    16,
    2,
    5,
    4,
    8,
    17,
    6,
    4,
    8,
    17,
    10,
    17,
    5,
    11,
    6,
    17,
    7,
    15,
    5,
    6,
    5,
    17,
    17,
    8,
    1,
    15,
    10,
    4,
    11,
    16,
    17,
    11,
    17,
    17,
    8,
    2,
    8,
    4,
    2,
    4,
    17,
    15,
    6,
    17,
    16,
    17,
    6,
    2,
    8,
    9,
    18,
    5,
    17,
    2,
    4,
    17,
    11,
    11,
    16,
    2,
    17,
    16,
    4,
    2,
    6,
    13,
    17
  ],
  "objectives": [
    401322.5999999998,
    1251.9099999999999
  ],
  "fitness": {
    "minutos_ponderados": 401322.5999999998,
    "costo_total": 1251.9099999999999
  }
}