{
  "solution": [
    8,
    16,
    12,
    4,
    17,
    16,
    17,
    17,
    17,
    17,
    17,
    8,
    2,
    17,
    2,
    17,
    17,
    16,
    17,
    16,
    17,
    17,
    17,
    16,
    6,
    2,
    5,
    17,
    17,
    6,
    17,
    17,
    17,
    5,
    8,
    17,
    6,
    2,
    17,
    5,
    17,
    2,
    16,
    8,
    17,
    8,
    6,
    17,
    17,
    17,
    17,
    8,
    4,
    17,
    8,
    17,
    17,
    17,
    17,
    17,
    17,
    17,
    11,
    2,
    17,
    17,
    2,
    8,
    8,
    12,
    17,
    5,
    17,
    12,
    17,
    17,
    17,
    17,
    8,
    2,
    15,
    17,
    15,
    12,
    5,
    12,
    5,
    17,
    6,
    8,
    1,
    17,
    17,
    17,
    16,
    17,
    8,
    17,
    17,
    4,
    17,
    16,
    16,
    2,
    4,
    3,
    8,
    17,
    17,
    5,
    17,
    17,
    17,
    17,
    8,
    16,
    17,
    6,
    17,
    2,
    17,
    8,
    17,
    11,
    17,
    16,
    17,
    17,
    11,
    17,
    8,
    2,
    17,
    3,
    16,
    4,
    17,
    16,
    1,
    17,
    17,
    17,
    8,
    17,
    4,
    17,
    12,
    11,
    8,
    17,
    17,
    17,
    17,
    17,
    17,
    17,
    15,
    17,
    17,
    17,
    17,
    17,
    5,
    15,
    8,
    4,
    17,
    8,
    8,
    7,
    4,
    17,
    8,
    17,
    17,
    16,
    16,
    16,
    17,
    2,
    17,
    17,
    16,
    17,
    17,
    17,
    17,
    11,
    17,
    17,
    17,
    17,
    4,
    17,
    4,
    17,
    16,
    17,
    5,
    17,
    2,
    17,
    10,
    16,
    17,
    17,
    17,
    8,
    17,
    17,
    17,
    17,
    17,
    8,
    4,
    4,
    17,
    6,
    4,
    17,
    17,
    17,
    6,
    15,
    16,
    16,
    17,
    17,
    2,
    17,
    4,
    17,
    17,
    5,
    17,
    17,
    14,
    14,
    17,
    17,
    17,
    17,
    2,
    15,
    17,
    5,
    17,
    9,
    2,
    16,
    17,
    9,
    17,
    16,
    17,
    8,
    8,
    17,
    16,
    17,
    17,
    2,
    17,
    17,
    6,
    17,
    15,
    17,
    17,
    2,
    17,
    17,
    17,
    17,
    2,
    17,
    17,
    4,
    17,
    17,
    17,
    14,
    16,
    17,
    17,
    17,
    17,
    17,
    8,
    5,
    17,
    8,
    17,
    17,
    5,
    17,
    17,
    17,
    17,
    17
  ],
  "objectives": [
    459059.4899999997,
    1063.62
  ],
  "fitness": {
    "minutos_ponderados": 459059.4899999997,
    "costo_total": 1063.62
  }
}