{
  "run_info": {
    "dataset": "users4.json",
    "config": "uniform_inversion_high_mutation",
    "run": 5,
    "execution_time": 3910.2126252651215,
    "generations": 300,
    "pareto_size": 12,
    "pareto_points": [
      [
        -1972717.2400000019,
        5408.43
      ],
      [
        -1979943.170000002,
        5423.919999999999
      ],
      [
        -1985021.300000002,
        5435.430000000001
      ],
      [
        -1972395.7600000023,
        5401.9400000000005
      ],
      [
        -1989921.6800000018,
        5438.9400000000005
      ],
      [
        -2000449.4300000023,
        5451.930000000001
      ],
      [
        -1976929.3600000017,
        5418.950000000001
      ],
      [
        -1976324.0200000016,
        5414.9400000000005
      ],
      [
        -2004068.580000002,
        5473.9000000000015
      ],
      [
        -2009074.9300000016,
        5532.860000000001
      ],
      [
        -2005819.1400000015,
        5497.370000000001
      ],
      [
        -2007324.370000002,
        5519.380000000001
      ]
    ]
  },
  "solutions_count": 12,
  "solutions_directory": "../results/SPEA2\\solutions\\users4\\uniform_inversion_high_mutation\\run5"
}