{
  "solution": [
    2,
    8,
    17,
    17,
    17,
    17,
    17,
    17,
    17,
    17,
    8,
    17,
    16,
    17,
    17,
    17,
    17,
    8,
    17,
    17,
    8,
    17,
    8,
    10,
    17,
    17,
    6,
    8,
    16,
    17,
    5,
    8,
    17,
    17,
    17,
    8,
    17,
    17,
    17,
    17,
    17,
    17,
    8,
    17,
    16,
    17,
    4,
    8,
    17,
    17,
    2,
    5,
    18,
    2,
    17,
    2,
    8,
    17,
    17,
    17,
    4,
    4,
    17,
    17,
    4,
    8,
    17,
    17,
    17,
    17,
    1,
    17,
    17,
    17,
    17,
    17,
    17,
    17,
    17,
    17,
    17,
    4,
    17,
    16,
    17,
    4,
    17,
    17,
    17,
    5,
    8,
    5,
    17,
    17,
    17,
    17,
    17,
    14,
    17,
    16,
    2,
    6,
    17,
    18,
    4,
    17,
    17,
    17,
    9,
    17,
    18,
    5,
    17,
    17,
    16,
    17,
    17,
    17,
    17,
    16,
    8,
    14,
    8,
    17,
    14,
    17,
    16,
    8,
    17,
    8,
    17,
    8,
    3,
    8,
    17,
    17,
    8,
    17,
    13,
    16,
    17,
    17,
    17,
    6,
    17,
    8,
    8,
    8,
    17,
    17,
    17,
    8,
    16,
    3,
    8,
    17,
    17,
    17,
    8,
    2,
    17,
    17,
    8,
    17,
    16,
    16,
    17,
    17,
    2,
    17,
    3,
    4,
    17,
    17,
    17,
    16,
    8,
    13,
    17,
    5,
    17,
    16,
    8,
    17,
    17,
    17,
    17,
    17,
    17,
    8,
    17,
    17,
    6,
    17,
    17,
    17,
    17,
    17,
    6,
    17,
    14,
    17,
    6,
    17,
    4,
    2,
    16,
    17,
    2,
    4,
    17,
    17,
    17,
    2,
    6,
    9,
    17,
    8,
    3,
    8,
    17,
    4,
    17,
    8,
    17,
    8,
    17,
    17,
    17,
    17,
    17,
    17,
    17,
    8,
    17,
    8,
    14,
    2,
    4,
    17,
    17,
    4,
    17,
    17,
    17,
    4,
    16,
    8,
    4,
    17,
    17,
    8,
    10,
    17,
    8,
    16,
    17,
    17,
    8,
    17,
    17,
    2,
    2,
    17,
    17,
    16,
    8,
    17,
    4,
    17,
    8,
    8,
    5,
    17,
    17,
    17,
    8,
    17,
    14,
    17,
    17,
    17,
    8,
    17,
    16,
    2,
    2,
    17,
    17,
    17,
    17,
    17,
    17,
    17,
    14,
    8,
    8,
    17,
    17,
    6
  ],
  "objectives": [
    416368.1099999996,
    990.0900000000004
  ],
  "fitness": {
    "minutos_ponderados": 416368.1099999996,
    "costo_total": 990.0900000000004
  }
}