{
  "solution": [
    17,
    6,
    5,
    2,
    17,
    17,
    17,
    5,
    17,
    17,
    2,
    17,
    12,
    8,
    17,
    17,
    17,
    2,
    5,
    17,
    8,
    17,
    17,
    17,
    6,
    17,
    15,
    17,
    13,
    17,
    4,
    18,
    17,
    17,
    17,
    14,
    17,
    2,
    13,
    17,
    8,
    5,
    8,
    17,
    4,
    5,
    11,
    17,
    17,
    9,
    17,
    4,
    17,
    16,
    8,
    8,
    2,
    17,
    17,
    8,
    8,
    17,
    17,
    8,
    17,
    4,
    7,
    2,
    8,
    17,
    17,
    17,
    17,
    17,
    2,
    17,
    5,
    4,
    2,
    17,
    17,
    2,
    8,
    17,
    17,
    17,
    7,
    8,
    17,
    6,
    1,
    2,
    17,
    17,
    17,
    17,
    15,
    6,
    2,
    17,
    8,
    16,
    5,
    18,
    11,
    17,
    8,
    4,
    17,
    17,
    8,
    5,
    2,
    17,
    8,
    8,
    17,
    17,
    17,
    8,
    4,
    18,
    11,
    5,
    17,
    8,
    17,
    17,
    5,
    17,
    7,
    17,
    4,
    8,
    17,
    17,
    8,
    4,
    17,
    17,
    17,
    6,
    17,
    17,
    6,
    17,
    1,
    16,
    5,
    17,
    17,
    17,
    17,
    8,
    17,
    17,
    17,
    4,
    4,
    17,
    8,
    17,
    17,
    10,
    17,
    4,
    17,
    17,
    17,
    8,
    8,
    17,
    8,
    9,
    8,
    8,
    8,
    17,
    17,
    17,
    8,
    17,
    11,
    2,
    5,
    17,
    17,
    17,
    8,
    17,
    5,
    5,
    17,
    13,
    16,
    17,
    17,
    17,
    17,
    15,
    17,
    8,
    13,
    9,
    17,
    17,
    2,
    17,
    17,
    7,
    1,
    8,
    17,
    17,
    17,
    17,
    17,
    5,
    5,
    17,
    17,
    17,
    2,
    17,
    17,
    17,
    17,
    8,
    8,
    17,
    9,
    17,
    17,
    17,
    8,
    17,
    5,
    17,
    17,
    17,
    10,
    2,
    17,
    16,
    17,
    17,
    18,
    17,
    2,
    17,
    2,
    17,
    8,
    8,
    5,
    18,
    16,
    2,
    17,
    17,
    16,
    16,
    17,
    2,
    17,
    8,
    2,
    17,
    17,
    17,
    17,
    17,
    17,
    13,
    2,
    17,
    17,
    8,
    4,
    5,
    8,
    17,
    15,
    17,
    17,
    17,
    16,
    11,
    6,
    8,
    8,
    17,
    17,
    8,
    8,
    4,
    8,
    17,
    17,
    17
  ],
  "objectives": [
    318185.64,
    1025.6700000000003
  ],
  "fitness": {
    "minutos_ponderados": 318185.64,
    "costo_total": 1025.6700000000003
  }
}