{
  "solution": [
    17,
    6,
    17,
    2,
    17,
    2,
    12,
    8,
    2,
    2,
    17,
    1,
    5,
    8,
    2,
    2,
    9,
    4,
    4,
    11,
    8,
    17,
    9,
    9,
    4,
    5,
    8,
    17,
    17,
    17,
    8,
    4,
    15,
    17,
    1,
    17,
    16,
    2,
    5,
    17,
    2,
    5,
    8,
    15,
    3,
    17,
    2,
    8,
    5,
    10,
    11,
    15,
    8,
    2,
    8,
    17,
    6,
    8,
    16,
    4,
    1,
    17,
    5,
    17,
    7,
    11,
    17,
    11,
    16,
    4,
    2,
    17,
    14,
    15,
    17,
    6,
    9,
    4,
    6,
    8,
    17,
    1,
    5,
    6,
    9,
    2,
    8,
    10,
    7,
    6,
    5,
    1,
    10,
    5,
    4,
    13,
    8,
    8,
    11,
    3,
    2,
    9,
    16,
    2,
    9,
    9,
    17,
    17,
    6,
    8,
    16,
    1,
    16,
    2,
    15,
    8,
    11,
    17,
    17,
    16,
    9,
    18,
    16,
    16,
    2,
    4,
    18,
    14,
    5,
    15,
    6,
    5,
    4,
    13,
    17,
    15,
    16,
    2,
    6,
    2,
    10,
    6,
    1,
    1,
    5,
    7,
    17,
    8,
    12,
    17,
    17,
    2,
    17,
    6,
    6,
    4,
    4,
    16,
    17,
    7,
    6,
    8,
    5,
    13,
    17,
    15,
    16,
    5,
    17,
    17,
    8,
    6,
    8,
    17,
    17,
    4,
    6,
    8,
    5,
    6,
    15,
    8,
    16,
    18,
    4,
    17,
    8,
    8,
    2,
    17,
    4,
    16,
    17,
    14,
    16,
    4,
    6,
    4,
    8,
    13,
    4,
    5,
    16,
    17,
    17,
    18,
    17,
    4,
    16,
    5,
    8,
    15,
    9,
    17,
    17,
    18,
    15,
    8,
    2,
    4,
    4,
    15,
    9,
    7,
    4,
    17,
    9,
    8,
    8,
    16,
    8,
    16,
    2,
    17,
    8,
    17,
    5,
    4,
    8,
    16,
    17,
    2,
    7,
    8,
    5,
    17,
    17,
    17,
    8,
    17,
    6,
    16,
    6,
    8,
    17,
    2,
    16,
    2,
    2,
    8,
    3,
    1,
    17,
    4,
    17,
    13,
    2,
    17,
    8,
    6,
    3,
    8,
    17,
    17,
    4,
    6,
    17,
    9,
    5,
    10,
    5,
    17,
    18,
    6,
    17,
    17,
    2,
    4,
    14,
    7,
    4,
    2,
    4,
    4,
    8,
    2,
    8,
    13,
    4,
    17
  ],
  "objectives": [
    368330.3700000001,
    1185.58
  ],
  "fitness": {
    "minutos_ponderados": 368330.3700000001,
    "costo_total": 1185.58
  }
}