{
  "solution": [
    17,
    5,
    17,
    17,
    17,
    16,
    5,
    8,
    17,
    15,
    17,
    4,
    16,
    8,
    17,
    17,
    9,
    5,
    17,
    1,
    5,
    2,
    16,
    17,
    5,
    17,
    4,
    17,
    18,
    5,
    17,
    16,
    17,
    17,
    17,
    17,
    7,
    17,
    8,
    17,
    16,
    1,
    16,
    8,
    4,
    11,
    7,
    17,
    8,
    17,
    6,
    2,
    4,
    17,
    17,
    17,
    2,
    17,
    17,
    9,
    6,
    8,
    17,
    17,
    17,
    17,
    8,
    2,
    16,
    17,
    17,
    15,
    15,
    15,
    9,
    16,
    9,
    2,
    4,
    17,
    2,
    8,
    17,
    17,
    17,
    17,
    17,
    2,
    4,
    15,
    17,
    15,
    17,
    8,
    16,
    2,
    1,
    17,
    9,
    17,
    17,
    5,
    16,
    4,
    17,
    4,
    8,
    17,
    15,
    6,
    5,
    5,
    4,
    17,
    17,
    8,
    17,
    17,
    8,
    16,
    17,
    6,
    5,
    11,
    12,
    12,
    8,
    15,
    8,
    17,
    17,
    18,
    17,
    11,
    17,
    17,
    8,
    11,
    17,
    17,
    16,
    1,
    16,
    8,
    17,
    9,
    8,
    8,
    2,
    17,
    17,
    16,
    8,
    15,
    6,
    16,
    16,
    16,
    17,
    9,
    8,
    17,
    8,
    17,
    17,
    17,
    16,
    5,
    17,
    4,
    8,
    2,
    8,
    8,
    8,
    2,
    17,
    8,
    17,
    17,
    17,
    16,
    14,
    16,
    3,
    17,
    5,
    2,
    8,
    17,
    5,
    16,
    17,
    4,
    16,
    10,
    13,
    17,
    8,
    17,
    16,
    4,
    17,
    17,
    8,
    2,
    2,
    8,
    16,
    17,
    17,
    17,
    6,
    17,
    15,
    5,
    17,
    2,
    2,
    2,
    2,
    17,
    2,
    17,
    4,
    17,
    6,
    1,
    17,
    4,
    4,
    17,
    17,
    17,
    8,
    17,
    5,
    4,
    17,
    8,
    5,
    2,
    15,
    8,
    8,
    17,
    17,
    6,
    17,
    17,
    17,
    4,
    6,
    8,
    4,
    17,
    16,
    17,
    7,
    17,
    16,
    17,
    17,
    17,
    3,
    8,
    17,
    17,
    17,
    4,
    2,
    6,
    4,
    17,
    4,
    17,
    9,
    18,
    5,
    17,
    11,
    17,
    18,
    8,
    8,
    17,
    8,
    8,
    9,
    2,
    16,
    5,
    17,
    17,
    5,
    3,
    8,
    8,
    2,
    17
  ],
  "objectives": [
    342875.9400000001,
    1068.3600000000001
  ],
  "fitness": {
    "minutos_ponderados": 342875.9400000001,
    "costo_total": 1068.3600000000001
  }
}