{
  "run_info": {
    "dataset": "users4.json",
    "config": "uniform_inversion_high_mutation",
    "run": 2,
    "execution_time": 1023.0107424259186,
    "generations": 108,
    "pareto_size": 14,
    "pareto_points": [
      [
        -1908053.8999999964,
        5182.620000000001
      ],
      [
        -1909857.9999999956,
        5202.100000000001
      ],
      [
        -1935248.8399999943,
        5223.650000000001
      ],
      [
        -1913603.9899999963,
        5206.550000000001
      ],
      [
        -1942308.4599999946,
        5266.600000000001
      ],
      [
        -1969618.8699999969,
        5368.020000000001
      ],
      [
        -1914024.0699999959,
        5212.070000000001
      ],
      [
        -1960887.319999997,
        5330.050000000001
      ],
      [
        -1954617.959999996,
        5306.100000000002
      ],
      [
        -1954436.4599999972,
        5298.5700000000015
      ],
      [
        -1961480.5499999963,
        5349.070000000001
      ],
      [
        -1959452.5199999968,
        5321.1100000000015
      ],
      [
        -1945513.929999995,
        5284.600000000001
      ],
      [
        -1951135.2899999968,
        5292.610000000001
      ]
    ]
  },
  "solutions_count": 14,
  "solutions_directory": "../results/SPEA2\\solutions\\users4\\uniform_inversion_high_mutation\\run2"
}