{
  "run_info": {
    "dataset": "users1.json",
    "config": "npoint_inversion_high_all",
    "run": 1,
    "execution_time": 503.32250237464905,
    "generations": 151,
    "pareto_size": 17,
    "pareto_points": [
      [
        -457989.4899999999,
        835.7799999999999
      ],
      [
        -471924.5399999999,
        896.2399999999999
      ],
      [
        -501992.2800000003,
        1064.69
      ],
      [
        -472491.24999999994,
        901.2299999999999
      ],
      [
        -496427.31000000006,
        922.74
      ],
      [
        -500304.6600000004,
        957.7499999999999
      ],
      [
        -461021.5899999993,
        844.7199999999998
      ],
      [
        -478519.56999999995,
        909.2299999999999
      ],
      [
        -469058.8699999999,
        868.25
      ],
      [
        -496958.6400000001,
        935.7799999999999
      ],
      [
        -469092.71999999986,
        885.23
      ],
      [
        -501321.1700000004,
        958.7299999999999
      ],
      [
        -466403.07000000007,
        845.75
      ],
      [
        -501978.2700000003,
        998.7299999999999
      ],
      [
        -497612.6300000003,
        948.7299999999998
      ],
      [
        -467801.58,
        851.78
      ],
      [
        -453331.5900000001,
        834.75
      ]
    ]
  },
  "solutions_count": 17,
  "solutions_directory": "../results/NSGA2\\solutions\\users1\\npoint_inversion_high_all\\run1"
}