{
  "solution": [
    17,
    17,
    17,
    5,
    4,
    8,
    17,
    17,
    17,
    17,
    5,
    17,
    2,
    17,
    17,
    17,
    4,
    17,
    8,
    17,
    6,
    17,
    17,
    8,
    17,
    17,
    17,
    17,
    17,
    16,
    6,
    11,
    17,
    17,
    4,
    8,
    2,
    17,
    17,
    10,
    17,
    17,
    8,
    17,
    17,
    8,
    2,
    16,
    17,
    17,
    17,
    17,
    17,
    17,
    4,
    17,
    5,
    17,
    17,
    17,
    17,
    17,
    17,
    17,
    17,
    16,
    17,
    16,
    17,
    17,
    17,
    17,
    17,
    17,
    17,
    12,
    17,
    17,
    17,
    17,
    17,
    17,
    17,
    17,
    5,
    17,
    11,
    17,
    1,
    17,
    17,
    16,
    17,
    17,
    17,
    17,
    17,
    5,
    14,
    17,
    17,
    8,
    16,
    8,
    17,
    10,
    3,
    17,
    17,
    17,
    17,
    8,
    17,
    17,
    8,
    17,
    17,
    8,
    4,
    8,
    17,
    17,
    17,
    2,
    5,
    8,
    16,
    17,
    10,
    17,
    17,
    17,
    4,
    17,
    8,
    5,
    17,
    17,
    17,
    2,
    17,
    17,
    5,
    16,
    16,
    8,
    17,
    4,
    2,
    17,
    8,
    8,
    17,
    2,
    17,
    5,
    17,
    17,
    16,
    8,
    17,
    8,
    17,
    4,
    17,
    17,
    6,
    17,
    17,
    5,
    17,
    17,
    17,
    17,
    17,
    8,
    16,
    2,
    17,
    8,
    17,
    8,
    17,
    1,
    4,
    17,
    17,
    17,
    2,
    8,
    17,
    17,
    17,
    17,
    17,
    15,
    17,
    8,
    16,
    17,
    9,
    5,
    17,
    6,
    5,
    8,
    17,
    8,
    17,
    17,
    17,
    17,
    17,
    17,
    8,
    17,
    8,
    8,
    17,
    17,
    17,
    17,
    17,
    16,
    8,
    17,
    17,
    5,
    8,
    17,
    8,
    17,
    2,
    17,
    17,
    2,
    17,
    17,
    16,
    16,
    17,
    16,
    17,
    17,
    16,
    4,
    17,
    8,
    2,
    2,
    8,
    2,
    4,
    17,
    4,
    17,
    16,
    17,
    17,
    17,
    8,
    4,
    17,
    8,
    5,
    17,
    8,
    17,
    17,
    16,
    5,
    18,
    17,
    4,
    17,
    17,
    17,
    17,
    17,
    17,
    12,
    17,
    11,
    8,
    14,
    4,
    17,
    17,
    17,
    17,
    17,
    8,
    5,
    17,
    17,
    6,
    16,
    17,
    17,
    17
  ],
  "objectives": [
    440501.4299999993,
    1026.52
  ],
  "fitness": {
    "minutos_ponderados": 440501.4299999993,
    "costo_total": 1026.52
  }
}