{
  "solution": [
    17,
    17,
    17,
    5,
    4,
    8,
    17,
    17,
    17,
    17,
    5,
    17,
    2,
    17,
    17,
    17,
    17,
    17,
    8,
    17,
    17,
    8,
    17,
    8,
    17,
    17,
    17,
    17,
    17,
    16,
    6,
    17,
    17,
    6,
    9,
    8,
    2,
    17,
    17,
    17,
    17,
    17,
    8,
    17,
    14,
    16,
    2,
    16,
    17,
    17,
    17,
    17,
    17,
    17,
    4,
    17,
    5,
    17,
    17,
    17,
    17,
    17,
    17,
    17,
    17,
    16,
    17,
    17,
    17,
    17,
    17,
    17,
    17,
    17,
    17,
    8,
    17,
    17,
    17,
    17,
    17,
    17,
    17,
    17,
    5,
    17,
    17,
    2,
    16,
    2,
    8,
    17,
    17,
    17,
    17,
    17,
    17,
    5,
    5,
    6,
    17,
    8,
    16,
    8,
    17,
    17,
    2,
    17,
    17,
    17,
    17,
    8,
    8,
    17,
    8,
    9,
    17,
    8,
    4,
    17,
    3,
    17,
    17,
    2,
    6,
    17,
    16,
    17,
    16,
    17,
    17,
    17,
    4,
    17,
    8,
    5,
    17,
    17,
    17,
    2,
    17,
    17,
    5,
    16,
    16,
    8,
    17,
    4,
    2,
    17,
    8,
    8,
    17,
    2,
    12,
    14,
    17,
    17,
    16,
    8,
    17,
    8,
    17,
    4,
    17,
    17,
    17,
    17,
    17,
    17,
    17,
    2,
    16,
    17,
    17,
    8,
    5,
    2,
    17,
    8,
    17,
    8,
    17,
    17,
    4,
    4,
    7,
    17,
    2,
    8,
    2,
    17,
    17,
    17,
    17,
    15,
    17,
    8,
    17,
    17,
    10,
    17,
    17,
    4,
    5,
    8,
    1,
    8,
    17,
    17,
    17,
    2,
    17,
    17,
    8,
    17,
    8,
    8,
    17,
    17,
    17,
    17,
    17,
    16,
    16,
    17,
    17,
    5,
    8,
    17,
    8,
    17,
    2,
    17,
    17,
    2,
    17,
    17,
    2,
    16,
    17,
    16,
    17,
    17,
    16,
    4,
    17,
    8,
    2,
    2,
    17,
    2,
    4,
    17,
    4,
    17,
    16,
    17,
    17,
    17,
    8,
    17,
    17,
    10,
    5,
    17,
    8,
    17,
    17,
    16,
    5,
    8,
    17,
    4,
    14,
    17,
    17,
    17,
    17,
    17,
    16,
    17,
    17,
    8,
    8,
    4,
    17,
    17,
    17,
    17,
    17,
    8,
    5,
    17,
    17,
    6,
    16,
    17,
    17,
    17
  ],
  "objectives": [
    435500.0499999998,
    975.5600000000002
  ],
  "fitness": {
    "minutos_ponderados": 435500.0499999998,
    "costo_total": 975.5600000000002
  }
}