{
  "solution": [
    17,
    17,
    17,
    3,
    4,
    8,
    17,
    17,
    17,
    17,
    5,
    17,
    2,
    17,
    17,
    17,
    17,
    17,
    8,
    17,
    17,
    17,
    17,
    8,
    17,
    17,
    17,
    17,
    17,
    16,
    6,
    17,
    17,
    17,
    17,
    8,
    2,
    17,
    17,
    14,
    17,
    17,
    8,
    9,
    17,
    8,
    2,
    16,
    17,
    17,
    17,
    10,
    17,
    17,
    4,
    11,
    5,
    10,
    17,
    17,
    8,
    17,
    17,
    14,
    17,
    17,
    5,
    17,
    17,
    17,
    17,
    17,
    17,
    17,
    17,
    17,
    17,
    17,
    17,
    17,
    17,
    11,
    17,
    17,
    16,
    17,
    17,
    17,
    1,
    17,
    8,
    17,
    11,
    17,
    17,
    6,
    17,
    5,
    5,
    17,
    17,
    8,
    16,
    8,
    17,
    14,
    17,
    17,
    17,
    17,
    17,
    8,
    8,
    17,
    8,
    17,
    17,
    8,
    13,
    17,
    17,
    17,
    17,
    2,
    6,
    17,
    16,
    6,
    16,
    17,
    17,
    17,
    11,
    17,
    8,
    18,
    17,
    17,
    17,
    9,
    17,
    17,
    5,
    16,
    16,
    8,
    17,
    4,
    2,
    2,
    8,
    8,
    2,
    2,
    17,
    5,
    17,
    17,
    16,
    8,
    17,
    8,
    17,
    4,
    4,
    6,
    17,
    17,
    17,
    6,
    17,
    17,
    17,
    17,
    17,
    8,
    5,
    2,
    17,
    8,
    17,
    8,
    12,
    12,
    4,
    17,
    17,
    17,
    2,
    18,
    17,
    7,
    17,
    17,
    17,
    5,
    17,
    8,
    16,
    14,
    16,
    9,
    17,
    4,
    5,
    8,
    17,
    8,
    17,
    17,
    17,
    17,
    17,
    17,
    8,
    17,
    8,
    8,
    17,
    12,
    17,
    17,
    17,
    16,
    8,
    17,
    9,
    5,
    8,
    17,
    8,
    17,
    2,
    17,
    17,
    2,
    2,
    17,
    16,
    16,
    17,
    16,
    17,
    17,
    16,
    4,
    2,
    8,
    2,
    2,
    8,
    2,
    4,
    17,
    5,
    2,
    16,
    17,
    8,
    11,
    8,
    17,
    17,
    8,
    11,
    17,
    8,
    17,
    17,
    10,
    5,
    8,
    17,
    4,
    17,
    17,
    17,
    17,
    17,
    17,
    16,
    7,
    17,
    8,
    8,
    4,
    8,
    17,
    17,
    17,
    17,
    8,
    5,
    17,
    17,
    6,
    16,
    17,
    17,
    17
  ],
  "objectives": [
    443041.08999999944,
    1048.6
  ],
  "fitness": {
    "minutos_ponderados": 443041.08999999944,
    "costo_total": 1048.6
  }
}