{
  "run_info": {
    "dataset": "users5.json",
    "config": "npoint_inversion_low_mutation",
    "run": 4,
    "execution_time": 8032.147675275803,
    "generations": 300,
    "pareto_size": 37,
    "pareto_points": [
      [
        -3128933.089999978,
        9002.290000000003
      ],
      [
        -3073275.719999992,
        8740.93
      ],
      [
        -3150094.1599999974,
        9174.850000000002
      ],
      [
        -3140745.7999999793,
        9048.750000000002
      ],
      [
        -3161817.8899999973,
        9223.29
      ],
      [
        -3178461.1199999964,
        9358.200000000003
      ],
      [
        -3145963.639999981,
        9050.740000000002
      ],
      [
        -3151930.759999999,
        9206.860000000002
      ],
      [
        -3138121.63999998,
        9047.740000000002
      ],
      [
        -3163114.3299999977,
        9228.810000000001
      ],
      [
        -3182847.5299999965,
        9370.220000000001
      ],
      [
        -3071900.7899999926,
        8725.420000000002
      ],
      [
        -3178877.329999996,
        9362.680000000002
      ],
      [
        -3132116.4199999776,
        9036.780000000002
      ],
      [
        -3072930.4999999916,
        8729.410000000002
      ],
      [
        -3021442.3099999954,
        8642.530000000002
      ],
      [
        -3073266.0299999923,
        8733.380000000001
      ],
      [
        -3189193.159999995,
        9404.240000000002
      ],
      [
        -3087752.6199999964,
        8897.270000000002
      ],
      [
        -3084700.589999992,
        8896.760000000002
      ],
      [
        -3084512.889999993,
        8791.86
      ],
      [
        -3090909.3799999957,
        8911.240000000002
      ],
      [
        -3179202.759999996,
        9365.730000000001
      ],
      [
        -3185673.709999998,
        9379.69
      ],
      [
        -3193362.2099999944,
        9432.230000000003
      ],
      [
        -3032548.249999994,
        8699.980000000001
      ],
      [
        -3121710.81999998,
        8926.810000000001
      ],
      [
        -3130993.019999978,
        9016.780000000002
      ],
      [
        -3135339.0599999777,
        9044.770000000002
      ],
      [
        -3090778.619999992,
        8910.27
      ],
      [
        -3128818.2399999783,
        8970.320000000003
      ],
      [
        -3154284.2199999983,
        9208.360000000002
      ],
      [
        -3081905.0999999936,
        8752.900000000001
      ],
      [
        -3176683.8499999945,
        9326.710000000003
      ],
      [
        -3032553.4599999944,
        8723.420000000002
      ],
      [
        -3029377.139999994,
        8692.980000000001
      ],
      [
        -3164167.199999998,
        9305.24
      ]
    ]
  },
  "solutions_count": 37,
  "solutions_directory": "../results/SPEA2\\solutions\\users5\\npoint_inversion_low_mutation\\run4"
}