{
  "run_info": {
    "dataset": "users5.json",
    "config": "slow_evaporation_exploitative",
    "run": 3,
    "execution_time": 1250.7425429821014,
    "iterations_completed": 14,
    "max_iterations": 200,
    "terminated_early": true,
    "generations_without_improvement": 12,
    "pareto_size": 4,
    "pareto_points": [
      [
        2512936.720000006,
        6967.810000000003
      ],
      [
        2474158.25,
        6961.750000000003
      ],
      [
        2467147.520000008,
        6674.460000000003
      ],
      [
        2467216.7200000053,
        6865.550000000001
      ]
    ],
    "solutions_evaluated": 280,
    "config_params": {
      "n_ants": 20,
      "rho": 0.2,
      "alpha": 2.0,
      "beta": 3.0,
      "archive_size": 100,
      "no_improvement_generations": 12
    }
  },
  "solutions_count": 4,
  "solutions_directory": "../results/PACO\\solutions\\users5\\slow_evaporation_exploitative\\run3",
  "objective_statistics": {
    "cost_range": {
      "min": 6674.460000000003,
      "max": 6967.810000000003
    },
    "minutes_range": {
      "min": 2467147.520000008,
      "max": 2512936.720000006
    }
  },
  "algorithm_info": {
    "archive_history_length": 14,
    "max_archive_size_reached": 4
  }
}