{
  "run_info": {
    "dataset": "users1.json",
    "config": "npoint_inversion_high_all",
    "run": 5,
    "execution_time": 171.74492979049683,
    "generations": 95,
    "pareto_size": 8,
    "pareto_points": [
      [
        -471908.10000000015,
        1117.18
      ],
      [
        -480023.2299999997,
        1140.12
      ],
      [
        -485912.6599999997,
        1205.04
      ],
      [
        -476307.80999999994,
        1117.6699999999998
      ],
      [
        -485813.9399999997,
        1179.5900000000001
      ],
      [
        -485447.4899999998,
        1175.12
      ],
      [
        -480485.18999999977,
        1162.0900000000001
      ],
      [
        -487558.77999999985,
        1206.56
      ]
    ]
  },
  "solutions_count": 8,
  "solutions_directory": "../results/SPEA2\\solutions\\users1\\npoint_inversion_high_all\\run5"
}