{
  "run_info": {
    "dataset": "users4.json",
    "config": "npoint_inversion_low_mutation",
    "run": 1,
    "execution_time": 969.1262423992157,
    "generations": 88,
    "pareto_size": 33,
    "pareto_points": [
      [
        -1797990.0199999933,
        5940.02
      ],
      [
        -1709971.559999996,
        5579.6100000000015
      ],
      [
        -1790212.0299999958,
        5862.080000000001
      ],
      [
        -1809056.6499999936,
        5995.5
      ],
      [
        -1815450.959999994,
        6047.95
      ],
      [
        -1810645.3099999935,
        5999.01
      ],
      [
        -1797398.2799999933,
        5932.02
      ],
      [
        -1808745.6499999934,
        5990.51
      ],
      [
        -1803743.7699999935,
        5969.0
      ],
      [
        -1812413.2999999938,
        6007.990000000001
      ],
      [
        -1796998.6399999934,
        5923.030000000001
      ],
      [
        -1717448.3099999956,
        5606.080000000001
      ],
      [
        -1790978.2599999954,
        5874.070000000001
      ],
      [
        -1720341.939999996,
        5608.6100000000015
      ],
      [
        -1771476.8799999962,
        5833.7300000000005
      ],
      [
        -1723238.0999999964,
        5615.580000000001
      ],
      [
        -1812475.3899999931,
        6009.010000000001
      ],
      [
        -1717066.039999995,
        5593.13
      ],
      [
        -1795902.5899999961,
        5886.070000000001
      ],
      [
        -1816649.989999994,
        6089.9400000000005
      ],
      [
        -1710779.5799999954,
        5580.620000000002
      ],
      [
        -1792308.5699999954,
        5885.070000000001
      ],
      [
        -1814139.099999994,
        6037.950000000001
      ],
      [
        -1796967.1899999958,
        5899.080000000002
      ],
      [
        -1761888.839999995,
        5724.710000000001
      ],
      [
        -1814829.7999999945,
        6039.95
      ],
      [
        -1796361.329999996,
        5890.099999999999
      ],
      [
        -1789854.249999996,
        5835.080000000001
      ],
      [
        -1769566.589999996,
        5831.760000000002
      ],
      [
        -1815482.969999994,
        6051.95
      ],
      [
        -1728330.769999997,
        5636.54
      ],
      [
        -1769481.9899999958,
        5738.71
      ],
      [
        -1802272.4699999937,
        5943.010000000001
      ]
    ]
  },
  "solutions_count": 33,
  "solutions_directory": "../results/SPEA2\\solutions\\users4\\npoint_inversion_low_mutation\\run1"
}