{
  "run_info": {
    "dataset": "users4.json",
    "config": "npoint_inversion_low_mutation",
    "run": 1,
    "execution_time": 4041.2296855449677,
    "generations": 300,
    "pareto_size": 38,
    "pareto_points": [
      [
        -1917946.140000001,
        5788.1500000000015
      ],
      [
        -1902886.1100000003,
        5711.250000000001
      ],
      [
        -1883448.7500000005,
        5642.76
      ],
      [
        -1910156.9599999997,
        5733.680000000001
      ],
      [
        -1911085.589999999,
        5786.7300000000005
      ],
      [
        -1918717.8400000015,
        5789.130000000001
      ],
      [
        -1875962.6500000025,
        5623.750000000001
      ],
      [
        -1946668.829999998,
        5951.530000000002
      ],
      [
        -1846442.7200000018,
        5555.740000000002
      ],
      [
        -1851774.190000002,
        5574.710000000001
      ],
      [
        -1941337.359999998,
        5931.070000000001
      ],
      [
        -1834813.9000000032,
        5520.27
      ],
      [
        -1910426.0699999996,
        5766.750000000001
      ],
      [
        -1855596.4200000016,
        5578.720000000001
      ],
      [
        -1876754.700000001,
        5625.31
      ],
      [
        -1887711.2400000005,
        5649.77
      ],
      [
        -1831770.520000002,
        5508.77
      ],
      [
        -1946961.589999999,
        5994.050000000001
      ],
      [
        -1838637.5500000028,
        5549.810000000001
      ],
      [
        -1872084.4600000011,
        5594.360000000001
      ],
      [
        -1895279.4299999997,
        5691.26
      ],
      [
        -1922448.390000001,
        5798.620000000001
      ],
      [
        -1892550.5799999998,
        5664.2300000000005
      ],
      [
        -1897857.4200000004,
        5692.25
      ],
      [
        -1882781.7600000005,
        5625.790000000001
      ],
      [
        -1924672.9600000007,
        5834.22
      ],
      [
        -1939524.1199999985,
        5889.590000000001
      ],
      [
        -1893781.0,
        5680.240000000001
      ],
      [
        -1838335.4500000034,
        5548.25
      ],
      [
        -1925140.6700000018,
        5846.210000000001
      ],
      [
        -1837567.2600000023,
        5520.73
      ],
      [
        -1928289.3699999992,
        5872.610000000001
      ],
      [
        -1941115.4799999986,
        5915.590000000001
      ],
      [
        -1900066.6599999995,
        5706.21
      ],
      [
        -1875172.090000001,
        5611.84
      ],
      [
        -1891149.8,
        5661.79
      ],
      [
        -1922909.970000001,
        5823.100000000001
      ],
      [
        -1894569.39,
        5684.250000000001
      ]
    ]
  },
  "solutions_count": 38,
  "solutions_directory": "../results/SPEA2\\solutions\\users4\\npoint_inversion_low_mutation\\run1"
}