{
  "run_info": {
    "dataset": "users5.json",
    "config": "npoint_inversion_high_all",
    "run": 3,
    "execution_time": 8877.775201559067,
    "generations": 300,
    "pareto_size": 51,
    "pareto_points": [
      [
        -3091569.879999996,
        8889.350000000002
      ],
      [
        -3064998.0599999866,
        8795.220000000003
      ],
      [
        -3262262.409999997,
        9518.070000000002
      ],
      [
        -3264586.0399999972,
        9535.530000000002
      ],
      [
        -3035680.759999987,
        8737.69
      ],
      [
        -3034349.509999987,
        8698.710000000001
      ],
      [
        -3065843.269999986,
        8802.710000000003
      ],
      [
        -3135885.8699999754,
        9038.520000000002
      ],
      [
        -3132265.9699999774,
        9005.520000000002
      ],
      [
        -3211851.9799999963,
        9357.700000000003
      ],
      [
        -3218531.9999999967,
        9387.150000000003
      ],
      [
        -3059336.5199999884,
        8793.27
      ],
      [
        -3164443.379999997,
        9062.660000000002
      ],
      [
        -3160041.6699999976,
        9054.630000000001
      ],
      [
        -3081413.2499999874,
        8832.170000000002
      ],
      [
        -3176356.8399999994,
        9135.130000000001
      ],
      [
        -3069678.5299999854,
        8818.690000000002
      ],
      [
        -3135666.5999999763,
        9013.51
      ],
      [
        -3057452.7299999893,
        8755.240000000002
      ],
      [
        -3265148.459999997,
        9552.520000000002
      ],
      [
        -3140140.989999977,
        9046.510000000002
      ],
      [
        -3203973.629999992,
        9253.2
      ],
      [
        -3218881.9599999967,
        9396.680000000002
      ],
      [
        -3192744.6499999897,
        9238.210000000001
      ],
      [
        -3218436.1699999967,
        9367.17
      ],
      [
        -3250614.7199999993,
        9407.060000000001
      ],
      [
        -3214295.0199999968,
        9363.680000000002
      ],
      [
        -3207241.879999992,
        9259.69
      ],
      [
        -3171608.469999999,
        9128.100000000002
      ],
      [
        -3120149.71999999,
        8922.840000000002
      ],
      [
        -3172502.189999999,
        9135.12
      ],
      [
        -3091545.389999996,
        8887.35
      ],
      [
        -3190956.729999989,
        9227.240000000002
      ],
      [
        -3099994.0099999895,
        8898.370000000003
      ],
      [
        -3068601.889999987,
        8807.700000000003
      ],
      [
        -3255145.509999994,
        9487.600000000002
      ],
      [
        -3181782.929999991,
        9205.77
      ],
      [
        -3181642.22999999,
        9205.250000000002
      ],
      [
        -3178621.349999988,
        9162.27
      ],
      [
        -3168445.529999999,
        9092.620000000003
      ],
      [
        -3041176.719999993,
        8750.740000000002
      ],
      [
        -3130739.1199999778,
        8994.530000000002
      ],
      [
        -3134823.369999977,
        9012.520000000002
      ],
      [
        -3070498.3799999864,
        8829.240000000003
      ],
      [
        -3169932.509999999,
        9101.630000000001
      ],
      [
        -3171172.5799999987,
        9109.650000000001
      ],
      [
        -3184304.00999999,
        9211.230000000003
      ],
      [
        -3214863.8799999966,
        9363.700000000003
      ],
      [
        -3185394.349999991,
        9213.250000000002
      ],
      [
        -3218714.8399999966,
        9393.170000000002
      ],
      [
        -3180943.2799999905,
        9198.230000000001
      ]
    ]
  },
  "solutions_count": 51,
  "solutions_directory": "../results/SPEA2\\solutions\\users5\\npoint_inversion_high_all\\run3"
}