{
  "run_info": {
    "dataset": "users2.json",
    "config": "npoint_inversion_low_mutation",
    "run": 2,
    "execution_time": 1034.8135426044464,
    "generations": 173,
    "pareto_size": 36,
    "pareto_points": [
      [
        -787452.0300000013,
        2466.0400000000004
      ],
      [
        -777971.200000001,
        2421.08
      ],
      [
        -766597.7200000021,
        2375.4900000000002
      ],
      [
        -817057.1400000026,
        2611.45
      ],
      [
        -729606.710000002,
        2294.64
      ],
      [
        -798434.6000000011,
        2482.1200000000003
      ],
      [
        -777398.890000001,
        2419.07
      ],
      [
        -818153.3200000024,
        2619.4099999999994
      ],
      [
        -782263.340000001,
        2433.04
      ],
      [
        -762279.4700000018,
        2372.98
      ],
      [
        -750925.8000000018,
        2336.46
      ],
      [
        -790267.1800000013,
        2477.54
      ],
      [
        -748932.0200000022,
        2312.5000000000005
      ],
      [
        -808676.770000001,
        2522.0300000000007
      ],
      [
        -782531.3200000013,
        2435.02
      ],
      [
        -761493.8300000014,
        2364.4799999999996
      ],
      [
        -780259.7500000013,
        2424.0999999999995
      ],
      [
        -786854.8400000015,
        2450.1099999999997
      ],
      [
        -770581.1200000022,
        2400.97
      ],
      [
        -725156.4600000018,
        2294.63
      ],
      [
        -803226.810000001,
        2489.0499999999997
      ],
      [
        -789724.3700000014,
        2469.09
      ],
      [
        -769576.6600000019,
        2379.4999999999995
      ],
      [
        -815535.4500000023,
        2573.9700000000003
      ],
      [
        -810779.0500000024,
        2572.99
      ],
      [
        -784619.900000001,
        2439.06
      ],
      [
        -757018.1100000015,
        2346.4500000000003
      ],
      [
        -760158.0000000021,
        2362.94
      ],
      [
        -735707.6500000021,
        2298.6200000000003
      ],
      [
        -792333.6600000011,
        2482.09
      ],
      [
        -746981.6200000016,
        2300.01
      ],
      [
        -809584.2300000027,
        2552.47
      ],
      [
        -772446.1500000017,
        2403.97
      ],
      [
        -805315.3700000008,
        2495.0200000000004
      ],
      [
        -810256.7500000028,
        2565.9699999999993
      ],
      [
        -747475.570000002,
        2301.5200000000004
      ]
    ]
  },
  "solutions_count": 36,
  "solutions_directory": "../results/NSGA2\\solutions\\users2\\npoint_inversion_low_mutation\\run2"
}