{
  "run_info": {
    "dataset": "users4.json",
    "config": "high_heuristic_influence",
    "run": 3,
    "execution_time": 1046.2023899555206,
    "iterations_completed": 14,
    "max_iterations": 200,
    "terminated_early": true,
    "generations_without_improvement": 12,
    "pareto_size": 5,
    "pareto_points": [
      [
        1296611.0399999954,
        4573.840000000002
      ],
      [
        1260630.0199999965,
        4504.090000000003
      ],
      [
        1270872.769999997,
        4545.920000000002
      ],
      [
        1260956.419999996,
        4514.170000000003
      ],
      [
        1239601.429999995,
        4455.240000000003
      ]
    ],
    "solutions_evaluated": 280,
    "config_params": {
      "n_ants": 20,
      "rho": 0.4,
      "alpha": 0.5,
      "beta": 5.0,
      "archive_size": 100,
      "no_improvement_generations": 12
    }
  },
  "solutions_count": 5,
  "solutions_directory": "../results/PACO\\solutions\\users4\\high_heuristic_influence\\run3",
  "objective_statistics": {
    "cost_range": {
      "min": 4455.240000000003,
      "max": 4573.840000000002
    },
    "minutes_range": {
      "min": 1239601.429999995,
      "max": 1296611.0399999954
    }
  },
  "algorithm_info": {
    "archive_history_length": 14,
    "max_archive_size_reached": 5
  }
}