{
  "run_info": {
    "dataset": "users4.json",
    "config": "npoint_reset_low_crossover",
    "run": 2,
    "execution_time": 827.311797618866,
    "generations": 85,
    "pareto_size": 18,
    "pareto_points": [
      [
        -1722662.899999998,
        5799.800000000001
      ],
      [
        -1711433.649999999,
        5721.290000000001
      ],
      [
        -1712398.4599999988,
        5735.29
      ],
      [
        -1774071.889999994,
        5898.6900000000005
      ],
      [
        -1717991.9099999978,
        5738.360000000001
      ],
      [
        -1783965.519999999,
        5978.550000000001
      ],
      [
        -1722080.8299999975,
        5740.360000000001
      ],
      [
        -1723923.5599999984,
        5807.8200000000015
      ],
      [
        -1786757.8099999938,
        6028.6500000000015
      ],
      [
        -1774844.2099999937,
        5908.670000000001
      ],
      [
        -1785944.9199999988,
        5996.5700000000015
      ],
      [
        -1779578.6899999953,
        5947.660000000001
      ],
      [
        -1781306.5399999951,
        5966.160000000002
      ],
      [
        -1725943.1999999986,
        5837.790000000001
      ],
      [
        -1734080.059999999,
        5885.270000000001
      ],
      [
        -1725494.3499999982,
        5815.750000000002
      ],
      [
        -1802691.9999999977,
        6031.060000000001
      ],
      [
        -1775616.4499999941,
        5918.66
      ]
    ]
  },
  "solutions_count": 18,
  "solutions_directory": "../results/SPEA2\\solutions\\users4\\npoint_reset_low_crossover\\run2"
}