{
  "run_info": {
    "dataset": "users2.json",
    "config": "high_pheromone_influence",
    "run": 25,
    "execution_time": 1596.0325326919556,
    "iterations_completed": 64,
    "max_iterations": 200,
    "terminated_early": true,
    "generations_without_improvement": 12,
    "pareto_size": 10,
    "pareto_points": [
      [
        757998.7000000011,
        1956.4300000000003
      ],
      [
        762377.1600000006,
        1971.9900000000007
      ],
      [
        748092.4400000003,
        1863.0000000000002
      ],
      [
        732382.3200000003,
        1841.43
      ],
      [
        746123.6200000006,
        1856.9100000000003
      ],
      [
        750879.0700000011,
        1905.9700000000007
      ],
      [
        735459.1300000012,
        1853.9500000000007
      ],
      [
        764783.3099999999,
        2043.4400000000005
      ],
      [
        749529.450000001,
        1887.8900000000003
      ],
      [
        757751.4699999999,
        1909.3700000000003
      ]
    ],
    "solutions_evaluated": 1600,
    "config_params": {
      "n_ants": 25,
      "rho": 0.3,
      "alpha": 3.0,
      "beta": 2.0,
      "archive_size": 100,
      "no_improvement_generations": 12
    }
  },
  "solutions_count": 10,
  "solutions_directory": "C:\\Users\\hctr0\\PycharmProjects\\TFG_Hector\\31Executions\\PACO\\solutions\\users2\\high_pheromone_influence\\run25",
  "objective_statistics": {
    "cost_range": {
      "min": 1841.43,
      "max": 2043.4400000000005
    },
    "minutes_range": {
      "min": 732382.3200000003,
      "max": 764783.3099999999
    }
  },
  "algorithm_info": {
    "archive_history_length": 64,
    "max_archive_size_reached": 11
  }
}