{
  "solution": [
    5,
    6,
    17,
    17,
    5,
    17,
    17,
    16,
    17,
    4,
    16,
    8,
    17,
    2,
    8,
    17,
    6,
    17,
    17,
    2,
    8,
    17,
    17,
    16,
    17,
    17,
    2,
    17,
    5,
    17,
    2,
    8,
    17,
    13,
    17,
    17,
    17,
    17,
    2,
    17,
    17,
    5,
    2,
    17,
    2,
    17,
    17,
    17,
    17,
    8,
    17,
    8,
    16,
    17,
    17,
    17,
    17,
    17,
    17,
    8,
    17,
    8,
    17,
    2,
    8,
    17,
    17,
    2,
    8,
    17,
    10,
    17,
    17,
    17,
    17,
    17,
    16,
    17,
    17,
    17,
    6,
    2,
    17,
    17,
    16,
    17,
    2,
    17,
    8,
    17,
    17,
    17,
    17,
    17,
    5,
    17,
    16,
    5,
    17,
    2,
    2,
    17,
    17,
    16,
    5,
    7,
    10,
    17,
    17,
    2,
    10,
    5,
    2,
    8,
    1,
    4,
    8,
    2,
    2,
    17,
    17,
    6,
    5,
    10,
    17,
    4,
    16,
    17,
    2,
    17,
    5,
    17,
    17,
    8,
    8,
    17,
    2,
    17,
    17,
    17,
    17,
    17,
    17,
    17,
    4,
    17,
    2,
    17,
    17,
    17,
    17,
    5,
    3,
    17,
    17,
    17,
    17,
    17,
    14,
    16,
    17,
    17,
    5,
    17,
    17,
    16,
    17,
    4,
    8,
    17,
    10,
    8,
    17,
    17,
    17,
    17,
    17,
    17,
    17,
    17,
    17,
    17,
    17,
    17,
    10,
    2,
    13,
    17,
    17,
    8,
    15,
    2,
    4,
    17,
    8,
    17,
    3,
    17,
    17,
    6,
    8,
    17,
    2,
    17,
    17,
    17,
    17,
    8,
    17,
    4,
    16,
    16,
    1,
    17,
    3,
    6,
    17,
    5,
    17,
    4,
    17,
    8,
    2,
    6,
    17,
    7,
    17,
    16,
    17,
    17,
    17,
    17,
    17,
    17,
    17,
    17,
    17,
    17,
    17,
    17,
    17,
    17,
    17,
    16,
    17,
    9,
    17,
    4,
    17,
    5,
    17,
    17,
    14,
    17,
    8,
    11,
    17,
    17,
    17,
    5,
    17,
    17,
    17,
    8,
    8,
    5,
    8,
    2,
    15,
    17,
    17,
    17,
    17,
    17,
    17,
    16,
    17,
    17,
    17,
    9,
    17,
    5,
    16,
    17,
    17,
    17,
    8,
    17,
    17,
    17,
    2,
    8,
    5,
    17,
    17,
    17,
    17,
    7,
    17,
    17
  ],
  "objectives": [
    463266.0599999994,
    1028.01
  ],
  "fitness": {
    "minutos_ponderados": 463266.0599999994,
    "costo_total": 1028.01
  }
}