{
  "solution": [
    5,
    9,
    17,
    17,
    5,
    17,
    17,
    16,
    17,
    4,
    16,
    8,
    17,
    2,
    8,
    17,
    17,
    17,
    17,
    2,
    8,
    17,
    17,
    17,
    17,
    17,
    17,
    17,
    17,
    17,
    2,
    8,
    17,
    5,
    17,
    17,
    17,
    17,
    2,
    17,
    2,
    3,
    2,
    17,
    2,
    15,
    17,
    17,
    17,
    12,
    17,
    9,
    16,
    17,
    17,
    17,
    15,
    17,
    17,
    8,
    17,
    1,
    17,
    2,
    8,
    17,
    17,
    2,
    8,
    17,
    16,
    17,
    17,
    17,
    4,
    17,
    16,
    17,
    17,
    17,
    6,
    2,
    17,
    9,
    16,
    17,
    17,
    17,
    15,
    17,
    17,
    11,
    17,
    17,
    5,
    17,
    16,
    5,
    4,
    2,
    2,
    17,
    17,
    16,
    2,
    17,
    16,
    17,
    17,
    2,
    17,
    2,
    2,
    8,
    17,
    4,
    8,
    2,
    8,
    17,
    17,
    17,
    5,
    5,
    17,
    4,
    10,
    9,
    2,
    17,
    9,
    17,
    17,
    8,
    8,
    17,
    17,
    17,
    17,
    17,
    7,
    17,
    17,
    17,
    7,
    17,
    2,
    17,
    17,
    17,
    17,
    5,
    17,
    17,
    7,
    17,
    17,
    17,
    17,
    17,
    11,
    17,
    5,
    17,
    17,
    16,
    17,
    4,
    8,
    17,
    2,
    8,
    17,
    17,
    15,
    17,
    17,
    17,
    17,
    17,
    17,
    17,
    17,
    17,
    4,
    4,
    17,
    17,
    17,
    8,
    15,
    2,
    4,
    17,
    8,
    17,
    16,
    17,
    17,
    17,
    9,
    17,
    2,
    17,
    17,
    17,
    17,
    7,
    17,
    4,
    16,
    16,
    17,
    17,
    17,
    6,
    17,
    16,
    17,
    4,
    17,
    8,
    16,
    6,
    10,
    16,
    17,
    5,
    17,
    17,
    1,
    17,
    17,
    17,
    17,
    17,
    6,
    17,
    17,
    17,
    17,
    17,
    17,
    16,
    17,
    16,
    17,
    4,
    17,
    5,
    17,
    9,
    5,
    17,
    8,
    17,
    17,
    17,
    17,
    5,
    17,
    17,
    17,
    8,
    8,
    10,
    8,
    2,
    15,
    17,
    17,
    17,
    17,
    17,
    17,
    16,
    17,
    17,
    17,
    17,
    17,
    5,
    16,
    17,
    17,
    17,
    8,
    17,
    17,
    11,
    2,
    8,
    5,
    17,
    17,
    17,
    17,
    10,
    17,
    17
  ],
  "objectives": [
    466443.1999999999,
    1054.98
  ],
  "fitness": {
    "minutos_ponderados": 466443.1999999999,
    "costo_total": 1054.98
  }
}