{
  "solution": [
    5,
    6,
    17,
    17,
    1,
    17,
    17,
    2,
    17,
    4,
    16,
    8,
    17,
    2,
    8,
    17,
    17,
    17,
    17,
    2,
    8,
    17,
    17,
    17,
    17,
    17,
    17,
    17,
    17,
    4,
    2,
    8,
    17,
    5,
    17,
    8,
    17,
    17,
    2,
    17,
    17,
    5,
    2,
    17,
    2,
    17,
    17,
    17,
    17,
    8,
    17,
    8,
    16,
    10,
    17,
    17,
    17,
    5,
    17,
    8,
    17,
    8,
    17,
    2,
    8,
    17,
    17,
    16,
    8,
    17,
    16,
    17,
    17,
    17,
    4,
    17,
    16,
    17,
    17,
    17,
    6,
    2,
    17,
    17,
    16,
    17,
    17,
    17,
    8,
    17,
    7,
    17,
    17,
    17,
    5,
    17,
    16,
    5,
    5,
    2,
    2,
    17,
    17,
    16,
    6,
    17,
    16,
    17,
    17,
    2,
    17,
    2,
    2,
    8,
    17,
    4,
    8,
    2,
    8,
    17,
    17,
    17,
    5,
    5,
    17,
    4,
    16,
    10,
    8,
    17,
    5,
    17,
    17,
    10,
    8,
    17,
    17,
    17,
    17,
    17,
    17,
    17,
    17,
    17,
    17,
    17,
    2,
    17,
    17,
    17,
    17,
    5,
    17,
    4,
    17,
    17,
    17,
    17,
    17,
    17,
    17,
    17,
    5,
    17,
    17,
    16,
    17,
    4,
    8,
    17,
    17,
    8,
    17,
    17,
    5,
    17,
    17,
    17,
    17,
    17,
    17,
    17,
    16,
    17,
    4,
    4,
    17,
    14,
    17,
    8,
    15,
    2,
    4,
    17,
    8,
    17,
    16,
    17,
    17,
    17,
    8,
    14,
    2,
    17,
    17,
    17,
    17,
    8,
    17,
    4,
    16,
    16,
    17,
    17,
    17,
    8,
    17,
    2,
    17,
    4,
    17,
    8,
    16,
    6,
    17,
    16,
    17,
    16,
    17,
    17,
    17,
    17,
    17,
    17,
    17,
    17,
    16,
    17,
    17,
    7,
    17,
    17,
    17,
    16,
    3,
    16,
    17,
    4,
    17,
    17,
    17,
    17,
    4,
    17,
    8,
    17,
    2,
    17,
    17,
    5,
    14,
    17,
    17,
    8,
    8,
    17,
    9,
    15,
    15,
    17,
    17,
    17,
    17,
    17,
    17,
    16,
    17,
    17,
    17,
    17,
    3,
    5,
    16,
    17,
    17,
    17,
    8,
    17,
    17,
    17,
    2,
    8,
    5,
    17,
    17,
    17,
    17,
    17,
    17,
    17
  ],
  "objectives": [
    452558.45999999944,
    984.02
  ],
  "fitness": {
    "minutos_ponderados": 452558.45999999944,
    "costo_total": 984.02
  }
}