{
  "run_info": {
    "dataset": "users5.json",
    "config": "high_heuristic_influence",
    "run": 8,
    "execution_time": 5414.221393108368,
    "iterations_completed": 63,
    "max_iterations": 200,
    "terminated_early": true,
    "generations_without_improvement": 12,
    "pareto_size": 24,
    "pareto_points": [
      [
        2977482.76000001,
        6966.060000000008
      ],
      [
        2974679.400000003,
        6942.290000000008
      ],
      [
        2986429.9300000006,
        6985.080000000008
      ],
      [
        2956717.099999993,
        6872.360000000007
      ],
      [
        3014130.0300000063,
        7009.970000000008
      ],
      [
        3062458.3700000094,
        7238.900000000009
      ],
      [
        3101334.079999999,
        7319.13000000001
      ],
      [
        3103547.4100000104,
        7486.340000000012
      ],
      [
        3103064.130000014,
        7434.070000000012
      ],
      [
        3105028.3400000273,
        7534.000000000012
      ],
      [
        3128834.240000033,
        7550.460000000012
      ],
      [
        3150461.980000016,
        7658.050000000014
      ],
      [
        3169638.5300000194,
        7686.290000000015
      ],
      [
        3168883.4900000207,
        7664.000000000014
      ],
      [
        3171054.8000000217,
        7728.880000000015
      ],
      [
        3139219.800000006,
        7633.710000000015
      ],
      [
        3194732.490000023,
        7810.2900000000145
      ],
      [
        3196362.3500000164,
        7824.350000000014
      ],
      [
        3193237.9600000344,
        7793.660000000014
      ],
      [
        3183235.7500000326,
        7756.620000000014
      ],
      [
        3194468.940000027,
        7797.730000000014
      ],
      [
        3194684.4400000116,
        7800.490000000014
      ],
      [
        3198111.0000000247,
        7852.690000000014
      ],
      [
        3135758.2700000294,
        7623.750000000014
      ]
    ],
    "solutions_evaluated": 1260,
    "config_params": {
      "n_ants": 20,
      "rho": 0.4,
      "alpha": 0.5,
      "beta": 5.0,
      "archive_size": 100,
      "no_improvement_generations": 12
    }
  },
  "solutions_count": 24,
  "solutions_directory": "C:\\Users\\hctr0\\PycharmProjects\\TFG_Hector\\31Executions\\PACO\\solutions\\users5\\high_heuristic_influence\\run8",
  "objective_statistics": {
    "cost_range": {
      "min": 6872.360000000007,
      "max": 7852.690000000014
    },
    "minutes_range": {
      "min": 2956717.099999993,
      "max": 3198111.0000000247
    }
  },
  "algorithm_info": {
    "archive_history_length": 63,
    "max_archive_size_reached": 25
  }
}