{
  "run_info": {
    "dataset": "users4.json",
    "config": "uniform_reset_low_mutation",
    "run": 3,
    "execution_time": 1613.276383638382,
    "generations": 81,
    "pareto_size": 21,
    "pareto_points": [
      [
        -1901720.9200000018,
        5289.969999999999
      ],
      [
        -1921526.040000003,
        5354.360000000001
      ],
      [
        -1922009.8700000003,
        5354.38
      ],
      [
        -1910141.5400000017,
        5318.36
      ],
      [
        -1920937.480000001,
        5339.299999999999
      ],
      [
        -1939556.3599999996,
        5404.360000000001
      ],
      [
        -1956039.0099999995,
        5598.780000000001
      ],
      [
        -1923363.49,
        5356.36
      ],
      [
        -1923718.8800000022,
        5367.3099999999995
      ],
      [
        -1934744.5900000017,
        5374.419999999999
      ],
      [
        -1954263.4599999995,
        5570.78
      ],
      [
        -1921438.1400000008,
        5341.35
      ],
      [
        -1945378.2799999996,
        5463.839999999999
      ],
      [
        -1947251.9100000006,
        5481.34
      ],
      [
        -1950474.1299999994,
        5532.819999999999
      ],
      [
        -1957024.05,
        5599.24
      ],
      [
        -1949503.96,
        5511.36
      ],
      [
        -1942416.9300000023,
        5461.77
      ],
      [
        -1912161.9900000026,
        5323.849999999999
      ],
      [
        -1942298.4400000009,
        5436.79
      ],
      [
        -1947549.4499999997,
        5488.87
      ]
    ]
  },
  "solutions_count": 21,
  "solutions_directory": "../results/NSGA2\\solutions\\users4\\uniform_reset_low_mutation\\run3"
}