{
  "run_info": {
    "dataset": "users1.json",
    "config": "uniform_reset_low_mutation",
    "run": 4,
    "execution_time": 150.17321634292603,
    "generations": 45,
    "pareto_size": 14,
    "pareto_points": [
      [
        -447218.97999999975,
        1328.31
      ],
      [
        -460696.6199999998,
        1360.7699999999998
      ],
      [
        -448121.0299999996,
        1343.7299999999998
      ],
      [
        -481882.5499999995,
        1471.6799999999998
      ],
      [
        -467791.42999999935,
        1386.29
      ],
      [
        -470550.05999999953,
        1402.7799999999997
      ],
      [
        -466518.4699999992,
        1380.2799999999997
      ],
      [
        -473189.9499999992,
        1410.2499999999998
      ],
      [
        -479265.8299999995,
        1441.7399999999998
      ],
      [
        -428034.6199999997,
        1325.8199999999997
      ],
      [
        -466330.99999999977,
        1366.77
      ],
      [
        -465728.19999999966,
        1362.2799999999997
      ],
      [
        -452175.4899999996,
        1349.7399999999998
      ],
      [
        -477717.1899999995,
        1438.25
      ]
    ]
  },
  "solutions_count": 14,
  "solutions_directory": "../results/NSGA2\\solutions\\users1\\uniform_reset_low_mutation\\run4"
}