{
  "run_info": {
    "dataset": "users2.json",
    "config": "high_pheromone_influence",
    "run": 19,
    "execution_time": 645.3657205104828,
    "iterations_completed": 26,
    "max_iterations": 200,
    "terminated_early": true,
    "generations_without_improvement": 12,
    "pareto_size": 9,
    "pareto_points": [
      [
        762854.3599999988,
        2187.4400000000005
      ],
      [
        735152.3000000006,
        1852.5900000000001
      ],
      [
        755022.3300000001,
        2111.120000000001
      ],
      [
        743880.6100000001,
        1861.6300000000003
      ],
      [
        753770.5299999994,
        2071.0200000000004
      ],
      [
        725860.1399999999,
        1851.4800000000002
      ],
      [
        751625.56,
        1906.04
      ],
      [
        750332.6400000002,
        1863.5200000000004
      ],
      [
        752232.9599999998,
        1966.9600000000005
      ]
    ],
    "solutions_evaluated": 650,
    "config_params": {
      "n_ants": 25,
      "rho": 0.3,
      "alpha": 3.0,
      "beta": 2.0,
      "archive_size": 100,
      "no_improvement_generations": 12
    }
  },
  "solutions_count": 9,
  "solutions_directory": "C:\\Users\\hctr0\\PycharmProjects\\TFG_Hector\\31Executions\\PACO\\solutions\\users2\\high_pheromone_influence\\run19",
  "objective_statistics": {
    "cost_range": {
      "min": 1851.4800000000002,
      "max": 2187.4400000000005
    },
    "minutes_range": {
      "min": 725860.1399999999,
      "max": 762854.3599999988
    }
  },
  "algorithm_info": {
    "archive_history_length": 26,
    "max_archive_size_reached": 9
  }
}