{
  "run_info": {
    "dataset": "users2.json",
    "config": "npoint_inversion_low_mutation",
    "run": 4,
    "execution_time": 1942.1950719356537,
    "generations": 300,
    "pareto_size": 40,
    "pareto_points": [
      [
        -795893.5100000022,
        2573.9100000000003
      ],
      [
        -795152.8000000023,
        2565.4
      ],
      [
        -794245.6900000024,
        2552.4400000000005
      ],
      [
        -791701.2900000022,
        2522.96
      ],
      [
        -786707.270000002,
        2468.49
      ],
      [
        -759702.0200000018,
        2382.66
      ],
      [
        -799459.440000002,
        2639.3800000000006
      ],
      [
        -789224.0400000025,
        2521.97
      ],
      [
        -783422.1300000015,
        2453.9800000000005
      ],
      [
        -788873.5500000019,
        2499.9800000000005
      ],
      [
        -783091.8400000016,
        2437.02
      ],
      [
        -798718.730000002,
        2623.88
      ],
      [
        -788478.0400000019,
        2470.99
      ],
      [
        -792883.4700000022,
        2525.96
      ],
      [
        -788778.7100000025,
        2496.4799999999996
      ],
      [
        -756832.7000000017,
        2373.66
      ],
      [
        -763518.0600000018,
        2395.61
      ],
      [
        -745841.0400000013,
        2352.1600000000003
      ],
      [
        -800264.690000002,
        2667.85
      ],
      [
        -753388.3900000016,
        2356.1899999999996
      ],
      [
        -785345.050000002,
        2455.0
      ],
      [
        -796515.0200000023,
        2584.9000000000005
      ],
      [
        -779230.7700000019,
        2411.56
      ],
      [
        -799129.150000002,
        2631.8999999999996
      ],
      [
        -757378.1800000017,
        2375.65
      ],
      [
        -798097.2200000022,
        2606.9
      ],
      [
        -793063.5100000025,
        2537.46
      ],
      [
        -777146.3000000016,
        2399.58
      ],
      [
        -797356.5100000022,
        2604.3800000000006
      ],
      [
        -780181.0500000018,
        2434.55
      ],
      [
        -779977.8200000017,
        2431.52
      ],
      [
        -779866.1800000017,
        2422.5400000000004
      ],
      [
        -793624.1800000024,
        2547.9300000000003
      ],
      [
        -758258.7200000017,
        2379.63
      ],
      [
        -794732.1800000021,
        2562.4300000000003
      ],
      [
        -790140.9300000024,
        2521.9700000000003
      ],
      [
        -763362.2400000015,
        2392.6499999999996
      ],
      [
        -761610.4300000016,
        2383.67
      ],
      [
        -799523.9800000021,
        2665.34
      ],
      [
        -797206.2300000016,
        2594.41
      ]
    ]
  },
  "solutions_count": 40,
  "solutions_directory": "../results/SPEA2\\solutions\\users2\\npoint_inversion_low_mutation\\run4"
}