{
  "run_info": {
    "dataset": "users2.json",
    "config": "high_pheromone_influence",
    "run": 31,
    "execution_time": 749.8419613838196,
    "iterations_completed": 30,
    "max_iterations": 200,
    "terminated_early": true,
    "generations_without_improvement": 12,
    "pareto_size": 4,
    "pareto_points": [
      [
        739874.5599999996,
        1783.1400000000003
      ],
      [
        762504.3800000004,
        1893.0000000000007
      ],
      [
        746095.8500000006,
        1862.0300000000007
      ],
      [
        748569.1899999998,
        1878.5200000000004
      ]
    ],
    "solutions_evaluated": 750,
    "config_params": {
      "n_ants": 25,
      "rho": 0.3,
      "alpha": 3.0,
      "beta": 2.0,
      "archive_size": 100,
      "no_improvement_generations": 12
    }
  },
  "solutions_count": 4,
  "solutions_directory": "C:\\Users\\hctr0\\PycharmProjects\\TFG_Hector\\31Executions\\PACO\\solutions\\users2\\high_pheromone_influence\\run31",
  "objective_statistics": {
    "cost_range": {
      "min": 1783.1400000000003,
      "max": 1893.0000000000007
    },
    "minutes_range": {
      "min": 739874.5599999996,
      "max": 762504.3800000004
    }
  },
  "algorithm_info": {
    "archive_history_length": 30,
    "max_archive_size_reached": 13
  }
}