{
  "run_info": {
    "dataset": "users3.json",
    "config": "balanced_original",
    "run": 4,
    "execution_time": 441.2863597869873,
    "iterations_completed": 14,
    "max_iterations": 200,
    "terminated_early": true,
    "generations_without_improvement": 12,
    "pareto_size": 5,
    "pareto_points": [
      [
        924553.8599999996,
        2793.6700000000005
      ],
      [
        966547.5299999998,
        2904.2600000000007
      ],
      [
        965191.5200000007,
        2896.62
      ],
      [
        944017.05,
        2851.46
      ],
      [
        982040.6500000014,
        2986.0200000000004
      ]
    ],
    "solutions_evaluated": 280,
    "config_params": {
      "n_ants": 20,
      "rho": 0.4,
      "alpha": 1.0,
      "beta": 3.0,
      "archive_size": 100,
      "no_improvement_generations": 12
    }
  },
  "solutions_count": 5,
  "solutions_directory": "../results/PACO\\solutions\\users3\\balanced_original\\run4",
  "objective_statistics": {
    "cost_range": {
      "min": 2793.6700000000005,
      "max": 2986.0200000000004
    },
    "minutes_range": {
      "min": 924553.8599999996,
      "max": 982040.6500000014
    }
  },
  "algorithm_info": {
    "archive_history_length": 14,
    "max_archive_size_reached": 5
  }
}