{
  "run_info": {
    "dataset": "users3.json",
    "config": "npoint_inversion_high_all",
    "run": 4,
    "execution_time": 2884.641968011856,
    "generations": 300,
    "pareto_size": 44,
    "pareto_points": [
      [
        -1246813.3099999966,
        3266.65
      ],
      [
        -1293576.949999998,
        3516.5200000000004
      ],
      [
        -1304041.499999998,
        3544.52
      ],
      [
        -1298980.3499999975,
        3530.5200000000004
      ],
      [
        -1287118.7899999975,
        3454.0099999999998
      ],
      [
        -1308491.3799999983,
        3692.93
      ],
      [
        -1305871.5499999982,
        3610.49
      ],
      [
        -1244446.2999999968,
        3260.1599999999994
      ],
      [
        -1253764.8099999977,
        3311.640000000001
      ],
      [
        -1270350.6699999962,
        3353.5699999999997
      ],
      [
        -1305814.1699999967,
        3599.0299999999993
      ],
      [
        -1306277.7899999965,
        3620.0
      ],
      [
        -1267826.4699999979,
        3332.1200000000003
      ],
      [
        -1303173.9699999976,
        3541.51
      ],
      [
        -1291104.6699999976,
        3479.5200000000004
      ],
      [
        -1252678.719999996,
        3300.5799999999995
      ],
      [
        -1287419.4299999974,
        3467.51
      ],
      [
        -1301183.0999999978,
        3536.5200000000004
      ],
      [
        -1272874.8999999962,
        3376.5499999999997
      ],
      [
        -1279011.499999998,
        3421.51
      ],
      [
        -1271947.1499999957,
        3371.5399999999995
      ],
      [
        -1284581.759999997,
        3453.0
      ],
      [
        -1280558.7799999982,
        3428.53
      ],
      [
        -1278547.8799999978,
        3398.55
      ],
      [
        -1249309.699999997,
        3280.62
      ],
      [
        -1282641.9099999971,
        3429.51
      ],
      [
        -1246879.699999997,
        3274.1399999999994
      ],
      [
        -1249574.2499999963,
        3286.6399999999994
      ],
      [
        -1250814.3799999962,
        3295.62
      ],
      [
        -1298278.2499999977,
        3524.54
      ],
      [
        -1284192.789999997,
        3441.98
      ],
      [
        -1308458.3799999985,
        3682.95
      ],
      [
        -1246976.729999996,
        3276.66
      ],
      [
        -1256202.5299999986,
        3313.66
      ],
      [
        -1293113.329999998,
        3503.5400000000004
      ],
      [
        -1308296.8099999968,
        3624.4799999999996
      ],
      [
        -1291819.5399999972,
        3479.55
      ],
      [
        -1304475.4699999972,
        3563.01
      ],
      [
        -1278647.6799999978,
        3412.5200000000004
      ],
      [
        -1280471.7099999983,
        3427.4900000000002
      ],
      [
        -1304734.909999997,
        3578.0699999999997
      ],
      [
        -1276030.6299999973,
        3390.03
      ],
      [
        -1302710.3499999975,
        3538.5300000000007
      ],
      [
        -1303943.0599999973,
        3543.5200000000004
      ]
    ]
  },
  "solutions_count": 44,
  "solutions_directory": "../results/SPEA2\\solutions\\users3\\npoint_inversion_high_all\\run4"
}