{
  "run_info": {
    "dataset": "users3.json",
    "config": "uniform_inversion_high_mutation",
    "run": 10,
    "execution_time": 825.6791744232178,
    "generations": 78,
    "pareto_size": 12,
    "pareto_points": [
      [
        -1202783.369999998,
        3144.11
      ],
      [
        -1227150.7399999967,
        3231.13
      ],
      [
        -1241465.8499999978,
        3249.0600000000004
      ],
      [
        -1205722.1399999983,
        3171.58
      ],
      [
        -1239944.0699999975,
        3249.04
      ],
      [
        -1245461.119999996,
        3269.61
      ],
      [
        -1235639.619999997,
        3231.1600000000003
      ],
      [
        -1216202.419999999,
        3174.1800000000007
      ],
      [
        -1226356.3699999976,
        3191.58
      ],
      [
        -1226549.9199999978,
        3203.6600000000003
      ],
      [
        -1236514.249999996,
        3233.7
      ],
      [
        -1257078.8699999978,
        3272.51
      ]
    ]
  },
  "solutions_count": 12,
  "solutions_directory": "C:\\Users\\hctr0\\PycharmProjects\\TFG_Hector\\31Executions\\NSGA2\\solutions\\users3\\uniform_inversion_high_mutation\\run10"
}