{
  "solution": [
    8,
    2,
    8,
    6,
    2,
    5,
    17,
    5,
    4,
    5,
    17,
    17,
    15,
    18,
    17,
    16,
    5,
    4,
    5,
    8,
    2,
    17,
    17,
    17,
    2,
    17,
    16,
    8,
    8,
    18,
    4,
    8,
    17,
    17,
    17,
    17,
    6,
    5,
    4,
    5,
    8,
    8,
    17,
    17,
    8,
    11,
    17,
    7,
    5,
    8,
    15,
    4,
    6,
    17,
    2,
    17,
    4,
    17,
    17,
    17,
    17,
    4,
    4,
    15,
    8,
    16,
    17,
    2,
    8,
    17,
    6,
    17,
    8,
    17,
    17,
    16,
    17,
    6,
    17,
    1,
    5,
    7,
    4,
    6,
    2,
    17,
    17,
    6,
    17,
    12,
    16,
    6,
    17,
    4,
    6,
    2,
    17,
    5,
    2,
    8,
    5,
    17,
    8,
    5,
    1,
    16,
    15,
    2,
    11,
    5,
    17,
    17,
    17,
    17,
    16,
    15,
    17,
    17,
    17,
    4,
    17,
    16,
    16,
    2,
    7,
    8,
    17,
    2,
    17,
    17,
    17,
    8,
    17,
    16,
    9,
    18,
    10,
    17,
    4,
    18,
    13,
    5,
    17,
    5,
    2,
    2,
    17,
    17,
    17,
    2,
    17,
    16,
    8,
    6,
    17,
    17,
    17,
    17,
    17,
    17,
    17,
    5,
    2,
    17,
    8,
    8,
    16,
    16,
    17,
    11,
    4,
    17,
    17,
    11,
    16,
    16,
    8,
    5,
    17,
    17,
    2,
    2,
    9,
    17,
    17,
    15,
    17,
    17,
    17,
    16,
    6,
    4,
    15,
    17,
    2,
    2,
    17,
    9,
    17,
    17,
    4,
    3,
    16,
    17,
    5,
    8,
    17,
    2,
    5,
    8,
    1,
    9,
    1,
    17,
    7,
    5,
    4,
    17,
    4,
    17,
    8,
    6,
    17,
    17,
    4,
    17,
    17,
    9,
    2,
    8,
    2,
    8,
    10,
    6,
    2,
    17,
    17,
    17,
    2,
    8,
    17,
    4,
    5,
    6,
    8,
    18,
    15,
    4,
    8,
    2,
    18,
    17,
    17,
    10,
    17,
    17,
    4,
    4,
    17,
    17,
    17,
    17,
    17,
    17,
    15,
    17,
    2,
    4,
    17,
    8,
    4,
    8,
    7,
    17,
    11,
    17,
    4,
    8,
    6,
    17,
    4,
    4,
    5,
    17,
    17,
    17,
    11,
    15,
    8,
    3,
    4,
    17,
    17,
    17,
    15,
    8,
    17,
    17,
    2,
    15
  ],
  "objectives": [
    357030.8700000001,
    1080.8100000000002
  ],
  "fitness": {
    "minutos_ponderados": 357030.8700000001,
    "costo_total": 1080.8100000000002
  }
}