{
  "solution": [
    17,
    8,
    17,
    17,
    17,
    17,
    17,
    17,
    1,
    8,
    2,
    4,
    17,
    17,
    17,
    17,
    5,
    17,
    5,
    11,
    17,
    8,
    17,
    2,
    2,
    4,
    2,
    17,
    17,
    17,
    1,
    17,
    17,
    17,
    17,
    17,
    17,
    17,
    8,
    17,
    7,
    17,
    17,
    17,
    8,
    17,
    17,
    17,
    17,
    17,
    17,
    2,
    8,
    17,
    17,
    4,
    8,
    6,
    7,
    17,
    17,
    8,
    17,
    17,
    7,
    8,
    8,
    4,
    17,
    2,
    17,
    4,
    17,
    17,
    17,
    17,
    17,
    16,
    8,
    17,
    5,
    17,
    17,
    17,
    17,
    10,
    17,
    17,
    17,
    16,
    6,
    17,
    17,
    17,
    17,
    17,
    16,
    17,
    17,
    17,
    16,
    8,
    17,
    2,
    17,
    17,
    17,
    17,
    17,
    15,
    17,
    17,
    17,
    17,
    8,
    17,
    7,
    17,
    5,
    10,
    9,
    17,
    2,
    16,
    8,
    17,
    5,
    17,
    17,
    16,
    5,
    8,
    4,
    16,
    6,
    17,
    8,
    17,
    4,
    16,
    17,
    16,
    17,
    18,
    3,
    17,
    2,
    17,
    17,
    17,
    17,
    17,
    9,
    2,
    16,
    4,
    8,
    4,
    17,
    17,
    15,
    17,
    17,
    17,
    8,
    17,
    17,
    17,
    17,
    17,
    17,
    17,
    17,
    5,
    17,
    8,
    8,
    17,
    6,
    17,
    4,
    1,
    17,
    8,
    2,
    17,
    8,
    15,
    8,
    17,
    17,
    17,
    8,
    17,
    2,
    17,
    17,
    17,
    17,
    17,
    5,
    17,
    17,
    17,
    4,
    8,
    17,
    8,
    2,
    17,
    7,
    17,
    17,
    16,
    3,
    17,
    6,
    17,
    17,
    17,
    5,
    17,
    17,
    17,
    3,
    17,
    17,
    12,
    2,
    5,
    8,
    17,
    8,
    17,
    8,
    17,
    4,
    8,
    17,
    17,
    8,
    1,
    5,
    8,
    2,
    17,
    9,
    17,
    13,
    15,
    17,
    17,
    17,
    17,
    4,
    17,
    18,
    1,
    17,
    17,
    15,
    17,
    17,
    8,
    17,
    8,
    17,
    8,
    15,
    5,
    8,
    17,
    17,
    16,
    4,
    8,
    17,
    6,
    5,
    6,
    17,
    2,
    17,
    17,
    17,
    17,
    17,
    5,
    8,
    17,
    17,
    9,
    5,
    17,
    2,
    5,
    16,
    17,
    17,
    17
  ],
  "objectives": [
    315129.9900000002,
    1054.01
  ],
  "fitness": {
    "minutos_ponderados": 315129.9900000002,
    "costo_total": 1054.01
  }
}