{
  "solution": [
    17,
    6,
    17,
    17,
    5,
    17,
    17,
    15,
    17,
    4,
    16,
    8,
    11,
    2,
    8,
    8,
    17,
    17,
    8,
    2,
    8,
    17,
    17,
    17,
    17,
    17,
    17,
    17,
    17,
    17,
    2,
    8,
    17,
    5,
    17,
    17,
    17,
    10,
    2,
    10,
    17,
    5,
    2,
    17,
    2,
    17,
    10,
    17,
    17,
    8,
    17,
    8,
    16,
    17,
    17,
    17,
    4,
    17,
    17,
    8,
    11,
    8,
    17,
    2,
    8,
    17,
    7,
    2,
    8,
    17,
    16,
    17,
    17,
    17,
    4,
    17,
    16,
    17,
    17,
    17,
    6,
    2,
    17,
    17,
    16,
    17,
    17,
    17,
    8,
    17,
    17,
    17,
    17,
    17,
    5,
    17,
    16,
    5,
    4,
    2,
    2,
    17,
    17,
    8,
    5,
    17,
    16,
    8,
    18,
    2,
    17,
    2,
    2,
    8,
    17,
    4,
    8,
    2,
    8,
    17,
    17,
    17,
    5,
    5,
    17,
    4,
    16,
    10,
    2,
    17,
    5,
    17,
    17,
    8,
    8,
    17,
    17,
    17,
    17,
    17,
    17,
    2,
    17,
    17,
    17,
    17,
    2,
    17,
    17,
    17,
    17,
    5,
    17,
    17,
    17,
    17,
    17,
    17,
    8,
    17,
    17,
    6,
    5,
    17,
    17,
    16,
    17,
    4,
    8,
    17,
    17,
    8,
    17,
    17,
    17,
    17,
    17,
    17,
    17,
    17,
    17,
    17,
    17,
    17,
    4,
    2,
    17,
    17,
    17,
    8,
    15,
    2,
    4,
    17,
    8,
    17,
    16,
    17,
    17,
    17,
    8,
    1,
    2,
    17,
    17,
    17,
    17,
    8,
    17,
    4,
    16,
    16,
    17,
    17,
    17,
    6,
    17,
    5,
    17,
    7,
    17,
    8,
    16,
    6,
    17,
    16,
    17,
    16,
    1,
    17,
    17,
    17,
    17,
    17,
    17,
    17,
    17,
    17,
    17,
    17,
    17,
    17,
    17,
    16,
    17,
    16,
    17,
    4,
    16,
    5,
    11,
    17,
    5,
    8,
    8,
    17,
    5,
    17,
    17,
    5,
    17,
    17,
    17,
    15,
    8,
    17,
    8,
    2,
    15,
    12,
    17,
    17,
    17,
    17,
    17,
    16,
    17,
    6,
    17,
    17,
    17,
    5,
    16,
    17,
    17,
    17,
    8,
    17,
    17,
    17,
    2,
    8,
    5,
    17,
    17,
    17,
    17,
    6,
    17,
    17
  ],
  "objectives": [
    452422.9799999999,
    979.5600000000001
  ],
  "fitness": {
    "minutos_ponderados": 452422.9799999999,
    "costo_total": 979.5600000000001
  }
}