{
  "solution": [
    5,
    6,
    17,
    15,
    4,
    17,
    17,
    16,
    17,
    4,
    16,
    14,
    17,
    2,
    8,
    17,
    17,
    17,
    17,
    2,
    8,
    2,
    17,
    17,
    17,
    10,
    17,
    17,
    17,
    17,
    2,
    8,
    17,
    5,
    17,
    17,
    17,
    17,
    2,
    17,
    17,
    5,
    2,
    17,
    2,
    17,
    17,
    17,
    17,
    8,
    17,
    8,
    16,
    10,
    17,
    17,
    17,
    17,
    17,
    8,
    17,
    8,
    17,
    2,
    8,
    17,
    17,
    18,
    8,
    7,
    16,
    17,
    17,
    7,
    4,
    17,
    16,
    17,
    17,
    17,
    6,
    2,
    17,
    17,
    16,
    17,
    17,
    17,
    16,
    17,
    17,
    17,
    17,
    17,
    5,
    5,
    16,
    5,
    4,
    2,
    2,
    16,
    17,
    16,
    5,
    5,
    16,
    17,
    17,
    2,
    17,
    2,
    6,
    8,
    17,
    4,
    8,
    17,
    8,
    17,
    17,
    17,
    5,
    5,
    17,
    4,
    6,
    17,
    14,
    17,
    18,
    17,
    17,
    9,
    8,
    17,
    17,
    17,
    17,
    17,
    17,
    17,
    17,
    17,
    5,
    17,
    2,
    17,
    12,
    17,
    17,
    5,
    17,
    9,
    17,
    17,
    17,
    17,
    17,
    17,
    17,
    11,
    5,
    17,
    17,
    16,
    17,
    4,
    8,
    12,
    17,
    8,
    17,
    17,
    17,
    17,
    17,
    17,
    17,
    17,
    17,
    17,
    17,
    17,
    4,
    4,
    17,
    17,
    17,
    12,
    15,
    2,
    4,
    17,
    8,
    17,
    16,
    17,
    17,
    17,
    8,
    17,
    2,
    17,
    17,
    17,
    17,
    8,
    17,
    4,
    16,
    16,
    17,
    17,
    17,
    6,
    17,
    14,
    17,
    4,
    17,
    8,
    16,
    6,
    17,
    16,
    17,
    5,
    17,
    17,
    17,
    17,
    17,
    11,
    17,
    17,
    17,
    17,
    17,
    17,
    17,
    17,
    17,
    16,
    17,
    16,
    7,
    10,
    17,
    5,
    17,
    1,
    5,
    17,
    8,
    17,
    17,
    17,
    17,
    5,
    17,
    17,
    17,
    8,
    8,
    17,
    8,
    2,
    15,
    17,
    17,
    17,
    17,
    9,
    17,
    16,
    17,
    17,
    17,
    17,
    15,
    5,
    16,
    17,
    17,
    17,
    8,
    17,
    17,
    17,
    2,
    8,
    5,
    17,
    17,
    17,
    17,
    17,
    17,
    12
  ],
  "objectives": [
    468474.6299999992,
    1108.9999999999998
  ],
  "fitness": {
    "minutos_ponderados": 468474.6299999992,
    "costo_total": 1108.9999999999998
  }
}