{
  "solution": [
    5,
    6,
    17,
    2,
    5,
    17,
    17,
    16,
    17,
    4,
    16,
    8,
    17,
    2,
    8,
    12,
    17,
    17,
    17,
    2,
    8,
    17,
    12,
    17,
    17,
    17,
    17,
    2,
    17,
    17,
    2,
    8,
    17,
    5,
    5,
    17,
    17,
    17,
    2,
    17,
    17,
    5,
    2,
    17,
    2,
    17,
    6,
    17,
    17,
    8,
    17,
    8,
    16,
    17,
    17,
    17,
    17,
    17,
    17,
    8,
    17,
    8,
    17,
    2,
    17,
    17,
    17,
    2,
    8,
    17,
    16,
    17,
    17,
    17,
    4,
    17,
    16,
    3,
    17,
    17,
    6,
    2,
    17,
    17,
    13,
    17,
    17,
    17,
    8,
    17,
    17,
    17,
    17,
    17,
    5,
    17,
    16,
    5,
    4,
    2,
    2,
    17,
    17,
    16,
    13,
    9,
    16,
    17,
    17,
    2,
    17,
    2,
    2,
    8,
    17,
    4,
    8,
    2,
    8,
    17,
    17,
    4,
    5,
    5,
    17,
    4,
    17,
    17,
    7,
    17,
    5,
    2,
    17,
    1,
    8,
    17,
    17,
    17,
    17,
    17,
    17,
    2,
    17,
    17,
    17,
    17,
    2,
    17,
    17,
    17,
    13,
    5,
    17,
    17,
    17,
    6,
    6,
    3,
    17,
    17,
    17,
    4,
    5,
    17,
    17,
    16,
    17,
    4,
    13,
    17,
    17,
    5,
    17,
    17,
    17,
    17,
    17,
    17,
    17,
    17,
    17,
    17,
    17,
    17,
    4,
    16,
    17,
    17,
    17,
    8,
    15,
    2,
    4,
    17,
    1,
    17,
    15,
    17,
    17,
    17,
    8,
    17,
    5,
    17,
    17,
    17,
    17,
    8,
    17,
    4,
    16,
    16,
    8,
    17,
    17,
    6,
    17,
    5,
    17,
    4,
    17,
    8,
    16,
    6,
    17,
    16,
    17,
    16,
    17,
    17,
    12,
    17,
    17,
    17,
    17,
    17,
    17,
    17,
    17,
    17,
    17,
    17,
    17,
    16,
    17,
    16,
    17,
    4,
    4,
    5,
    17,
    17,
    5,
    17,
    8,
    17,
    17,
    17,
    17,
    5,
    17,
    17,
    17,
    8,
    8,
    17,
    8,
    2,
    15,
    17,
    17,
    17,
    17,
    17,
    17,
    16,
    17,
    18,
    17,
    13,
    17,
    5,
    16,
    17,
    17,
    17,
    8,
    17,
    17,
    17,
    2,
    8,
    5,
    17,
    17,
    17,
    9,
    17,
    13,
    17
  ],
  "objectives": [
    455274.70999999973,
    988.6100000000001
  ],
  "fitness": {
    "minutos_ponderados": 455274.70999999973,
    "costo_total": 988.6100000000001
  }
}