{
  "solution": [
    4,
    6,
    17,
    17,
    2,
    17,
    17,
    9,
    17,
    4,
    16,
    8,
    17,
    2,
    8,
    17,
    17,
    17,
    17,
    2,
    16,
    17,
    17,
    17,
    17,
    17,
    17,
    17,
    17,
    17,
    2,
    8,
    17,
    5,
    2,
    17,
    17,
    17,
    2,
    4,
    17,
    5,
    2,
    17,
    2,
    17,
    17,
    17,
    17,
    8,
    17,
    8,
    16,
    17,
    9,
    17,
    17,
    9,
    17,
    8,
    17,
    8,
    17,
    2,
    8,
    17,
    17,
    2,
    8,
    17,
    9,
    17,
    9,
    17,
    4,
    17,
    16,
    17,
    17,
    17,
    6,
    2,
    17,
    4,
    16,
    17,
    17,
    17,
    8,
    17,
    17,
    17,
    17,
    17,
    5,
    17,
    15,
    5,
    4,
    2,
    2,
    2,
    17,
    16,
    5,
    17,
    16,
    17,
    17,
    2,
    1,
    7,
    4,
    8,
    17,
    4,
    8,
    2,
    6,
    17,
    17,
    17,
    5,
    5,
    17,
    4,
    16,
    17,
    2,
    14,
    5,
    17,
    17,
    8,
    8,
    17,
    17,
    17,
    17,
    16,
    17,
    17,
    17,
    17,
    17,
    17,
    2,
    17,
    17,
    17,
    17,
    5,
    17,
    17,
    17,
    17,
    17,
    17,
    17,
    17,
    17,
    17,
    5,
    8,
    17,
    16,
    17,
    4,
    8,
    17,
    17,
    4,
    5,
    17,
    17,
    17,
    17,
    17,
    17,
    17,
    17,
    17,
    15,
    10,
    4,
    4,
    17,
    17,
    17,
    8,
    15,
    2,
    4,
    17,
    8,
    17,
    16,
    17,
    17,
    17,
    8,
    17,
    2,
    17,
    17,
    17,
    17,
    8,
    17,
    4,
    16,
    16,
    17,
    17,
    17,
    6,
    17,
    2,
    17,
    4,
    6,
    8,
    16,
    6,
    2,
    16,
    17,
    10,
    4,
    17,
    17,
    17,
    17,
    17,
    17,
    17,
    17,
    17,
    17,
    17,
    17,
    17,
    17,
    16,
    17,
    16,
    17,
    10,
    17,
    5,
    17,
    17,
    5,
    17,
    8,
    17,
    1,
    17,
    17,
    5,
    4,
    17,
    17,
    8,
    8,
    13,
    8,
    2,
    15,
    17,
    17,
    17,
    17,
    17,
    17,
    16,
    17,
    17,
    17,
    17,
    17,
    5,
    16,
    17,
    12,
    17,
    8,
    11,
    17,
    17,
    2,
    8,
    5,
    17,
    11,
    17,
    17,
    17,
    17,
    17
  ],
  "objectives": [
    450022.17999999964,
    973.5899999999999
  ],
  "fitness": {
    "minutos_ponderados": 450022.17999999964,
    "costo_total": 973.5899999999999
  }
}