{
  "solution": [
    17,
    13,
    6,
    16,
    16,
    17,
    17,
    17,
    17,
    17,
    2,
    17,
    8,
    17,
    17,
    17,
    17,
    8,
    8,
    16,
    17,
    17,
    8,
    17,
    17,
    17,
    17,
    6,
    17,
    2,
    17,
    5,
    17,
    2,
    17,
    17,
    17,
    17,
    13,
    8,
    17,
    16,
    17,
    8,
    2,
    17,
    2,
    2,
    17,
    17,
    17,
    11,
    2,
    11,
    17,
    17,
    17,
    17,
    5,
    17,
    17,
    17,
    15,
    17,
    17,
    17,
    8,
    8,
    17,
    15,
    17,
    12,
    17,
    17,
    4,
    8,
    17,
    17,
    2,
    17,
    4,
    17,
    17,
    8,
    17,
    6,
    8,
    17,
    17,
    2,
    5,
    17,
    17,
    8,
    4,
    17,
    6,
    8,
    6,
    17,
    17,
    2,
    17,
    2,
    12,
    2,
    8,
    8,
    17,
    5,
    4,
    6,
    17,
    8,
    12,
    17,
    17,
    5,
    17,
    4,
    8,
    4,
    17,
    17,
    17,
    17,
    8,
    17,
    10,
    17,
    4,
    12,
    17,
    17,
    17,
    17,
    6,
    17,
    10,
    16,
    4,
    4,
    2,
    17,
    4,
    6,
    17,
    17,
    17,
    17,
    17,
    17,
    15,
    17,
    16,
    16,
    17,
    17,
    17,
    17,
    17,
    17,
    2,
    17,
    17,
    17,
    5,
    15,
    17,
    17,
    17,
    17,
    17,
    16,
    17,
    2,
    16,
    8,
    17,
    16,
    17,
    17,
    5,
    16,
    17,
    16,
    17,
    17,
    17,
    4,
    17,
    17,
    16,
    17,
    17,
    17,
    17,
    11,
    16,
    8,
    17,
    17,
    17,
    17,
    17,
    18,
    8,
    16,
    17,
    17,
    8,
    17,
    17,
    8,
    17,
    17,
    17,
    4,
    17,
    16,
    17,
    8,
    8,
    17,
    16,
    5,
    17,
    8,
    17,
    5,
    17,
    17,
    3,
    17,
    17,
    17,
    4,
    17,
    16,
    17,
    17,
    2,
    17,
    17,
    17,
    4,
    12,
    17,
    16,
    12,
    17,
    17,
    16,
    5,
    11,
    17,
    17,
    8,
    9,
    16,
    5,
    17,
    17,
    11,
    3,
    17,
    6,
    15,
    17,
    4,
    17,
    17,
    16,
    5,
    5,
    8,
    8,
    5,
    17,
    8,
    17,
    8,
    17,
    17,
    5,
    16,
    8,
    7,
    17,
    17,
    6,
    8,
    17,
    8,
    6,
    17,
    2,
    17,
    17,
    11
  ],
  "objectives": [
    454895.26999999967,
    1043.62
  ],
  "fitness": {
    "minutos_ponderados": 454895.26999999967,
    "costo_total": 1043.62
  }
}