{
  "run_info": {
    "dataset": "users5.json",
    "config": "high_heuristic_influence",
    "run": 9,
    "execution_time": 4476.298125505447,
    "iterations_completed": 52,
    "max_iterations": 200,
    "terminated_early": true,
    "generations_without_improvement": 12,
    "pareto_size": 19,
    "pareto_points": [
      [
        2996695.820000011,
        6976.2600000000075
      ],
      [
        2954209.1100000045,
        6912.720000000007
      ],
      [
        3065802.4100000295,
        6994.920000000008
      ],
      [
        2908574.359999998,
        6906.290000000008
      ],
      [
        3067646.129999994,
        7349.24000000001
      ],
      [
        3105357.9600000223,
        7386.500000000013
      ],
      [
        3118887.750000018,
        7544.950000000012
      ],
      [
        3118884.5200000056,
        7519.200000000013
      ],
      [
        3135899.1100000166,
        7585.460000000012
      ],
      [
        3137754.0200000233,
        7620.330000000013
      ],
      [
        3149296.410000013,
        7621.770000000012
      ],
      [
        3164971.3000000212,
        7648.080000000014
      ],
      [
        3191465.6000000234,
        7778.830000000013
      ],
      [
        3207947.5700000273,
        7826.910000000015
      ],
      [
        3174552.59000002,
        7718.030000000014
      ],
      [
        3169162.420000025,
        7707.510000000015
      ],
      [
        3208648.4800000256,
        7894.730000000016
      ],
      [
        3182382.830000021,
        7766.780000000015
      ],
      [
        3177230.440000017,
        7743.180000000015
      ]
    ],
    "solutions_evaluated": 1040,
    "config_params": {
      "n_ants": 20,
      "rho": 0.4,
      "alpha": 0.5,
      "beta": 5.0,
      "archive_size": 100,
      "no_improvement_generations": 12
    }
  },
  "solutions_count": 19,
  "solutions_directory": "C:\\Users\\hctr0\\PycharmProjects\\TFG_Hector\\31Executions\\PACO\\solutions\\users5\\high_heuristic_influence\\run9",
  "objective_statistics": {
    "cost_range": {
      "min": 6906.290000000008,
      "max": 7894.730000000016
    },
    "minutes_range": {
      "min": 2908574.359999998,
      "max": 3208648.4800000256
    }
  },
  "algorithm_info": {
    "archive_history_length": 52,
    "max_archive_size_reached": 19
  }
}