{
  "solution": [
    17,
    17,
    17,
    8,
    1,
    17,
    17,
    16,
    17,
    16,
    17,
    6,
    14,
    2,
    17,
    17,
    17,
    2,
    17,
    5,
    16,
    5,
    16,
    17,
    17,
    17,
    4,
    8,
    17,
    17,
    15,
    17,
    5,
    17,
    5,
    17,
    15,
    5,
    8,
    17,
    8,
    17,
    3,
    17,
    3,
    17,
    17,
    15,
    10,
    8,
    16,
    15,
    16,
    17,
    17,
    17,
    17,
    17,
    17,
    17,
    8,
    17,
    17,
    17,
    17,
    17,
    17,
    4,
    17,
    8,
    17,
    17,
    2,
    17,
    17,
    17,
    4,
    14,
    9,
    17,
    17,
    17,
    17,
    2,
    17,
    17,
    6,
    17,
    17,
    17,
    5,
    17,
    16,
    17,
    17,
    7,
    17,
    17,
    17,
    12,
    17,
    17,
    8,
    8,
    17,
    8,
    17,
    17,
    17,
    3,
    17,
    4,
    4,
    6,
    8,
    17,
    17,
    17,
    17,
    17,
    5,
    17,
    17,
    4,
    7,
    17,
    8,
    5,
    17,
    17,
    16,
    17,
    17,
    6,
    5,
    4,
    8,
    10,
    8,
    8,
    17,
    17,
    8,
    17,
    17,
    4,
    17,
    17,
    17,
    17,
    17,
    17,
    5,
    17,
    5,
    17,
    16,
    17,
    17,
    17,
    16,
    17,
    16,
    17,
    8,
    17,
    8,
    2,
    17,
    5,
    17,
    17,
    10,
    17,
    17,
    8,
    17,
    17,
    17,
    17,
    2,
    2,
    17,
    8,
    5,
    17,
    17,
    17,
    17,
    17,
    17,
    17,
    8,
    4,
    11,
    17,
    17,
    8,
    17,
    17,
    17,
    14,
    8,
    17,
    16,
    17,
    17,
    5,
    17,
    17,
    8,
    7,
    18,
    17,
    17,
    17,
    4,
    17,
    8,
    17,
    2,
    5,
    2,
    17,
    17,
    17,
    17,
    8,
    2,
    17,
    8,
    17,
    1,
    17,
    18,
    17,
    17,
    17,
    9,
    17,
    8,
    17,
    16,
    2,
    17,
    8,
    5,
    17,
    8,
    17,
    2,
    15,
    17,
    4,
    16,
    17,
    8,
    6,
    17,
    17,
    17,
    17,
    8,
    4,
    16,
    17,
    4,
    16,
    17,
    15,
    5,
    17,
    17,
    17,
    17,
    2,
    17,
    2,
    16,
    17,
    17,
    17,
    17,
    17,
    17,
    2,
    17,
    2,
    17,
    17,
    17,
    17,
    17,
    17,
    17,
    8,
    5,
    17,
    17,
    17
  ],
  "objectives": [
    311788.18000000005,
    1052.99
  ],
  "fitness": {
    "minutos_ponderados": 311788.18000000005,
    "costo_total": 1052.99
  }
}