{
  "solution": [
    17,
    17,
    17,
    1,
    4,
    17,
    5,
    15,
    17,
    5,
    17,
    8,
    17,
    17,
    16,
    2,
    17,
    8,
    8,
    4,
    9,
    10,
    17,
    10,
    17,
    17,
    4,
    2,
    8,
    15,
    17,
    8,
    17,
    17,
    17,
    17,
    6,
    5,
    17,
    17,
    10,
    1,
    17,
    1,
    17,
    17,
    17,
    17,
    8,
    17,
    17,
    8,
    17,
    17,
    17,
    11,
    8,
    17,
    5,
    17,
    17,
    8,
    17,
    17,
    17,
    17,
    17,
    17,
    8,
    17,
    17,
    17,
    17,
    17,
    17,
    17,
    2,
    8,
    17,
    17,
    8,
    17,
    14,
    6,
    17,
    10,
    8,
    17,
    15,
    17,
    17,
    8,
    8,
    8,
    17,
    17,
    8,
    17,
    17,
    17,
    16,
    17,
    9,
    17,
    9,
    17,
    17,
    17,
    1,
    17,
    10,
    17,
    17,
    5,
    6,
    5,
    17,
    17,
    8,
    8,
    17,
    8,
    17,
    17,
    8,
    6,
    17,
    8,
    17,
    17,
    17,
    17,
    17,
    17,
    17,
    17,
    5,
    17,
    5,
    8,
    17,
    16,
    17,
    16,
    12,
    17,
    2,
    17,
    17,
    6,
    17,
    17,
    8,
    13,
    10,
    17,
    17,
    2,
    17,
    6,
    17,
    15,
    17,
    8,
    17,
    17,
    8,
    17,
    1,
    6,
    4,
    5,
    2,
    1,
    17,
    8,
    17,
    17,
    17,
    16,
    8,
    17,
    17,
    17,
    8,
    8,
    17,
    17,
    16,
    17,
    17,
    17,
    17,
    17,
    17,
    2,
    17,
    16,
    17,
    17,
    17,
    5,
    17,
    17,
    16,
    8,
    17,
    17,
    17,
    8,
    17,
    13,
    8,
    17,
    17,
    17,
    8,
    17,
    14,
    17,
    17,
    5,
    14,
    8,
    4,
    8,
    15,
    8,
    8,
    8,
    13,
    17,
    17,
    17,
    17,
    17,
    17,
    17,
    17,
    17,
    17,
    14,
    16,
    17,
    8,
    17,
    17,
    17,
    17,
    5,
    2,
    17,
    15,
    16,
    17,
    17,
    2,
    2,
    17,
    9,
    3,
    17,
    2,
    8,
    17,
    17,
    17,
    6,
    17,
    17,
    15,
    17,
    17,
    6,
    17,
    17,
    17,
    17,
    17,
    17,
    17,
    17,
    15,
    17,
    17,
    8,
    8,
    2,
    6,
    17,
    8,
    17,
    17,
    17,
    17,
    17,
    17,
    17,
    17,
    17
  ],
  "objectives": [
    305214.20000000024,
    1037.5
  ],
  "fitness": {
    "minutos_ponderados": 305214.20000000024,
    "costo_total": 1037.5
  }
}