{
  "run_info": {
    "dataset": "users4.json",
    "config": "uniform_inversion_high_mutation",
    "run": 30,
    "execution_time": 1662.3535361289978,
    "generations": 75,
    "pareto_size": 14,
    "pareto_points": [
      [
        -1852732.290000001,
        5233.910000000001
      ],
      [
        -1880095.7300000014,
        5275.360000000001
      ],
      [
        -1889523.440000002,
        5279.380000000001
      ],
      [
        -1872066.7900000005,
        5245.880000000001
      ],
      [
        -1872724.9900000019,
        5271.900000000001
      ],
      [
        -1909019.800000002,
        5308.39
      ],
      [
        -1933509.2700000014,
        5422.750000000001
      ],
      [
        -1896148.2100000007,
        5302.940000000001
      ],
      [
        -1939769.4199999995,
        5445.750000000002
      ],
      [
        -1921112.4000000018,
        5312.230000000001
      ],
      [
        -1895406.1300000008,
        5284.32
      ],
      [
        -1940168.5100000023,
        5478.26
      ],
      [
        -1948892.0099999995,
        5543.780000000002
      ],
      [
        -1932255.3399999992,
        5321.27
      ]
    ]
  },
  "solutions_count": 14,
  "solutions_directory": "C:\\Users\\hctr0\\PycharmProjects\\TFG_Hector\\31Executions\\NSGA2\\solutions\\users4\\uniform_inversion_high_mutation\\run30"
}