{
  "run_info": {
    "dataset": "users5.json",
    "config": "npoint_inversion_low_mutation",
    "run": 5,
    "execution_time": 7787.436737775803,
    "generations": 300,
    "pareto_size": 51,
    "pareto_points": [
      [
        -3220346.0600000015,
        9422.62
      ],
      [
        -3048695.3000000054,
        8804.400000000001
      ],
      [
        -3053020.0500000045,
        8823.360000000002
      ],
      [
        -3212492.3999999953,
        9365.140000000001
      ],
      [
        -3067733.5300000063,
        8865.410000000002
      ],
      [
        -3138876.630000001,
        8948.800000000001
      ],
      [
        -3216331.979999995,
        9381.130000000001
      ],
      [
        -3151859.2199999993,
        8990.27
      ],
      [
        -3191384.760000001,
        9281.220000000001
      ],
      [
        -3191577.8300000015,
        9295.190000000002
      ],
      [
        -3058251.450000005,
        8842.360000000002
      ],
      [
        -3202185.0999999973,
        9362.240000000002
      ],
      [
        -3074531.5900000073,
        8876.42
      ],
      [
        -3151666.149999999,
        8989.760000000002
      ],
      [
        -3147988.8299999996,
        8963.79
      ],
      [
        -3156572.0400000033,
        9031.720000000001
      ],
      [
        -3220992.099999999,
        9427.560000000001
      ],
      [
        -3056729.050000005,
        8826.400000000001
      ],
      [
        -3148313.8100000024,
        8974.82
      ],
      [
        -3176330.8400000026,
        9210.710000000003
      ],
      [
        -3222949.17,
        9458.57
      ],
      [
        -3196122.569999999,
        9352.730000000001
      ],
      [
        -3200325.9999999967,
        9354.240000000002
      ],
      [
        -3179760.2500000065,
        9247.67
      ],
      [
        -3126020.8600000055,
        8899.87
      ],
      [
        -3166105.870000002,
        9208.710000000003
      ],
      [
        -3179122.5200000047,
        9214.180000000002
      ],
      [
        -3200612.7099999967,
        9357.730000000001
      ],
      [
        -3063550.4000000064,
        8862.890000000003
      ],
      [
        -3061644.060000006,
        8851.910000000002
      ],
      [
        -3157415.5000000033,
        9056.730000000003
      ],
      [
        -3063489.5000000065,
        8851.910000000003
      ],
      [
        -3181225.8800000055,
        9255.670000000002
      ],
      [
        -3219777.8199999994,
        9398.62
      ],
      [
        -3219980.079999999,
        9410.61
      ],
      [
        -3138091.450000004,
        8902.83
      ],
      [
        -3189338.740000002,
        9266.230000000001
      ],
      [
        -3214200.1899999967,
        9380.650000000001
      ],
      [
        -3141876.74,
        8949.800000000001
      ],
      [
        -3076476.0100000077,
        8889.400000000001
      ],
      [
        -3052913.5800000047,
        8806.390000000003
      ],
      [
        -3166277.610000003,
        9209.210000000001
      ],
      [
        -3179300.1300000045,
        9224.140000000001
      ],
      [
        -3163059.2300000056,
        9074.71
      ],
      [
        -3165938.290000004,
        9198.17
      ],
      [
        -3164046.570000004,
        9178.18
      ],
      [
        -3193974.51,
        9326.670000000002
      ],
      [
        -3189928.6400000015,
        9280.230000000003
      ],
      [
        -3180500.3000000054,
        9250.640000000001
      ],
      [
        -3214941.4099999946,
        9381.12
      ],
      [
        -3191695.560000003,
        9309.230000000001
      ]
    ]
  },
  "solutions_count": 51,
  "solutions_directory": "../results/SPEA2\\solutions\\users5\\npoint_inversion_low_mutation\\run5"
}