{
  "run_info": {
    "dataset": "users5.json",
    "config": "npoint_inversion_low_mutation",
    "run": 5,
    "execution_time": 1976.573807001114,
    "generations": 95,
    "pareto_size": 25,
    "pareto_points": [
      [
        -2803483.5499999914,
        9047.360000000004
      ],
      [
        -2901456.260000004,
        9404.050000000001
      ],
      [
        -2889293.830000008,
        9333.59
      ],
      [
        -2908993.2500000116,
        9424.910000000002
      ],
      [
        -2896082.330000004,
        9381.050000000001
      ],
      [
        -2895579.3100000084,
        9358.6
      ],
      [
        -2922334.0200000075,
        9466.370000000003
      ],
      [
        -2803934.259999992,
        9057.380000000001
      ],
      [
        -2839550.370000001,
        9140.820000000002
      ],
      [
        -2915271.620000011,
        9460.370000000003
      ],
      [
        -2915131.02000001,
        9451.400000000001
      ],
      [
        -2922970.490000008,
        9494.320000000002
      ],
      [
        -2890993.600000008,
        9339.590000000002
      ],
      [
        -2885960.720000007,
        9325.58
      ],
      [
        -2901106.9000000036,
        9386.02
      ],
      [
        -2923362.1000000085,
        9501.320000000002
      ],
      [
        -2862628.0399999963,
        9198.310000000003
      ],
      [
        -2854327.719999999,
        9184.310000000001
      ],
      [
        -2902859.3000000026,
        9406.990000000002
      ],
      [
        -2913972.770000011,
        9439.440000000002
      ],
      [
        -2851647.590000001,
        9170.810000000001
      ],
      [
        -2861246.519999996,
        9195.310000000003
      ],
      [
        -2803137.249999992,
        9038.390000000003
      ],
      [
        -2839397.11,
        9066.850000000004
      ],
      [
        -2855711.329999999,
        9188.340000000004
      ]
    ]
  },
  "solutions_count": 25,
  "solutions_directory": "../results/SPEA2\\solutions\\users5\\npoint_inversion_low_mutation\\run5"
}