{
  "solution": [
    16,
    17,
    17,
    9,
    17,
    16,
    4,
    8,
    8,
    17,
    2,
    17,
    17,
    17,
    17,
    17,
    17,
    17,
    17,
    17,
    17,
    8,
    5,
    8,
    13,
    17,
    14,
    8,
    17,
    13,
    17,
    8,
    8,
    5,
    18,
    17,
    17,
    18,
    7,
    16,
    17,
    9,
    17,
    17,
    13,
    8,
    17,
    17,
    17,
    4,
    17,
    17,
    2,
    17,
    8,
    17,
    17,
    8,
    16,
    17,
    16,
    8,
    6,
    2,
    5,
    8,
    15,
    17,
    17,
    17,
    18,
    5,
    17,
    17,
    6,
    17,
    17,
    8,
    17,
    5,
    17,
    2,
    17,
    17,
    17,
    17,
    17,
    17,
    17,
    8,
    17,
    8,
    17,
    5,
    17,
    17,
    5,
    8,
    17,
    17,
    8,
    2,
    15,
    17,
    8,
    17,
    17,
    17,
    17,
    2,
    17,
    17,
    8,
    8,
    2,
    17,
    17,
    17,
    8,
    17,
    17,
    17,
    8,
    6,
    17,
    17,
    8,
    17,
    8,
    5,
    8,
    17,
    17,
    17,
    17,
    17,
    17,
    17,
    17,
    8,
    16,
    8,
    17,
    17,
    2,
    16,
    17,
    8,
    5,
    17,
    7,
    16,
    11,
    9,
    17,
    17,
    17,
    17,
    17,
    4,
    6,
    2,
    17,
    17,
    17,
    8,
    17,
    17,
    17,
    2,
    17,
    17,
    17,
    17,
    17,
    2,
    17,
    8,
    17,
    17,
    4,
    17,
    17,
    16,
    5,
    5,
    4,
    17,
    17,
    17,
    17,
    8,
    5,
    17,
    8,
    6,
    17,
    6,
    17,
    17,
    17,
    17,
    4,
    17,
    17,
    17,
    17,
    17,
    17,
    17,
    18,
    17,
    2,
    17,
    17,
    17,
    6,
    17,
    17,
    2,
    4,
    17,
    5,
    17,
    2,
    7,
    17,
    17,
    15,
    8,
    4,
    5,
    7,
    17,
    17,
    17,
    11,
    14,
    17,
    8,
    17,
    8,
    5,
    17,
    8,
    17,
    17,
    17,
    17,
    17,
    16,
    6,
    17,
    17,
    5,
    17,
    8,
    8,
    17,
    17,
    8,
    17,
    17,
    12,
    4,
    17,
    17,
    2,
    17,
    17,
    17,
    2,
    10,
    17,
    4,
    17,
    16,
    17,
    17,
    2,
    17,
    16,
    9,
    17,
    17,
    17,
    17,
    4,
    8,
    4,
    8,
    17,
    17,
    2,
    5,
    18,
    8,
    17,
    17,
    17
  ],
  "objectives": [
    306215.5900000001,
    1021.0699999999999
  ],
  "fitness": {
    "minutos_ponderados": 306215.5900000001,
    "costo_total": 1021.0699999999999
  }
}