{
  "run_info": {
    "dataset": "users2.json",
    "config": "npoint_inversion_low_mutation",
    "run": 1,
    "execution_time": 919.6013178825378,
    "generations": 158,
    "pareto_size": 27,
    "pareto_points": [
      [
        -711473.6200000003,
        2270.75
      ],
      [
        -782111.9000000012,
        2406.2200000000003
      ],
      [
        -736355.6400000011,
        2302.76
      ],
      [
        -712901.4600000004,
        2279.75
      ],
      [
        -807955.020000001,
        2684.62
      ],
      [
        -784618.4200000007,
        2406.71
      ],
      [
        -791101.5100000008,
        2426.7500000000005
      ],
      [
        -731870.3900000008,
        2300.2200000000003
      ],
      [
        -775616.6899999996,
        2357.8
      ],
      [
        -806357.7900000004,
        2592.6200000000003
      ],
      [
        -742795.9900000009,
        2304.79
      ],
      [
        -789321.0900000009,
        2418.77
      ],
      [
        -806431.320000001,
        2593.1400000000003
      ],
      [
        -779358.0699999994,
        2388.79
      ],
      [
        -749058.9100000008,
        2325.7599999999998
      ],
      [
        -772215.33,
        2353.84
      ],
      [
        -722246.0300000005,
        2296.2599999999998
      ],
      [
        -718757.1700000004,
        2289.76
      ],
      [
        -770250.2200000001,
        2338.82
      ],
      [
        -808188.7000000009,
        2689.12
      ],
      [
        -809563.4800000014,
        2700.0800000000004
      ],
      [
        -781067.6099999994,
        2403.75
      ],
      [
        -777525.7699999994,
        2370.76
      ],
      [
        -773222.99,
        2354.3500000000004
      ],
      [
        -748211.330000001,
        2319.2799999999997
      ],
      [
        -807786.3400000001,
        2598.61
      ],
      [
        -805777.6800000004,
        2437.73
      ]
    ]
  },
  "solutions_count": 27,
  "solutions_directory": "../results/NSGA2\\solutions\\users2\\npoint_inversion_low_mutation\\run1"
}