{
  "run_info": {
    "dataset": "users3.json",
    "config": "npoint_inversion_low_mutation",
    "run": 5,
    "execution_time": 410.4239821434021,
    "generations": 73,
    "pareto_size": 19,
    "pareto_points": [
      [
        -1100365.8699999999,
        3594.11
      ],
      [
        -1147462.379999997,
        3666.4400000000005
      ],
      [
        -1152965.5099999988,
        3671.94
      ],
      [
        -1137321.4099999974,
        3632.45
      ],
      [
        -1140597.4199999974,
        3659.4100000000003
      ],
      [
        -1147625.3899999973,
        3667.42
      ],
      [
        -1117195.8699999985,
        3599.4800000000005
      ],
      [
        -1184149.789999996,
        3776.4800000000005
      ],
      [
        -1095685.4300000004,
        3578.1200000000003
      ],
      [
        -1136820.2499999972,
        3606.47
      ],
      [
        -1093081.6600000001,
        3557.13
      ],
      [
        -1140336.7899999975,
        3634.45
      ],
      [
        -1178621.4499999965,
        3720.56
      ],
      [
        -1099518.5700000003,
        3589.6099999999997
      ],
      [
        -1185959.4599999958,
        3786.9700000000003
      ],
      [
        -1182938.289999996,
        3736.5299999999997
      ],
      [
        -1159308.6099999982,
        3711.8999999999996
      ],
      [
        -1143103.9799999977,
        3662.460000000001
      ],
      [
        -1187240.2899999963,
        3803.48
      ]
    ]
  },
  "solutions_count": 19,
  "solutions_directory": "../results/SPEA2\\solutions\\users3\\npoint_inversion_low_mutation\\run5"
}