{
  "solution": [
    17,
    15,
    17,
    5,
    14,
    8,
    17,
    10,
    8,
    6,
    17,
    17,
    17,
    17,
    17,
    16,
    17,
    17,
    17,
    2,
    17,
    17,
    2,
    17,
    17,
    17,
    4,
    17,
    17,
    17,
    17,
    8,
    2,
    17,
    4,
    17,
    2,
    17,
    17,
    11,
    5,
    17,
    8,
    17,
    11,
    17,
    17,
    2,
    17,
    17,
    17,
    17,
    17,
    17,
    17,
    8,
    4,
    8,
    8,
    17,
    17,
    17,
    17,
    17,
    8,
    8,
    8,
    8,
    5,
    17,
    16,
    17,
    8,
    5,
    17,
    5,
    16,
    16,
    17,
    8,
    15,
    15,
    17,
    17,
    8,
    17,
    17,
    1,
    18,
    2,
    8,
    8,
    1,
    15,
    17,
    7,
    8,
    5,
    8,
    17,
    5,
    10,
    16,
    16,
    8,
    17,
    4,
    17,
    17,
    6,
    17,
    17,
    2,
    17,
    2,
    8,
    17,
    17,
    8,
    6,
    17,
    17,
    17,
    8,
    5,
    8,
    17,
    17,
    5,
    1,
    11,
    4,
    17,
    4,
    5,
    4,
    9,
    5,
    17,
    17,
    17,
    17,
    17,
    17,
    2,
    17,
    17,
    8,
    17,
    17,
    17,
    17,
    5,
    4,
    17,
    17,
    16,
    17,
    5,
    17,
    17,
    12,
    7,
    17,
    8,
    17,
    17,
    17,
    17,
    17,
    17,
    6,
    13,
    17,
    17,
    17,
    1,
    2,
    4,
    17,
    17,
    4,
    17,
    17,
    3,
    17,
    17,
    12,
    8,
    10,
    17,
    17,
    11,
    17,
    17,
    17,
    17,
    2,
    17,
    17,
    17,
    17,
    5,
    17,
    17,
    6,
    17,
    17,
    6,
    8,
    17,
    17,
    9,
    8,
    17,
    17,
    17,
    8,
    1,
    17,
    17,
    17,
    8,
    17,
    17,
    17,
    2,
    4,
    3,
    5,
    5,
    17,
    17,
    17,
    16,
    17,
    16,
    17,
    17,
    17,
    17,
    5,
    17,
    17,
    17,
    5,
    5,
    17,
    10,
    8,
    17,
    2,
    17,
    14,
    8,
    3,
    8,
    17,
    17,
    4,
    17,
    2,
    13,
    17,
    17,
    16,
    17,
    18,
    17,
    1,
    15,
    9,
    10,
    17,
    8,
    5,
    16,
    17,
    6,
    8,
    17,
    14,
    17,
    17,
    17,
    17,
    7,
    5,
    17,
    15,
    8,
    5,
    17,
    17,
    14,
    17,
    17,
    17,
    8,
    7
  ],
  "objectives": [
    318932.1499999994,
    1121.05
  ],
  "fitness": {
    "minutos_ponderados": 318932.1499999994,
    "costo_total": 1121.05
  }
}