{
  "run_info": {
    "dataset": "users4.json",
    "config": "uniform_reset_low_mutation",
    "run": 4,
    "execution_time": 777.6396913528442,
    "generations": 85,
    "pareto_size": 14,
    "pareto_points": [
      [
        -1869504.0900000005,
        5347.2300000000005
      ],
      [
        -1917688.4100000034,
        5581.610000000001
      ],
      [
        -1889725.3200000005,
        5397.210000000001
      ],
      [
        -1911582.2599999995,
        5417.1900000000005
      ],
      [
        -1872486.8399999994,
        5373.679999999999
      ],
      [
        -1918934.3300000033,
        5611.0700000000015
      ],
      [
        -1886690.4600000011,
        5376.730000000001
      ],
      [
        -1902622.160000001,
        5410.250000000001
      ],
      [
        -1912957.6500000004,
        5455.160000000001
      ],
      [
        -1915353.31,
        5481.63
      ],
      [
        -1896391.87,
        5399.280000000001
      ],
      [
        -1917612.0100000002,
        5489.650000000001
      ],
      [
        -1865011.8600000003,
        5340.8
      ],
      [
        -1863337.7600000002,
        5327.760000000001
      ]
    ]
  },
  "solutions_count": 14,
  "solutions_directory": "../results/SPEA2\\solutions\\users4\\uniform_reset_low_mutation\\run4"
}