{
  "run_info": {
    "dataset": "users5.json",
    "config": "uniform_inversion_high_mutation",
    "run": 2,
    "execution_time": 4160.859248638153,
    "generations": 247,
    "pareto_size": 15,
    "pareto_points": [
      [
        -3321423.419999995,
        6775.93
      ],
      [
        -3329599.839999989,
        6838.41
      ],
      [
        -3223761.479999999,
        6695.860000000001
      ],
      [
        -3327840.8599999896,
        6780.880000000001
      ],
      [
        -3314901.410000003,
        6759.350000000002
      ],
      [
        -3341592.5699999994,
        6859.860000000001
      ],
      [
        -3341373.559999995,
        6848.8200000000015
      ],
      [
        -3335005.929999992,
        6844.85
      ],
      [
        -3366571.8099999926,
        6979.200000000001
      ],
      [
        -3335241.5999999978,
        6845.79
      ],
      [
        -3360570.889999994,
        6913.780000000001
      ],
      [
        -3352474.649999993,
        6872.32
      ],
      [
        -3300667.489999994,
        6721.97
      ],
      [
        -3365218.3199999947,
        6948.280000000001
      ],
      [
        -3311008.209999991,
        6723.470000000002
      ]
    ]
  },
  "solutions_count": 15,
  "solutions_directory": "../results/SPEA2\\solutions\\users5\\uniform_inversion_high_mutation\\run2"
}