{
  "run_info": {
    "dataset": "users2.json",
    "config": "uniform_reset_high_crossover",
    "run": 2,
    "execution_time": 374.6036069393158,
    "generations": 64,
    "pareto_size": 21,
    "pareto_points": [
      [
        -770058.7000000004,
        2226.2200000000003
      ],
      [
        -793115.4500000014,
        2236.2999999999997
      ],
      [
        -805390.9100000013,
        2274.24
      ],
      [
        -818536.6300000009,
        2361.26
      ],
      [
        -808656.2200000015,
        2295.22
      ],
      [
        -822620.7300000008,
        2392.2299999999996
      ],
      [
        -819037.5400000014,
        2363.21
      ],
      [
        -827412.0900000007,
        2412.2299999999996
      ],
      [
        -828269.0700000013,
        2465.1899999999996
      ],
      [
        -817637.4000000013,
        2341.63
      ],
      [
        -818379.2900000014,
        2359.74
      ],
      [
        -808921.5500000016,
        2308.2200000000003
      ],
      [
        -802593.3800000013,
        2256.7699999999995
      ],
      [
        -825222.8400000009,
        2400.64
      ],
      [
        -808888.4200000013,
        2304.2
      ],
      [
        -813222.9800000014,
        2318.2599999999993
      ],
      [
        -817818.3700000007,
        2350.2799999999997
      ],
      [
        -820519.5300000015,
        2375.73
      ],
      [
        -811918.1300000014,
        2309.2699999999995
      ],
      [
        -813676.920000001,
        2320.65
      ],
      [
        -827576.3500000003,
        2443.69
      ]
    ]
  },
  "solutions_count": 21,
  "solutions_directory": "../results/NSGA2\\solutions\\users2\\uniform_reset_high_crossover\\run2"
}