{
  "run_info": {
    "dataset": "users1.json",
    "config": "uniform_inversion_high_mutation",
    "run": 7,
    "execution_time": 156.15044593811035,
    "generations": 70,
    "pareto_size": 18,
    "pareto_points": [
      [
        -477445.81999999983,
        1414.4899999999998
      ],
      [
        -458921.6600000001,
        1160.1599999999999
      ],
      [
        -466794.30000000005,
        1245.1099999999997
      ],
      [
        -473757.1299999995,
        1317.0399999999997
      ],
      [
        -452059.9099999997,
        1152.12
      ],
      [
        -475513.6399999999,
        1318.0299999999997
      ],
      [
        -477272.15999999974,
        1401.97
      ],
      [
        -467524.63999999996,
        1252.0300000000002
      ],
      [
        -439470.62999999995,
        1095.24
      ],
      [
        -458904.2500000001,
        1152.1699999999998
      ],
      [
        -451452.6400000001,
        1138.1599999999999
      ],
      [
        -470797.73000000004,
        1257.1100000000001
      ],
      [
        -464960.43000000005,
        1217.1399999999999
      ],
      [
        -466887.7899999999,
        1251.1
      ],
      [
        -459782.38999999996,
        1195.6399999999999
      ],
      [
        -466593.7999999996,
        1238.1299999999997
      ],
      [
        -461624.5200000002,
        1201.1
      ],
      [
        -471234.95,
        1307.0699999999997
      ]
    ]
  },
  "solutions_count": 18,
  "solutions_directory": "C:\\Users\\hctr0\\PycharmProjects\\TFG_Hector\\31Executions\\NSGA2\\solutions\\users1\\uniform_inversion_high_mutation\\run7"
}