{
  "run_info": {
    "dataset": "users4.json",
    "config": "high_heuristic_influence",
    "run": 29,
    "execution_time": 3258.922015428543,
    "iterations_completed": 61,
    "max_iterations": 200,
    "terminated_early": true,
    "generations_without_improvement": 12,
    "pareto_size": 19,
    "pareto_points": [
      [
        1770525.5100000112,
        4529.590000000004
      ],
      [
        1812544.3000000117,
        4613.240000000003
      ],
      [
        1773411.7200000081,
        4545.190000000003
      ],
      [
        1768943.7400000151,
        4407.890000000003
      ],
      [
        1833643.4000000171,
        4752.880000000004
      ],
      [
        1819180.3700000201,
        4721.230000000005
      ],
      [
        1842768.0000000265,
        4852.620000000006
      ],
      [
        1818547.590000024,
        4705.6300000000065
      ],
      [
        1834665.6900000246,
        4793.6700000000055
      ],
      [
        1843726.8000000268,
        4873.430000000007
      ],
      [
        1848075.9400000314,
        4880.570000000008
      ],
      [
        1869185.6500000276,
        4977.870000000007
      ],
      [
        1890248.3100000299,
        5095.8800000000065
      ],
      [
        1856701.9600000305,
        4915.340000000007
      ],
      [
        1861151.2800000291,
        4954.580000000007
      ],
      [
        1881777.6600000286,
        5031.640000000007
      ],
      [
        1859664.9700000247,
        4947.740000000007
      ],
      [
        1857425.9500000263,
        4925.180000000007
      ],
      [
        1862664.7100000288,
        4973.590000000007
      ]
    ],
    "solutions_evaluated": 1220,
    "config_params": {
      "n_ants": 20,
      "rho": 0.4,
      "alpha": 0.5,
      "beta": 5.0,
      "archive_size": 100,
      "no_improvement_generations": 12
    }
  },
  "solutions_count": 19,
  "solutions_directory": "C:\\Users\\hctr0\\PycharmProjects\\TFG_Hector\\31Executions\\PACO\\solutions\\users4\\high_heuristic_influence\\run29",
  "objective_statistics": {
    "cost_range": {
      "min": 4407.890000000003,
      "max": 5095.8800000000065
    },
    "minutes_range": {
      "min": 1768943.7400000151,
      "max": 1890248.3100000299
    }
  },
  "algorithm_info": {
    "archive_history_length": 61,
    "max_archive_size_reached": 19
  }
}