{
  "solution": [
    17,
    5,
    17,
    17,
    17,
    5,
    5,
    5,
    17,
    2,
    2,
    17,
    16,
    8,
    4,
    5,
    17,
    17,
    8,
    17,
    5,
    17,
    17,
    17,
    9,
    17,
    5,
    17,
    13,
    17,
    9,
    2,
    5,
    17,
    17,
    17,
    4,
    17,
    17,
    17,
    12,
    17,
    17,
    17,
    13,
    17,
    17,
    17,
    17,
    17,
    17,
    4,
    17,
    16,
    18,
    17,
    2,
    17,
    17,
    8,
    17,
    17,
    5,
    17,
    17,
    16,
    15,
    17,
    8,
    17,
    17,
    1,
    8,
    17,
    17,
    17,
    5,
    4,
    10,
    17,
    5,
    8,
    17,
    17,
    17,
    17,
    4,
    3,
    17,
    6,
    17,
    8,
    17,
    2,
    4,
    17,
    6,
    9,
    5,
    17,
    8,
    8,
    5,
    12,
    17,
    17,
    17,
    17,
    17,
    17,
    4,
    8,
    17,
    17,
    6,
    17,
    17,
    17,
    17,
    17,
    17,
    8,
    17,
    17,
    17,
    8,
    15,
    17,
    17,
    17,
    17,
    17,
    17,
    1,
    17,
    17,
    5,
    2,
    2,
    2,
    17,
    5,
    2,
    17,
    17,
    8,
    8,
    8,
    17,
    17,
    15,
    17,
    17,
    8,
    17,
    17,
    17,
    17,
    6,
    17,
    17,
    17,
    17,
    17,
    17,
    5,
    17,
    17,
    17,
    8,
    17,
    3,
    17,
    17,
    8,
    17,
    17,
    4,
    17,
    17,
    5,
    17,
    17,
    2,
    8,
    17,
    5,
    2,
    17,
    17,
    2,
    16,
    17,
    17,
    16,
    15,
    17,
    10,
    5,
    17,
    17,
    17,
    17,
    17,
    8,
    14,
    17,
    17,
    17,
    2,
    17,
    8,
    15,
    17,
    17,
    15,
    17,
    2,
    2,
    17,
    17,
    17,
    12,
    13,
    17,
    17,
    17,
    16,
    17,
    17,
    17,
    12,
    2,
    17,
    8,
    17,
    17,
    17,
    17,
    17,
    8,
    2,
    5,
    16,
    17,
    4,
    17,
    17,
    4,
    17,
    17,
    17,
    14,
    17,
    3,
    17,
    17,
    2,
    17,
    17,
    2,
    5,
    2,
    17,
    4,
    6,
    17,
    11,
    17,
    17,
    6,
    17,
    14,
    13,
    2,
    17,
    5,
    17,
    17,
    5,
    17,
    17,
    17,
    17,
    17,
    6,
    2,
    17,
    2,
    1,
    6,
    17,
    17,
    8,
    17,
    4,
    8,
    17,
    17,
    17
  ],
  "objectives": [
    328753.2300000003,
    1068.0500000000002
  ],
  "fitness": {
    "minutos_ponderados": 328753.2300000003,
    "costo_total": 1068.0500000000002
  }
}