{
  "solution": [
    5,
    9,
    8,
    2,
    17,
    15,
    5,
    17,
    17,
    13,
    6,
    8,
    6,
    7,
    9,
    17,
    17,
    6,
    17,
    9,
    5,
    6,
    8,
    17,
    5,
    18,
    14,
    16,
    17,
    9,
    16,
    13,
    5,
    11,
    5,
    17,
    16,
    6,
    17,
    16,
    1,
    17,
    17,
    2,
    9,
    15,
    17,
    5,
    17,
    17,
    14,
    16,
    2,
    16,
    17,
    2,
    17,
    17,
    2,
    4,
    17,
    17,
    16,
    14,
    16,
    6,
    2,
    7,
    9,
    17,
    17,
    2,
    17,
    17,
    10,
    17,
    15,
    5,
    15,
    5,
    17,
    17,
    8,
    4,
    17,
    3,
    4,
    5,
    16,
    17,
    17,
    8,
    8,
    4,
    4,
    5,
    17,
    17,
    18,
    17,
    15,
    2,
    16,
    4,
    12,
    2,
    8,
    10,
    9,
    1,
    4,
    8,
    2,
    12,
    18,
    5,
    8,
    17,
    11,
    17,
    17,
    6,
    5,
    5,
    17,
    15,
    4,
    4,
    13,
    17,
    16,
    4,
    7,
    5,
    9,
    13,
    17,
    8,
    9,
    2,
    3,
    5,
    2,
    10,
    5,
    17,
    8,
    4,
    2,
    17,
    7,
    17,
    1,
    10,
    13,
    5,
    4,
    17,
    4,
    2,
    6,
    17,
    17,
    5,
    17,
    12,
    6,
    17,
    17,
    8,
    5,
    4,
    16,
    14,
    4,
    17,
    16,
    16,
    17,
    15,
    5,
    2,
    17,
    17,
    13,
    7,
    17,
    15,
    8,
    5,
    3,
    2,
    11,
    16,
    16,
    17,
    7,
    17,
    17,
    2,
    16,
    4,
    4,
    17,
    8,
    1,
    10,
    4,
    6,
    4,
    17,
    17,
    8,
    17,
    8,
    15,
    6,
    4,
    5,
    4,
    14,
    10,
    2,
    17,
    17,
    18,
    15,
    16,
    17,
    8,
    4,
    17,
    17,
    17,
    8,
    9,
    5,
    17,
    17,
    17,
    5,
    16,
    9,
    8,
    17,
    10,
    1,
    15,
    17,
    17,
    6,
    16,
    8,
    17,
    2,
    4,
    9,
    9,
    16,
    14,
    16,
    17,
    4,
    15,
    17,
    4,
    6,
    6,
    4,
    18,
    16,
    15,
    5,
    13,
    2,
    8,
    6,
    8,
    17,
    5,
    2,
    5,
    8,
    8,
    5,
    17,
    17,
    9,
    16,
    2,
    9,
    4,
    17,
    10,
    4,
    15,
    6,
    1,
    17,
    4
  ],
  "objectives": [
    373823.1400000005,
    1228.4499999999998
  ],
  "fitness": {
    "minutos_ponderados": 373823.1400000005,
    "costo_total": 1228.4499999999998
  }
}