{
  "solution": [
    17,
    4,
    17,
    2,
    16,
    16,
    8,
    17,
    9,
    1,
    2,
    8,
    5,
    15,
    17,
    9,
    17,
    17,
    4,
    17,
    8,
    1,
    17,
    17,
    6,
    18,
    8,
    8,
    17,
    17,
    8,
    8,
    6,
    17,
    5,
    17,
    6,
    6,
    17,
    17,
    2,
    10,
    8,
    15,
    17,
    9,
    5,
    17,
    6,
    17,
    17,
    14,
    8,
    16,
    2,
    17,
    8,
    17,
    3,
    17,
    17,
    16,
    7,
    17,
    17,
    4,
    5,
    17,
    8,
    4,
    17,
    4,
    8,
    13,
    2,
    16,
    5,
    18,
    16,
    9,
    12,
    8,
    2,
    16,
    11,
    6,
    16,
    2,
    17,
    5,
    5,
    8,
    17,
    17,
    1,
    16,
    8,
    8,
    17,
    9,
    1,
    2,
    16,
    2,
    17,
    7,
    18,
    16,
    17,
    4,
    8,
    5,
    17,
    17,
    17,
    17,
    8,
    17,
    16,
    17,
    17,
    8,
    17,
    5,
    6,
    8,
    17,
    8,
    5,
    17,
    17,
    5,
    15,
    4,
    17,
    17,
    4,
    8,
    8,
    10,
    17,
    16,
    2,
    16,
    5,
    15,
    4,
    16,
    5,
    15,
    17,
    8,
    2,
    9,
    8,
    16,
    4,
    4,
    4,
    18,
    16,
    2,
    17,
    17,
    17,
    17,
    16,
    8,
    17,
    8,
    16,
    14,
    5,
    14,
    17,
    12,
    8,
    3,
    17,
    17,
    16,
    13,
    17,
    5,
    5,
    17,
    10,
    16,
    16,
    15,
    14,
    6,
    17,
    17,
    11,
    6,
    16,
    4,
    17,
    5,
    4,
    17,
    15,
    17,
    8,
    17,
    2,
    17,
    17,
    17,
    5,
    9,
    17,
    9,
    7,
    15,
    3,
    14,
    4,
    4,
    17,
    6,
    2,
    4,
    1,
    17,
    17,
    4,
    8,
    17,
    8,
    15,
    2,
    17,
    8,
    17,
    14,
    15,
    17,
    17,
    17,
    2,
    9,
    15,
    17,
    8,
    16,
    17,
    8,
    17,
    17,
    9,
    1,
    8,
    16,
    2,
    4,
    16,
    1,
    17,
    2,
    17,
    17,
    17,
    17,
    17,
    2,
    8,
    15,
    17,
    16,
    17,
    5,
    17,
    8,
    6,
    17,
    8,
    17,
    3,
    17,
    17,
    8,
    6,
    17,
    17,
    2,
    4,
    17,
    5,
    15,
    17,
    5,
    13,
    8,
    17,
    6,
    16,
    17,
    17
  ],
  "objectives": [
    362390.0399999997,
    1163.84
  ],
  "fitness": {
    "minutos_ponderados": 362390.0399999997,
    "costo_total": 1163.84
  }
}