{
  "run_info": {
    "dataset": "users5.json",
    "config": "balanced_original",
    "run": 2,
    "execution_time": 1377.5166056156158,
    "iterations_completed": 14,
    "max_iterations": 200,
    "terminated_early": true,
    "generations_without_improvement": 12,
    "pareto_size": 4,
    "pareto_points": [
      [
        2389066.0300000086,
        6767.410000000003
      ],
      [
        2501268.3600000055,
        7108.540000000001
      ],
      [
        2492176.729999996,
        6798.800000000002
      ],
      [
        2492716.94,
        6925.400000000002
      ]
    ],
    "solutions_evaluated": 280,
    "config_params": {
      "n_ants": 20,
      "rho": 0.4,
      "alpha": 1.0,
      "beta": 3.0,
      "archive_size": 100,
      "no_improvement_generations": 12
    }
  },
  "solutions_count": 4,
  "solutions_directory": "../results/PACO\\solutions\\users5\\balanced_original\\run2",
  "objective_statistics": {
    "cost_range": {
      "min": 6767.410000000003,
      "max": 7108.540000000001
    },
    "minutes_range": {
      "min": 2389066.0300000086,
      "max": 2501268.3600000055
    }
  },
  "algorithm_info": {
    "archive_history_length": 14,
    "max_archive_size_reached": 4
  }
}