{
  "solution": [
    17,
    17,
    5,
    17,
    17,
    17,
    17,
    2,
    17,
    8,
    5,
    4,
    14,
    17,
    17,
    17,
    9,
    17,
    8,
    17,
    17,
    17,
    2,
    17,
    17,
    17,
    17,
    2,
    17,
    17,
    8,
    9,
    2,
    8,
    17,
    8,
    17,
    17,
    17,
    17,
    5,
    17,
    6,
    8,
    9,
    17,
    8,
    2,
    11,
    17,
    4,
    17,
    17,
    17,
    17,
    8,
    6,
    2,
    17,
    17,
    4,
    8,
    17,
    2,
    16,
    17,
    17,
    17,
    17,
    6,
    17,
    17,
    17,
    16,
    17,
    17,
    11,
    17,
    17,
    18,
    8,
    4,
    17,
    17,
    17,
    8,
    8,
    17,
    17,
    17,
    7,
    2,
    17,
    17,
    17,
    17,
    17,
    2,
    17,
    8,
    17,
    17,
    17,
    17,
    16,
    17,
    17,
    17,
    2,
    17,
    15,
    1,
    17,
    17,
    17,
    6,
    4,
    5,
    17,
    4,
    8,
    17,
    17,
    17,
    8,
    16,
    8,
    17,
    17,
    17,
    2,
    17,
    17,
    11,
    5,
    17,
    5,
    2,
    17,
    4,
    8,
    8,
    2,
    17,
    17,
    17,
    17,
    17,
    17,
    6,
    6,
    17,
    17,
    17,
    15,
    16,
    11,
    17,
    17,
    17,
    8,
    8,
    6,
    17,
    17,
    17,
    17,
    17,
    17,
    2,
    17,
    11,
    9,
    17,
    2,
    17,
    17,
    17,
    17,
    17,
    17,
    17,
    17,
    17,
    2,
    15,
    5,
    17,
    17,
    17,
    17,
    5,
    17,
    17,
    17,
    17,
    2,
    17,
    17,
    3,
    8,
    17,
    15,
    17,
    17,
    17,
    17,
    17,
    2,
    9,
    2,
    17,
    17,
    17,
    8,
    5,
    8,
    17,
    17,
    17,
    17,
    17,
    8,
    16,
    12,
    8,
    15,
    17,
    17,
    5,
    16,
    17,
    17,
    8,
    4,
    17,
    17,
    17,
    16,
    8,
    17,
    2,
    17,
    2,
    4,
    2,
    5,
    17,
    5,
    17,
    8,
    16,
    17,
    16,
    5,
    2,
    17,
    10,
    8,
    17,
    17,
    17,
    15,
    17,
    2,
    17,
    17,
    9,
    17,
    17,
    17,
    3,
    17,
    17,
    2,
    17,
    8,
    17,
    17,
    8,
    2,
    17,
    5,
    8,
    17,
    16,
    17,
    5,
    2,
    16,
    17,
    17,
    17,
    17,
    2,
    17,
    7,
    17,
    5,
    5
  ],
  "objectives": [
    461969.8799999999,
    1005.0600000000001
  ],
  "fitness": {
    "minutos_ponderados": 461969.8799999999,
    "costo_total": 1005.0600000000001
  }
}