{
  "solution": [
    17,
    15,
    15,
    17,
    17,
    17,
    17,
    17,
    17,
    2,
    5,
    4,
    17,
    17,
    17,
    11,
    4,
    17,
    8,
    17,
    17,
    17,
    2,
    17,
    17,
    17,
    17,
    2,
    17,
    11,
    8,
    17,
    2,
    8,
    17,
    8,
    18,
    17,
    17,
    17,
    2,
    17,
    17,
    8,
    17,
    17,
    18,
    5,
    16,
    17,
    4,
    17,
    17,
    17,
    2,
    8,
    6,
    2,
    17,
    17,
    2,
    8,
    17,
    2,
    16,
    17,
    17,
    17,
    13,
    4,
    17,
    17,
    17,
    16,
    17,
    17,
    17,
    17,
    17,
    16,
    17,
    4,
    17,
    17,
    17,
    17,
    8,
    17,
    17,
    17,
    5,
    2,
    17,
    17,
    4,
    17,
    17,
    2,
    4,
    8,
    17,
    17,
    17,
    17,
    16,
    17,
    17,
    17,
    2,
    14,
    15,
    17,
    16,
    17,
    17,
    6,
    8,
    5,
    17,
    8,
    8,
    17,
    16,
    17,
    8,
    16,
    8,
    17,
    17,
    17,
    2,
    17,
    17,
    8,
    5,
    17,
    5,
    2,
    17,
    4,
    8,
    8,
    2,
    17,
    17,
    17,
    17,
    17,
    17,
    6,
    6,
    17,
    17,
    16,
    17,
    16,
    17,
    17,
    17,
    17,
    8,
    6,
    11,
    17,
    17,
    17,
    17,
    17,
    17,
    6,
    17,
    17,
    17,
    17,
    2,
    17,
    17,
    17,
    17,
    17,
    17,
    17,
    17,
    17,
    2,
    4,
    5,
    17,
    17,
    17,
    17,
    5,
    17,
    17,
    8,
    17,
    2,
    17,
    17,
    17,
    8,
    11,
    17,
    17,
    17,
    17,
    17,
    17,
    2,
    9,
    2,
    5,
    17,
    17,
    8,
    5,
    8,
    17,
    2,
    17,
    17,
    17,
    8,
    16,
    17,
    8,
    17,
    17,
    17,
    5,
    16,
    17,
    17,
    8,
    17,
    17,
    17,
    17,
    17,
    8,
    17,
    18,
    17,
    2,
    4,
    2,
    5,
    17,
    5,
    17,
    8,
    16,
    17,
    16,
    5,
    2,
    8,
    18,
    6,
    17,
    17,
    17,
    16,
    17,
    2,
    3,
    17,
    17,
    17,
    17,
    17,
    17,
    17,
    17,
    2,
    17,
    17,
    5,
    17,
    8,
    2,
    17,
    5,
    8,
    17,
    16,
    14,
    5,
    2,
    16,
    17,
    17,
    17,
    17,
    2,
    17,
    8,
    17,
    5,
    17
  ],
  "objectives": [
    459135.9799999996,
    968.0600000000001
  ],
  "fitness": {
    "minutos_ponderados": 459135.9799999996,
    "costo_total": 968.0600000000001
  }
}