{
  "solution": [
    8,
    17,
    5,
    7,
    17,
    17,
    17,
    17,
    6,
    17,
    17,
    17,
    17,
    17,
    17,
    4,
    17,
    17,
    17,
    8,
    8,
    17,
    17,
    17,
    17,
    17,
    17,
    8,
    4,
    17,
    6,
    5,
    17,
    17,
    17,
    17,
    5,
    17,
    17,
    17,
    17,
    2,
    17,
    17,
    17,
    4,
    17,
    17,
    17,
    17,
    17,
    17,
    8,
    17,
    6,
    2,
    17,
    17,
    17,
    17,
    17,
    17,
    17,
    9,
    17,
    13,
    17,
    14,
    17,
    17,
    17,
    8,
    17,
    17,
    8,
    17,
    13,
    17,
    4,
    8,
    17,
    8,
    17,
    17,
    17,
    17,
    17,
    13,
    17,
    5,
    17,
    17,
    17,
    5,
    17,
    8,
    16,
    5,
    17,
    8,
    17,
    17,
    17,
    9,
    17,
    17,
    6,
    17,
    17,
    17,
    17,
    17,
    8,
    17,
    2,
    5,
    17,
    17,
    17,
    17,
    6,
    17,
    17,
    8,
    5,
    17,
    17,
    8,
    3,
    17,
    17,
    17,
    8,
    10,
    17,
    3,
    17,
    5,
    17,
    17,
    5,
    13,
    17,
    17,
    17,
    8,
    17,
    17,
    17,
    8,
    17,
    17,
    8,
    17,
    8,
    17,
    17,
    17,
    17,
    17,
    17,
    17,
    15,
    9,
    17,
    17,
    8,
    17,
    6,
    17,
    17,
    17,
    17,
    17,
    16,
    17,
    8,
    17,
    17,
    17,
    17,
    17,
    17,
    17,
    17,
    8,
    17,
    2,
    17,
    17,
    17,
    8,
    17,
    17,
    12,
    8,
    17,
    15,
    17,
    17,
    17,
    17,
    17,
    17,
    17,
    17,
    8,
    17,
    17,
    17,
    8,
    17,
    17,
    17,
    17,
    5,
    17,
    15,
    17,
    17,
    17,
    17,
    17,
    17,
    17,
    5,
    17,
    17,
    17,
    17,
    17,
    7,
    18,
    17,
    17,
    17,
    4,
    17,
    16,
    17,
    17,
    17,
    17,
    17,
    4,
    17,
    17,
    17,
    17,
    17,
    17,
    17,
    17,
    16,
    2,
    17,
    8,
    17,
    17,
    6,
    17,
    17,
    17,
    8,
    17,
    6,
    17,
    17,
    17,
    2,
    6,
    2,
    17,
    17,
    17,
    17,
    17,
    17,
    17,
    17,
    17,
    17,
    17,
    16,
    6,
    17,
    17,
    17,
    7,
    17,
    8,
    8,
    4,
    17,
    17,
    8,
    4,
    17,
    5,
    17
  ],
  "objectives": [
    414663.6899999999,
    1005.3500000000001
  ],
  "fitness": {
    "minutos_ponderados": 414663.6899999999,
    "costo_total": 1005.3500000000001
  }
}