{
  "run_info": {
    "dataset": "users5.json",
    "config": "high_heuristic_influence",
    "run": 21,
    "execution_time": 5717.998132944107,
    "iterations_completed": 63,
    "max_iterations": 200,
    "terminated_early": true,
    "generations_without_improvement": 12,
    "pareto_size": 22,
    "pareto_points": [
      [
        3025970.1700000004,
        7086.8100000000095
      ],
      [
        2929535.2200000114,
        6881.480000000009
      ],
      [
        3021548.279999997,
        6968.690000000008
      ],
      [
        3015073.2300000023,
        6916.46000000001
      ],
      [
        3026996.4700000104,
        7119.090000000008
      ],
      [
        3032500.150000007,
        7235.330000000011
      ],
      [
        3060074.060000005,
        7304.440000000011
      ],
      [
        3034484.30000001,
        7256.350000000011
      ],
      [
        3085888.770000023,
        7369.290000000011
      ],
      [
        3096494.63000001,
        7404.96000000001
      ],
      [
        3067682.2100000004,
        7322.9400000000105
      ],
      [
        3096815.1000000224,
        7503.210000000012
      ],
      [
        3140136.1000000183,
        7623.540000000013
      ],
      [
        3126415.65000002,
        7529.910000000012
      ],
      [
        3179148.79000002,
        7665.570000000012
      ],
      [
        3195730.0300000175,
        7814.710000000014
      ],
      [
        3207271.9700000226,
        7884.990000000013
      ],
      [
        3182896.2200000267,
        7689.520000000013
      ],
      [
        3183799.9600000177,
        7778.730000000015
      ],
      [
        3186098.5700000334,
        7782.550000000014
      ],
      [
        3196215.4500000174,
        7819.8700000000135
      ],
      [
        3199514.2700000275,
        7869.290000000014
      ]
    ],
    "solutions_evaluated": 1260,
    "config_params": {
      "n_ants": 20,
      "rho": 0.4,
      "alpha": 0.5,
      "beta": 5.0,
      "archive_size": 100,
      "no_improvement_generations": 12
    }
  },
  "solutions_count": 22,
  "solutions_directory": "C:\\Users\\hctr0\\PycharmProjects\\TFG_Hector\\31Executions\\PACO\\solutions\\users5\\high_heuristic_influence\\run21",
  "objective_statistics": {
    "cost_range": {
      "min": 6881.480000000009,
      "max": 7884.990000000013
    },
    "minutes_range": {
      "min": 2929535.2200000114,
      "max": 3207271.9700000226
    }
  },
  "algorithm_info": {
    "archive_history_length": 63,
    "max_archive_size_reached": 22
  }
}