{
  "run_info": {
    "dataset": "users3.json",
    "config": "high_heuristic_influence",
    "run": 8,
    "execution_time": 3196.7199516296387,
    "iterations_completed": 96,
    "max_iterations": 200,
    "terminated_early": true,
    "generations_without_improvement": 12,
    "pareto_size": 20,
    "pareto_points": [
      [
        1159216.2399999963,
        2763.49
      ],
      [
        1173930.6699999962,
        2819.379999999999
      ],
      [
        1179499.6599999974,
        2863.4999999999995
      ],
      [
        1169074.0299999963,
        2772.37
      ],
      [
        1196416.899999992,
        2937.07
      ],
      [
        1223091.9799999965,
        2942.900000000001
      ],
      [
        1225043.669999994,
        2987.7200000000007
      ],
      [
        1226663.809999998,
        2990.710000000001
      ],
      [
        1244503.2599999942,
        3007.1000000000017
      ],
      [
        1255687.5299999944,
        3107.590000000001
      ],
      [
        1266160.4699999962,
        3203.980000000001
      ],
      [
        1259021.0399999933,
        3140.1200000000013
      ],
      [
        1252290.199999996,
        3070.1000000000017
      ],
      [
        1260345.0299999954,
        3174.1800000000007
      ],
      [
        1258474.709999996,
        3139.5000000000014
      ],
      [
        1249708.1899999946,
        3013.490000000002
      ],
      [
        1260058.9099999934,
        3166.510000000001
      ],
      [
        1251998.3899999973,
        3048.5800000000013
      ],
      [
        1261457.1699999918,
        3192.460000000001
      ],
      [
        1254824.6199999964,
        3100.070000000001
      ]
    ],
    "solutions_evaluated": 1920,
    "config_params": {
      "n_ants": 20,
      "rho": 0.4,
      "alpha": 0.5,
      "beta": 5.0,
      "archive_size": 100,
      "no_improvement_generations": 12
    }
  },
  "solutions_count": 20,
  "solutions_directory": "C:\\Users\\hctr0\\PycharmProjects\\TFG_Hector\\31Executions\\PACO\\solutions\\users3\\high_heuristic_influence\\run8",
  "objective_statistics": {
    "cost_range": {
      "min": 2763.49,
      "max": 3203.980000000001
    },
    "minutes_range": {
      "min": 1159216.2399999963,
      "max": 1266160.4699999962
    }
  },
  "algorithm_info": {
    "archive_history_length": 96,
    "max_archive_size_reached": 20
  }
}