{
  "run_info": {
    "dataset": "users4.json",
    "config": "uniform_reset_high_crossover",
    "run": 2,
    "execution_time": 757.9336414337158,
    "generations": 82,
    "pareto_size": 27,
    "pareto_points": [
      [
        -1829883.6400000004,
        5409.88
      ],
      [
        -1896081.9100000013,
        5523.42
      ],
      [
        -1891091.2600000014,
        5501.4400000000005
      ],
      [
        -1904821.2600000007,
        5592.870000000002
      ],
      [
        -1853730.1999999997,
        5413.47
      ],
      [
        -1904462.7500000005,
        5588.900000000001
      ],
      [
        -1900412.8100000015,
        5567.88
      ],
      [
        -1902640.1300000001,
        5574.92
      ],
      [
        -1894091.730000001,
        5515.960000000001
      ],
      [
        -1881406.6300000015,
        5480.980000000001
      ],
      [
        -1889329.7700000016,
        5500.430000000001
      ],
      [
        -1892739.7500000014,
        5515.4800000000005
      ],
      [
        -1881052.5400000014,
        5475.980000000001
      ],
      [
        -1917973.9500000002,
        5666.780000000001
      ],
      [
        -1900351.6800000004,
        5542.93
      ],
      [
        -1892493.9100000013,
        5507.430000000001
      ],
      [
        -1886491.6300000015,
        5485.970000000001
      ],
      [
        -1859078.1300000001,
        5424.460000000001
      ],
      [
        -1851907.5799999991,
        5410.47
      ],
      [
        -1888532.8500000017,
        5486.980000000001
      ],
      [
        -1875042.6499999997,
        5432.420000000001
      ],
      [
        -1903156.1100000008,
        5582.39
      ],
      [
        -1911351.36,
        5602.340000000002
      ],
      [
        -1898088.4100000006,
        5531.45
      ],
      [
        -1885243.8800000013,
        5483.440000000001
      ],
      [
        -1876705.6200000008,
        5459.480000000001
      ],
      [
        -1895249.100000002,
        5518.46
      ]
    ]
  },
  "solutions_count": 27,
  "solutions_directory": "../results/SPEA2\\solutions\\users4\\uniform_reset_high_crossover\\run2"
}