{
  "run_info": {
    "dataset": "users3.json",
    "config": "uniform_reset_low_mutation",
    "run": 2,
    "execution_time": 1114.892826795578,
    "generations": 107,
    "pareto_size": 47,
    "pareto_points": [
      [
        -1237778.149999999,
        3348.1000000000004
      ],
      [
        -1239228.8799999992,
        3349.05
      ],
      [
        -1226270.6399999994,
        3296.6100000000006
      ],
      [
        -1233528.6700000002,
        3324.5699999999997
      ],
      [
        -1237757.26,
        3348.06
      ],
      [
        -1229792.5100000002,
        3310.6
      ],
      [
        -1229204.3700000003,
        3306.6
      ],
      [
        -1261214.4600000004,
        3507.08
      ],
      [
        -1256553.82,
        3441.0699999999997
      ],
      [
        -1259171.3600000006,
        3460.55
      ],
      [
        -1257657.5100000002,
        3449.0699999999997
      ],
      [
        -1239447.5999999994,
        3354.5600000000004
      ],
      [
        -1247096.22,
        3377.6000000000004
      ],
      [
        -1263616.4299999997,
        3520.0799999999995
      ],
      [
        -1265078.5300000003,
        3545.0700000000006
      ],
      [
        -1271615.4699999993,
        3659.9400000000005
      ],
      [
        -1244603.5499999998,
        3364.5899999999997
      ],
      [
        -1258008.0000000002,
        3452.0799999999995
      ],
      [
        -1266532.71,
        3554.0699999999997
      ],
      [
        -1262668.6400000001,
        3509.09
      ],
      [
        -1263648.02,
        3535.58
      ],
      [
        -1267480.4999999995,
        3555.0699999999997
      ],
      [
        -1265286.1800000002,
        3554.05
      ],
      [
        -1255537.9000000001,
        3438.56
      ],
      [
        -1261016.6600000004,
        3504.0500000000006
      ],
      [
        -1251324.8099999998,
        3395.6
      ],
      [
        -1269715.879999999,
        3619.52
      ],
      [
        -1260068.8700000003,
        3479.05
      ],
      [
        -1270444.7799999993,
        3645.5
      ],
      [
        -1251673.8299999998,
        3411.57
      ],
      [
        -1269177.8999999987,
        3582.54
      ],
      [
        -1260933.5699999998,
        3500.51
      ],
      [
        -1264181.0200000003,
        3536.5600000000004
      ],
      [
        -1267512.0899999999,
        3563.58
      ],
      [
        -1239320.9399999995,
        3349.57
      ],
      [
        -1257568.5600000003,
        3447.57
      ],
      [
        -1262470.8400000003,
        3508.0499999999997
      ],
      [
        -1255188.8800000001,
        3416.5899999999997
      ],
      [
        -1265102.2,
        3548.58
      ],
      [
        -1252927.6099999996,
        3412.5600000000004
      ],
      [
        -1271099.7899999993,
        3649.4800000000005
      ],
      [
        -1264698.1699999997,
        3537.56
      ],
      [
        -1270314.6499999992,
        3625.51
      ],
      [
        -1260601.4399999995,
        3499.02
      ],
      [
        -1260417.8900000004,
        3484.0500000000006
      ],
      [
        -1272943.6199999992,
        3665.4700000000007
      ],
      [
        -1248832.1399999997,
        3382.5899999999997
      ]
    ]
  },
  "solutions_count": 47,
  "solutions_directory": "../results/NSGA2\\solutions\\users3\\uniform_reset_low_mutation\\run2"
}