{
  "run_info": {
    "dataset": "users2.json",
    "config": "high_heuristic_influence",
    "run": 17,
    "execution_time": 1379.9099054336548,
    "iterations_completed": 66,
    "max_iterations": 200,
    "terminated_early": true,
    "generations_without_improvement": 12,
    "pareto_size": 15,
    "pareto_points": [
      [
        734126.1600000003,
        1967.0900000000004
      ],
      [
        693111.2000000002,
        1939.4500000000003
      ],
      [
        738618.4500000015,
        2018.71
      ],
      [
        756403.7400000006,
        2048.4799999999996
      ],
      [
        752435.0600000015,
        2047.9999999999995
      ],
      [
        741154.8200000013,
        2021.4899999999996
      ],
      [
        760392.6900000016,
        2050.3299999999995
      ],
      [
        751463.4000000013,
        2031.2999999999995
      ],
      [
        782379.7000000025,
        2128.22
      ],
      [
        768150.300000001,
        2050.8099999999995
      ],
      [
        751679.8800000022,
        2040.7899999999997
      ],
      [
        769717.680000002,
        2110.2799999999993
      ],
      [
        768728.630000001,
        2095.8199999999993
      ],
      [
        749214.9100000013,
        2023.6899999999996
      ],
      [
        784889.7400000028,
        2250.1399999999994
      ]
    ],
    "solutions_evaluated": 1320,
    "config_params": {
      "n_ants": 20,
      "rho": 0.4,
      "alpha": 0.5,
      "beta": 5.0,
      "archive_size": 100,
      "no_improvement_generations": 12
    }
  },
  "solutions_count": 15,
  "solutions_directory": "C:\\Users\\hctr0\\PycharmProjects\\TFG_Hector\\31Executions\\PACO\\solutions\\users2\\high_heuristic_influence\\run17",
  "objective_statistics": {
    "cost_range": {
      "min": 1939.4500000000003,
      "max": 2250.1399999999994
    },
    "minutes_range": {
      "min": 693111.2000000002,
      "max": 784889.7400000028
    }
  },
  "algorithm_info": {
    "archive_history_length": 66,
    "max_archive_size_reached": 18
  }
}