{
  "run_info": {
    "dataset": "users1.json",
    "config": "uniform_inversion_high_mutation",
    "run": 20,
    "execution_time": 315.36585450172424,
    "generations": 134,
    "pareto_size": 14,
    "pareto_points": [
      [
        -486397.44000000024,
        1027.75
      ],
      [
        -484002.2200000003,
        1023.2499999999999
      ],
      [
        -482630.9200000005,
        1012.2899999999998
      ],
      [
        -506670.11000000016,
        1162.63
      ],
      [
        -494857.85000000003,
        1052.24
      ],
      [
        -503861.20999999985,
        1106.1500000000003
      ],
      [
        -508394.8800000001,
        1197.08
      ],
      [
        -500311.78,
        1093.2099999999998
      ],
      [
        -506215.43000000005,
        1147.6200000000001
      ],
      [
        -507034.5400000001,
        1191.58
      ],
      [
        -504665.41000000003,
        1132.19
      ],
      [
        -500495.06000000006,
        1096.19
      ],
      [
        -499791.4499999999,
        1087.6899999999998
      ],
      [
        -499186.9900000002,
        1072.22
      ]
    ]
  },
  "solutions_count": 14,
  "solutions_directory": "C:\\Users\\hctr0\\PycharmProjects\\TFG_Hector\\31Executions\\NSGA2\\solutions\\users1\\uniform_inversion_high_mutation\\run20"
}