{
  "run_info": {
    "dataset": "users2.json",
    "config": "npoint_inversion_high_all",
    "run": 2,
    "execution_time": 1096.571149110794,
    "generations": 175,
    "pareto_size": 44,
    "pareto_points": [
      [
        -840360.2200000003,
        2582.12
      ],
      [
        -840525.9000000004,
        2583.1100000000006
      ],
      [
        -840818.4900000005,
        2599.1300000000006
      ],
      [
        -832360.7600000008,
        2423.16
      ],
      [
        -800876.9700000013,
        2326.1400000000003
      ],
      [
        -796772.590000001,
        2314.64
      ],
      [
        -831406.340000001,
        2417.66
      ],
      [
        -800545.9100000011,
        2324.6400000000003
      ],
      [
        -817538.13,
        2355.7
      ],
      [
        -746684.9500000011,
        2207.32
      ],
      [
        -839877.9999999999,
        2524.62
      ],
      [
        -816413.4400000002,
        2346.68
      ],
      [
        -834276.7600000009,
        2430.65
      ],
      [
        -751179.6200000008,
        2208.32
      ],
      [
        -752853.3100000016,
        2238.29
      ],
      [
        -837890.1900000006,
        2483.14
      ],
      [
        -746503.6400000012,
        2205.3199999999997
      ],
      [
        -739909.6999999998,
        2161.29
      ],
      [
        -835454.0200000008,
        2437.64
      ],
      [
        -839010.82,
        2499.6200000000003
      ],
      [
        -818576.6400000012,
        2377.71
      ],
      [
        -798766.5200000011,
        2316.65
      ],
      [
        -832100.9500000008,
        2418.17
      ],
      [
        -828423.0900000012,
        2412.68
      ],
      [
        -800323.2500000009,
        2323.13
      ],
      [
        -753033.7100000009,
        2243.31
      ],
      [
        -836177.7600000009,
        2440.65
      ],
      [
        -795562.7400000016,
        2311.15
      ],
      [
        -840321.69,
        2541.6200000000003
      ],
      [
        -837341.5500000009,
        2460.1600000000003
      ],
      [
        -756238.9900000014,
        2249.73
      ],
      [
        -795318.0100000012,
        2288.16
      ],
      [
        -823129.460000001,
        2390.71
      ],
      [
        -782239.4900000012,
        2269.2
      ],
      [
        -799325.2800000012,
        2321.17
      ],
      [
        -742016.5099999999,
        2178.81
      ],
      [
        -764194.7300000013,
        2267.29
      ],
      [
        -801879.0900000014,
        2335.1400000000003
      ],
      [
        -798490.8400000014,
        2314.68
      ],
      [
        -841848.3500000004,
        2642.1
      ],
      [
        -786060.0900000014,
        2286.18
      ],
      [
        -796465.6200000015,
        2312.67
      ],
      [
        -743761.9000000012,
        2202.74
      ],
      [
        -739003.77,
        2139.29
      ]
    ]
  },
  "solutions_count": 44,
  "solutions_directory": "../results/NSGA2\\solutions\\users2\\npoint_inversion_high_all\\run2"
}