{
  "run_info": {
    "dataset": "users2.json",
    "config": "uniform_reset_high_crossover",
    "run": 4,
    "execution_time": 219.0757658481598,
    "generations": 46,
    "pareto_size": 17,
    "pareto_points": [
      [
        -737339.660000001,
        2333.7700000000004
      ],
      [
        -794298.9700000008,
        2490.68
      ],
      [
        -788025.0100000016,
        2462.16
      ],
      [
        -740993.7500000014,
        2336.27
      ],
      [
        -788059.7000000014,
        2467.1499999999996
      ],
      [
        -786296.9100000013,
        2441.1800000000003
      ],
      [
        -775599.1300000014,
        2396.24
      ],
      [
        -765289.2400000015,
        2336.7699999999995
      ],
      [
        -783188.7600000015,
        2422.71
      ],
      [
        -795686.6100000009,
        2517.68
      ],
      [
        -786161.0600000016,
        2431.22
      ],
      [
        -766909.3300000011,
        2365.76
      ],
      [
        -786326.8400000016,
        2458.2
      ],
      [
        -791760.5000000012,
        2482.67
      ],
      [
        -792926.8200000013,
        2485.19
      ],
      [
        -790139.9200000014,
        2467.1800000000003
      ],
      [
        -770899.1800000013,
        2386.75
      ]
    ]
  },
  "solutions_count": 17,
  "solutions_directory": "../results/SPEA2\\solutions\\users2\\uniform_reset_high_crossover\\run4"
}