{
  "run_info": {
    "dataset": "users1.json",
    "config": "uniform_inversion_high_mutation",
    "run": 1,
    "execution_time": 229.87516736984253,
    "generations": 69,
    "pareto_size": 13,
    "pareto_points": [
      [
        -444459.08,
        1011.66
      ],
      [
        -445344.23000000033,
        1032.66
      ],
      [
        -485045.5800000004,
        1114.08
      ],
      [
        -482360.9200000001,
        1110.63
      ],
      [
        -481579.53000000026,
        1106.06
      ],
      [
        -485339.2200000004,
        1132.6
      ],
      [
        -480060.74999999994,
        1072.1399999999999
      ],
      [
        -490506.98000000004,
        1203.5300000000002
      ],
      [
        -487334.55000000016,
        1170.54
      ],
      [
        -486870.43000000034,
        1139.08
      ],
      [
        -487515.6300000002,
        1175.04
      ],
      [
        -488496.79999999976,
        1179.53
      ],
      [
        -489846.6600000001,
        1183.0
      ]
    ]
  },
  "solutions_count": 13,
  "solutions_directory": "../results/NSGA2\\solutions\\users1\\uniform_inversion_high_mutation\\run1"
}