{
  "run_info": {
    "dataset": "users5.json",
    "config": "npoint_inversion_high_all",
    "run": 1,
    "execution_time": 4100.1702036857605,
    "generations": 94,
    "pareto_size": 34,
    "pareto_points": [
      [
        -2871345.889999996,
        8786.330000000002
      ],
      [
        -2888680.0699999947,
        8810.300000000003
      ],
      [
        -2901698.3499999917,
        8816.840000000002
      ],
      [
        -2916632.319999999,
        8848.230000000001
      ],
      [
        -2973386.649999995,
        8932.250000000004
      ],
      [
        -2891450.739999994,
        8812.800000000003
      ],
      [
        -2891942.039999994,
        8816.800000000001
      ],
      [
        -2905063.8499999894,
        8834.820000000002
      ],
      [
        -2974615.979999995,
        8935.320000000002
      ],
      [
        -2900781.20999999,
        8816.84
      ],
      [
        -2979452.939999997,
        8949.220000000003
      ],
      [
        -2887489.319999998,
        8801.820000000003
      ],
      [
        -3004630.2500000056,
        9024.200000000003
      ],
      [
        -3000105.310000005,
        8983.800000000003
      ],
      [
        -3003265.8500000047,
        8989.800000000003
      ],
      [
        -3053389.53999999,
        9179.190000000002
      ],
      [
        -2995878.360000006,
        8975.810000000001
      ],
      [
        -3057827.259999991,
        9194.160000000003
      ],
      [
        -2922143.780000001,
        8855.260000000002
      ],
      [
        -2972337.999999994,
        8864.350000000002
      ],
      [
        -2988875.1999999965,
        8961.690000000002
      ],
      [
        -3000348.270000004,
        8987.800000000001
      ],
      [
        -3010663.300000005,
        9071.700000000003
      ],
      [
        -3058795.0999999894,
        9275.19
      ],
      [
        -3004022.5200000047,
        8994.790000000003
      ],
      [
        -2973004.9699999937,
        8920.310000000001
      ],
      [
        -3010206.880000005,
        9052.700000000003
      ],
      [
        -3063036.109999989,
        9276.2
      ],
      [
        -3023315.340000001,
        9111.180000000002
      ],
      [
        -3050246.979999989,
        9165.190000000002
      ],
      [
        -2923027.109999998,
        8858.170000000002
      ],
      [
        -2881844.2499999935,
        8787.320000000002
      ],
      [
        -2991799.749999999,
        8962.710000000001
      ],
      [
        -3011074.790000006,
        9094.160000000002
      ]
    ]
  },
  "solutions_count": 34,
  "solutions_directory": "../results/NSGA2\\solutions\\users5\\npoint_inversion_high_all\\run1"
}