{
  "run_info": {
    "dataset": "users3.json",
    "config": "uniform_inversion_high_mutation",
    "run": 2,
    "execution_time": 496.7471115589142,
    "generations": 87,
    "pareto_size": 21,
    "pareto_points": [
      [
        -1254709.849999996,
        3220.9
      ],
      [
        -1280297.7199999976,
        3276.8000000000006
      ],
      [
        -1278545.5399999977,
        3262.8
      ],
      [
        -1278725.6599999978,
        3267.3700000000003
      ],
      [
        -1278956.619999998,
        3268.31
      ],
      [
        -1275903.5399999982,
        3226.3599999999997
      ],
      [
        -1236545.5099999986,
        3189.3100000000004
      ],
      [
        -1283057.2799999972,
        3288.8000000000006
      ],
      [
        -1278161.9699999972,
        3253.32
      ],
      [
        -1305674.4699999955,
        3395.3000000000006
      ],
      [
        -1246694.6899999972,
        3210.39
      ],
      [
        -1227656.0399999986,
        3172.8500000000004
      ],
      [
        -1296707.1499999966,
        3314.8199999999997
      ],
      [
        -1296914.8899999969,
        3351.2899999999995
      ],
      [
        -1293041.979999996,
        3312.2700000000004
      ],
      [
        -1282233.4599999972,
        3279.83
      ],
      [
        -1291635.1899999976,
        3304.31
      ],
      [
        -1284088.7599999965,
        3295.810000000001
      ],
      [
        -1226741.4299999988,
        3153.2999999999997
      ],
      [
        -1261038.919999997,
        3221.33
      ],
      [
        -1288366.5299999965,
        3300.8400000000006
      ]
    ]
  },
  "solutions_count": 21,
  "solutions_directory": "../results/SPEA2\\solutions\\users3\\uniform_inversion_high_mutation\\run2"
}