{
  "solution": [
    14,
    17,
    14,
    3,
    17,
    8,
    8,
    6,
    17,
    17,
    15,
    7,
    6,
    17,
    16,
    17,
    16,
    8,
    6,
    8,
    17,
    8,
    17,
    3,
    2,
    17,
    10,
    16,
    2,
    17,
    17,
    17,
    8,
    8,
    16,
    4,
    17,
    17,
    16,
    17,
    10,
    8,
    17,
    17,
    17,
    2,
    17,
    6,
    9,
    6,
    8,
    17,
    17,
    12,
    10,
    17,
    5,
    17,
    17,
    8,
    2,
    17,
    4,
    17,
    16,
    6,
    17,
    8,
    9,
    8,
    8,
    17,
    8,
    17,
    17,
    15,
    8,
    17,
    17,
    17,
    17,
    11,
    16,
    17,
    17,
    16,
    6,
    16,
    16,
    16,
    12,
    16,
    17,
    2,
    17,
    17,
    17,
    16,
    17,
    5,
    8,
    17,
    17,
    17,
    8,
    8,
    17,
    6,
    17,
    8,
    17,
    17,
    5,
    2,
    16,
    17,
    8,
    1,
    17,
    17,
    17,
    4,
    17,
    17,
    5,
    17,
    11,
    7,
    17,
    17,
    17,
    17,
    1,
    17,
    17,
    17,
    17,
    17,
    17,
    17,
    8,
    5,
    8,
    3,
    8,
    9,
    17,
    17,
    5,
    8,
    2,
    4,
    5,
    17,
    17,
    8,
    16,
    13,
    17,
    17,
    5,
    5,
    17,
    17,
    5,
    8,
    17,
    16,
    17,
    17,
    8,
    6,
    17,
    5,
    16,
    11,
    17,
    5,
    17,
    17,
    8,
    4,
    10,
    17,
    8,
    11,
    13,
    17,
    2,
    17,
    17,
    17,
    4,
    17,
    17,
    17,
    16,
    17,
    10,
    6,
    17,
    4,
    5,
    16,
    5,
    4,
    2,
    17,
    17,
    4,
    8,
    4,
    17,
    17,
    8,
    17,
    17,
    16,
    1,
    12,
    17,
    5,
    17,
    10,
    16,
    17,
    17,
    5,
    17,
    17,
    8,
    12,
    17,
    9,
    17,
    4,
    17,
    17,
    17,
    17,
    6,
    17,
    5,
    17,
    2,
    17,
    1,
    2,
    14,
    2,
    17,
    6,
    17,
    17,
    8,
    17,
    4,
    17,
    17,
    17,
    17,
    16,
    16,
    17,
    16,
    5,
    17,
    17,
    8,
    4,
    17,
    7,
    17,
    17,
    17,
    16,
    5,
    16,
    17,
    1,
    5,
    17,
    2,
    17,
    8,
    17,
    8,
    5,
    6,
    17,
    8,
    6,
    17,
    14,
    15,
    17,
    4,
    11,
    11,
    9
  ],
  "objectives": [
    451605.92999999895,
    1166.6299999999999
  ],
  "fitness": {
    "minutos_ponderados": 451605.92999999895,
    "costo_total": 1166.6299999999999
  }
}