{
  "solution": [
    17,
    17,
    17,
    17,
    17,
    17,
    8,
    17,
    17,
    17,
    17,
    11,
    6,
    17,
    14,
    17,
    8,
    11,
    5,
    8,
    17,
    5,
    17,
    14,
    17,
    17,
    17,
    10,
    4,
    17,
    6,
    17,
    2,
    17,
    8,
    17,
    17,
    16,
    17,
    7,
    11,
    5,
    5,
    17,
    17,
    4,
    17,
    17,
    17,
    17,
    8,
    17,
    17,
    9,
    4,
    3,
    5,
    17,
    17,
    17,
    2,
    17,
    4,
    8,
    2,
    17,
    17,
    8,
    8,
    8,
    8,
    6,
    8,
    17,
    17,
    8,
    17,
    17,
    17,
    17,
    17,
    5,
    16,
    16,
    17,
    2,
    16,
    16,
    17,
    16,
    17,
    16,
    6,
    2,
    17,
    17,
    17,
    16,
    17,
    16,
    8,
    17,
    15,
    17,
    8,
    17,
    17,
    17,
    10,
    8,
    17,
    17,
    5,
    2,
    16,
    17,
    8,
    17,
    17,
    17,
    17,
    4,
    17,
    17,
    5,
    17,
    17,
    8,
    17,
    17,
    17,
    17,
    2,
    17,
    17,
    17,
    17,
    17,
    17,
    14,
    17,
    6,
    8,
    7,
    8,
    4,
    17,
    15,
    5,
    8,
    10,
    16,
    8,
    17,
    17,
    17,
    17,
    16,
    5,
    8,
    17,
    17,
    17,
    17,
    5,
    9,
    17,
    16,
    17,
    17,
    8,
    17,
    17,
    17,
    16,
    8,
    17,
    2,
    17,
    17,
    8,
    14,
    17,
    17,
    8,
    4,
    17,
    17,
    17,
    17,
    17,
    17,
    2,
    17,
    17,
    15,
    6,
    17,
    17,
    17,
    17,
    2,
    5,
    16,
    5,
    4,
    2,
    17,
    17,
    4,
    8,
    4,
    9,
    17,
    8,
    14,
    17,
    17,
    17,
    17,
    17,
    17,
    17,
    11,
    16,
    17,
    17,
    5,
    17,
    11,
    16,
    17,
    17,
    2,
    17,
    9,
    17,
    17,
    17,
    7,
    6,
    17,
    5,
    17,
    2,
    17,
    17,
    17,
    17,
    2,
    17,
    11,
    17,
    4,
    8,
    17,
    4,
    17,
    17,
    18,
    17,
    17,
    6,
    17,
    16,
    5,
    6,
    17,
    3,
    11,
    17,
    12,
    17,
    17,
    17,
    2,
    5,
    5,
    17,
    17,
    8,
    9,
    2,
    17,
    8,
    17,
    8,
    5,
    17,
    17,
    8,
    6,
    17,
    4,
    6,
    6,
    1,
    10,
    17,
    17
  ],
  "objectives": [
    445465.6899999999,
    1095.06
  ],
  "fitness": {
    "minutos_ponderados": 445465.6899999999,
    "costo_total": 1095.06
  }
}