{
  "solution": [
    17,
    17,
    17,
    17,
    17,
    17,
    8,
    17,
    17,
    17,
    17,
    8,
    10,
    17,
    2,
    17,
    8,
    8,
    5,
    8,
    6,
    5,
    17,
    8,
    17,
    17,
    6,
    16,
    4,
    12,
    17,
    17,
    2,
    17,
    8,
    14,
    17,
    10,
    17,
    17,
    8,
    8,
    3,
    17,
    17,
    18,
    17,
    17,
    17,
    17,
    3,
    17,
    17,
    9,
    4,
    17,
    5,
    17,
    17,
    17,
    2,
    3,
    4,
    15,
    8,
    17,
    17,
    9,
    8,
    8,
    14,
    17,
    8,
    17,
    17,
    8,
    17,
    17,
    1,
    17,
    17,
    15,
    16,
    17,
    17,
    2,
    16,
    16,
    17,
    16,
    17,
    16,
    17,
    2,
    17,
    17,
    17,
    16,
    17,
    16,
    8,
    17,
    17,
    17,
    8,
    17,
    17,
    17,
    16,
    8,
    17,
    1,
    5,
    2,
    16,
    17,
    8,
    17,
    17,
    17,
    17,
    4,
    17,
    17,
    5,
    17,
    10,
    14,
    17,
    17,
    18,
    17,
    2,
    1,
    17,
    11,
    17,
    17,
    17,
    17,
    17,
    8,
    8,
    17,
    8,
    7,
    17,
    8,
    7,
    8,
    2,
    16,
    8,
    17,
    17,
    17,
    17,
    2,
    17,
    17,
    6,
    17,
    17,
    17,
    5,
    16,
    17,
    16,
    17,
    5,
    8,
    17,
    17,
    17,
    16,
    8,
    2,
    12,
    17,
    17,
    8,
    4,
    17,
    17,
    8,
    4,
    6,
    17,
    17,
    17,
    17,
    17,
    2,
    17,
    17,
    14,
    6,
    17,
    9,
    17,
    17,
    2,
    5,
    16,
    5,
    4,
    2,
    17,
    17,
    4,
    14,
    4,
    17,
    17,
    11,
    1,
    17,
    17,
    16,
    17,
    17,
    17,
    17,
    17,
    16,
    17,
    17,
    5,
    17,
    17,
    10,
    17,
    17,
    5,
    17,
    9,
    15,
    17,
    17,
    17,
    6,
    17,
    15,
    17,
    2,
    17,
    12,
    17,
    17,
    2,
    17,
    4,
    1,
    17,
    8,
    12,
    3,
    17,
    17,
    17,
    17,
    17,
    6,
    17,
    16,
    5,
    6,
    17,
    8,
    4,
    17,
    5,
    17,
    17,
    17,
    2,
    5,
    5,
    17,
    6,
    8,
    17,
    2,
    17,
    8,
    2,
    8,
    5,
    17,
    17,
    8,
    6,
    17,
    4,
    16,
    17,
    2,
    17,
    17,
    5
  ],
  "objectives": [
    445559.2299999999,
    1128.1399999999999
  ],
  "fitness": {
    "minutos_ponderados": 445559.2299999999,
    "costo_total": 1128.1399999999999
  }
}