{
  "solution": [
    17,
    17,
    17,
    17,
    17,
    17,
    8,
    17,
    17,
    17,
    8,
    8,
    9,
    17,
    2,
    17,
    5,
    8,
    5,
    8,
    17,
    5,
    17,
    8,
    1,
    17,
    17,
    16,
    4,
    17,
    17,
    17,
    2,
    17,
    5,
    17,
    17,
    17,
    17,
    17,
    17,
    8,
    17,
    17,
    17,
    4,
    18,
    17,
    17,
    17,
    8,
    17,
    17,
    9,
    4,
    17,
    5,
    17,
    17,
    17,
    2,
    17,
    4,
    8,
    1,
    17,
    17,
    8,
    13,
    8,
    8,
    17,
    8,
    17,
    17,
    8,
    17,
    17,
    17,
    17,
    17,
    5,
    16,
    17,
    17,
    2,
    16,
    16,
    17,
    16,
    17,
    16,
    17,
    2,
    17,
    17,
    17,
    16,
    17,
    16,
    8,
    17,
    17,
    17,
    2,
    17,
    17,
    16,
    4,
    8,
    17,
    17,
    5,
    2,
    16,
    17,
    4,
    17,
    17,
    17,
    7,
    5,
    17,
    17,
    5,
    17,
    17,
    8,
    17,
    15,
    17,
    17,
    2,
    17,
    17,
    17,
    17,
    17,
    17,
    17,
    17,
    8,
    8,
    17,
    15,
    4,
    17,
    8,
    5,
    11,
    11,
    16,
    1,
    14,
    17,
    17,
    17,
    2,
    17,
    17,
    17,
    6,
    17,
    17,
    5,
    9,
    17,
    16,
    17,
    11,
    10,
    17,
    17,
    2,
    16,
    8,
    17,
    2,
    17,
    17,
    8,
    4,
    14,
    17,
    8,
    4,
    17,
    2,
    17,
    17,
    17,
    17,
    2,
    17,
    17,
    15,
    6,
    17,
    17,
    17,
    17,
    2,
    5,
    16,
    5,
    4,
    6,
    17,
    17,
    4,
    8,
    4,
    17,
    17,
    8,
    17,
    17,
    17,
    17,
    17,
    17,
    17,
    17,
    17,
    16,
    17,
    2,
    7,
    17,
    17,
    16,
    17,
    17,
    5,
    9,
    9,
    17,
    17,
    17,
    17,
    6,
    17,
    5,
    17,
    2,
    3,
    17,
    17,
    17,
    2,
    17,
    11,
    17,
    2,
    8,
    17,
    2,
    17,
    17,
    17,
    12,
    17,
    6,
    17,
    16,
    5,
    6,
    17,
    1,
    4,
    17,
    6,
    17,
    17,
    17,
    2,
    5,
    5,
    17,
    3,
    8,
    2,
    2,
    17,
    8,
    4,
    8,
    5,
    17,
    17,
    8,
    14,
    15,
    4,
    6,
    17,
    2,
    17,
    17,
    17
  ],
  "objectives": [
    443841.2099999998,
    1056.07
  ],
  "fitness": {
    "minutos_ponderados": 443841.2099999998,
    "costo_total": 1056.07
  }
}