{
  "run_info": {
    "dataset": "users3.json",
    "config": "uniform_inversion_high_mutation",
    "run": 5,
    "execution_time": 1889.0240519046783,
    "generations": 170,
    "pareto_size": 25,
    "pareto_points": [
      [
        -1308468.2799999958,
        2794.11
      ],
      [
        -1311951.0999999975,
        2801.03
      ],
      [
        -1317521.649999998,
        2820.04
      ],
      [
        -1318964.249999998,
        2824.01
      ],
      [
        -1330747.2799999982,
        2896.01
      ],
      [
        -1343810.0299999986,
        3024.9
      ],
      [
        -1316480.659999998,
        2807.5400000000004
      ],
      [
        -1336860.569999999,
        2973.96
      ],
      [
        -1340861.0699999984,
        3012.4100000000003
      ],
      [
        -1336366.3299999987,
        2955.9399999999996
      ],
      [
        -1339932.4799999986,
        2995.94
      ],
      [
        -1338684.919999995,
        2981.9300000000003
      ],
      [
        -1321243.6499999978,
        2832.0400000000004
      ],
      [
        -1339610.4299999948,
        2986.96
      ],
      [
        -1334146.6099999987,
        2932.9900000000007
      ],
      [
        -1325209.6799999976,
        2835.0700000000006
      ],
      [
        -1334773.3799999952,
        2933.99
      ],
      [
        -1333540.6999999953,
        2906.9900000000007
      ],
      [
        -1336470.7899999986,
        2956.44
      ],
      [
        -1327345.4299999978,
        2840.5400000000004
      ],
      [
        -1347163.069999997,
        3061.8300000000004
      ],
      [
        -1337863.5599999987,
        2975.4600000000005
      ],
      [
        -1329261.9999999977,
        2871.02
      ],
      [
        -1305977.639999997,
        2767.5899999999992
      ],
      [
        -1315895.9999999981,
        2804.55
      ]
    ]
  },
  "solutions_count": 25,
  "solutions_directory": "../results/NSGA2\\solutions\\users3\\uniform_inversion_high_mutation\\run5"
}