{
  "solution": [
    8,
    16,
    17,
    9,
    5,
    3,
    15,
    5,
    5,
    17,
    16,
    17,
    16,
    17,
    17,
    2,
    16,
    17,
    8,
    15,
    2,
    9,
    17,
    9,
    16,
    8,
    17,
    17,
    8,
    1,
    17,
    5,
    6,
    8,
    8,
    17,
    2,
    17,
    15,
    2,
    17,
    9,
    8,
    2,
    7,
    17,
    8,
    8,
    8,
    2,
    12,
    17,
    6,
    4,
    13,
    6,
    16,
    7,
    17,
    16,
    16,
    4,
    15,
    8,
    2,
    18,
    13,
    17,
    5,
    3,
    2,
    16,
    17,
    5,
    16,
    5,
    16,
    9,
    12,
    6,
    17,
    18,
    5,
    5,
    8,
    5,
    9,
    6,
    2,
    9,
    8,
    2,
    1,
    17,
    15,
    4,
    16,
    5,
    15,
    8,
    17,
    1,
    3,
    6,
    17,
    6,
    15,
    8,
    16,
    6,
    17,
    3,
    16,
    18,
    4,
    5,
    5,
    11,
    17,
    17,
    3,
    2,
    4,
    17,
    8,
    2,
    11,
    5,
    13,
    8,
    5,
    16,
    1,
    9,
    5,
    18,
    1,
    2,
    9,
    2,
    6,
    9,
    1,
    5,
    8,
    6,
    16,
    4,
    11,
    16,
    2,
    17,
    5,
    4,
    8,
    1,
    17,
    13,
    17,
    10,
    9,
    6,
    8,
    5,
    16,
    6,
    16,
    17,
    4,
    2,
    6,
    10,
    9,
    17,
    16,
    1,
    6,
    5,
    17,
    16,
    9,
    2,
    16,
    8,
    17,
    15,
    4,
    8,
    3,
    5,
    17,
    16,
    1,
    3,
    17,
    4,
    13,
    15,
    17,
    5,
    1,
    4,
    17,
    10,
    4,
    7,
    9,
    5,
    16,
    8,
    8,
    6,
    9,
    2,
    4,
    8,
    6,
    2,
    18,
    16,
    18,
    17,
    9,
    4,
    9,
    6,
    18,
    2,
    2,
    8,
    8,
    5,
    14,
    8,
    5,
    17,
    18,
    7,
    10,
    7,
    15,
    6,
    17,
    15,
    17,
    2,
    2,
    17,
    5,
    4,
    6,
    18,
    2,
    2,
    5,
    15,
    10,
    8,
    5,
    8,
    8,
    8,
    6,
    9,
    7,
    4,
    12,
    16,
    16,
    12,
    9,
    1,
    5,
    1,
    13,
    17,
    15,
    5,
    17,
    5,
    17,
    10,
    16,
    17,
    15,
    9,
    4,
    2,
    2,
    16,
    6,
    9,
    5,
    15,
    15,
    4,
    8,
    11,
    4,
    1
  ],
  "objectives": [
    380789.7300000002,
    1167.2
  ],
  "fitness": {
    "minutos_ponderados": 380789.7300000002,
    "costo_total": 1167.2
  }
}