{
  "solution": [
    9,
    17,
    8,
    10,
    17,
    9,
    3,
    9,
    17,
    6,
    9,
    8,
    16,
    8,
    17,
    2,
    17,
    17,
    16,
    5,
    4,
    15,
    14,
    8,
    16,
    3,
    5,
    17,
    2,
    4,
    16,
    2,
    17,
    5,
    5,
    10,
    1,
    6,
    15,
    10,
    2,
    6,
    8,
    6,
    16,
    6,
    16,
    2,
    17,
    8,
    18,
    13,
    9,
    2,
    5,
    2,
    13,
    1,
    8,
    16,
    17,
    6,
    9,
    17,
    5,
    9,
    4,
    8,
    17,
    6,
    9,
    6,
    2,
    17,
    2,
    5,
    8,
    17,
    9,
    15,
    16,
    1,
    4,
    6,
    17,
    8,
    16,
    17,
    16,
    16,
    8,
    5,
    17,
    5,
    2,
    9,
    10,
    17,
    16,
    5,
    5,
    5,
    12,
    4,
    8,
    17,
    15,
    6,
    7,
    5,
    17,
    16,
    4,
    17,
    6,
    18,
    5,
    17,
    9,
    6,
    2,
    8,
    2,
    8,
    4,
    15,
    6,
    1,
    9,
    4,
    3,
    6,
    4,
    5,
    2,
    3,
    17,
    6,
    2,
    18,
    14,
    9,
    3,
    6,
    17,
    17,
    11,
    2,
    12,
    10,
    2,
    16,
    7,
    16,
    4,
    1,
    2,
    10,
    15,
    17,
    14,
    6,
    6,
    10,
    8,
    17,
    9,
    9,
    18,
    5,
    4,
    13,
    15,
    4,
    8,
    17,
    16,
    17,
    16,
    8,
    7,
    9,
    2,
    8,
    8,
    2,
    18,
    11,
    15,
    6,
    5,
    4,
    16,
    8,
    7,
    5,
    17,
    7,
    2,
    16,
    17,
    9,
    11,
    8,
    16,
    16,
    10,
    11,
    15,
    2,
    8,
    18,
    2,
    3,
    3,
    17,
    10,
    9,
    4,
    17,
    17,
    5,
    2,
    10,
    4,
    7,
    8,
    4,
    10,
    16,
    11,
    5,
    5,
    4,
    5,
    15,
    18,
    15,
    17,
    8,
    2,
    5,
    17,
    15,
    16,
    1,
    4,
    8,
    17,
    8,
    18,
    6,
    1,
    8,
    2,
    15,
    4,
    8,
    16,
    17,
    17,
    18,
    12,
    4,
    5,
    16,
    2,
    8,
    5,
    8,
    5,
    18,
    2,
    15,
    9,
    4,
    16,
    2,
    8,
    12,
    6,
    8,
    2,
    9,
    4,
    15,
    2,
    2,
    17,
    16,
    7,
    17,
    17,
    6,
    9,
    4,
    14,
    4,
    17,
    4
  ],
  "objectives": [
    401223.30999999965,
    1260.66
  ],
  "fitness": {
    "minutos_ponderados": 401223.30999999965,
    "costo_total": 1260.66
  }
}