{
  "solution": [
    10,
    17,
    4,
    17,
    2,
    17,
    4,
    6,
    4,
    15,
    9,
    17,
    16,
    15,
    15,
    4,
    7,
    9,
    9,
    2,
    17,
    12,
    18,
    18,
    17,
    3,
    16,
    4,
    18,
    17,
    8,
    2,
    7,
    6,
    16,
    16,
    2,
    7,
    5,
    13,
    3,
    15,
    16,
    2,
    8,
    4,
    10,
    5,
    15,
    8,
    5,
    1,
    1,
    8,
    13,
    17,
    12,
    3,
    15,
    17,
    4,
    4,
    6,
    2,
    1,
    1,
    13,
    17,
    10,
    4,
    8,
    16,
    8,
    2,
    18,
    2,
    4,
    8,
    6,
    3,
    13,
    6,
    5,
    6,
    11,
    2,
    17,
    17,
    8,
    6,
    4,
    15,
    16,
    8,
    4,
    3,
    5,
    3,
    11,
    16,
    4,
    9,
    15,
    3,
    17,
    11,
    16,
    8,
    1,
    5,
    1,
    5,
    15,
    2,
    16,
    14,
    11,
    1,
    8,
    1,
    16,
    3,
    7,
    5,
    15,
    2,
    17,
    14,
    12,
    11,
    5,
    14,
    6,
    16,
    8,
    17,
    2,
    16,
    16,
    15,
    13,
    1,
    8,
    5,
    2,
    6,
    11,
    18,
    13,
    2,
    4,
    7,
    4,
    13,
    17,
    5,
    2,
    2,
    17,
    5,
    16,
    8,
    17,
    17,
    5,
    3,
    11,
    10,
    13,
    3,
    2,
    8,
    16,
    13,
    2,
    4,
    16,
    14,
    16,
    10,
    9,
    17,
    5,
    15,
    5,
    2,
    8,
    5,
    2,
    16,
    2,
    17,
    17,
    17,
    7,
    17,
    11,
    16,
    7,
    2,
    2,
    17,
    11,
    16,
    17,
    15,
    17,
    11,
    10,
    9,
    17,
    8,
    16,
    14,
    17,
    8,
    17,
    8,
    17,
    2,
    2,
    4,
    17,
    2,
    10,
    11,
    10,
    17,
    10,
    17,
    6,
    10,
    4,
    8,
    2,
    1,
    9,
    6,
    16,
    2,
    5,
    17,
    8,
    6,
    4,
    2,
    2,
    4,
    4,
    13,
    2,
    17,
    17,
    17,
    11,
    5,
    2,
    5,
    8,
    16,
    17,
    6,
    17,
    4,
    17,
    6,
    2,
    9,
    8,
    6,
    6,
    12,
    5,
    8,
    6,
    8,
    9,
    3,
    8,
    4,
    17,
    8,
    17,
    15,
    17,
    17,
    16,
    5,
    6,
    5,
    2,
    15,
    8,
    5,
    9,
    2,
    5,
    4,
    2,
    17
  ],
  "objectives": [
    399872.17000000016,
    1253.1599999999999
  ],
  "fitness": {
    "minutos_ponderados": 399872.17000000016,
    "costo_total": 1253.1599999999999
  }
}