{
  "solution": [
    17,
    2,
    17,
    17,
    17,
    17,
    4,
    12,
    17,
    17,
    16,
    17,
    16,
    17,
    17,
    17,
    2,
    17,
    2,
    2,
    4,
    17,
    17,
    5,
    17,
    8,
    17,
    17,
    17,
    5,
    17,
    7,
    17,
    8,
    17,
    17,
    2,
    5,
    17,
    17,
    4,
    8,
    8,
    17,
    11,
    17,
    8,
    9,
    5,
    17,
    7,
    17,
    17,
    17,
    17,
    15,
    17,
    17,
    17,
    9,
    8,
    17,
    17,
    17,
    17,
    17,
    16,
    17,
    17,
    8,
    17,
    8,
    8,
    8,
    17,
    17,
    17,
    17,
    17,
    17,
    17,
    13,
    15,
    5,
    15,
    8,
    17,
    17,
    18,
    17,
    17,
    2,
    17,
    17,
    15,
    17,
    8,
    8,
    17,
    17,
    17,
    17,
    17,
    17,
    17,
    11,
    17,
    15,
    3,
    17,
    17,
    17,
    17,
    17,
    8,
    5,
    17,
    17,
    17,
    15,
    2,
    17,
    17,
    8,
    17,
    17,
    12,
    17,
    17,
    4,
    4,
    8,
    4,
    17,
    11,
    17,
    17,
    6,
    8,
    3,
    6,
    9,
    2,
    17,
    17,
    8,
    17,
    17,
    8,
    16,
    12,
    17,
    17,
    17,
    17,
    17,
    17,
    9,
    2,
    18,
    4,
    8,
    2,
    6,
    17,
    5,
    10,
    8,
    8,
    17,
    17,
    15,
    17,
    16,
    8,
    8,
    16,
    7,
    16,
    17,
    16,
    2,
    2,
    17,
    17,
    17,
    17,
    17,
    17,
    17,
    17,
    6,
    17,
    6,
    4,
    16,
    8,
    17,
    17,
    17,
    8,
    17,
    5,
    17,
    8,
    17,
    17,
    17,
    17,
    17,
    8,
    8,
    17,
    15,
    17,
    17,
    17,
    17,
    17,
    8,
    17,
    17,
    17,
    17,
    6,
    17,
    17,
    17,
    17,
    17,
    4,
    8,
    4,
    17,
    2,
    17,
    15,
    16,
    17,
    17,
    8,
    17,
    17,
    2,
    11,
    17,
    4,
    17,
    17,
    8,
    5,
    5,
    2,
    16,
    1,
    17,
    17,
    13,
    2,
    16,
    5,
    13,
    16,
    8,
    13,
    17,
    17,
    2,
    17,
    17,
    4,
    16,
    5,
    17,
    17,
    17,
    17,
    17,
    2,
    17,
    6,
    2,
    17,
    8,
    17,
    17,
    14,
    17,
    17,
    9,
    17,
    8,
    8,
    8,
    17,
    8,
    17,
    5,
    15,
    16
  ],
  "objectives": [
    329936.8100000001,
    1080.5800000000002
  ],
  "fitness": {
    "minutos_ponderados": 329936.8100000001,
    "costo_total": 1080.5800000000002
  }
}