{
  "solution": [
    16,
    8,
    2,
    17,
    8,
    16,
    2,
    17,
    5,
    17,
    17,
    17,
    17,
    4,
    17,
    17,
    16,
    17,
    17,
    16,
    17,
    9,
    17,
    17,
    16,
    2,
    8,
    17,
    17,
    17,
    16,
    8,
    17,
    7,
    9,
    17,
    17,
    2,
    17,
    4,
    17,
    17,
    17,
    4,
    17,
    17,
    8,
    10,
    16,
    17,
    2,
    17,
    17,
    17,
    17,
    17,
    17,
    17,
    17,
    17,
    9,
    17,
    17,
    17,
    17,
    17,
    2,
    17,
    5,
    17,
    2,
    9,
    7,
    3,
    8,
    17,
    17,
    17,
    6,
    17,
    16,
    17,
    10,
    17,
    17,
    9,
    16,
    17,
    15,
    17,
    17,
    17,
    17,
    17,
    8,
    5,
    17,
    17,
    17,
    8,
    17,
    6,
    17,
    17,
    16,
    17,
    17,
    17,
    17,
    17,
    17,
    8,
    13,
    17,
    12,
    2,
    16,
    8,
    17,
    17,
    4,
    17,
    5,
    17,
    5,
    16,
    16,
    15,
    5,
    17,
    17,
    2,
    17,
    17,
    2,
    17,
    4,
    7,
    16,
    17,
    16,
    8,
    17,
    17,
    17,
    17,
    17,
    17,
    17,
    2,
    17,
    8,
    17,
    16,
    17,
    17,
    10,
    8,
    17,
    8,
    17,
    17,
    8,
    16,
    17,
    17,
    8,
    17,
    17,
    17,
    3,
    17,
    17,
    10,
    17,
    17,
    8,
    17,
    17,
    17,
    17,
    17,
    17,
    15,
    17,
    17,
    2,
    8,
    16,
    8,
    17,
    17,
    17,
    17,
    2,
    17,
    17,
    17,
    17,
    8,
    1,
    2,
    8,
    5,
    15,
    17,
    17,
    6,
    17,
    15,
    17,
    8,
    17,
    8,
    8,
    17,
    17,
    17,
    17,
    8,
    17,
    17,
    16,
    8,
    4,
    16,
    16,
    13,
    8,
    2,
    13,
    1,
    17,
    11,
    17,
    17,
    17,
    17,
    2,
    14,
    17,
    11,
    9,
    2,
    8,
    17,
    7,
    17,
    17,
    17,
    17,
    14,
    17,
    17,
    2,
    17,
    8,
    4,
    17,
    17,
    17,
    17,
    17,
    17,
    4,
    17,
    17,
    8,
    8,
    17,
    2,
    17,
    17,
    17,
    17,
    17,
    17,
    16,
    9,
    17,
    17,
    8,
    17,
    8,
    7,
    9,
    17,
    17,
    2,
    15,
    8,
    5,
    5,
    17,
    17,
    17,
    5,
    17,
    17,
    17
  ],
  "objectives": [
    312177.56000000023,
    1052.54
  ],
  "fitness": {
    "minutos_ponderados": 312177.56000000023,
    "costo_total": 1052.54
  }
}