{
  "solution": [
    17,
    4,
    17,
    4,
    17,
    17,
    17,
    17,
    17,
    17,
    17,
    17,
    17,
    16,
    4,
    17,
    17,
    17,
    6,
    17,
    17,
    17,
    17,
    5,
    8,
    17,
    17,
    17,
    17,
    3,
    6,
    17,
    17,
    7,
    17,
    17,
    17,
    17,
    8,
    17,
    17,
    17,
    17,
    17,
    17,
    17,
    17,
    17,
    17,
    17,
    17,
    17,
    17,
    17,
    17,
    8,
    17,
    17,
    2,
    17,
    17,
    17,
    17,
    17,
    17,
    17,
    17,
    17,
    17,
    17,
    17,
    17,
    17,
    17,
    17,
    17,
    8,
    17,
    17,
    17,
    17,
    17,
    17,
    14,
    17,
    5,
    10,
    8,
    17,
    8,
    16,
    5,
    17,
    17,
    17,
    17,
    17,
    17,
    17,
    17,
    17,
    15,
    17,
    17,
    17,
    17,
    17,
    17,
    17,
    16,
    16,
    8,
    17,
    17,
    8,
    17,
    5,
    17,
    17,
    17,
    8,
    12,
    17,
    13,
    8,
    17,
    17,
    17,
    17,
    8,
    6,
    17,
    4,
    8,
    5,
    17,
    4,
    8,
    6,
    17,
    17,
    5,
    17,
    17,
    10,
    8,
    2,
    17,
    5,
    8,
    17,
    17,
    17,
    17,
    17,
    8,
    17,
    15,
    17,
    8,
    4,
    6,
    8,
    17,
    17,
    17,
    4,
    17,
    17,
    8,
    5,
    17,
    14,
    17,
    8,
    4,
    17,
    17,
    17,
    4,
    8,
    8,
    17,
    9,
    7,
    8,
    15,
    17,
    18,
    17,
    17,
    17,
    17,
    8,
    17,
    17,
    17,
    17,
    9,
    17,
    17,
    17,
    2,
    5,
    17,
    17,
    17,
    17,
    17,
    17,
    8,
    17,
    8,
    17,
    17,
    17,
    17,
    8,
    17,
    17,
    17,
    17,
    9,
    2,
    17,
    8,
    8,
    8,
    15,
    17,
    5,
    17,
    17,
    17,
    4,
    17,
    15,
    8,
    16,
    8,
    17,
    5,
    5,
    17,
    17,
    17,
    17,
    8,
    17,
    17,
    17,
    16,
    12,
    17,
    17,
    17,
    17,
    17,
    12,
    17,
    17,
    5,
    17,
    17,
    8,
    17,
    17,
    8,
    17,
    17,
    16,
    17,
    5,
    17,
    5,
    2,
    10,
    17,
    17,
    17,
    17,
    8,
    17,
    17,
    17,
    17,
    17,
    17,
    1,
    17,
    17,
    4,
    6,
    2,
    17,
    17,
    17,
    17,
    17,
    17
  ],
  "objectives": [
    423177.27999999974,
    1014.4300000000001
  ],
  "fitness": {
    "minutos_ponderados": 423177.27999999974,
    "costo_total": 1014.4300000000001
  }
}