{
  "run_info": {
    "dataset": "users3.json",
    "config": "uniform_reset_high_crossover",
    "run": 5,
    "execution_time": 205.38515043258667,
    "generations": 33,
    "pareto_size": 18,
    "pareto_points": [
      [
        -1168446.1599999976,
        3701.38
      ],
      [
        -1161851.629999997,
        3645.4300000000003
      ],
      [
        -1166934.6899999974,
        3668.420000000001
      ],
      [
        -1159265.1099999978,
        3620.4100000000008
      ],
      [
        -1160776.5799999977,
        3627.3999999999996
      ],
      [
        -1169304.5399999975,
        3709.35
      ],
      [
        -1169521.209999997,
        3715.4100000000008
      ],
      [
        -1173526.8399999975,
        3770.87
      ],
      [
        -1153783.0299999972,
        3613.0200000000004
      ],
      [
        -1170379.589999997,
        3727.390000000001
      ],
      [
        -1171891.0599999977,
        3736.3600000000006
      ],
      [
        -1172015.3699999976,
        3751.9000000000005
      ],
      [
        -1164221.4799999974,
        3660.3900000000003
      ],
      [
        -1163363.0999999973,
        3658.4100000000008
      ],
      [
        -1172668.4599999976,
        3752.9000000000005
      ],
      [
        -1171032.6799999976,
        3734.38
      ],
      [
        -1161634.9599999976,
        3635.37
      ],
      [
        -1167793.0699999973,
        3686.3900000000003
      ]
    ]
  },
  "solutions_count": 18,
  "solutions_directory": "../results/SPEA2\\solutions\\users3\\uniform_reset_high_crossover\\run5"
}