{
  "run_info": {
    "dataset": "users1.json",
    "config": "uniform_inversion_high_mutation",
    "run": 11,
    "execution_time": 169.15485000610352,
    "generations": 73,
    "pareto_size": 17,
    "pareto_points": [
      [
        -487613.8499999994,
        1049.2099999999998
      ],
      [
        -490789.8099999992,
        1057.19
      ],
      [
        -484877.7299999998,
        1041.15
      ],
      [
        -486675.3999999995,
        1049.1999999999998
      ],
      [
        -499903.8399999997,
        1106.65
      ],
      [
        -497730.9999999993,
        1087.2199999999998
      ],
      [
        -495585.26999999944,
        1063.69
      ],
      [
        -501250.24999999965,
        1123.15
      ],
      [
        -498452.45999999973,
        1101.67
      ],
      [
        -502754.0899999997,
        1167.1100000000001
      ],
      [
        -498532.6099999998,
        1102.69
      ],
      [
        -498913.2399999995,
        1105.17
      ],
      [
        -500537.5499999998,
        1119.16
      ],
      [
        -496672.90999999933,
        1069.74
      ],
      [
        -476941.36,
        1036.6899999999998
      ],
      [
        -501685.28999999986,
        1135.65
      ],
      [
        -487965.7399999996,
        1049.21
      ]
    ]
  },
  "solutions_count": 17,
  "solutions_directory": "C:\\Users\\hctr0\\PycharmProjects\\TFG_Hector\\31Executions\\NSGA2\\solutions\\users1\\uniform_inversion_high_mutation\\run11"
}