{
  "solution": [
    17,
    15,
    17,
    15,
    14,
    17,
    5,
    17,
    15,
    11,
    12,
    7,
    6,
    4,
    5,
    2,
    2,
    8,
    16,
    4,
    4,
    6,
    2,
    14,
    14,
    16,
    7,
    2,
    2,
    6,
    8,
    18,
    17,
    1,
    13,
    15,
    2,
    1,
    2,
    11,
    8,
    16,
    5,
    6,
    6,
    16,
    16,
    10,
    17,
    7,
    11,
    4,
    16,
    17,
    2,
    4,
    11,
    8,
    2,
    6,
    10,
    4,
    2,
    15,
    6,
    4,
    2,
    17,
    1,
    12,
    4,
    8,
    8,
    1,
    6,
    8,
    11,
    12,
    12,
    5,
    16,
    11,
    5,
    8,
    6,
    17,
    17,
    5,
    5,
    16,
    4,
    6,
    6,
    16,
    15,
    2,
    5,
    5,
    6,
    16,
    13,
    3,
    4,
    9,
    10,
    14,
    7,
    5,
    2,
    17,
    1,
    4,
    17,
    1,
    2,
    17,
    12,
    3,
    1,
    10,
    16,
    4,
    4,
    2,
    15,
    8,
    13,
    17,
    17,
    17,
    6,
    2,
    16,
    8,
    14,
    3,
    12,
    5,
    15,
    5,
    1,
    17,
    4,
    10,
    6,
    8,
    9,
    12,
    9,
    7,
    14,
    17,
    6,
    12,
    1,
    5,
    6,
    11,
    16,
    15,
    8,
    3,
    16,
    4,
    6,
    17,
    14,
    5,
    5,
    17,
    11,
    5,
    12,
    15,
    9,
    10,
    9,
    8,
    16,
    8,
    8,
    16,
    5,
    12,
    2,
    6,
    15,
    2,
    6,
    17,
    14,
    8,
    17,
    6,
    16,
    13,
    2,
    5,
    8,
    2,
    10,
    17,
    2,
    9,
    8,
    5,
    15,
    2,
    17,
    17,
    4,
    5,
    13,
    16,
    3,
    5,
    2,
    17,
    17,
    5,
    5,
    16,
    17,
    5,
    2,
    4,
    6,
    5,
    5,
    16,
    16,
    8,
    2,
    12,
    3,
    12,
    5,
    2,
    4,
    13,
    8,
    7,
    2,
    17,
    2,
    17,
    17,
    14,
    9,
    2,
    8,
    1,
    5,
    8,
    10,
    9,
    8,
    2,
    5,
    8,
    10,
    9,
    13,
    17,
    5,
    15,
    9,
    6,
    17,
    16,
    15,
    16,
    5,
    8,
    8,
    6,
    6,
    17,
    5,
    16,
    17,
    17,
    5,
    16,
    17,
    17,
    4,
    2,
    14,
    4,
    1,
    8,
    6,
    17,
    4,
    16,
    8,
    11,
    2,
    8
  ],
  "objectives": [
    426297.1500000001,
    1336.6899999999996
  ],
  "fitness": {
    "minutos_ponderados": 426297.1500000001,
    "costo_total": 1336.6899999999996
  }
}