{
  "solution": [
    8,
    15,
    7,
    17,
    8,
    7,
    17,
    5,
    4,
    2,
    17,
    2,
    7,
    2,
    10,
    7,
    2,
    9,
    17,
    1,
    4,
    13,
    4,
    14,
    15,
    1,
    17,
    4,
    6,
    1,
    5,
    17,
    2,
    9,
    3,
    4,
    17,
    17,
    17,
    14,
    17,
    17,
    11,
    2,
    4,
    11,
    6,
    14,
    6,
    12,
    8,
    2,
    16,
    3,
    17,
    6,
    17,
    8,
    1,
    2,
    7,
    17,
    9,
    4,
    5,
    4,
    16,
    2,
    3,
    17,
    6,
    17,
    6,
    5,
    16,
    17,
    17,
    17,
    16,
    17,
    2,
    18,
    10,
    17,
    6,
    1,
    17,
    2,
    17,
    18,
    8,
    5,
    7,
    3,
    2,
    5,
    7,
    4,
    17,
    17,
    6,
    10,
    5,
    8,
    6,
    13,
    1,
    1,
    17,
    6,
    1,
    17,
    4,
    17,
    9,
    6,
    16,
    2,
    3,
    16,
    16,
    6,
    17,
    6,
    6,
    15,
    6,
    4,
    9,
    18,
    16,
    18,
    16,
    2,
    13,
    1,
    6,
    5,
    11,
    17,
    5,
    2,
    4,
    2,
    2,
    18,
    14,
    10,
    1,
    9,
    17,
    4,
    17,
    16,
    18,
    7,
    5,
    9,
    7,
    6,
    17,
    12,
    17,
    9,
    2,
    8,
    8,
    17,
    15,
    10,
    3,
    17,
    13,
    6,
    2,
    6,
    14,
    5,
    14,
    6,
    8,
    7,
    5,
    17,
    6,
    5,
    9,
    1,
    17,
    1,
    6,
    6,
    17,
    3,
    5,
    3,
    11,
    9,
    4,
    6,
    6,
    4,
    2,
    17,
    7,
    17,
    17,
    17,
    17,
    8,
    16,
    6,
    6,
    17,
    2,
    2,
    8,
    17,
    2,
    6,
    2,
    11,
    16,
    5,
    6,
    5,
    16,
    17,
    18,
    6,
    17,
    17,
    8,
    9,
    2,
    6,
    2,
    2,
    5,
    9,
    10,
    16,
    15,
    6,
    15,
    6,
    10,
    11,
    17,
    2,
    5,
    8,
    2,
    17,
    3,
    13,
    6,
    3,
    17,
    10,
    2,
    3,
    16,
    12,
    4,
    4,
    8,
    2,
    17,
    11,
    8,
    17,
    11,
    7,
    17,
    5,
    4,
    15,
    14,
    17,
    16,
    15,
    16,
    2,
    14,
    15,
    2,
    16,
    10,
    8,
    14,
    10,
    8,
    17,
    17,
    17,
    14,
    2,
    10,
    10
  ],
  "objectives": [
    421312.26999999926,
    1336.4499999999998
  ],
  "fitness": {
    "minutos_ponderados": 421312.26999999926,
    "costo_total": 1336.4499999999998
  }
}