{
  "run_info": {
    "dataset": "users3.json",
    "config": "uniform_reset_low_mutation",
    "run": 4,
    "execution_time": 1088.6985824108124,
    "generations": 105,
    "pareto_size": 34,
    "pareto_points": [
      [
        -1228103.010000001,
        3254.1499999999996
      ],
      [
        -1262923.2700000012,
        3440.54
      ],
      [
        -1260182.570000001,
        3417.55
      ],
      [
        -1250214.7100000014,
        3312.5800000000004
      ],
      [
        -1263952.8000000014,
        3483.5000000000005
      ],
      [
        -1239593.0900000012,
        3267.5600000000004
      ],
      [
        -1250518.8300000012,
        3319.57
      ],
      [
        -1232614.110000001,
        3254.6499999999996
      ],
      [
        -1255068.870000001,
        3356.58
      ],
      [
        -1253386.120000001,
        3349.0899999999992
      ],
      [
        -1237611.9800000014,
        3261.6
      ],
      [
        -1244828.2500000014,
        3289.59
      ],
      [
        -1254023.5200000014,
        3350.6000000000004
      ],
      [
        -1252819.3700000013,
        3329.5999999999995
      ],
      [
        -1258496.800000001,
        3391.5899999999997
      ],
      [
        -1254590.2700000012,
        3351.0900000000006
      ],
      [
        -1258901.7500000007,
        3395.0899999999997
      ],
      [
        -1260814.400000001,
        3434.5499999999997
      ],
      [
        -1249843.9800000004,
        3309.59
      ],
      [
        -1263648.6800000016,
        3462.52
      ],
      [
        -1260283.400000001,
        3425.0499999999997
      ],
      [
        -1260509.5800000015,
        3431.05
      ],
      [
        -1257113.860000001,
        3361.11
      ],
      [
        -1253074.9100000013,
        3338.53
      ],
      [
        -1249645.1700000006,
        3303.05
      ],
      [
        -1246173.6300000013,
        3292.54
      ],
      [
        -1240459.4000000015,
        3285.6
      ],
      [
        -1257965.800000001,
        3377.0899999999997
      ],
      [
        -1221518.4200000002,
        3214.1400000000003
      ],
      [
        -1221988.28,
        3224.15
      ],
      [
        -1226826.8900000001,
        3249.0499999999997
      ],
      [
        -1259862.1100000008,
        3402.0699999999997
      ],
      [
        -1260088.9900000007,
        3412.57
      ],
      [
        -1223708.0100000002,
        3245.58
      ]
    ]
  },
  "solutions_count": 34,
  "solutions_directory": "../results/NSGA2\\solutions\\users3\\uniform_reset_low_mutation\\run4"
}