{
  "run_info": {
    "dataset": "users3.json",
    "config": "uniform_inversion_high_mutation",
    "run": 29,
    "execution_time": 479.78339743614197,
    "generations": 63,
    "pareto_size": 16,
    "pareto_points": [
      [
        -1151265.9199999976,
        3321.04
      ],
      [
        -1217523.769999997,
        3431.03
      ],
      [
        -1212079.9499999972,
        3427.5099999999998
      ],
      [
        -1222495.2299999986,
        3434.4700000000003
      ],
      [
        -1225703.3799999976,
        3456.42
      ],
      [
        -1203872.5199999977,
        3408.9400000000005
      ],
      [
        -1269575.859999997,
        3680.3600000000006
      ],
      [
        -1276853.2499999988,
        3688.9400000000005
      ],
      [
        -1186057.439999997,
        3364.41
      ],
      [
        -1196693.1299999994,
        3381.0299999999997
      ],
      [
        -1258619.6199999978,
        3531.8800000000006
      ],
      [
        -1249470.9199999985,
        3475.4199999999996
      ],
      [
        -1241228.949999998,
        3461.420000000001
      ],
      [
        -1188776.0799999977,
        3375.4500000000007
      ],
      [
        -1266383.029999998,
        3615.3500000000004
      ],
      [
        -1181323.7999999973,
        3336.6
      ]
    ]
  },
  "solutions_count": 16,
  "solutions_directory": "C:\\Users\\hctr0\\PycharmProjects\\TFG_Hector\\31Executions\\NSGA2\\solutions\\users3\\uniform_inversion_high_mutation\\run29"
}