{
  "run_info": {
    "dataset": "users2.json",
    "config": "uniform_inversion_high_mutation",
    "run": 14,
    "execution_time": 728.2416951656342,
    "generations": 184,
    "pareto_size": 20,
    "pareto_points": [
      [
        -845412.5900000005,
        2010.02
      ],
      [
        -859517.2500000012,
        2143.4399999999996
      ],
      [
        -862655.4000000005,
        2158.42
      ],
      [
        -862021.4500000012,
        2150.45
      ],
      [
        -831115.0100000001,
        2007.55
      ],
      [
        -821302.5599999998,
        1976.5199999999998
      ],
      [
        -855394.5500000007,
        2084.96
      ],
      [
        -857464.7800000004,
        2098.45
      ],
      [
        -857505.5900000009,
        2110.45
      ],
      [
        -850859.0700000015,
        2019.0099999999998
      ],
      [
        -865954.7800000014,
        2216.37
      ],
      [
        -857613.5800000002,
        2124.95
      ],
      [
        -856913.0200000011,
        2098.0099999999998
      ],
      [
        -855017.7800000006,
        2077.52
      ],
      [
        -865118.5200000013,
        2168.39
      ],
      [
        -859746.0200000003,
        2146.42
      ],
      [
        -866884.9500000012,
        2269.83
      ],
      [
        -858877.2900000011,
        2141.44
      ],
      [
        -866646.7700000006,
        2219.36
      ],
      [
        -852968.1600000004,
        2037.0399999999997
      ]
    ]
  },
  "solutions_count": 20,
  "solutions_directory": "C:\\Users\\hctr0\\PycharmProjects\\TFG_Hector\\31Executions\\NSGA2\\solutions\\users2\\uniform_inversion_high_mutation\\run14"
}