{
  "run_info": {
    "dataset": "users3.json",
    "config": "uniform_reset_low_mutation",
    "run": 1,
    "execution_time": 665.5756566524506,
    "generations": 66,
    "pareto_size": 22,
    "pareto_points": [
      [
        -1212840.1599999995,
        3288.13
      ],
      [
        -1223547.4600000007,
        3310.59
      ],
      [
        -1217567.6699999997,
        3296.1000000000004
      ],
      [
        -1248558.230000001,
        3468.4700000000003
      ],
      [
        -1234739.3700000003,
        3338.5800000000004
      ],
      [
        -1234012.2000000004,
        3329.1
      ],
      [
        -1245729.460000001,
        3412.46
      ],
      [
        -1240102.59,
        3363.0200000000004
      ],
      [
        -1243767.5100000002,
        3374.56
      ],
      [
        -1251808.040000001,
        3526.4400000000005
      ],
      [
        -1244104.6800000009,
        3402.48
      ],
      [
        -1236429.75,
        3343.54
      ],
      [
        -1249113.6600000006,
        3473.4900000000007
      ],
      [
        -1247325.1600000004,
        3415.540000000001
      ],
      [
        -1244555.78,
        3407.99
      ],
      [
        -1247881.5100000002,
        3419.52
      ],
      [
        -1233448.16,
        3320.0699999999997
      ],
      [
        -1228783.63,
        3317.09
      ],
      [
        -1240466.7799999998,
        3368.1
      ],
      [
        -1250335.5500000005,
        3476.47
      ],
      [
        -1250699.3199999994,
        3508.41
      ],
      [
        -1236573.4900000002,
        3355.5699999999997
      ]
    ]
  },
  "solutions_count": 22,
  "solutions_directory": "../results/NSGA2\\solutions\\users3\\uniform_reset_low_mutation\\run1"
}