{
  "run_info": {
    "dataset": "users2.json",
    "config": "npoint_inversion_low_mutation",
    "run": 2,
    "execution_time": 270.0624964237213,
    "generations": 77,
    "pareto_size": 25,
    "pareto_points": [
      [
        -740473.1700000013,
        2560.66
      ],
      [
        -741981.1900000012,
        2567.65
      ],
      [
        -737356.8300000011,
        2547.17
      ],
      [
        -761800.4600000022,
        2675.6600000000003
      ],
      [
        -758893.9900000023,
        2638.0800000000004
      ],
      [
        -760869.2200000021,
        2643.0699999999997
      ],
      [
        -740883.5100000019,
        2562.620000000001
      ],
      [
        -777807.9600000009,
        2740.13
      ],
      [
        -775808.580000001,
        2713.15
      ],
      [
        -687818.5200000015,
        2491.1800000000003
      ],
      [
        -753970.5700000022,
        2620.5700000000006
      ],
      [
        -776312.3200000011,
        2726.69
      ],
      [
        -757557.0400000021,
        2632.08
      ],
      [
        -735850.3600000013,
        2535.18
      ],
      [
        -774378.2800000012,
        2689.16
      ],
      [
        -740178.5900000016,
        2551.6300000000006
      ],
      [
        -674226.2800000015,
        2442.71
      ],
      [
        -687094.3000000011,
        2472.7200000000003
      ],
      [
        -774472.2500000012,
        2707.69
      ],
      [
        -713009.3600000015,
        2498.14
      ],
      [
        -682819.7200000014,
        2465.6600000000003
      ],
      [
        -750500.3300000022,
        2620.57
      ],
      [
        -733919.460000001,
        2516.62
      ],
      [
        -772338.3400000011,
        2678.1500000000005
      ],
      [
        -747903.4200000012,
        2570.61
      ]
    ]
  },
  "solutions_count": 25,
  "solutions_directory": "../results/SPEA2\\solutions\\users2\\npoint_inversion_low_mutation\\run2"
}