{
  "run_info": {
    "dataset": "users5.json",
    "config": "uniform_reset_high_crossover",
    "run": 2,
    "execution_time": 3859.8882415294647,
    "generations": 101,
    "pareto_size": 22,
    "pareto_points": [
      [
        -3179785.1699999934,
        8236.980000000001
      ],
      [
        -3243993.1399999945,
        8478.89
      ],
      [
        -3239103.519999994,
        8440.400000000001
      ],
      [
        -3200613.5499999938,
        8274.39
      ],
      [
        -3238434.6899999944,
        8427.94
      ],
      [
        -3247754.979999995,
        8514.79
      ],
      [
        -3199938.2599999947,
        8258.49
      ],
      [
        -3252489.659999994,
        8567.35
      ],
      [
        -3242643.3299999945,
        8477.35
      ],
      [
        -3210774.649999993,
        8296.93
      ],
      [
        -3248350.9899999956,
        8523.810000000003
      ],
      [
        -3210773.3999999934,
        8282.45
      ],
      [
        -3232525.6699999943,
        8374.380000000001
      ],
      [
        -3237588.999999995,
        8394.900000000001
      ],
      [
        -3167589.4999999995,
        8180.530000000002
      ],
      [
        -3225252.239999993,
        8299.91
      ],
      [
        -3185561.459999996,
        8238.439999999999
      ],
      [
        -3251942.439999994,
        8557.85
      ],
      [
        -3227902.689999992,
        8343.95
      ],
      [
        -3242326.3099999935,
        8441.85
      ],
      [
        -3247098.439999993,
        8488.27
      ],
      [
        -3249049.849999995,
        8544.820000000002
      ]
    ]
  },
  "solutions_count": 22,
  "solutions_directory": "../results/NSGA2\\solutions\\users5\\uniform_reset_high_crossover\\run2"
}