{
  "run_info": {
    "dataset": "users1.json",
    "config": "uniform_reset_high_crossover",
    "run": 1,
    "execution_time": 162.76177859306335,
    "generations": 48,
    "pareto_size": 35,
    "pareto_points": [
      [
        -456417.39999999997,
        1314.8799999999997
      ],
      [
        -482690.85000000003,
        1465.8299999999995
      ],
      [
        -472200.2700000003,
        1402.8499999999995
      ],
      [
        -485248.3299999997,
        1527.73
      ],
      [
        -477421.6200000001,
        1432.8499999999997
      ],
      [
        -469555.4100000004,
        1387.3499999999997
      ],
      [
        -470717.5100000001,
        1395.8099999999997
      ],
      [
        -480958.36000000016,
        1449.3499999999997
      ],
      [
        -479285.99000000017,
        1447.32
      ],
      [
        -473152.27000000025,
        1412.2999999999997
      ],
      [
        -462846.3000000004,
        1340.8199999999997
      ],
      [
        -476116.4100000003,
        1423.82
      ],
      [
        -458923.8600000001,
        1323.8199999999997
      ],
      [
        -468985.02000000025,
        1385.8199999999997
      ],
      [
        -482166.1300000002,
        1464.8299999999995
      ],
      [
        -471419.7800000004,
        1397.8199999999997
      ],
      [
        -460716.28,
        1331.3799999999997
      ],
      [
        -464288.3900000003,
        1353.8199999999997
      ],
      [
        -457739.6100000002,
        1320.8
      ],
      [
        -467804.8300000004,
        1377.7999999999997
      ],
      [
        -465412.91,
        1361.37
      ],
      [
        -456305.99,
        1298.8599999999997
      ],
      [
        -463394.5400000004,
        1351.7899999999997
      ],
      [
        -476134.02000000025,
        1429.7999999999997
      ],
      [
        -472724.99000000017,
        1403.8499999999997
      ],
      [
        -467903.34000000026,
        1380.8299999999997
      ],
      [
        -484700.08999999973,
        1491.7699999999998
      ],
      [
        -474589.3600000002,
        1414.3299999999997
      ],
      [
        -469149.4100000002,
        1386.3399999999997
      ],
      [
        -484235.5100000002,
        1476.8099999999997
      ],
      [
        -468929.3500000001,
        1381.8599999999997
      ],
      [
        -464232.72000000015,
        1351.8699999999997
      ],
      [
        -474269.65000000026,
        1413.3299999999997
      ],
      [
        -478966.2800000002,
        1435.3399999999997
      ],
      [
        -465961.14999999997,
        1361.8599999999997
      ]
    ]
  },
  "solutions_count": 35,
  "solutions_directory": "../results/NSGA2\\solutions\\users1\\uniform_reset_high_crossover\\run1"
}