{
  "run_info": {
    "dataset": "users4.json",
    "config": "uniform_inversion_high_mutation",
    "run": 18,
    "execution_time": 1407.3599519729614,
    "generations": 98,
    "pareto_size": 15,
    "pareto_points": [
      [
        -1969687.7600000007,
        5336.79
      ],
      [
        -1936089.4100000022,
        5073.5199999999995
      ],
      [
        -1958980.93,
        5166.43
      ],
      [
        -1954457.940000001,
        5151.540000000002
      ],
      [
        -1951591.2100000011,
        5119.55
      ],
      [
        -1966801.8900000006,
        5203.930000000002
      ],
      [
        -1943620.4200000006,
        5107.0
      ],
      [
        -1968670.0400000007,
        5281.83
      ],
      [
        -1962237.0700000012,
        5186.920000000001
      ],
      [
        -1954140.7100000004,
        5140.960000000001
      ],
      [
        -1968983.5800000005,
        5300.360000000001
      ],
      [
        -1968542.1099999999,
        5261.860000000001
      ],
      [
        -1921446.990000004,
        5047.05
      ],
      [
        -1967297.5500000007,
        5216.460000000002
      ],
      [
        -1955171.82,
        5158.460000000001
      ]
    ]
  },
  "solutions_count": 15,
  "solutions_directory": "C:\\Users\\hctr0\\PycharmProjects\\TFG_Hector\\31Executions\\NSGA2\\solutions\\users4\\uniform_inversion_high_mutation\\run18"
}