{
  "run_info": {
    "dataset": "users5.json",
    "config": "npoint_inversion_high_all",
    "run": 2,
    "execution_time": 2353.966375350952,
    "generations": 109,
    "pareto_size": 32,
    "pareto_points": [
      [
        -2793525.3900000043,
        8809.900000000001
      ],
      [
        -2793004.4600000046,
        8802.87
      ],
      [
        -2793933.9300000044,
        8814.390000000001
      ],
      [
        -2933586.430000006,
        9043.640000000001
      ],
      [
        -2795836.050000005,
        8819.850000000002
      ],
      [
        -2942257.3700000057,
        9063.130000000003
      ],
      [
        -2942626.810000006,
        9071.140000000001
      ],
      [
        -2826418.7400000123,
        8913.170000000002
      ],
      [
        -2980784.0200000047,
        9285.110000000002
      ],
      [
        -2985067.000000006,
        9289.1
      ],
      [
        -2949838.500000006,
        9090.130000000003
      ],
      [
        -2940011.3200000054,
        9045.650000000001
      ],
      [
        -2864665.4300000085,
        8979.190000000002
      ],
      [
        -2966184.0700000096,
        9144.170000000002
      ],
      [
        -3003637.3700000057,
        9378.560000000001
      ],
      [
        -2866931.640000008,
        9001.150000000001
      ],
      [
        -2811183.560000011,
        8828.890000000003
      ],
      [
        -2814549.2000000025,
        8893.810000000001
      ],
      [
        -2948471.830000006,
        9084.630000000001
      ],
      [
        -2986644.6700000064,
        9294.090000000002
      ],
      [
        -2976713.5500000096,
        9220.070000000002
      ],
      [
        -2798648.1700000046,
        8823.36
      ],
      [
        -2990718.0800000033,
        9322.61
      ],
      [
        -2844083.660000015,
        8935.640000000001
      ],
      [
        -2968195.330000008,
        9170.650000000001
      ],
      [
        -2828723.590000013,
        8935.160000000002
      ],
      [
        -2847687.110000014,
        8947.160000000002
      ],
      [
        -3001023.100000005,
        9329.090000000002
      ],
      [
        -2869446.1800000085,
        9023.190000000002
      ],
      [
        -2961403.3200000096,
        9102.190000000002
      ],
      [
        -2798680.8100000042,
        8828.820000000002
      ],
      [
        -2943655.7600000068,
        9084.130000000003
      ]
    ]
  },
  "solutions_count": 32,
  "solutions_directory": "../results/SPEA2\\solutions\\users5\\npoint_inversion_high_all\\run2"
}