{
  "run_info": {
    "dataset": "users4.json",
    "config": "uniform_reset_high_crossover",
    "run": 1,
    "execution_time": 1493.0458760261536,
    "generations": 102,
    "pareto_size": 35,
    "pareto_points": [
      [
        -1839884.0500000024,
        5771.74
      ],
      [
        -1836570.1400000025,
        5741.7699999999995
      ],
      [
        -1857836.7800000024,
        5915.68
      ],
      [
        -1856636.6000000022,
        5907.6900000000005
      ],
      [
        -1855889.2200000018,
        5895.7
      ],
      [
        -1834630.5300000024,
        5720.7699999999995
      ],
      [
        -1839089.200000002,
        5751.2300000000005
      ],
      [
        -1859250.3800000024,
        5938.16
      ],
      [
        -1855021.5500000017,
        5885.7300000000005
      ],
      [
        -1839845.890000002,
        5768.7300000000005
      ],
      [
        -1860119.3300000029,
        5968.099999999999
      ],
      [
        -1852781.1000000017,
        5865.750000000001
      ],
      [
        -1861319.5100000026,
        5998.079999999999
      ],
      [
        -1860450.5600000022,
        5970.129999999999
      ],
      [
        -1851252.620000002,
        5851.760000000001
      ],
      [
        -1850052.4400000018,
        5842.760000000001
      ],
      [
        -1850858.3800000022,
        5845.75
      ],
      [
        -1853981.280000002,
        5878.740000000001
      ],
      [
        -1852120.2900000021,
        5857.7300000000005
      ],
      [
        -1850920.110000002,
        5848.7300000000005
      ],
      [
        -1859268.1200000022,
        5948.66
      ],
      [
        -1856221.7300000018,
        5901.72
      ],
      [
        -1858067.940000002,
        5926.68
      ],
      [
        -1842464.0500000017,
        5797.3
      ],
      [
        -1857089.400000002,
        5911.69
      ],
      [
        -1854848.950000002,
        5882.71
      ],
      [
        -1853648.7700000019,
        5869.72
      ],
      [
        -1849427.0400000024,
        5829.750000000001
      ],
      [
        -1841785.5000000023,
        5773.75
      ],
      [
        -1854396.1500000022,
        5881.71
      ],
      [
        -1852435.060000002,
        5862.24
      ],
      [
        -1858271.840000002,
        5935.150000000001
      ],
      [
        -1842403.1100000024,
        5787.21
      ],
      [
        -1847444.3500000024,
        5799.239999999999
      ],
      [
        -1848322.4300000018,
        5827.280000000002
      ]
    ]
  },
  "solutions_count": 35,
  "solutions_directory": "../results/SPEA2\\solutions\\users4\\uniform_reset_high_crossover\\run1"
}