{
  "run_info": {
    "dataset": "users2.json",
    "config": "npoint_inversion_low_mutation",
    "run": 2,
    "execution_time": 1899.039379119873,
    "generations": 300,
    "pareto_size": 14,
    "pareto_points": [
      [
        -804345.7000000018,
        2401.75
      ],
      [
        -790954.0900000023,
        2330.33
      ],
      [
        -786850.9300000023,
        2313.3599999999997
      ],
      [
        -808448.860000002,
        2430.2700000000004
      ],
      [
        -800015.670000002,
        2346.81
      ],
      [
        -798964.8200000022,
        2343.3300000000004
      ],
      [
        -797925.070000002,
        2342.8199999999997
      ],
      [
        -789362.5900000023,
        2328.33
      ],
      [
        -785259.4300000023,
        2311.3599999999997
      ],
      [
        -804118.8300000017,
        2375.33
      ],
      [
        -806857.360000002,
        2409.29
      ],
      [
        -805546.5800000017,
        2409.26
      ],
      [
        -807770.610000002,
        2415.79
      ],
      [
        -784939.7900000025,
        2307.3699999999994
      ]
    ]
  },
  "solutions_count": 14,
  "solutions_directory": "../results/SPEA2\\solutions\\users2\\npoint_inversion_low_mutation\\run2"
}