{
  "run_info": {
    "dataset": "users4.json",
    "config": "npoint_inversion_low_mutation",
    "run": 5,
    "execution_time": 4578.129184484482,
    "generations": 300,
    "pareto_size": 42,
    "pareto_points": [
      [
        -1837176.3800000076,
        5716.610000000001
      ],
      [
        -1874078.5400000066,
        5870.130000000001
      ],
      [
        -1911716.0600000091,
        6090.06
      ],
      [
        -1828345.5200000082,
        5694.660000000001
      ],
      [
        -1798986.7100000067,
        5607.25
      ],
      [
        -1874677.710000007,
        5871.640000000001
      ],
      [
        -1828284.4400000076,
        5683.6900000000005
      ],
      [
        -1797144.5800000061,
        5601.250000000002
      ],
      [
        -1827537.2400000067,
        5661.7300000000005
      ],
      [
        -1906282.850000009,
        6048.580000000001
      ],
      [
        -1797195.5200000058,
        5603.25
      ],
      [
        -1905356.6200000087,
        6030.5700000000015
      ],
      [
        -1917516.5600000096,
        6163.960000000001
      ],
      [
        -1809099.3100000066,
        5636.240000000002
      ],
      [
        -1823811.4500000074,
        5657.710000000002
      ],
      [
        -1904883.0500000091,
        5975.620000000002
      ],
      [
        -1855224.4200000078,
        5758.730000000001
      ],
      [
        -1909826.990000009,
        6089.56
      ],
      [
        -1816194.370000007,
        5649.2300000000005
      ],
      [
        -1814843.2000000067,
        5645.1900000000005
      ],
      [
        -1864850.9300000076,
        5813.64
      ],
      [
        -1810477.7900000066,
        5637.200000000001
      ],
      [
        -1914034.3000000094,
        6140.470000000001
      ],
      [
        -1889784.520000007,
        5921.08
      ],
      [
        -1891771.1900000072,
        5945.05
      ],
      [
        -1813739.530000006,
        5641.209999999999
      ],
      [
        -1889617.800000008,
        5880.1
      ],
      [
        -1861420.1300000087,
        5782.700000000001
      ],
      [
        -1852647.4000000074,
        5725.179999999999
      ],
      [
        -1883366.480000006,
        5875.120000000002
      ],
      [
        -1856256.720000008,
        5759.210000000001
      ],
      [
        -1817226.6700000071,
        5654.210000000001
      ],
      [
        -1872360.7400000065,
        5844.630000000001
      ],
      [
        -1837394.0500000066,
        5718.610000000001
      ],
      [
        -1855068.0700000082,
        5754.200000000001
      ],
      [
        -1808364.2300000067,
        5614.200000000001
      ],
      [
        -1857279.4500000079,
        5776.7300000000005
      ],
      [
        -1830797.8000000077,
        5700.690000000001
      ],
      [
        -1866123.4200000076,
        5827.160000000002
      ],
      [
        -1865164.3900000085,
        5821.67
      ],
      [
        -1906166.9000000083,
        6043.580000000002
      ],
      [
        -1792746.3500000064,
        5600.240000000002
      ]
    ]
  },
  "solutions_count": 42,
  "solutions_directory": "../results/SPEA2\\solutions\\users4\\npoint_inversion_low_mutation\\run5"
}