{
  "run_info": {
    "dataset": "users4.json",
    "config": "slow_evaporation_exploitative",
    "run": 3,
    "execution_time": 802.4636945724487,
    "iterations_completed": 14,
    "max_iterations": 200,
    "terminated_early": true,
    "generations_without_improvement": 12,
    "pareto_size": 5,
    "pareto_points": [
      [
        1463682.7799999968,
        4404.59
      ],
      [
        1496753.9999999956,
        4445.54
      ],
      [
        1483812.4499999986,
        4426.09
      ],
      [
        1458863.3599999947,
        4353.02
      ],
      [
        1507527.7599999916,
        4506.749999999999
      ]
    ],
    "solutions_evaluated": 280,
    "config_params": {
      "n_ants": 20,
      "rho": 0.2,
      "alpha": 2.0,
      "beta": 3.0,
      "archive_size": 100,
      "no_improvement_generations": 12
    }
  },
  "solutions_count": 5,
  "solutions_directory": "../results/PACO\\solutions\\users4\\slow_evaporation_exploitative\\run3",
  "objective_statistics": {
    "cost_range": {
      "min": 4353.02,
      "max": 4506.749999999999
    },
    "minutes_range": {
      "min": 1458863.3599999947,
      "max": 1507527.7599999916
    }
  },
  "algorithm_info": {
    "archive_history_length": 14,
    "max_archive_size_reached": 5
  }
}