{
  "solution": [
    17,
    15,
    17,
    6,
    17,
    17,
    13,
    8,
    17,
    2,
    17,
    17,
    17,
    8,
    17,
    6,
    9,
    17,
    17,
    9,
    17,
    8,
    2,
    5,
    17,
    11,
    6,
    17,
    17,
    17,
    17,
    9,
    2,
    17,
    16,
    17,
    8,
    18,
    4,
    17,
    17,
    17,
    4,
    17,
    9,
    17,
    2,
    17,
    17,
    12,
    3,
    17,
    8,
    17,
    1,
    17,
    8,
    2,
    17,
    17,
    17,
    5,
    8,
    17,
    17,
    16,
    17,
    4,
    8,
    17,
    8,
    17,
    17,
    17,
    17,
    17,
    17,
    4,
    17,
    8,
    17,
    17,
    6,
    4,
    17,
    17,
    17,
    17,
    17,
    17,
    17,
    17,
    5,
    17,
    17,
    4,
    17,
    8,
    17,
    17,
    5,
    17,
    17,
    8,
    17,
    17,
    8,
    17,
    8,
    6,
    2,
    17,
    17,
    17,
    17,
    17,
    2,
    5,
    17,
    17,
    17,
    17,
    17,
    8,
    17,
    17,
    17,
    17,
    17,
    17,
    17,
    17,
    17,
    8,
    8,
    17,
    2,
    17,
    17,
    17,
    8,
    16,
    17,
    2,
    17,
    1,
    17,
    17,
    8,
    5,
    17,
    17,
    17,
    8,
    8,
    17,
    1,
    8,
    17,
    17,
    17,
    8,
    17,
    10,
    15,
    8,
    17,
    17,
    17,
    5,
    17,
    2,
    5,
    17,
    17,
    17,
    17,
    17,
    17,
    17,
    8,
    4,
    17,
    9,
    17,
    4,
    8,
    17,
    16,
    17,
    17,
    17,
    17,
    17,
    17,
    16,
    2,
    17,
    17,
    17,
    8,
    6,
    17,
    17,
    5,
    2,
    14,
    8,
    3,
    8,
    17,
    17,
    8,
    2,
    17,
    17,
    17,
    17,
    5,
    17,
    17,
    17,
    8,
    17,
    17,
    2,
    8,
    17,
    17,
    2,
    6,
    17,
    17,
    9,
    16,
    4,
    5,
    17,
    17,
    8,
    17,
    17,
    17,
    2,
    17,
    9,
    17,
    17,
    6,
    2,
    8,
    8,
    17,
    17,
    17,
    4,
    17,
    8,
    17,
    17,
    17,
    17,
    17,
    17,
    4,
    17,
    17,
    17,
    2,
    17,
    17,
    2,
    17,
    17,
    17,
    8,
    17,
    5,
    6,
    17,
    4,
    17,
    17,
    16,
    2,
    17,
    17,
    17,
    17,
    3,
    17,
    17,
    17,
    5,
    17,
    17,
    16,
    17,
    5,
    17
  ],
  "objectives": [
    288836.65,
    997.4900000000002
  ],
  "fitness": {
    "minutos_ponderados": 288836.65,
    "costo_total": 997.4900000000002
  }
}