{
  "run_info": {
    "dataset": "users5.json",
    "config": "uniform_reset_low_mutation",
    "run": 2,
    "execution_time": 1175.7715902328491,
    "generations": 77,
    "pareto_size": 15,
    "pareto_points": [
      [
        -3058842.1700000074,
        8829.590000000002
      ],
      [
        -3030726.16000001,
        8730.810000000001
      ],
      [
        -3041004.0200000117,
        8793.190000000002
      ],
      [
        -3057685.4100000113,
        8799.730000000001
      ],
      [
        -3058710.7400000114,
        8822.700000000003
      ],
      [
        -3018492.030000005,
        8712.340000000002
      ],
      [
        -3069633.3800000115,
        8877.710000000003
      ],
      [
        -3075864.490000012,
        8921.200000000003
      ],
      [
        -3065982.1600000137,
        8831.770000000002
      ],
      [
        -3066594.5500000133,
        8845.750000000002
      ],
      [
        -3075427.040000012,
        8880.750000000002
      ],
      [
        -3038213.4200000064,
        8748.760000000002
      ],
      [
        -3077362.2200000086,
        8935.130000000001
      ],
      [
        -3058128.820000012,
        8821.230000000001
      ],
      [
        -3042873.6200000104,
        8799.370000000003
      ]
    ]
  },
  "solutions_count": 15,
  "solutions_directory": "../results/SPEA2\\solutions\\users5\\uniform_reset_low_mutation\\run2"
}