{
  "run_info": {
    "dataset": "users5.json",
    "config": "uniform_reset_low_mutation",
    "run": 2,
    "execution_time": 1236.3620796203613,
    "generations": 42,
    "pareto_size": 16,
    "pareto_points": [
      [
        -3036148.5099999886,
        9032.59
      ],
      [
        -3042164.3099999903,
        9139.460000000001
      ],
      [
        -3026253.1799999895,
        8950.160000000002
      ],
      [
        -3039954.459999988,
        9081.03
      ],
      [
        -3037932.2499999916,
        9054.060000000001
      ],
      [
        -3028046.049999988,
        8976.640000000001
      ],
      [
        -3041738.199999991,
        9107.5
      ],
      [
        -3030730.9899999877,
        8978.12
      ],
      [
        -3033454.439999991,
        9027.1
      ],
      [
        -3038161.589999988,
        9059.54
      ],
      [
        -3032523.8599999873,
        8999.61
      ],
      [
        -3032744.0699999873,
        9015.06
      ],
      [
        -3033683.779999988,
        9031.58
      ],
      [
        -3039945.329999991,
        9076.02
      ],
      [
        -3037941.3799999882,
        9054.080000000002
      ],
      [
        -3033463.569999988,
        9031.110000000002
      ]
    ]
  },
  "solutions_count": 16,
  "solutions_directory": "../results/SPEA2\\solutions\\users5\\uniform_reset_low_mutation\\run2"
}