{
  "run_info": {
    "dataset": "users3.json",
    "config": "npoint_reset_low_crossover",
    "run": 2,
    "execution_time": 1887.1197900772095,
    "generations": 300,
    "pareto_size": 26,
    "pareto_points": [
      [
        -1200443.4299999985,
        3719.4400000000005
      ],
      [
        -1199422.5999999992,
        3678.4900000000007
      ],
      [
        -1169015.4599999993,
        3444.15
      ],
      [
        -1169772.3799999997,
        3460.1499999999996
      ],
      [
        -1161385.9399999995,
        3427.1500000000005
      ],
      [
        -1204605.1799999992,
        3752.44
      ],
      [
        -1201198.6899999995,
        3735.4400000000005
      ],
      [
        -1197799.4399999995,
        3638.0
      ],
      [
        -1139850.46,
        3399.65
      ],
      [
        -1179590.0699999984,
        3489.1100000000006
      ],
      [
        -1191382.8699999992,
        3565.6000000000004
      ],
      [
        -1193446.3900000004,
        3593.5300000000007
      ],
      [
        -1196119.8699999996,
        3598.5700000000006
      ],
      [
        -1200177.8599999996,
        3709.48
      ],
      [
        -1187141.5499999984,
        3539.1500000000005
      ],
      [
        -1164275.0899999992,
        3442.12
      ],
      [
        -1188898.519999999,
        3540.62
      ],
      [
        -1185832.3999999985,
        3525.62
      ],
      [
        -1182401.1799999978,
        3507.62
      ],
      [
        -1146056.7300000007,
        3420.63
      ],
      [
        -1179515.2799999984,
        3487.62
      ],
      [
        -1161543.6799999997,
        3438.6
      ],
      [
        -1141612.5999999999,
        3415.6500000000005
      ],
      [
        -1193233.969999999,
        3577.6000000000004
      ],
      [
        -1197953.3199999994,
        3641.5300000000007
      ],
      [
        -1199848.139999999,
        3701.4799999999996
      ]
    ]
  },
  "solutions_count": 26,
  "solutions_directory": "../results/SPEA2\\solutions\\users3\\npoint_reset_low_crossover\\run2"
}