dataset,min_cost,max_cost,min_minutes,max_minutes
users1.json,834.75,1704.6199999999992,234806.77000000016,517405.9800000006
users2.json,1717.2,2912.4799999999996,387454.5700000002,900647.7200000002
users3.json,2613.8099999999995,4036.17,790490.8300000003,1347163.069999997
users4.json,4195.120000000001,6339.85,1208833.5599999933,2076671.9099999997
users5.json,6562.690000000007,9982.839999999998,2046234.6500000046,3429254.0099999877
