dataset,min_cost,max_cost,min_minutes,max_minutes
users1.json,904.2000000000004,1511.02,416471.6499999998,545108.8600000001
users2.json,1765.5800000000004,2692.0299999999997,710956.7600000013,956846.5299999974
users3.json,2600.6299999999997,3746.3600000000006,1137853.9399999992,1444823.75999999
users4.json,3931.9200000000005,5784.480000000001,1731109.549999999,2255404.8400000106
users5.json,6606.660000000006,9496.410000000002,2823720.070000011,3637473.9899999956
