{
  "run_info": {
    "dataset": "users5.json",
    "config": "uniform_reset_low_mutation",
    "run": 5,
    "execution_time": 1565.7547025680542,
    "generations": 99,
    "pareto_size": 18,
    "pareto_points": [
      [
        -3012387.4200000116,
        8565.910000000002
      ],
      [
        -3057384.3700000127,
        8637.460000000003
      ],
      [
        -3066699.790000012,
        8644.000000000004
      ],
      [
        -3020422.490000014,
        8575.360000000002
      ],
      [
        -3059017.7700000145,
        8643.01
      ],
      [
        -3084151.5000000154,
        8710.990000000002
      ],
      [
        -3084564.640000015,
        8730.93
      ],
      [
        -3054713.800000015,
        8619.48
      ],
      [
        -3082879.3800000125,
        8699.480000000003
      ],
      [
        -3078229.440000014,
        8671.490000000002
      ],
      [
        -3051216.900000018,
        8587.52
      ],
      [
        -3089283.9000000157,
        8791.380000000001
      ],
      [
        -3080958.400000014,
        8684.950000000003
      ],
      [
        -3085765.960000014,
        8736.960000000001
      ],
      [
        -3067026.6500000134,
        8646.970000000001
      ],
      [
        -3087602.580000015,
        8745.470000000001
      ],
      [
        -3084443.330000013,
        8728.450000000003
      ],
      [
        -3076665.4900000137,
        8648.520000000002
      ]
    ]
  },
  "solutions_count": 18,
  "solutions_directory": "../results/SPEA2\\solutions\\users5\\uniform_reset_low_mutation\\run5"
}