{
  "run_info": {
    "dataset": "users3.json",
    "config": "uniform_reset_high_crossover",
    "run": 2,
    "execution_time": 604.9903392791748,
    "generations": 97,
    "pareto_size": 28,
    "pareto_points": [
      [
        -1172860.859999997,
        3658.5899999999997
      ],
      [
        -1175122.0699999966,
        3675.0700000000006
      ],
      [
        -1153192.1799999974,
        3545.120000000001
      ],
      [
        -1166076.4999999974,
        3604.63
      ],
      [
        -1171368.4199999971,
        3649.1300000000006
      ],
      [
        -1153508.0399999972,
        3556.59
      ],
      [
        -1170333.4699999974,
        3629.6
      ],
      [
        -1167999.049999997,
        3614.61
      ],
      [
        -1161748.1199999978,
        3587.1100000000006
      ],
      [
        -1160650.0699999977,
        3572.130000000001
      ],
      [
        -1178508.8299999959,
        3723.08
      ],
      [
        -1160909.8399999966,
        3585.6300000000006
      ],
      [
        -1162025.309999998,
        3590.6200000000003
      ],
      [
        -1166747.969999997,
        3611.0699999999997
      ],
      [
        -1168959.4999999972,
        3628.62
      ],
      [
        -1179961.8199999954,
        3759.5300000000007
      ],
      [
        -1180756.2999999956,
        3766.5299999999997
      ],
      [
        -1179170.929999996,
        3750.54
      ],
      [
        -1163560.1199999966,
        3591.0899999999997
      ],
      [
        -1174327.5899999964,
        3659.59
      ],
      [
        -1170999.739999997,
        3638.13
      ],
      [
        -1176923.4599999967,
        3688.090000000001
      ],
      [
        -1165707.8199999973,
        3591.63
      ],
      [
        -1160281.3899999976,
        3560.1300000000006
      ],
      [
        -1172243.379999997,
        3650.09
      ],
      [
        -1168367.7299999972,
        3617.6200000000013
      ],
      [
        -1161557.6999999976,
        3586.0900000000006
      ],
      [
        -1171324.1699999971,
        3644.1000000000013
      ]
    ]
  },
  "solutions_count": 28,
  "solutions_directory": "../results/SPEA2\\solutions\\users3\\uniform_reset_high_crossover\\run2"
}