{
  "run_info": {
    "dataset": "users3.json",
    "config": "npoint_inversion_high_all",
    "run": 2,
    "execution_time": 2402.556274175644,
    "generations": 300,
    "pareto_size": 43,
    "pareto_points": [
      [
        -1320072.5700000043,
        3682.0600000000004
      ],
      [
        -1305529.270000003,
        3540.56
      ],
      [
        -1290605.7200000023,
        3420.1100000000006
      ],
      [
        -1283278.180000002,
        3377.1499999999996
      ],
      [
        -1230445.87,
        3278.7
      ],
      [
        -1283088.0900000022,
        3372.16
      ],
      [
        -1280870.450000002,
        3343.2300000000005
      ],
      [
        -1237210.780000001,
        3295.7
      ],
      [
        -1321654.120000004,
        3697.05
      ],
      [
        -1305048.2800000033,
        3527.57
      ],
      [
        -1204705.2000000004,
        3270.2700000000004
      ],
      [
        -1293565.7400000019,
        3442.59
      ],
      [
        -1239806.94,
        3308.6900000000005
      ],
      [
        -1318077.9800000035,
        3638.6000000000004
      ],
      [
        -1322170.6700000034,
        3754.4900000000002
      ],
      [
        -1297514.6900000025,
        3477.0700000000006
      ],
      [
        -1292912.3000000026,
        3434.5800000000004
      ],
      [
        -1235336.0100000007,
        3286.6900000000005
      ],
      [
        -1319675.5300000033,
        3666.55
      ],
      [
        -1289586.5700000024,
        3406.120000000001
      ],
      [
        -1290448.2400000026,
        3415.580000000001
      ],
      [
        -1280154.480000002,
        3331.2400000000002
      ],
      [
        -1304731.280000003,
        3522.01
      ],
      [
        -1312273.430000005,
        3580.56
      ],
      [
        -1313373.6300000045,
        3608.0700000000006
      ],
      [
        -1313210.090000005,
        3590.5499999999997
      ],
      [
        -1313470.8900000043,
        3628.07
      ],
      [
        -1301576.3700000034,
        3493.04
      ],
      [
        -1211402.590000001,
        3275.25
      ],
      [
        -1313710.4200000043,
        3628.5600000000004
      ],
      [
        -1269431.42,
        3318.1700000000005
      ],
      [
        -1283435.660000002,
        3377.17
      ],
      [
        -1294914.2300000025,
        3453.0600000000004
      ],
      [
        -1314565.530000004,
        3633.0500000000006
      ],
      [
        -1244068.9999999998,
        3317.17
      ],
      [
        -1235621.9000000001,
        3291.71
      ],
      [
        -1297115.3000000028,
        3469.07
      ],
      [
        -1306098.0000000047,
        3579.09
      ],
      [
        -1281621.4600000023,
        3356.2000000000003
      ],
      [
        -1238178.8499999999,
        3306.7000000000007
      ],
      [
        -1293184.5500000021,
        3434.5900000000006
      ],
      [
        -1304268.0400000033,
        3513.61
      ],
      [
        -1319972.7800000035,
        3675.590000000001
      ]
    ]
  },
  "solutions_count": 43,
  "solutions_directory": "../results/SPEA2\\solutions\\users3\\npoint_inversion_high_all\\run2"
}