{
  "run_info": {
    "dataset": "users1.json",
    "config": "high_pheromone_influence",
    "run": 1,
    "execution_time": 967.627607345581,
    "iterations_completed": 57,
    "max_iterations": 200,
    "terminated_early": true,
    "generations_without_improvement": 12,
    "pareto_size": 9,
    "pareto_points": [
      [
        451557.9099999998,
        1125.36
      ],
      [
        437984.8899999995,
        1010.0200000000002
      ],
      [
        450347.7499999994,
        1063.93
      ],
      [
        437653.8699999992,
        1008.51
      ],
      [
        438512.91999999963,
        1010.48
      ],
      [
        444508.8699999997,
        1029.47
      ],
      [
        444495.9999999996,
        1028.02
      ],
      [
        449661.8499999993,
        1057.01
      ],
      [
        437513.8599999998,
        978.5100000000001
      ]
    ],
    "solutions_evaluated": 1425,
    "config_params": {
      "n_ants": 25,
      "rho": 0.3,
      "alpha": 3.0,
      "beta": 2.0,
      "archive_size": 100,
      "no_improvement_generations": 12
    }
  },
  "solutions_count": 9,
  "solutions_directory": "C:\\Users\\hctr0\\PycharmProjects\\TFG_Hector\\31Executions\\PACO\\solutions\\users1\\high_pheromone_influence\\run1",
  "objective_statistics": {
    "cost_range": {
      "min": 978.5100000000001,
      "max": 1125.36
    },
    "minutes_range": {
      "min": 437513.8599999998,
      "max": 451557.9099999998
    }
  },
  "algorithm_info": {
    "archive_history_length": 57,
    "max_archive_size_reached": 12
  }
}