{
  "solution": [
    17,
    8,
    17,
    17,
    8,
    5,
    17,
    8,
    2,
    17,
    5,
    16,
    8,
    16,
    8,
    17,
    17,
    6,
    17,
    6,
    8,
    5,
    15,
    8,
    17,
    12,
    17,
    17,
    4,
    8,
    8,
    15,
    17,
    5,
    17,
    17,
    17,
    18,
    17,
    15,
    17,
    17,
    6,
    8,
    6,
    17,
    6,
    5,
    17,
    16,
    9,
    17,
    16,
    17,
    6,
    4,
    17,
    10,
    16,
    16,
    16,
    1,
    17,
    3,
    16,
    17,
    4,
    9,
    17,
    2,
    17,
    17,
    17,
    17,
    17,
    9,
    2,
    2,
    17,
    15,
    16,
    2,
    17,
    17,
    3,
    15,
    17,
    5,
    17,
    17,
    5,
    17,
    17,
    17,
    1,
    2,
    17,
    12,
    16,
    17,
    17,
    6,
    16,
    17,
    17,
    2,
    8,
    8,
    16,
    17,
    8,
    5,
    4,
    17,
    17,
    2,
    8,
    8,
    8,
    5,
    17,
    15,
    17,
    17,
    4,
    17,
    17,
    6,
    8,
    17,
    16,
    7,
    15,
    17,
    2,
    17,
    2,
    2,
    5,
    15,
    2,
    16,
    17,
    2,
    17,
    16,
    5,
    4,
    17,
    17,
    16,
    6,
    17,
    6,
    17,
    17,
    5,
    17,
    17,
    8,
    17,
    17,
    17,
    8,
    17,
    17,
    17,
    9,
    14,
    17,
    3,
    4,
    9,
    17,
    17,
    17,
    8,
    4,
    6,
    17,
    4,
    17,
    12,
    8,
    8,
    6,
    17,
    17,
    10,
    16,
    6,
    17,
    8,
    5,
    17,
    12,
    8,
    17,
    16,
    17,
    4,
    9,
    4,
    17,
    17,
    6,
    1,
    17,
    9,
    8,
    17,
    17,
    5,
    17,
    9,
    12,
    17,
    8,
    9,
    17,
    16,
    16,
    5,
    10,
    8,
    17,
    17,
    17,
    17,
    2,
    9,
    2,
    8,
    2,
    7,
    8,
    8,
    15,
    3,
    6,
    12,
    4,
    2,
    15,
    15,
    2,
    16,
    4,
    8,
    5,
    6,
    17,
    17,
    17,
    17,
    15,
    16,
    6,
    8,
    17,
    11,
    11,
    3,
    8,
    17,
    17,
    2,
    7,
    5,
    6,
    17,
    16,
    17,
    17,
    17,
    8,
    10,
    15,
    10,
    4,
    16,
    17,
    10,
    8,
    17,
    8,
    17,
    4,
    17,
    17,
    8,
    17,
    5,
    5,
    10,
    17,
    11,
    15,
    15,
    5
  ],
  "objectives": [
    451557.9099999998,
    1125.36
  ],
  "fitness": {
    "minutos_ponderados": 451557.9099999998,
    "costo_total": 1125.36
  }
}