{
  "solution": [
    17,
    17,
    17,
    4,
    17,
    16,
    17,
    15,
    17,
    17,
    17,
    2,
    17,
    8,
    16,
    8,
    5,
    17,
    17,
    8,
    17,
    4,
    17,
    17,
    17,
    5,
    8,
    17,
    8,
    8,
    5,
    17,
    17,
    8,
    17,
    1,
    8,
    16,
    6,
    17,
    2,
    17,
    5,
    17,
    16,
    17,
    6,
    4,
    17,
    8,
    17,
    14,
    2,
    17,
    5,
    8,
    17,
    15,
    2,
    17,
    6,
    17,
    17,
    18,
    2,
    4,
    17,
    5,
    16,
    5,
    10,
    16,
    17,
    4,
    17,
    4,
    5,
    4,
    8,
    2,
    6,
    17,
    17,
    17,
    5,
    17,
    2,
    17,
    17,
    17,
    8,
    8,
    8,
    8,
    17,
    4,
    17,
    1,
    2,
    11,
    17,
    17,
    5,
    16,
    17,
    5,
    17,
    8,
    17,
    17,
    5,
    16,
    17,
    8,
    15,
    8,
    8,
    16,
    17,
    17,
    8,
    17,
    17,
    17,
    17,
    17,
    17,
    2,
    2,
    5,
    15,
    17,
    11,
    5,
    8,
    16,
    17,
    16,
    17,
    17,
    18,
    8,
    17,
    17,
    2,
    4,
    6,
    15,
    17,
    1,
    4,
    4,
    17,
    5,
    8,
    16,
    17,
    17,
    16,
    17,
    17,
    15,
    2,
    8,
    17,
    5,
    17,
    17,
    17,
    8,
    17,
    5,
    8,
    5,
    17,
    2,
    17,
    4,
    17,
    2,
    8,
    17,
    2,
    2,
    17,
    16,
    17,
    10,
    17,
    8,
    17,
    2,
    17,
    17,
    4,
    17,
    2,
    17,
    17,
    17,
    17,
    17,
    17,
    17,
    17,
    17,
    16,
    17,
    17,
    11,
    17,
    17,
    2,
    5,
    16,
    6,
    17,
    16,
    17,
    4,
    17,
    17,
    7,
    2,
    17,
    11,
    17,
    17,
    11,
    17,
    16,
    1,
    17,
    8,
    17,
    2,
    4,
    18,
    13,
    17,
    5,
    8,
    17,
    5,
    8,
    8,
    8,
    7,
    17,
    8,
    17,
    17,
    17,
    16,
    2,
    5,
    4,
    17,
    16,
    4,
    4,
    11,
    8,
    17,
    17,
    17,
    8,
    17,
    17,
    8,
    17,
    17,
    10,
    11,
    17,
    2,
    17,
    2,
    8,
    2,
    17,
    14,
    8,
    17,
    6,
    14,
    17,
    8,
    15,
    5,
    16,
    8,
    17,
    2,
    2,
    6,
    8,
    17,
    5,
    17
  ],
  "objectives": [
    357296.8699999996,
    1008.7700000000002
  ],
  "fitness": {
    "minutos_ponderados": 357296.8699999996,
    "costo_total": 1008.7700000000002
  }
}