{
  "solution": [
    17,
    17,
    17,
    4,
    15,
    16,
    17,
    15,
    17,
    17,
    17,
    2,
    17,
    8,
    16,
    2,
    5,
    17,
    17,
    8,
    17,
    4,
    14,
    17,
    17,
    5,
    8,
    17,
    8,
    11,
    5,
    17,
    17,
    8,
    17,
    5,
    8,
    16,
    6,
    17,
    2,
    17,
    5,
    17,
    16,
    17,
    6,
    4,
    17,
    2,
    10,
    17,
    2,
    17,
    5,
    8,
    17,
    17,
    2,
    17,
    6,
    17,
    2,
    17,
    2,
    4,
    17,
    5,
    16,
    5,
    10,
    16,
    17,
    17,
    17,
    4,
    5,
    17,
    8,
    2,
    17,
    17,
    17,
    17,
    5,
    17,
    2,
    17,
    17,
    17,
    10,
    11,
    8,
    2,
    17,
    13,
    17,
    8,
    2,
    17,
    17,
    17,
    14,
    16,
    17,
    5,
    17,
    17,
    17,
    17,
    5,
    16,
    17,
    8,
    17,
    8,
    18,
    8,
    17,
    17,
    8,
    17,
    17,
    17,
    17,
    17,
    17,
    11,
    2,
    4,
    5,
    17,
    4,
    5,
    8,
    16,
    3,
    16,
    4,
    17,
    17,
    8,
    2,
    17,
    17,
    4,
    6,
    16,
    3,
    17,
    4,
    17,
    8,
    5,
    8,
    16,
    17,
    17,
    18,
    17,
    17,
    17,
    2,
    8,
    17,
    17,
    17,
    17,
    17,
    15,
    17,
    5,
    8,
    14,
    16,
    2,
    5,
    4,
    17,
    2,
    8,
    17,
    7,
    16,
    17,
    16,
    17,
    17,
    17,
    8,
    17,
    16,
    17,
    17,
    4,
    17,
    2,
    17,
    17,
    17,
    17,
    16,
    17,
    16,
    2,
    17,
    16,
    17,
    17,
    17,
    17,
    17,
    2,
    5,
    16,
    6,
    17,
    16,
    17,
    4,
    5,
    17,
    17,
    2,
    17,
    5,
    3,
    17,
    5,
    17,
    8,
    5,
    17,
    8,
    17,
    2,
    4,
    4,
    9,
    17,
    5,
    8,
    17,
    5,
    8,
    8,
    1,
    17,
    17,
    10,
    17,
    17,
    17,
    8,
    2,
    5,
    8,
    17,
    16,
    4,
    4,
    17,
    8,
    17,
    17,
    17,
    8,
    17,
    17,
    8,
    17,
    17,
    17,
    5,
    17,
    2,
    2,
    2,
    12,
    10,
    17,
    17,
    8,
    17,
    8,
    10,
    17,
    6,
    16,
    5,
    16,
    8,
    17,
    5,
    12,
    6,
    11,
    17,
    5,
    17
  ],
  "objectives": [
    360024.7199999999,
    1011.7900000000001
  ],
  "fitness": {
    "minutos_ponderados": 360024.7199999999,
    "costo_total": 1011.7900000000001
  }
}