{
  "solution": [
    17,
    8,
    17,
    17,
    8,
    5,
    18,
    17,
    17,
    17,
    10,
    17,
    17,
    16,
    2,
    17,
    17,
    17,
    17,
    17,
    17,
    4,
    17,
    8,
    17,
    17,
    6,
    17,
    17,
    8,
    8,
    17,
    17,
    16,
    17,
    17,
    17,
    8,
    17,
    17,
    17,
    8,
    5,
    8,
    6,
    17,
    2,
    8,
    17,
    17,
    6,
    17,
    16,
    17,
    17,
    15,
    16,
    17,
    17,
    6,
    5,
    8,
    17,
    17,
    17,
    17,
    1,
    16,
    17,
    17,
    1,
    17,
    8,
    17,
    17,
    17,
    2,
    17,
    17,
    17,
    16,
    2,
    17,
    17,
    2,
    2,
    18,
    6,
    17,
    17,
    17,
    10,
    8,
    17,
    16,
    17,
    17,
    17,
    17,
    17,
    17,
    17,
    17,
    17,
    9,
    2,
    14,
    4,
    3,
    17,
    8,
    17,
    17,
    17,
    15,
    17,
    17,
    8,
    8,
    5,
    17,
    17,
    17,
    2,
    4,
    17,
    16,
    17,
    17,
    17,
    16,
    17,
    4,
    17,
    17,
    17,
    17,
    8,
    9,
    17,
    8,
    17,
    17,
    5,
    11,
    16,
    4,
    9,
    17,
    17,
    17,
    17,
    17,
    17,
    16,
    17,
    17,
    17,
    17,
    8,
    17,
    17,
    17,
    8,
    17,
    17,
    6,
    17,
    6,
    17,
    8,
    17,
    17,
    17,
    17,
    17,
    1,
    17,
    8,
    10,
    17,
    17,
    17,
    14,
    8,
    17,
    13,
    17,
    1,
    17,
    17,
    17,
    8,
    5,
    17,
    17,
    8,
    17,
    2,
    17,
    8,
    17,
    17,
    17,
    17,
    17,
    8,
    17,
    17,
    8,
    17,
    17,
    17,
    17,
    17,
    17,
    17,
    8,
    8,
    17,
    16,
    2,
    17,
    8,
    11,
    8,
    17,
    16,
    17,
    14,
    5,
    8,
    17,
    17,
    17,
    17,
    2,
    17,
    17,
    17,
    17,
    17,
    2,
    17,
    17,
    2,
    17,
    5,
    8,
    5,
    17,
    17,
    17,
    17,
    17,
    10,
    8,
    17,
    8,
    17,
    17,
    17,
    17,
    8,
    17,
    17,
    16,
    17,
    2,
    6,
    5,
    6,
    16,
    17,
    17,
    8,
    6,
    17,
    17,
    8,
    16,
    17,
    17,
    8,
    17,
    16,
    17,
    4,
    17,
    17,
    5,
    17,
    17,
    5,
    16,
    18,
    16,
    8,
    17,
    17
  ],
  "objectives": [
    437653.8699999992,
    1008.51
  ],
  "fitness": {
    "minutos_ponderados": 437653.8699999992,
    "costo_total": 1008.51
  }
}