{
  "solution": [
    17,
    8,
    13,
    17,
    8,
    5,
    11,
    17,
    17,
    1,
    16,
    17,
    17,
    16,
    2,
    17,
    17,
    17,
    17,
    17,
    17,
    16,
    17,
    8,
    17,
    17,
    17,
    17,
    17,
    8,
    8,
    17,
    17,
    16,
    17,
    17,
    17,
    17,
    17,
    17,
    17,
    17,
    17,
    8,
    6,
    17,
    2,
    8,
    17,
    17,
    17,
    17,
    16,
    17,
    17,
    4,
    17,
    2,
    15,
    17,
    5,
    8,
    17,
    15,
    17,
    17,
    17,
    16,
    17,
    17,
    17,
    17,
    8,
    17,
    13,
    17,
    2,
    17,
    2,
    8,
    16,
    2,
    17,
    17,
    2,
    17,
    17,
    6,
    17,
    17,
    7,
    17,
    8,
    17,
    16,
    17,
    5,
    17,
    17,
    17,
    17,
    17,
    17,
    17,
    9,
    2,
    3,
    4,
    16,
    6,
    8,
    17,
    17,
    17,
    17,
    7,
    17,
    8,
    8,
    16,
    17,
    17,
    3,
    9,
    4,
    17,
    16,
    17,
    17,
    6,
    16,
    17,
    4,
    17,
    11,
    17,
    17,
    17,
    17,
    3,
    8,
    15,
    17,
    17,
    17,
    16,
    4,
    17,
    17,
    17,
    17,
    17,
    17,
    17,
    17,
    17,
    17,
    17,
    3,
    8,
    17,
    17,
    17,
    8,
    17,
    17,
    6,
    17,
    7,
    17,
    8,
    17,
    17,
    17,
    17,
    17,
    8,
    17,
    8,
    17,
    17,
    17,
    17,
    8,
    8,
    17,
    17,
    7,
    1,
    17,
    17,
    17,
    8,
    5,
    15,
    17,
    8,
    17,
    2,
    17,
    8,
    17,
    17,
    17,
    17,
    17,
    8,
    17,
    17,
    7,
    17,
    17,
    17,
    17,
    17,
    17,
    17,
    16,
    8,
    17,
    16,
    2,
    17,
    8,
    16,
    8,
    15,
    17,
    17,
    2,
    5,
    8,
    17,
    17,
    17,
    17,
    1,
    17,
    17,
    17,
    17,
    17,
    2,
    17,
    17,
    2,
    17,
    5,
    8,
    2,
    17,
    17,
    17,
    17,
    17,
    15,
    15,
    17,
    8,
    17,
    9,
    17,
    6,
    8,
    17,
    17,
    16,
    17,
    2,
    6,
    17,
    16,
    17,
    17,
    17,
    8,
    6,
    17,
    17,
    8,
    5,
    17,
    17,
    8,
    17,
    16,
    17,
    4,
    17,
    17,
    17,
    17,
    17,
    5,
    17,
    17,
    16,
    8,
    6,
    17
  ],
  "objectives": [
    438512.91999999963,
    1010.48
  ],
  "fitness": {
    "minutos_ponderados": 438512.91999999963,
    "costo_total": 1010.48
  }
}