{
  "solution": [
    17,
    8,
    17,
    16,
    11,
    5,
    17,
    17,
    17,
    5,
    5,
    17,
    17,
    16,
    2,
    17,
    17,
    15,
    17,
    17,
    17,
    4,
    15,
    8,
    17,
    17,
    17,
    17,
    14,
    8,
    8,
    17,
    17,
    16,
    17,
    17,
    17,
    8,
    17,
    17,
    17,
    17,
    17,
    11,
    6,
    17,
    2,
    8,
    17,
    17,
    17,
    17,
    16,
    5,
    17,
    4,
    17,
    17,
    17,
    17,
    5,
    8,
    17,
    17,
    17,
    17,
    6,
    16,
    17,
    17,
    17,
    17,
    6,
    17,
    17,
    17,
    2,
    17,
    18,
    8,
    16,
    2,
    7,
    17,
    3,
    17,
    17,
    6,
    17,
    17,
    17,
    15,
    8,
    17,
    13,
    17,
    17,
    17,
    17,
    17,
    2,
    3,
    17,
    17,
    9,
    2,
    5,
    4,
    16,
    17,
    8,
    17,
    17,
    17,
    3,
    17,
    17,
    8,
    8,
    16,
    17,
    17,
    17,
    15,
    4,
    18,
    16,
    17,
    18,
    17,
    16,
    17,
    6,
    1,
    17,
    9,
    17,
    17,
    17,
    17,
    8,
    17,
    17,
    17,
    17,
    16,
    4,
    17,
    17,
    17,
    17,
    17,
    5,
    17,
    17,
    17,
    17,
    17,
    17,
    8,
    17,
    17,
    17,
    8,
    17,
    17,
    6,
    17,
    6,
    17,
    8,
    17,
    17,
    17,
    4,
    17,
    8,
    17,
    8,
    17,
    17,
    17,
    17,
    8,
    8,
    17,
    17,
    17,
    1,
    17,
    17,
    17,
    8,
    2,
    17,
    17,
    5,
    17,
    2,
    17,
    8,
    7,
    17,
    17,
    17,
    17,
    15,
    17,
    17,
    8,
    17,
    17,
    6,
    17,
    17,
    17,
    17,
    8,
    8,
    17,
    16,
    7,
    17,
    8,
    8,
    8,
    17,
    17,
    17,
    2,
    5,
    5,
    17,
    17,
    17,
    17,
    2,
    17,
    17,
    7,
    17,
    17,
    2,
    17,
    4,
    2,
    17,
    5,
    3,
    5,
    17,
    17,
    17,
    17,
    17,
    15,
    8,
    17,
    8,
    17,
    17,
    17,
    17,
    8,
    17,
    17,
    16,
    17,
    2,
    6,
    17,
    16,
    17,
    17,
    2,
    8,
    6,
    17,
    17,
    8,
    5,
    17,
    14,
    8,
    17,
    16,
    17,
    4,
    17,
    17,
    17,
    17,
    17,
    5,
    17,
    16,
    16,
    8,
    17,
    17
  ],
  "objectives": [
    444508.8699999997,
    1029.47
  ],
  "fitness": {
    "minutos_ponderados": 444508.8699999997,
    "costo_total": 1029.47
  }
}