{
  "solution": [
    15,
    8,
    17,
    17,
    8,
    5,
    12,
    17,
    17,
    17,
    5,
    17,
    17,
    17,
    2,
    17,
    17,
    9,
    17,
    17,
    17,
    4,
    17,
    8,
    17,
    17,
    17,
    17,
    17,
    8,
    8,
    17,
    17,
    16,
    17,
    17,
    17,
    8,
    17,
    9,
    17,
    17,
    17,
    8,
    6,
    17,
    2,
    8,
    17,
    17,
    17,
    17,
    16,
    17,
    17,
    4,
    12,
    17,
    17,
    17,
    5,
    8,
    17,
    1,
    17,
    17,
    10,
    16,
    17,
    17,
    17,
    17,
    8,
    17,
    17,
    17,
    2,
    17,
    2,
    8,
    16,
    2,
    17,
    17,
    12,
    17,
    17,
    6,
    17,
    17,
    17,
    17,
    8,
    17,
    16,
    17,
    17,
    17,
    17,
    17,
    17,
    17,
    17,
    17,
    2,
    2,
    5,
    4,
    16,
    15,
    8,
    17,
    17,
    17,
    17,
    17,
    17,
    8,
    8,
    16,
    17,
    17,
    17,
    15,
    4,
    11,
    16,
    17,
    17,
    17,
    16,
    11,
    9,
    17,
    17,
    17,
    1,
    17,
    17,
    17,
    8,
    17,
    17,
    17,
    17,
    16,
    4,
    17,
    17,
    17,
    17,
    17,
    17,
    17,
    17,
    17,
    17,
    7,
    17,
    8,
    17,
    17,
    17,
    8,
    17,
    17,
    6,
    17,
    6,
    17,
    18,
    17,
    17,
    17,
    17,
    17,
    16,
    17,
    8,
    17,
    17,
    17,
    2,
    8,
    8,
    17,
    17,
    17,
    1,
    16,
    17,
    17,
    8,
    5,
    17,
    17,
    8,
    17,
    2,
    17,
    8,
    17,
    17,
    17,
    17,
    17,
    8,
    9,
    17,
    8,
    17,
    17,
    17,
    17,
    17,
    17,
    2,
    8,
    8,
    17,
    16,
    2,
    17,
    4,
    8,
    8,
    17,
    17,
    17,
    2,
    5,
    8,
    17,
    17,
    1,
    17,
    2,
    17,
    11,
    17,
    17,
    12,
    2,
    17,
    17,
    2,
    17,
    5,
    8,
    12,
    17,
    17,
    17,
    17,
    3,
    15,
    8,
    17,
    8,
    17,
    17,
    17,
    17,
    8,
    17,
    17,
    16,
    17,
    2,
    6,
    17,
    16,
    17,
    17,
    17,
    8,
    6,
    17,
    17,
    8,
    5,
    17,
    17,
    8,
    17,
    16,
    17,
    4,
    17,
    17,
    2,
    17,
    17,
    5,
    17,
    17,
    2,
    6,
    17,
    16
  ],
  "objectives": [
    444495.9999999996,
    1028.02
  ],
  "fitness": {
    "minutos_ponderados": 444495.9999999996,
    "costo_total": 1028.02
  }
}