{
  "run_info": {
    "dataset": "users1.json",
    "config": "slow_evaporation_exploitative",
    "run": 1,
    "execution_time": 589.3454310894012,
    "iterations_completed": 47,
    "max_iterations": 200,
    "terminated_early": true,
    "generations_without_improvement": 12,
    "pareto_size": 13,
    "pareto_points": [
      [
        354187.34000000043,
        1139.36
      ],
      [
        346847.05000000005,
        1069.8799999999999
      ],
      [
        374191.87999999966,
        1148.31
      ],
      [
        382276.69000000024,
        1163.43
      ],
      [
        336534.93000000034,
        1043.0600000000002
      ],
      [
        284629.46000000025,
        1019.88
      ],
      [
        302876.21000000037,
        1028.88
      ],
      [
        250676.2699999999,
        964.2400000000002
      ],
      [
        251926.41999999993,
        984.2
      ],
      [
        255166.24999999985,
        986.6600000000001
      ],
      [
        260467.1300000001,
        999.21
      ],
      [
        261162.54000000015,
        999.7400000000001
      ],
      [
        264509.4000000002,
        1009.2000000000002
      ]
    ],
    "solutions_evaluated": 940,
    "config_params": {
      "n_ants": 20,
      "rho": 0.2,
      "alpha": 2.0,
      "beta": 3.0,
      "archive_size": 100,
      "no_improvement_generations": 12
    }
  },
  "solutions_count": 13,
  "solutions_directory": "../results/PACO\\solutions\\users1\\slow_evaporation_exploitative\\run1",
  "objective_statistics": {
    "cost_range": {
      "min": 964.2400000000002,
      "max": 1163.43
    },
    "minutes_range": {
      "min": 250676.2699999999,
      "max": 382276.69000000024
    }
  },
  "algorithm_info": {
    "archive_history_length": 47,
    "max_archive_size_reached": 13
  }
}