{
  "solution": [
    8,
    6,
    2,
    16,
    17,
    13,
    17,
    5,
    5,
    6,
    2,
    2,
    3,
    5,
    16,
    12,
    17,
    4,
    4,
    9,
    8,
    2,
    5,
    8,
    5,
    1,
    4,
    17,
    17,
    17,
    8,
    17,
    17,
    8,
    2,
    8,
    5,
    8,
    2,
    17,
    1,
    16,
    5,
    17,
    5,
    8,
    9,
    4,
    2,
    2,
    2,
    8,
    17,
    17,
    2,
    4,
    17,
    8,
    1,
    2,
    17,
    17,
    17,
    13,
    17,
    3,
    4,
    8,
    4,
    17,
    6,
    17,
    17,
    2,
    5,
    17,
    17,
    17,
    17,
    17,
    17,
    17,
    1,
    17,
    9,
    17,
    18,
    6,
    16,
    17,
    6,
    17,
    8,
    4,
    4,
    17,
    17,
    8,
    3,
    3,
    16,
    17,
    4,
    8,
    8,
    2,
    8,
    8,
    14,
    4,
    3,
    3,
    2,
    13,
    16,
    17,
    6,
    1,
    2,
    16,
    13,
    16,
    17,
    17,
    8,
    2,
    17,
    5,
    3,
    2,
    4,
    2,
    17,
    9,
    17,
    16,
    8,
    13,
    17,
    17,
    16,
    8,
    17,
    2,
    2,
    17,
    2,
    9,
    2,
    16,
    9,
    9,
    8,
    16,
    16,
    4,
    4,
    17,
    5,
    17,
    6,
    16,
    18,
    17,
    17,
    2,
    17,
    10,
    7,
    17,
    15,
    6,
    17,
    5,
    1,
    7,
    6,
    17,
    8,
    17,
    17,
    4,
    8,
    4,
    17,
    9,
    8,
    17,
    17,
    15,
    16,
    17,
    8,
    14,
    4,
    17,
    14,
    13,
    17,
    2,
    8,
    9,
    4,
    17,
    1,
    17,
    8,
    16,
    2,
    17,
    17,
    17,
    17,
    17,
    17,
    16,
    17,
    8,
    17,
    17,
    16,
    17,
    17,
    17,
    17,
    6,
    17,
    17,
    17,
    4,
    11,
    10,
    2,
    13,
    7,
    17,
    4,
    8,
    9,
    8,
    6,
    17,
    17,
    17,
    15,
    8,
    17,
    17,
    2,
    11,
    15,
    5,
    15,
    17,
    17,
    7,
    9,
    17,
    5,
    6,
    4,
    17,
    8,
    17,
    16,
    8,
    17,
    4,
    17,
    17,
    4,
    17,
    6,
    17,
    17,
    8,
    10,
    17,
    9,
    17,
    2,
    2,
    17,
    16,
    9,
    5,
    17,
    6,
    3,
    2,
    8,
    5,
    17,
    8,
    13,
    17,
    1,
    12,
    16,
    17
  ],
  "objectives": [
    354187.34000000043,
    1139.36
  ],
  "fitness": {
    "minutos_ponderados": 354187.34000000043,
    "costo_total": 1139.36
  }
}