{
  "solution": [
    6,
    8,
    17,
    6,
    1,
    17,
    16,
    11,
    17,
    5,
    6,
    18,
    17,
    5,
    8,
    1,
    7,
    17,
    17,
    5,
    4,
    6,
    17,
    4,
    1,
    17,
    5,
    8,
    6,
    15,
    17,
    17,
    17,
    17,
    8,
    2,
    6,
    17,
    17,
    8,
    2,
    13,
    17,
    17,
    17,
    17,
    17,
    18,
    16,
    17,
    16,
    5,
    2,
    17,
    17,
    2,
    6,
    6,
    17,
    17,
    16,
    17,
    17,
    17,
    18,
    2,
    4,
    17,
    2,
    1,
    6,
    11,
    2,
    16,
    2,
    5,
    1,
    4,
    17,
    17,
    6,
    18,
    5,
    8,
    17,
    5,
    8,
    17,
    1,
    9,
    2,
    8,
    17,
    7,
    8,
    2,
    2,
    10,
    9,
    11,
    17,
    17,
    4,
    16,
    8,
    5,
    17,
    8,
    2,
    17,
    17,
    8,
    17,
    17,
    16,
    8,
    15,
    17,
    17,
    17,
    13,
    8,
    15,
    16,
    8,
    5,
    17,
    9,
    17,
    17,
    17,
    17,
    8,
    8,
    8,
    2,
    3,
    8,
    16,
    9,
    8,
    15,
    17,
    17,
    17,
    8,
    8,
    6,
    6,
    4,
    1,
    17,
    5,
    17,
    17,
    1,
    2,
    15,
    10,
    10,
    17,
    17,
    5,
    3,
    17,
    17,
    13,
    17,
    2,
    6,
    8,
    17,
    17,
    7,
    17,
    17,
    17,
    7,
    9,
    2,
    8,
    17,
    9,
    12,
    4,
    17,
    8,
    17,
    16,
    5,
    16,
    10,
    10,
    2,
    6,
    3,
    8,
    17,
    12,
    8,
    10,
    17,
    17,
    17,
    15,
    2,
    2,
    8,
    8,
    15,
    4,
    5,
    5,
    14,
    15,
    5,
    8,
    17,
    4,
    17,
    14,
    2,
    5,
    17,
    17,
    2,
    17,
    5,
    11,
    8,
    2,
    10,
    8,
    13,
    15,
    2,
    17,
    14,
    2,
    17,
    15,
    5,
    17,
    1,
    17,
    3,
    15,
    17,
    17,
    17,
    4,
    13,
    12,
    17,
    17,
    16,
    5,
    6,
    17,
    17,
    8,
    17,
    4,
    17,
    17,
    17,
    6,
    8,
    17,
    4,
    15,
    9,
    2,
    17,
    5,
    15,
    17,
    16,
    17,
    5,
    17,
    9,
    17,
    2,
    17,
    4,
    8,
    6,
    15,
    17,
    17,
    2,
    17,
    5,
    17,
    8,
    17,
    15,
    17,
    9
  ],
  "objectives": [
    374191.87999999966,
    1148.31
  ],
  "fitness": {
    "minutos_ponderados": 374191.87999999966,
    "costo_total": 1148.31
  }
}