{
  "solution": [
    17,
    17,
    17,
    8,
    17,
    17,
    17,
    4,
    17,
    17,
    17,
    16,
    17,
    17,
    8,
    9,
    17,
    8,
    17,
    16,
    17,
    8,
    17,
    17,
    17,
    17,
    8,
    17,
    17,
    15,
    17,
    17,
    13,
    8,
    17,
    17,
    17,
    17,
    17,
    17,
    8,
    17,
    17,
    17,
    17,
    17,
    17,
    17,
    17,
    17,
    17,
    17,
    2,
    17,
    17,
    8,
    8,
    17,
    5,
    17,
    16,
    17,
    17,
    4,
    17,
    17,
    4,
    17,
    8,
    17,
    2,
    17,
    6,
    17,
    17,
    17,
    1,
    17,
    17,
    17,
    8,
    17,
    8,
    8,
    17,
    8,
    17,
    17,
    17,
    17,
    18,
    17,
    8,
    17,
    17,
    2,
    17,
    17,
    1,
    17,
    3,
    17,
    8,
    8,
    17,
    5,
    17,
    17,
    17,
    17,
    11,
    8,
    3,
    17,
    8,
    8,
    17,
    8,
    17,
    17,
    17,
    16,
    8,
    16,
    18,
    17,
    17,
    17,
    17,
    17,
    17,
    17,
    17,
    17,
    17,
    2,
    8,
    8,
    17,
    8,
    15,
    17,
    17,
    17,
    17,
    17,
    17,
    5,
    17,
    15,
    17,
    17,
    8,
    13,
    17,
    17,
    8,
    17,
    17,
    17,
    5,
    17,
    17,
    16,
    17,
    1,
    17,
    17,
    16,
    17,
    17,
    17,
    17,
    17,
    17,
    17,
    6,
    17,
    13,
    17,
    16,
    17,
    2,
    17,
    17,
    17,
    17,
    17,
    2,
    8,
    7,
    3,
    17,
    8,
    8,
    17,
    17,
    17,
    17,
    17,
    17,
    11,
    4,
    17,
    17,
    17,
    6,
    17,
    17,
    5,
    17,
    8,
    17,
    5,
    17,
    17,
    16,
    17,
    17,
    17,
    5,
    17,
    5,
    17,
    8,
    15,
    17,
    17,
    4,
    8,
    16,
    17,
    17,
    16,
    17,
    2,
    17,
    10,
    6,
    17,
    17,
    17,
    17,
    17,
    17,
    17,
    17,
    17,
    17,
    16,
    5,
    17,
    17,
    17,
    17,
    8,
    17,
    17,
    2,
    17,
    8,
    17,
    17,
    16,
    17,
    13,
    2,
    17,
    17,
    17,
    4,
    16,
    1,
    17,
    6,
    17,
    17,
    17,
    17,
    17,
    17,
    17,
    17,
    17,
    2,
    15,
    17,
    16,
    2,
    17,
    17,
    11,
    17,
    17,
    17,
    4,
    8,
    17,
    9,
    17
  ],
  "objectives": [
    284629.46000000025,
    1019.88
  ],
  "fitness": {
    "minutos_ponderados": 284629.46000000025,
    "costo_total": 1019.88
  }
}