{
  "run_info": {
    "dataset": "users5.json",
    "config": "npoint_reset_low_crossover",
    "run": 2,
    "execution_time": 7667.539511203766,
    "generations": 300,
    "pareto_size": 26,
    "pareto_points": [
      [
        -3135303.289999992,
        9307.910000000002
      ],
      [
        -3027174.119999999,
        9010.670000000002
      ],
      [
        -3114662.489999987,
        9263.470000000001
      ],
      [
        -3029294.1399999997,
        9027.67
      ],
      [
        -3063404.2299999925,
        9098.01
      ],
      [
        -3031478.829999997,
        9040.130000000003
      ],
      [
        -3059198.629999993,
        9045.050000000003
      ],
      [
        -3132703.5799999917,
        9275.930000000002
      ],
      [
        -3061047.529999993,
        9070.03
      ],
      [
        -3073068.199999989,
        9119.610000000002
      ],
      [
        -3061259.5299999933,
        9090.550000000001
      ],
      [
        -3132725.4399999916,
        9301.400000000001
      ],
      [
        -3115940.7299999874,
        9265.44
      ],
      [
        -3031111.2899999972,
        9029.6
      ],
      [
        -3111668.8899999917,
        9216.84
      ],
      [
        -3143964.9099999885,
        9370.900000000001
      ],
      [
        -3071930.5299999877,
        9099.100000000002
      ],
      [
        -3075764.149999989,
        9125.080000000002
      ],
      [
        -3145409.0499999886,
        9375.380000000001
      ],
      [
        -3140974.649999987,
        9316.400000000003
      ],
      [
        -3111965.129999993,
        9237.840000000002
      ],
      [
        -3103769.959999994,
        9176.420000000002
      ],
      [
        -3032437.5599999977,
        9042.11
      ],
      [
        -3028132.85,
        9027.650000000001
      ],
      [
        -3027572.3,
        9018.140000000001
      ],
      [
        -3104932.2299999944,
        9196.910000000003
      ]
    ]
  },
  "solutions_count": 26,
  "solutions_directory": "../results/SPEA2\\solutions\\users5\\npoint_reset_low_crossover\\run2"
}