{
  "run_info": {
    "dataset": "users3.json",
    "config": "npoint_inversion_high_all",
    "run": 1,
    "execution_time": 577.1258425712585,
    "generations": 103,
    "pareto_size": 28,
    "pareto_points": [
      [
        -1109420.769999997,
        3458.0399999999995
      ],
      [
        -1195284.5499999966,
        3737.8899999999994
      ],
      [
        -1155003.829999997,
        3570.8700000000003
      ],
      [
        -1107711.5399999972,
        3445.03
      ],
      [
        -1145756.0999999982,
        3505.06
      ],
      [
        -1110824.819999997,
        3464.99
      ],
      [
        -1159098.189999997,
        3572.36
      ],
      [
        -1125004.7699999984,
        3466.0400000000004
      ],
      [
        -1184144.5999999961,
        3639.3900000000003
      ],
      [
        -1202630.0699999963,
        3766.88
      ],
      [
        -1181706.529999996,
        3602.85
      ],
      [
        -1178856.8499999961,
        3575.85
      ],
      [
        -1198363.5999999966,
        3755.89
      ],
      [
        -1217123.079999997,
        3800.37
      ],
      [
        -1139394.339999998,
        3466.09
      ],
      [
        -1188763.389999996,
        3667.890000000001
      ],
      [
        -1152114.0099999977,
        3545.0000000000005
      ],
      [
        -1147105.8799999983,
        3515.5100000000007
      ],
      [
        -1179798.359999996,
        3595.86
      ],
      [
        -1195879.9199999967,
        3738.8900000000003
      ],
      [
        -1215443.6499999973,
        3783.34
      ],
      [
        -1150342.629999998,
        3520.49
      ],
      [
        -1187793.3899999964,
        3652.4100000000003
      ],
      [
        -1152001.2299999977,
        3542.03
      ],
      [
        -1193307.7399999944,
        3673.9700000000003
      ],
      [
        -1145533.339999998,
        3472.57
      ],
      [
        -1199472.2199999965,
        3761.8800000000006
      ],
      [
        -1198288.909999994,
        3741.3999999999996
      ]
    ]
  },
  "solutions_count": 28,
  "solutions_directory": "../results/SPEA2\\solutions\\users3\\npoint_inversion_high_all\\run1"
}