{
  "solution": [
    16,
    17,
    17,
    6,
    2,
    17,
    16,
    7,
    17,
    17,
    5,
    17,
    17,
    17,
    17,
    17,
    17,
    16,
    8,
    8,
    17,
    17,
    4,
    17,
    8,
    17,
    6,
    17,
    17,
    8,
    8,
    6,
    8,
    8,
    17,
    2,
    17,
    16,
    17,
    14,
    17,
    14,
    17,
    7,
    8,
    17,
    8,
    17,
    17,
    14,
    8,
    6,
    17,
    17,
    17,
    17,
    17,
    13,
    17,
    17,
    16,
    14,
    17,
    17,
    17,
    17,
    2,
    17,
    17,
    17,
    17,
    8,
    4,
    17,
    17,
    14,
    17,
    17,
    17,
    17,
    17,
    17,
    2,
    17,
    17,
    15,
    13,
    5,
    17,
    17,
    8,
    2,
    17,
    1,
    17,
    5,
    17,
    17,
    17,
    8,
    17,
    8,
    17,
    14,
    16,
    17,
    2,
    2,
    17,
    16,
    17,
    11,
    6,
    17,
    17,
    5,
    8,
    17,
    17,
    17,
    2,
    5,
    17,
    16,
    5,
    17,
    17,
    17,
    17,
    17,
    17,
    17,
    8,
    5,
    8,
    16,
    8,
    4,
    5,
    2,
    17,
    8,
    17,
    17,
    17,
    17,
    4,
    4,
    2,
    17,
    9,
    17,
    17,
    17,
    8,
    4,
    5,
    17,
    17,
    6,
    4,
    17,
    17,
    6,
    17,
    5,
    8,
    17,
    17,
    4,
    17,
    8,
    8,
    17,
    17,
    17,
    17,
    17,
    17,
    17,
    16,
    10,
    17,
    17,
    8,
    15,
    17,
    1,
    17,
    17,
    2,
    17,
    4,
    2,
    8,
    17,
    5,
    17,
    17,
    17,
    16,
    7,
    8,
    8,
    5,
    17,
    6,
    17,
    18,
    17,
    17,
    17,
    17,
    17,
    17,
    17,
    17,
    5,
    8,
    8,
    2,
    17,
    17,
    5,
    17,
    17,
    17,
    17,
    1,
    8,
    17,
    17,
    17,
    17,
    17,
    8,
    17,
    17,
    2,
    17,
    17,
    17,
    17,
    17,
    15,
    9,
    17,
    4,
    17,
    17,
    17,
    6,
    17,
    17,
    17,
    17,
    17,
    17,
    17,
    17,
    8,
    8,
    17,
    17,
    17,
    17,
    4,
    18,
    17,
    8,
    12,
    17,
    17,
    17,
    16,
    17,
    17,
    17,
    17,
    6,
    17,
    6,
    17,
    17,
    16,
    17,
    8,
    17,
    8,
    17,
    17,
    8,
    17,
    17,
    17,
    8,
    17,
    12,
    8,
    8
  ],
  "objectives": [
    308041.15000000026,
    1056.01
  ],
  "fitness": {
    "minutos_ponderados": 308041.15000000026,
    "costo_total": 1056.01
  }
}