{
  "solution": [
    7,
    17,
    17,
    17,
    17,
    17,
    17,
    17,
    16,
    8,
    9,
    17,
    4,
    17,
    9,
    17,
    17,
    14,
    8,
    6,
    15,
    8,
    8,
    8,
    8,
    17,
    17,
    17,
    17,
    15,
    17,
    9,
    10,
    2,
    4,
    6,
    17,
    17,
    11,
    7,
    17,
    17,
    4,
    8,
    16,
    17,
    17,
    17,
    16,
    17,
    8,
    6,
    8,
    17,
    17,
    17,
    17,
    2,
    17,
    17,
    17,
    17,
    17,
    17,
    8,
    17,
    17,
    5,
    17,
    17,
    17,
    10,
    9,
    17,
    4,
    17,
    7,
    9,
    17,
    2,
    17,
    17,
    17,
    17,
    17,
    17,
    17,
    17,
    17,
    17,
    17,
    17,
    9,
    17,
    17,
    8,
    2,
    5,
    17,
    4,
    17,
    5,
    4,
    17,
    17,
    4,
    17,
    17,
    13,
    8,
    8,
    17,
    3,
    17,
    5,
    6,
    17,
    17,
    17,
    15,
    8,
    7,
    5,
    17,
    2,
    17,
    17,
    8,
    17,
    6,
    4,
    17,
    15,
    17,
    17,
    8,
    10,
    7,
    5,
    15,
    8,
    17,
    17,
    5,
    6,
    8,
    17,
    6,
    16,
    9,
    17,
    5,
    16,
    16,
    17,
    16,
    8,
    16,
    5,
    2,
    16,
    5,
    16,
    8,
    8,
    8,
    5,
    8,
    17,
    8,
    7,
    17,
    9,
    17,
    17,
    17,
    17,
    17,
    18,
    5,
    17,
    8,
    8,
    5,
    9,
    2,
    5,
    17,
    8,
    2,
    4,
    17,
    12,
    8,
    17,
    17,
    17,
    16,
    17,
    17,
    17,
    4,
    17,
    17,
    17,
    17,
    17,
    17,
    17,
    17,
    17,
    8,
    17,
    14,
    8,
    3,
    8,
    8,
    17,
    8,
    17,
    8,
    17,
    17,
    8,
    17,
    17,
    12,
    17,
    8,
    17,
    17,
    17,
    17,
    17,
    17,
    5,
    17,
    17,
    17,
    4,
    17,
    17,
    8,
    8,
    8,
    14,
    17,
    8,
    8,
    16,
    2,
    2,
    2,
    16,
    17,
    4,
    8,
    16,
    15,
    17,
    5,
    17,
    1,
    17,
    17,
    17,
    11,
    17,
    17,
    17,
    8,
    12,
    6,
    8,
    17,
    17,
    16,
    10,
    7,
    17,
    8,
    17,
    2,
    8,
    2,
    17,
    8,
    4,
    17,
    7,
    17,
    17,
    17,
    17,
    8,
    17,
    17,
    17,
    2
  ],
  "objectives": [
    318798.52000000037,
    1120.6100000000001
  ],
  "fitness": {
    "minutos_ponderados": 318798.52000000037,
    "costo_total": 1120.6100000000001
  }
}