{
  "run_info": {
    "dataset": "users4.json",
    "config": "uniform_inversion_high_mutation",
    "run": 10,
    "execution_time": 872.4899308681488,
    "generations": 65,
    "pareto_size": 13,
    "pareto_points": [
      [
        -1841486.1600000001,
        5191.93
      ],
      [
        -1908994.3400000017,
        5441.850000000002
      ],
      [
        -1898685.68,
        5308.320000000001
      ],
      [
        -1895763.5599999991,
        5285.890000000001
      ],
      [
        -1903156.7,
        5346.89
      ],
      [
        -1894142.4399999978,
        5274.46
      ],
      [
        -1907668.5800000003,
        5428.28
      ],
      [
        -1906978.1999999995,
        5383.860000000001
      ],
      [
        -1895938.9600000016,
        5301.48
      ],
      [
        -1899355.2100000011,
        5319.4000000000015
      ],
      [
        -1875098.7300000011,
        5194.51
      ],
      [
        -1890596.88,
        5227.970000000001
      ],
      [
        -1904597.9000000018,
        5356.460000000001
      ]
    ]
  },
  "solutions_count": 13,
  "solutions_directory": "C:\\Users\\hctr0\\PycharmProjects\\TFG_Hector\\31Executions\\NSGA2\\solutions\\users4\\uniform_inversion_high_mutation\\run10"
}