{
  "solution": [
    4,
    2,
    17,
    2,
    17,
    17,
    17,
    9,
    17,
    17,
    17,
    16,
    17,
    17,
    15,
    4,
    2,
    17,
    17,
    4,
    2,
    16,
    5,
    17,
    16,
    17,
    17,
    17,
    17,
    17,
    4,
    8,
    5,
    4,
    17,
    17,
    6,
    15,
    5,
    17,
    16,
    17,
    17,
    12,
    16,
    17,
    17,
    17,
    17,
    16,
    5,
    2,
    9,
    17,
    17,
    12,
    8,
    5,
    8,
    17,
    15,
    12,
    6,
    17,
    5,
    16,
    8,
    17,
    17,
    17,
    7,
    17,
    5,
    17,
    16,
    17,
    10,
    17,
    16,
    17,
    17,
    17,
    16,
    17,
    17,
    17,
    17,
    17,
    17,
    4,
    17,
    8,
    17,
    6,
    17,
    17,
    17,
    17,
    17,
    7,
    9,
    17,
    6,
    17,
    2,
    5,
    5,
    8,
    18,
    8,
    8,
    17,
    16,
    8,
    17,
    17,
    17,
    17,
    17,
    16,
    11,
    17,
    16,
    17,
    17,
    3,
    2,
    17,
    16,
    8,
    5,
    2,
    8,
    7,
    9,
    17,
    17,
    17,
    8,
    17,
    15,
    6,
    17,
    17,
    17,
    17,
    4,
    2,
    15,
    8,
    17,
    17,
    17,
    4,
    2,
    8,
    5,
    17,
    17,
    17,
    17,
    17,
    1,
    8,
    17,
    17,
    4,
    6,
    8,
    17,
    17,
    12,
    17,
    2,
    5,
    10,
    8,
    17,
    1,
    5,
    17,
    7,
    17,
    17,
    17,
    17,
    17,
    17,
    17,
    17,
    17,
    2,
    16,
    8,
    8,
    17,
    16,
    6,
    17,
    2,
    17,
    17,
    3,
    17,
    17,
    17,
    8,
    2,
    17,
    17,
    17,
    16,
    17,
    8,
    17,
    17,
    5,
    17,
    17,
    8,
    17,
    17,
    17,
    17,
    17,
    5,
    5,
    5,
    17,
    2,
    9,
    17,
    16,
    17,
    17,
    17,
    17,
    17,
    17,
    17,
    17,
    17,
    17,
    17,
    8,
    3,
    4,
    17,
    5,
    3,
    17,
    17,
    5,
    4,
    2,
    16,
    17,
    17,
    16,
    5,
    17,
    8,
    17,
    16,
    5,
    8,
    13,
    17,
    17,
    17,
    17,
    6,
    17,
    17,
    17,
    17,
    17,
    17,
    17,
    2,
    17,
    16,
    16,
    8,
    17,
    10,
    17,
    17,
    17,
    8,
    16,
    12,
    17,
    17,
    17,
    15,
    17,
    17,
    17,
    17
  ],
  "objectives": [
    445098.6999999997,
    1118.53
  ],
  "fitness": {
    "minutos_ponderados": 445098.6999999997,
    "costo_total": 1118.53
  }
}