{
  "solution": [
    17,
    2,
    17,
    4,
    17,
    17,
    17,
    9,
    17,
    17,
    17,
    4,
    7,
    17,
    17,
    4,
    16,
    17,
    17,
    7,
    2,
    16,
    5,
    17,
    16,
    17,
    6,
    17,
    17,
    17,
    4,
    11,
    5,
    4,
    17,
    17,
    17,
    15,
    16,
    17,
    16,
    17,
    17,
    17,
    16,
    17,
    17,
    17,
    17,
    16,
    5,
    2,
    17,
    17,
    17,
    17,
    8,
    5,
    4,
    17,
    17,
    16,
    8,
    17,
    5,
    16,
    8,
    17,
    17,
    11,
    6,
    12,
    5,
    17,
    16,
    17,
    17,
    17,
    2,
    4,
    17,
    17,
    16,
    17,
    17,
    17,
    17,
    17,
    17,
    4,
    17,
    8,
    17,
    17,
    17,
    17,
    17,
    17,
    17,
    8,
    17,
    17,
    6,
    17,
    17,
    5,
    5,
    8,
    9,
    8,
    14,
    4,
    16,
    8,
    17,
    17,
    16,
    17,
    17,
    16,
    17,
    17,
    16,
    17,
    17,
    8,
    2,
    17,
    2,
    1,
    5,
    2,
    8,
    8,
    8,
    17,
    17,
    17,
    4,
    17,
    17,
    6,
    17,
    17,
    2,
    17,
    4,
    2,
    8,
    17,
    6,
    17,
    6,
    5,
    2,
    8,
    5,
    17,
    17,
    17,
    17,
    17,
    5,
    8,
    15,
    17,
    13,
    6,
    8,
    17,
    17,
    8,
    17,
    2,
    5,
    8,
    18,
    17,
    17,
    8,
    17,
    17,
    17,
    17,
    17,
    17,
    17,
    17,
    17,
    17,
    17,
    17,
    16,
    8,
    8,
    17,
    8,
    17,
    17,
    2,
    8,
    17,
    17,
    17,
    17,
    17,
    8,
    16,
    17,
    17,
    17,
    16,
    17,
    8,
    17,
    17,
    5,
    2,
    17,
    8,
    17,
    17,
    17,
    15,
    17,
    5,
    5,
    5,
    6,
    18,
    5,
    17,
    16,
    17,
    17,
    17,
    17,
    17,
    17,
    17,
    17,
    17,
    17,
    6,
    8,
    3,
    9,
    17,
    15,
    17,
    17,
    17,
    5,
    5,
    2,
    17,
    16,
    17,
    16,
    5,
    13,
    8,
    5,
    8,
    17,
    8,
    5,
    17,
    17,
    17,
    17,
    17,
    17,
    17,
    10,
    17,
    9,
    17,
    17,
    2,
    17,
    17,
    16,
    2,
    17,
    7,
    17,
    17,
    17,
    11,
    16,
    8,
    17,
    17,
    17,
    15,
    14,
    6,
    17,
    17
  ],
  "objectives": [
    441142.48999999935,
    1050.08
  ],
  "fitness": {
    "minutos_ponderados": 441142.48999999935,
    "costo_total": 1050.08
  }
}