{
  "run_info": {
    "dataset": "users4.json",
    "config": "npoint_reset_low_crossover",
    "run": 2,
    "execution_time": 4296.438049077988,
    "generations": 300,
    "pareto_size": 31,
    "pareto_points": [
      [
        -1855207.9899999977,
        5819.1500000000015
      ],
      [
        -1816687.6100000006,
        5697.7300000000005
      ],
      [
        -1844920.4599999979,
        5796.6900000000005
      ],
      [
        -1880237.9599999944,
        5981.719999999999
      ],
      [
        -1813917.44,
        5689.710000000001
      ],
      [
        -1882447.2599999956,
        6064.650000000001
      ],
      [
        -1860546.0699999982,
        5838.170000000001
      ],
      [
        -1821567.9299999997,
        5725.64
      ],
      [
        -1862135.9799999981,
        5865.660000000001
      ],
      [
        -1843154.9899999981,
        5794.660000000002
      ],
      [
        -1883482.2899999954,
        6098.660000000001
      ],
      [
        -1836752.3199999996,
        5793.610000000001
      ],
      [
        -1870191.629999995,
        5941.21
      ],
      [
        -1818103.16,
        5724.68
      ],
      [
        -1815174.67,
        5694.2300000000005
      ],
      [
        -1853426.3199999975,
        5809.150000000001
      ],
      [
        -1877562.9099999943,
        5960.720000000001
      ],
      [
        -1880284.4099999946,
        5995.68
      ],
      [
        -1834842.1099999994,
        5771.650000000001
      ],
      [
        -1872555.3399999945,
        5945.700000000002
      ],
      [
        -1823735.03,
        5753.130000000001
      ],
      [
        -1853297.7799999975,
        5800.160000000002
      ],
      [
        -1823566.27,
        5743.1500000000015
      ],
      [
        -1886979.539999995,
        6114.160000000001
      ],
      [
        -1817669.5399999998,
        5721.6900000000005
      ],
      [
        -1828896.6500000004,
        5758.170000000001
      ],
      [
        -1875781.2399999944,
        5956.720000000001
      ],
      [
        -1824087.3500000006,
        5757.670000000001
      ],
      [
        -1874191.3299999947,
        5946.710000000001
      ],
      [
        -1882019.6299999945,
        5998.699999999999
      ],
      [
        -1882253.9399999955,
        6040.68
      ]
    ]
  },
  "solutions_count": 31,
  "solutions_directory": "../results/SPEA2\\solutions\\users4\\npoint_reset_low_crossover\\run2"
}