{
  "run_info": {
    "dataset": "users2.json",
    "config": "uniform_inversion_high_mutation",
    "run": 24,
    "execution_time": 357.95725750923157,
    "generations": 84,
    "pareto_size": 21,
    "pareto_points": [
      [
        -784244.3400000002,
        2173.16
      ],
      [
        -825329.7499999998,
        2281.71
      ],
      [
        -818735.6699999995,
        2228.2599999999998
      ],
      [
        -821349.8699999995,
        2256.25
      ],
      [
        -824370.8299999997,
        2276.25
      ],
      [
        -820235.7799999994,
        2251.73
      ],
      [
        -828192.9099999989,
        2297.21
      ],
      [
        -811720.48,
        2189.79
      ],
      [
        -834100.1699999998,
        2425.1
      ],
      [
        -820827.6099999993,
        2254.23
      ],
      [
        -833532.3599999992,
        2352.69
      ],
      [
        -825580.1099999996,
        2284.22
      ],
      [
        -825612.6999999987,
        2289.2200000000003
      ],
      [
        -829593.9799999997,
        2303.21
      ],
      [
        -833878.1899999998,
        2403.1
      ],
      [
        -820717.5699999995,
        2251.74
      ],
      [
        -813562.0599999999,
        2190.77
      ],
      [
        -817526.3899999995,
        2221.29
      ],
      [
        -823825.6699999996,
        2260.26
      ],
      [
        -835822.8999999999,
        2430.62
      ],
      [
        -830161.2899999995,
        2315.69
      ]
    ]
  },
  "solutions_count": 21,
  "solutions_directory": "C:\\Users\\hctr0\\PycharmProjects\\TFG_Hector\\31Executions\\NSGA2\\solutions\\users2\\uniform_inversion_high_mutation\\run24"
}