{
  "run_info": {
    "dataset": "users2.json",
    "config": "npoint_reset_low_crossover",
    "run": 1,
    "execution_time": 214.4098780155182,
    "generations": 38,
    "pareto_size": 21,
    "pareto_points": [
      [
        -704784.1700000021,
        2560.1099999999997
      ],
      [
        -744920.6600000027,
        2910.47
      ],
      [
        -690738.060000001,
        2508.1400000000003
      ],
      [
        -692008.9600000018,
        2510.1000000000004
      ],
      [
        -749384.9800000027,
        2912.4799999999996
      ],
      [
        -694484.7400000017,
        2523.12
      ],
      [
        -700800.7800000017,
        2547.61
      ],
      [
        -695120.1000000018,
        2525.09
      ],
      [
        -732078.6600000012,
        2652.0400000000004
      ],
      [
        -707585.2600000016,
        2561.58
      ],
      [
        -701488.1200000017,
        2547.63
      ],
      [
        -730906.4000000017,
        2623.0699999999997
      ],
      [
        -723989.4600000018,
        2606.5900000000006
      ],
      [
        -693311.5200000006,
        2522.68
      ],
      [
        -703732.6200000016,
        2551.09
      ],
      [
        -717428.090000002,
        2566.6099999999997
      ],
      [
        -735361.6200000012,
        2659.0499999999997
      ],
      [
        -699955.2700000018,
        2528.17
      ],
      [
        -738898.6100000005,
        2688.04
      ],
      [
        -700255.7700000016,
        2534.15
      ],
      [
        -744153.1700000012,
        2713.0
      ]
    ]
  },
  "solutions_count": 21,
  "solutions_directory": "../results/NSGA2\\solutions\\users2\\npoint_reset_low_crossover\\run1"
}