{
  "solution": [
    15,
    16,
    17,
    16,
    4,
    8,
    17,
    17,
    6,
    18,
    17,
    17,
    17,
    17,
    17,
    17,
    17,
    11,
    16,
    17,
    2,
    16,
    17,
    1,
    17,
    8,
    15,
    2,
    2,
    8,
    2,
    4,
    18,
    4,
    4,
    17,
    17,
    10,
    6,
    17,
    3,
    17,
    15,
    5,
    13,
    4,
    7,
    8,
    6,
    10,
    17,
    6,
    16,
    15,
    17,
    16,
    15,
    2,
    8,
    4,
    17,
    8,
    5,
    6,
    9,
    2,
    4,
    4,
    10,
    17,
    16,
    8,
    16,
    5,
    16,
    16,
    6,
    17,
    17,
    1,
    8,
    8,
    2,
    17,
    17,
    2,
    6,
    12,
    4,
    10,
    7,
    2,
    16,
    13,
    8,
    17,
    6,
    10,
    15,
    8,
    18,
    17,
    8,
    17,
    16,
    8,
    4,
    8,
    17,
    1,
    5,
    15,
    8,
    5,
    8,
    8,
    8,
    12,
    18,
    16,
    9,
    8,
    16,
    17,
    9,
    17,
    4,
    17,
    14,
    17,
    17,
    8,
    2,
    17,
    17,
    2,
    3,
    8,
    12,
    16,
    16,
    17,
    17,
    17,
    17,
    5,
    6,
    13,
    5,
    17,
    17,
    1,
    17,
    5,
    17,
    9,
    2,
    8,
    17,
    4,
    5,
    2,
    4,
    2,
    17,
    1,
    17,
    8,
    17,
    15,
    17,
    5,
    5,
    17,
    17,
    1,
    17,
    3,
    14,
    2,
    15,
    2,
    17,
    17,
    17,
    16,
    17,
    1,
    17,
    17,
    17,
    5,
    2,
    6,
    2,
    17,
    9,
    17,
    17,
    16,
    17,
    10,
    5,
    16,
    2,
    13,
    9,
    2,
    4,
    4,
    2,
    11,
    17,
    2,
    4,
    8,
    2,
    5,
    8,
    18,
    17,
    4,
    5,
    10,
    17,
    17,
    5,
    16,
    17,
    2,
    16,
    6,
    8,
    15,
    8,
    8,
    5,
    17,
    8,
    16,
    4,
    16,
    17,
    17,
    2,
    4,
    17,
    2,
    5,
    7,
    4,
    17,
    2,
    16,
    8,
    8,
    3,
    8,
    17,
    17,
    8,
    16,
    17,
    17,
    17,
    8,
    5,
    17,
    17,
    2,
    13,
    17,
    8,
    17,
    17,
    8,
    15,
    2,
    4,
    2,
    1,
    16,
    17,
    4,
    4,
    17,
    17,
    17,
    8,
    16,
    4,
    15,
    3,
    16,
    15,
    17,
    8,
    17,
    6,
    4
  ],
  "objectives": [
    373896.9400000002,
    1141.97
  ],
  "fitness": {
    "minutos_ponderados": 373896.9400000002,
    "costo_total": 1141.97
  }
}