{
  "solution": [
    15,
    5,
    17,
    1,
    17,
    17,
    17,
    15,
    13,
    3,
    11,
    16,
    17,
    15,
    8,
    17,
    13,
    17,
    17,
    13,
    11,
    8,
    17,
    9,
    2,
    11,
    8,
    15,
    8,
    15,
    9,
    2,
    17,
    16,
    17,
    6,
    16,
    8,
    17,
    8,
    13,
    8,
    6,
    17,
    6,
    3,
    8,
    2,
    2,
    17,
    17,
    17,
    16,
    2,
    4,
    5,
    17,
    2,
    5,
    17,
    8,
    13,
    17,
    4,
    17,
    8,
    6,
    17,
    4,
    13,
    6,
    16,
    8,
    16,
    17,
    17,
    6,
    9,
    5,
    15,
    5,
    8,
    2,
    2,
    17,
    17,
    10,
    6,
    17,
    17,
    8,
    15,
    16,
    17,
    8,
    14,
    11,
    2,
    16,
    8,
    8,
    6,
    17,
    10,
    4,
    11,
    10,
    16,
    8,
    17,
    8,
    17,
    17,
    8,
    4,
    1,
    2,
    6,
    16,
    6,
    1,
    14,
    15,
    2,
    17,
    8,
    4,
    2,
    14,
    17,
    17,
    17,
    8,
    8,
    8,
    8,
    17,
    17,
    4,
    4,
    4,
    6,
    1,
    5,
    17,
    16,
    17,
    6,
    8,
    17,
    8,
    8,
    1,
    5,
    17,
    8,
    4,
    2,
    8,
    2,
    17,
    2,
    2,
    17,
    17,
    18,
    2,
    17,
    17,
    17,
    4,
    15,
    8,
    4,
    17,
    5,
    16,
    8,
    9,
    17,
    10,
    2,
    8,
    17,
    3,
    12,
    2,
    16,
    11,
    5,
    17,
    6,
    17,
    4,
    8,
    17,
    9,
    17,
    17,
    6,
    8,
    17,
    8,
    16,
    17,
    4,
    15,
    17,
    14,
    15,
    11,
    4,
    17,
    2,
    5,
    17,
    5,
    15,
    8,
    4,
    17,
    2,
    8,
    8,
    17,
    2,
    18,
    17,
    1,
    8,
    17,
    17,
    8,
    17,
    17,
    16,
    5,
    17,
    1,
    17,
    17,
    6,
    17,
    3,
    6,
    17,
    8,
    4,
    15,
    5,
    17,
    5,
    6,
    8,
    15,
    9,
    17,
    4,
    8,
    8,
    15,
    17,
    18,
    4,
    16,
    17,
    6,
    17,
    17,
    17,
    4,
    8,
    6,
    6,
    4,
    6,
    16,
    4,
    1,
    1,
    5,
    17,
    2,
    17,
    8,
    16,
    16,
    15,
    15,
    10,
    6,
    17,
    6,
    6,
    5,
    12,
    8,
    4,
    16,
    17
  ],
  "objectives": [
    367752.17000000057,
    1129.9599999999998
  ],
  "fitness": {
    "minutos_ponderados": 367752.17000000057,
    "costo_total": 1129.9599999999998
  }
}