{
  "run_info": {
    "dataset": "users4.json",
    "config": "npoint_inversion_high_all",
    "run": 4,
    "execution_time": 2854.6957075595856,
    "generations": 120,
    "pareto_size": 23,
    "pareto_points": [
      [
        -1791862.9700000004,
        5549.290000000001
      ],
      [
        -1817058.6599999978,
        5709.71
      ],
      [
        -1794165.0999999996,
        5556.3
      ],
      [
        -1791674.56,
        5528.3
      ],
      [
        -1824482.1699999974,
        5727.659999999999
      ],
      [
        -1820173.0499999977,
        5713.659999999999
      ],
      [
        -1801215.1999999995,
        5556.86
      ],
      [
        -1872474.2400000005,
        6014.93
      ],
      [
        -1823169.3599999973,
        5724.67
      ],
      [
        -1833861.9899999993,
        5810.030000000001
      ],
      [
        -1865120.4900000002,
        5985.44
      ],
      [
        -1826440.6199999978,
        5743.679999999999
      ],
      [
        -1816074.9199999978,
        5650.24
      ],
      [
        -1856778.0699999984,
        5846.43
      ],
      [
        -1876449.9699999997,
        6029.399999999999
      ],
      [
        -1858181.1299999992,
        5847.460000000001
      ],
      [
        -1871889.2900000007,
        6006.919999999999
      ],
      [
        -1877938.8299999998,
        6029.909999999999
      ],
      [
        -1864666.0500000005,
        5848.94
      ],
      [
        -1871909.2199999997,
        6010.909999999999
      ],
      [
        -1851351.3199999998,
        5815.96
      ],
      [
        -1826559.3599999978,
        5767.160000000001
      ],
      [
        -1813908.7099999988,
        5559.3099999999995
      ]
    ]
  },
  "solutions_count": 23,
  "solutions_directory": "../results/NSGA2\\solutions\\users4\\npoint_inversion_high_all\\run4"
}