{
  "run_info": {
    "dataset": "users3.json",
    "config": "uniform_reset_low_mutation",
    "run": 3,
    "execution_time": 259.90037178993225,
    "generations": 46,
    "pareto_size": 11,
    "pareto_points": [
      [
        -1166081.0800000005,
        3435.1300000000006
      ],
      [
        -1203797.2500000005,
        3577.9900000000007
      ],
      [
        -1189327.9000000001,
        3444.5500000000006
      ],
      [
        -1213414.8799999985,
        3586.9500000000003
      ],
      [
        -1205371.61,
        3586.43
      ],
      [
        -1201571.7699999986,
        3545.5200000000004
      ],
      [
        -1179675.6499999994,
        3438.53
      ],
      [
        -1203627.6299999987,
        3555.9500000000003
      ],
      [
        -1197769.339999999,
        3485.0
      ],
      [
        -1195308.2199999995,
        3477.4999999999995
      ],
      [
        -1193888.269999998,
        3462.4900000000007
      ]
    ]
  },
  "solutions_count": 11,
  "solutions_directory": "../results/SPEA2\\solutions\\users3\\uniform_reset_low_mutation\\run3"
}