{
  "run_info": {
    "dataset": "users3.json",
    "config": "uniform_inversion_high_mutation",
    "run": 4,
    "execution_time": 1897.90771651268,
    "generations": 300,
    "pareto_size": 22,
    "pareto_points": [
      [
        -1253782.2200000007,
        3212.7400000000007
      ],
      [
        -1256217.7600000007,
        3214.7499999999995
      ],
      [
        -1249880.0599999996,
        3162.22
      ],
      [
        -1261944.4600000002,
        3260.72
      ],
      [
        -1258828.7600000007,
        3228.74
      ],
      [
        -1259737.1800000009,
        3247.7200000000003
      ],
      [
        -1262124.6700000004,
        3268.710000000001
      ],
      [
        -1268962.1699999997,
        3318.22
      ],
      [
        -1250608.2699999996,
        3165.22
      ],
      [
        -1274932.7700000005,
        3460.62
      ],
      [
        -1244471.3599999994,
        3154.73
      ],
      [
        -1236195.8499999999,
        3133.2599999999998
      ],
      [
        -1273652.3800000004,
        3376.17
      ],
      [
        -1265715.9100000004,
        3277.7200000000003
      ],
      [
        -1271112.67,
        3329.7200000000003
      ],
      [
        -1252072.8700000006,
        3198.77
      ],
      [
        -1272710.49,
        3363.1800000000003
      ],
      [
        -1274926.05,
        3430.1400000000003
      ],
      [
        -1267468.2699999996,
        3307.2200000000003
      ],
      [
        -1257373.4600000004,
        3217.76
      ],
      [
        -1274854.84,
        3413.15
      ],
      [
        -1260379.22,
        3257.7200000000003
      ]
    ]
  },
  "solutions_count": 22,
  "solutions_directory": "../results/SPEA2\\solutions\\users3\\uniform_inversion_high_mutation\\run4"
}