{
  "solution": [
    2,
    3,
    17,
    8,
    2,
    8,
    17,
    17,
    7,
    8,
    17,
    15,
    8,
    8,
    17,
    5,
    8,
    17,
    17,
    17,
    17,
    8,
    16,
    17,
    4,
    17,
    17,
    17,
    17,
    4,
    17,
    18,
    4,
    17,
    17,
    16,
    17,
    5,
    9,
    2,
    4,
    17,
    14,
    8,
    8,
    17,
    17,
    17,
    16,
    17,
    17,
    17,
    4,
    8,
    17,
    4,
    8,
    17,
    8,
    17,
    17,
    17,
    17,
    4,
    17,
    4,
    17,
    17,
    8,
    17,
    16,
    17,
    17,
    6,
    17,
    17,
    17,
    17,
    4,
    17,
    17,
    17,
    2,
    17,
    4,
    16,
    17,
    17,
    17,
    17,
    8,
    9,
    15,
    8,
    17,
    5,
    2,
    4,
    14,
    17,
    2,
    2,
    17,
    2,
    16,
    8,
    17,
    8,
    4,
    17,
    17,
    17,
    5,
    17,
    9,
    8,
    16,
    17,
    17,
    15,
    8,
    17,
    17,
    17,
    17,
    17,
    17,
    17,
    7,
    2,
    8,
    17,
    17,
    17,
    2,
    17,
    5,
    8,
    17,
    17,
    17,
    17,
    17,
    17,
    17,
    17,
    1,
    17,
    18,
    17,
    17,
    17,
    8,
    9,
    11,
    8,
    17,
    17,
    17,
    17,
    17,
    17,
    17,
    17,
    17,
    17,
    17,
    17,
    5,
    5,
    15,
    8,
    17,
    11,
    5,
    2,
    16,
    17,
    8,
    4,
    5,
    17,
    5,
    8,
    8,
    4,
    17,
    17,
    17,
    8,
    13,
    8,
    17,
    16,
    10,
    17,
    7,
    17,
    8,
    17,
    2,
    8,
    16,
    14,
    2,
    17,
    16,
    8,
    17,
    4,
    5,
    17,
    17,
    8,
    17,
    14,
    17,
    17,
    17,
    17,
    2,
    17,
    17,
    17,
    17,
    4,
    2,
    17,
    17,
    17,
    10,
    8,
    2,
    17,
    17,
    17,
    17,
    17,
    17,
    17,
    4,
    8,
    3,
    17,
    16,
    2,
    8,
    5,
    17,
    17,
    17,
    17,
    8,
    17,
    17,
    12,
    4,
    5,
    16,
    2,
    17,
    5,
    16,
    2,
    17,
    8,
    4,
    17,
    15,
    16,
    17,
    17,
    17,
    3,
    5,
    3,
    2,
    17,
    17,
    17,
    5,
    17,
    4,
    8,
    17,
    17,
    8,
    2,
    2,
    8,
    1,
    6,
    17,
    5,
    2,
    8,
    5,
    17,
    18,
    5
  ],
  "objectives": [
    316911.57000000065,
    1038.6600000000003
  ],
  "fitness": {
    "minutos_ponderados": 316911.57000000065,
    "costo_total": 1038.6600000000003
  }
}