{
  "run_info": {
    "dataset": "users2.json",
    "config": "uniform_inversion_high_mutation",
    "run": 29,
    "execution_time": 818.4958221912384,
    "generations": 183,
    "pareto_size": 12,
    "pareto_points": [
      [
        -839352.9800000008,
        2120.85
      ],
      [
        -868746.1400000012,
        2193.8700000000003
      ],
      [
        -854660.6200000009,
        2125.85
      ],
      [
        -837748.1700000006,
        2099.3700000000003
      ],
      [
        -869283.2400000006,
        2196.87
      ],
      [
        -839305.2600000012,
        2117.36
      ],
      [
        -866752.8500000015,
        2163.84
      ],
      [
        -868709.8400000014,
        2177.84
      ],
      [
        -863769.1200000002,
        2140.8799999999997
      ],
      [
        -861074.4400000004,
        2137.83
      ],
      [
        -879269.6500000012,
        2277.28
      ],
      [
        -875325.8100000008,
        2197.33
      ]
    ]
  },
  "solutions_count": 12,
  "solutions_directory": "C:\\Users\\hctr0\\PycharmProjects\\TFG_Hector\\31Executions\\NSGA2\\solutions\\users2\\uniform_inversion_high_mutation\\run29"
}