{
  "solution": [
    17,
    2,
    17,
    2,
    17,
    17,
    17,
    9,
    17,
    17,
    6,
    16,
    2,
    17,
    17,
    4,
    2,
    17,
    17,
    17,
    2,
    16,
    5,
    6,
    16,
    17,
    17,
    17,
    17,
    17,
    4,
    9,
    5,
    10,
    17,
    17,
    17,
    15,
    5,
    17,
    16,
    17,
    17,
    17,
    17,
    17,
    3,
    9,
    17,
    6,
    5,
    2,
    2,
    17,
    17,
    17,
    8,
    5,
    8,
    17,
    17,
    2,
    17,
    17,
    5,
    16,
    10,
    17,
    10,
    1,
    6,
    17,
    5,
    17,
    16,
    17,
    17,
    17,
    2,
    17,
    17,
    17,
    16,
    17,
    17,
    17,
    17,
    17,
    17,
    4,
    17,
    14,
    13,
    17,
    17,
    17,
    17,
    17,
    17,
    4,
    17,
    17,
    3,
    17,
    17,
    5,
    5,
    8,
    18,
    3,
    8,
    17,
    16,
    8,
    17,
    17,
    17,
    17,
    17,
    16,
    17,
    17,
    16,
    17,
    17,
    8,
    2,
    17,
    16,
    8,
    5,
    2,
    8,
    8,
    12,
    17,
    17,
    17,
    5,
    17,
    17,
    6,
    17,
    17,
    17,
    17,
    12,
    2,
    6,
    17,
    3,
    17,
    17,
    3,
    2,
    8,
    5,
    17,
    17,
    17,
    6,
    17,
    6,
    8,
    17,
    17,
    4,
    6,
    8,
    17,
    17,
    8,
    17,
    2,
    5,
    8,
    10,
    17,
    17,
    8,
    17,
    17,
    17,
    6,
    17,
    17,
    17,
    17,
    13,
    10,
    14,
    17,
    4,
    8,
    8,
    17,
    8,
    17,
    17,
    2,
    17,
    17,
    17,
    17,
    17,
    17,
    8,
    2,
    17,
    17,
    17,
    16,
    17,
    8,
    17,
    17,
    5,
    17,
    1,
    8,
    17,
    17,
    7,
    17,
    17,
    5,
    5,
    5,
    17,
    2,
    16,
    17,
    16,
    17,
    17,
    17,
    17,
    17,
    17,
    17,
    3,
    17,
    17,
    17,
    8,
    3,
    4,
    6,
    8,
    17,
    17,
    17,
    5,
    4,
    2,
    17,
    17,
    17,
    16,
    2,
    17,
    8,
    17,
    8,
    17,
    8,
    5,
    17,
    17,
    2,
    15,
    17,
    17,
    17,
    17,
    17,
    17,
    17,
    10,
    2,
    5,
    17,
    17,
    8,
    17,
    17,
    17,
    17,
    17,
    11,
    16,
    17,
    17,
    17,
    17,
    15,
    17,
    17,
    9,
    17
  ],
  "objectives": [
    438948.28999999986,
    1040.04
  ],
  "fitness": {
    "minutos_ponderados": 438948.28999999986,
    "costo_total": 1040.04
  }
}