{
  "solution": [
    17,
    2,
    17,
    1,
    17,
    17,
    17,
    9,
    17,
    17,
    17,
    16,
    17,
    17,
    17,
    4,
    2,
    17,
    17,
    7,
    2,
    16,
    5,
    17,
    16,
    17,
    17,
    17,
    17,
    17,
    11,
    8,
    5,
    4,
    17,
    17,
    17,
    15,
    5,
    17,
    16,
    17,
    16,
    17,
    16,
    17,
    17,
    17,
    17,
    16,
    5,
    8,
    17,
    17,
    17,
    17,
    5,
    5,
    8,
    17,
    17,
    2,
    8,
    17,
    7,
    16,
    8,
    17,
    17,
    17,
    6,
    17,
    5,
    10,
    16,
    17,
    17,
    17,
    2,
    17,
    17,
    17,
    16,
    17,
    17,
    17,
    17,
    17,
    17,
    4,
    17,
    8,
    17,
    17,
    17,
    17,
    17,
    17,
    17,
    4,
    17,
    17,
    10,
    17,
    18,
    5,
    5,
    8,
    18,
    8,
    2,
    17,
    16,
    8,
    3,
    3,
    17,
    17,
    17,
    16,
    17,
    8,
    16,
    8,
    17,
    1,
    2,
    17,
    16,
    8,
    5,
    2,
    8,
    8,
    8,
    17,
    17,
    17,
    8,
    17,
    17,
    6,
    17,
    17,
    17,
    17,
    4,
    2,
    15,
    17,
    17,
    10,
    5,
    4,
    2,
    8,
    5,
    17,
    17,
    17,
    17,
    17,
    5,
    8,
    17,
    17,
    4,
    6,
    2,
    17,
    17,
    8,
    17,
    2,
    5,
    8,
    8,
    17,
    17,
    8,
    17,
    17,
    17,
    2,
    17,
    17,
    17,
    17,
    17,
    17,
    17,
    17,
    16,
    8,
    8,
    17,
    8,
    17,
    17,
    2,
    17,
    17,
    17,
    17,
    17,
    17,
    8,
    2,
    17,
    17,
    17,
    16,
    17,
    5,
    17,
    17,
    5,
    17,
    17,
    8,
    17,
    17,
    17,
    17,
    17,
    5,
    5,
    5,
    17,
    2,
    16,
    18,
    5,
    17,
    17,
    17,
    17,
    17,
    17,
    17,
    17,
    17,
    17,
    17,
    8,
    3,
    18,
    17,
    5,
    17,
    17,
    17,
    5,
    17,
    2,
    17,
    17,
    11,
    16,
    5,
    11,
    8,
    17,
    8,
    17,
    8,
    5,
    17,
    17,
    17,
    17,
    17,
    17,
    17,
    17,
    17,
    17,
    17,
    17,
    2,
    17,
    17,
    6,
    2,
    17,
    17,
    7,
    17,
    17,
    2,
    16,
    17,
    4,
    17,
    17,
    15,
    17,
    17,
    17,
    11
  ],
  "objectives": [
    433769.22999999963,
    994.03
  ],
  "fitness": {
    "minutos_ponderados": 433769.22999999963,
    "costo_total": 994.03
  }
}