{
  "solution": [
    17,
    2,
    17,
    2,
    17,
    17,
    17,
    9,
    10,
    17,
    2,
    16,
    17,
    17,
    17,
    5,
    2,
    17,
    17,
    17,
    2,
    16,
    5,
    17,
    16,
    17,
    17,
    17,
    17,
    17,
    4,
    8,
    5,
    4,
    17,
    17,
    17,
    15,
    17,
    17,
    16,
    17,
    17,
    17,
    14,
    4,
    17,
    17,
    17,
    16,
    5,
    5,
    17,
    14,
    17,
    17,
    8,
    5,
    7,
    17,
    17,
    2,
    8,
    17,
    5,
    16,
    8,
    17,
    17,
    15,
    7,
    17,
    10,
    14,
    16,
    17,
    17,
    17,
    2,
    17,
    1,
    17,
    16,
    17,
    17,
    17,
    17,
    17,
    17,
    4,
    17,
    15,
    4,
    17,
    17,
    17,
    17,
    17,
    17,
    4,
    17,
    17,
    6,
    17,
    17,
    5,
    5,
    8,
    18,
    8,
    4,
    17,
    16,
    8,
    17,
    17,
    17,
    17,
    17,
    16,
    1,
    10,
    16,
    17,
    17,
    8,
    2,
    15,
    16,
    8,
    5,
    2,
    8,
    8,
    8,
    17,
    17,
    17,
    8,
    2,
    17,
    6,
    17,
    17,
    17,
    17,
    4,
    2,
    15,
    17,
    17,
    17,
    17,
    4,
    16,
    8,
    5,
    17,
    17,
    17,
    17,
    17,
    5,
    8,
    17,
    17,
    4,
    6,
    8,
    7,
    17,
    8,
    17,
    2,
    5,
    8,
    8,
    17,
    17,
    8,
    17,
    17,
    17,
    17,
    17,
    1,
    17,
    17,
    17,
    17,
    17,
    17,
    16,
    9,
    8,
    17,
    8,
    17,
    17,
    2,
    17,
    17,
    17,
    17,
    17,
    17,
    8,
    8,
    17,
    17,
    17,
    16,
    17,
    8,
    17,
    17,
    4,
    17,
    17,
    8,
    13,
    17,
    17,
    17,
    17,
    5,
    15,
    5,
    17,
    2,
    16,
    2,
    16,
    3,
    17,
    17,
    17,
    17,
    17,
    17,
    17,
    17,
    17,
    17,
    8,
    3,
    4,
    17,
    5,
    17,
    17,
    17,
    5,
    4,
    2,
    17,
    17,
    17,
    16,
    5,
    17,
    8,
    17,
    8,
    17,
    8,
    5,
    17,
    17,
    17,
    17,
    17,
    17,
    17,
    17,
    17,
    17,
    3,
    17,
    2,
    17,
    17,
    16,
    16,
    17,
    17,
    10,
    17,
    8,
    17,
    16,
    6,
    17,
    17,
    17,
    15,
    17,
    17,
    17,
    17
  ],
  "objectives": [
    438535.70999999996,
    1027.52
  ],
  "fitness": {
    "minutos_ponderados": 438535.70999999996,
    "costo_total": 1027.52
  }
}