{
  "solution": [
    17,
    2,
    17,
    2,
    17,
    17,
    2,
    9,
    17,
    17,
    17,
    16,
    17,
    17,
    17,
    14,
    2,
    17,
    12,
    17,
    2,
    16,
    5,
    17,
    16,
    17,
    17,
    17,
    17,
    17,
    4,
    8,
    5,
    17,
    17,
    17,
    1,
    15,
    16,
    17,
    16,
    17,
    17,
    17,
    16,
    17,
    17,
    17,
    17,
    15,
    5,
    2,
    17,
    17,
    17,
    11,
    8,
    5,
    1,
    17,
    17,
    2,
    17,
    17,
    5,
    16,
    8,
    16,
    17,
    17,
    7,
    17,
    5,
    17,
    16,
    17,
    17,
    17,
    2,
    17,
    17,
    11,
    16,
    17,
    17,
    17,
    17,
    17,
    17,
    4,
    17,
    18,
    17,
    17,
    17,
    3,
    17,
    17,
    15,
    4,
    9,
    17,
    6,
    17,
    17,
    5,
    7,
    8,
    18,
    8,
    8,
    17,
    16,
    5,
    17,
    17,
    17,
    18,
    17,
    16,
    17,
    17,
    16,
    17,
    17,
    8,
    2,
    1,
    16,
    8,
    5,
    2,
    3,
    8,
    8,
    17,
    17,
    17,
    8,
    17,
    17,
    6,
    17,
    17,
    17,
    17,
    4,
    2,
    2,
    15,
    17,
    17,
    17,
    8,
    2,
    8,
    5,
    17,
    18,
    17,
    17,
    17,
    5,
    8,
    17,
    17,
    4,
    6,
    8,
    17,
    6,
    8,
    17,
    2,
    5,
    8,
    4,
    17,
    17,
    8,
    17,
    17,
    17,
    17,
    17,
    17,
    17,
    17,
    17,
    17,
    17,
    17,
    16,
    8,
    11,
    17,
    6,
    17,
    17,
    2,
    17,
    17,
    12,
    17,
    17,
    15,
    8,
    2,
    17,
    17,
    17,
    16,
    17,
    8,
    17,
    17,
    5,
    17,
    17,
    8,
    17,
    14,
    17,
    17,
    17,
    5,
    5,
    5,
    17,
    2,
    16,
    17,
    12,
    17,
    17,
    17,
    17,
    17,
    17,
    17,
    17,
    17,
    17,
    17,
    8,
    3,
    4,
    17,
    5,
    17,
    17,
    16,
    5,
    4,
    5,
    17,
    17,
    17,
    16,
    5,
    17,
    8,
    17,
    8,
    17,
    8,
    5,
    13,
    17,
    17,
    17,
    17,
    12,
    17,
    17,
    17,
    17,
    17,
    17,
    2,
    17,
    14,
    16,
    8,
    1,
    17,
    17,
    17,
    17,
    8,
    16,
    17,
    17,
    17,
    17,
    15,
    17,
    17,
    14,
    17
  ],
  "objectives": [
    441849.6499999994,
    1115.0200000000002
  ],
  "fitness": {
    "minutos_ponderados": 441849.6499999994,
    "costo_total": 1115.0200000000002
  }
}