{
  "run_info": {
    "dataset": "users5.json",
    "config": "high_heuristic_influence",
    "run": 25,
    "execution_time": 5851.138867616653,
    "iterations_completed": 65,
    "max_iterations": 200,
    "terminated_early": true,
    "generations_without_improvement": 12,
    "pareto_size": 19,
    "pareto_points": [
      [
        2940248.630000024,
        6867.390000000007
      ],
      [
        3049413.320000005,
        6951.590000000007
      ],
      [
        3066196.840000016,
        7291.56000000001
      ],
      [
        3116574.3900000295,
        7540.970000000011
      ],
      [
        3069331.5900000087,
        7298.920000000011
      ],
      [
        3094198.4200000167,
        7435.830000000011
      ],
      [
        3104531.1300000073,
        7463.1100000000115
      ],
      [
        3088753.189999999,
        7398.3200000000115
      ],
      [
        3131929.220000026,
        7545.460000000013
      ],
      [
        3095365.2100000195,
        7462.680000000012
      ],
      [
        3110955.5100000175,
        7526.200000000012
      ],
      [
        3173989.5300000166,
        7620.810000000014
      ],
      [
        3201209.9600000237,
        7883.150000000015
      ],
      [
        3185999.040000014,
        7742.300000000014
      ],
      [
        3192118.2300000265,
        7778.630000000014
      ],
      [
        3194997.8400000194,
        7814.610000000014
      ],
      [
        3184203.2900000336,
        7698.280000000015
      ],
      [
        3202506.870000041,
        7910.300000000014
      ],
      [
        3195269.540000026,
        7835.640000000014
      ]
    ],
    "solutions_evaluated": 1300,
    "config_params": {
      "n_ants": 20,
      "rho": 0.4,
      "alpha": 0.5,
      "beta": 5.0,
      "archive_size": 100,
      "no_improvement_generations": 12
    }
  },
  "solutions_count": 19,
  "solutions_directory": "C:\\Users\\hctr0\\PycharmProjects\\TFG_Hector\\31Executions\\PACO\\solutions\\users5\\high_heuristic_influence\\run25",
  "objective_statistics": {
    "cost_range": {
      "min": 6867.390000000007,
      "max": 7910.300000000014
    },
    "minutes_range": {
      "min": 2940248.630000024,
      "max": 3202506.870000041
    }
  },
  "algorithm_info": {
    "archive_history_length": 65,
    "max_archive_size_reached": 19
  }
}