{
  "run_info": {
    "dataset": "users5.json",
    "config": "npoint_inversion_high_all",
    "run": 5,
    "execution_time": 10712.422806024551,
    "generations": 300,
    "pareto_size": 39,
    "pareto_points": [
      [
        -3256936.299999999,
        9483.650000000001
      ],
      [
        -3198377.56,
        9083.180000000002
      ],
      [
        -3143407.259999987,
        8859.93
      ],
      [
        -3227756.530000004,
        9306.240000000002
      ],
      [
        -3277657.2699999977,
        9629.700000000004
      ],
      [
        -3187632.6399999997,
        9020.280000000002
      ],
      [
        -3144467.4799999874,
        8881.920000000002
      ],
      [
        -3100019.6599999904,
        8706.490000000002
      ],
      [
        -3218548.1700000023,
        9220.310000000001
      ],
      [
        -3138392.889999987,
        8842.41
      ],
      [
        -3185843.13,
        8985.300000000001
      ],
      [
        -3277783.2899999977,
        9643.71
      ],
      [
        -3206526.63,
        9193.890000000001
      ],
      [
        -3178890.5299999956,
        8919.330000000002
      ],
      [
        -3119162.079999989,
        8799.890000000001
      ],
      [
        -3196534.1100000003,
        9055.710000000003
      ],
      [
        -3205117.8800000004,
        9178.84
      ],
      [
        -3205514.810000001,
        9185.83
      ],
      [
        -3112797.3699999875,
        8731.910000000002
      ],
      [
        -3265161.8099999996,
        9520.71
      ],
      [
        -3259425.939999999,
        9520.1
      ],
      [
        -3234918.580000002,
        9469.61
      ],
      [
        -3204394.2300000046,
        9101.210000000001
      ],
      [
        -3149997.959999997,
        8915.960000000001
      ],
      [
        -3184180.2299999995,
        8984.830000000002
      ],
      [
        -3117233.3699999885,
        8770.890000000003
      ],
      [
        -3266182.159999998,
        9526.670000000002
      ],
      [
        -3270340.649999999,
        9574.200000000003
      ],
      [
        -3233821.6400000025,
        9448.62
      ],
      [
        -3231327.8900000043,
        9313.230000000003
      ],
      [
        -3235231.280000002,
        9481.64
      ],
      [
        -3145209.639999997,
        8915.35
      ],
      [
        -3195622.69,
        9040.200000000003
      ],
      [
        -3258305.3399999994,
        9514.130000000001
      ],
      [
        -3134908.2899999884,
        8818.44
      ],
      [
        -3223893.390000005,
        9278.760000000002
      ],
      [
        -3257296.989999999,
        9508.12
      ],
      [
        -3267535.719999999,
        9542.23
      ],
      [
        -3104935.5299999905,
        8729.460000000003
      ]
    ]
  },
  "solutions_count": 39,
  "solutions_directory": "../results/SPEA2\\solutions\\users5\\npoint_inversion_high_all\\run5"
}