{
  "run_info": {
    "dataset": "users1.json",
    "config": "fast_evaporation_explorative",
    "run": 3,
    "execution_time": 273.0824227333069,
    "iterations_completed": 20,
    "max_iterations": 200,
    "terminated_early": true,
    "generations_without_improvement": 12,
    "pareto_size": 10,
    "pareto_points": [
      [
        368431.02999999985,
        1164.4299999999998
      ],
      [
        367537.4799999999,
        1156.46
      ],
      [
        372439.79000000015,
        1189.0
      ],
      [
        343064.9199999997,
        1116.7900000000002
      ],
      [
        335029.5499999999,
        1063.7800000000002
      ],
      [
        343531.38000000006,
        1141.2199999999998
      ],
      [
        302724.9300000003,
        1041.9000000000003
      ],
      [
        273056.4400000002,
        1003.38
      ],
      [
        282109.7600000002,
        1030.29
      ],
      [
        280083.83000000037,
        1005.79
      ]
    ],
    "solutions_evaluated": 400,
    "config_params": {
      "n_ants": 20,
      "rho": 0.7,
      "alpha": 1.0,
      "beta": 2.5,
      "archive_size": 100,
      "no_improvement_generations": 12
    }
  },
  "solutions_count": 10,
  "solutions_directory": "../results/PACO\\solutions\\users1\\fast_evaporation_explorative\\run3",
  "objective_statistics": {
    "cost_range": {
      "min": 1003.38,
      "max": 1189.0
    },
    "minutes_range": {
      "min": 273056.4400000002,
      "max": 372439.79000000015
    }
  },
  "algorithm_info": {
    "archive_history_length": 20,
    "max_archive_size_reached": 10
  }
}