{
  "solution": [
    1,
    17,
    1,
    17,
    2,
    17,
    17,
    2,
    8,
    7,
    5,
    9,
    17,
    17,
    17,
    16,
    17,
    17,
    6,
    8,
    1,
    15,
    17,
    17,
    2,
    13,
    17,
    16,
    17,
    17,
    2,
    2,
    8,
    17,
    5,
    17,
    8,
    16,
    8,
    11,
    6,
    8,
    4,
    17,
    17,
    17,
    17,
    8,
    17,
    5,
    17,
    17,
    17,
    2,
    17,
    17,
    17,
    17,
    5,
    15,
    17,
    8,
    17,
    17,
    13,
    16,
    8,
    17,
    17,
    17,
    9,
    6,
    4,
    17,
    17,
    8,
    8,
    17,
    4,
    17,
    5,
    4,
    17,
    2,
    8,
    17,
    2,
    8,
    10,
    4,
    6,
    17,
    17,
    18,
    5,
    16,
    17,
    17,
    17,
    17,
    17,
    17,
    8,
    17,
    17,
    6,
    2,
    4,
    17,
    4,
    2,
    17,
    11,
    6,
    8,
    17,
    9,
    17,
    2,
    17,
    17,
    17,
    17,
    17,
    17,
    5,
    17,
    1,
    17,
    16,
    15,
    17,
    16,
    17,
    17,
    5,
    5,
    15,
    9,
    8,
    4,
    1,
    8,
    1,
    2,
    17,
    17,
    2,
    8,
    4,
    1,
    8,
    6,
    9,
    17,
    8,
    17,
    17,
    17,
    2,
    17,
    2,
    17,
    2,
    17,
    3,
    17,
    17,
    15,
    17,
    17,
    2,
    15,
    17,
    17,
    8,
    2,
    17,
    8,
    4,
    17,
    14,
    5,
    12,
    4,
    17,
    4,
    9,
    17,
    17,
    17,
    17,
    5,
    4,
    17,
    6,
    8,
    16,
    8,
    17,
    16,
    8,
    8,
    7,
    8,
    16,
    17,
    5,
    2,
    17,
    17,
    8,
    6,
    17,
    17,
    2,
    8,
    17,
    14,
    2,
    8,
    8,
    16,
    16,
    9,
    17,
    4,
    17,
    17,
    5,
    8,
    8,
    17,
    5,
    4,
    17,
    5,
    17,
    6,
    17,
    15,
    17,
    17,
    17,
    5,
    2,
    17,
    1,
    7,
    8,
    17,
    17,
    17,
    13,
    17,
    4,
    8,
    8,
    15,
    12,
    14,
    8,
    15,
    17,
    4,
    17,
    8,
    2,
    17,
    2,
    16,
    9,
    2,
    17,
    4,
    17,
    17,
    17,
    8,
    17,
    5,
    17,
    8,
    3,
    8,
    17,
    3,
    8,
    1,
    17,
    16,
    8,
    17,
    4,
    17,
    1,
    17,
    16,
    17,
    5
  ],
  "objectives": [
    335029.5499999999,
    1063.7800000000002
  ],
  "fitness": {
    "minutos_ponderados": 335029.5499999999,
    "costo_total": 1063.7800000000002
  }
}