{
  "solution": [
    17,
    17,
    8,
    17,
    17,
    17,
    4,
    17,
    17,
    17,
    9,
    5,
    17,
    17,
    3,
    17,
    17,
    17,
    5,
    17,
    8,
    8,
    17,
    17,
    8,
    17,
    17,
    5,
    17,
    17,
    8,
    17,
    17,
    9,
    17,
    17,
    16,
    17,
    8,
    17,
    17,
    16,
    17,
    16,
    17,
    6,
    17,
    17,
    17,
    2,
    17,
    17,
    5,
    11,
    8,
    17,
    9,
    17,
    17,
    17,
    17,
    17,
    17,
    8,
    17,
    15,
    17,
    17,
    4,
    17,
    6,
    17,
    17,
    13,
    5,
    17,
    8,
    17,
    17,
    17,
    16,
    17,
    17,
    16,
    10,
    17,
    8,
    14,
    17,
    6,
    17,
    17,
    17,
    4,
    17,
    17,
    17,
    17,
    17,
    17,
    17,
    17,
    8,
    17,
    17,
    8,
    2,
    8,
    7,
    17,
    17,
    17,
    17,
    17,
    17,
    17,
    17,
    17,
    17,
    16,
    17,
    6,
    17,
    17,
    17,
    5,
    17,
    8,
    17,
    2,
    17,
    17,
    4,
    8,
    17,
    17,
    8,
    17,
    17,
    17,
    17,
    17,
    17,
    17,
    17,
    17,
    17,
    17,
    8,
    2,
    17,
    17,
    6,
    17,
    8,
    8,
    16,
    13,
    17,
    17,
    17,
    13,
    17,
    2,
    17,
    17,
    8,
    17,
    17,
    4,
    17,
    16,
    17,
    8,
    8,
    17,
    17,
    17,
    6,
    5,
    17,
    17,
    17,
    17,
    8,
    4,
    17,
    17,
    17,
    17,
    17,
    17,
    8,
    17,
    17,
    17,
    17,
    17,
    8,
    2,
    17,
    17,
    17,
    8,
    17,
    17,
    17,
    17,
    17,
    17,
    17,
    1,
    17,
    17,
    17,
    8,
    8,
    17,
    17,
    17,
    17,
    8,
    17,
    17,
    17,
    17,
    17,
    17,
    17,
    17,
    17,
    17,
    16,
    17,
    17,
    5,
    6,
    17,
    7,
    17,
    8,
    17,
    1,
    9,
    17,
    17,
    6,
    17,
    14,
    17,
    17,
    6,
    4,
    17,
    1,
    8,
    8,
    17,
    17,
    9,
    17,
    17,
    17,
    17,
    8,
    17,
    17,
    17,
    17,
    8,
    17,
    17,
    8,
    6,
    1,
    17,
    8,
    8,
    17,
    17,
    17,
    17,
    17,
    8,
    17,
    17,
    17,
    17,
    8,
    17,
    8,
    8,
    6,
    2,
    8,
    8,
    17,
    15,
    17,
    5
  ],
  "objectives": [
    273056.4400000002,
    1003.38
  ],
  "fitness": {
    "minutos_ponderados": 273056.4400000002,
    "costo_total": 1003.38
  }
}