{
  "run_info": {
    "dataset": "users3.json",
    "config": "uniform_inversion_high_mutation",
    "run": 1,
    "execution_time": 1295.9414212703705,
    "generations": 122,
    "pareto_size": 25,
    "pareto_points": [
      [
        -1244269.3299999966,
        3096.6699999999996
      ],
      [
        -1246963.789999996,
        3109.5800000000004
      ],
      [
        -1242624.5299999965,
        3071.6900000000005
      ],
      [
        -1254554.6799999971,
        3112.6
      ],
      [
        -1267135.6999999967,
        3139.65
      ],
      [
        -1303444.8899999945,
        3362.5499999999997
      ],
      [
        -1282478.2799999944,
        3174.68
      ],
      [
        -1297007.4999999956,
        3273.0999999999995
      ],
      [
        -1286801.119999995,
        3196.67
      ],
      [
        -1302656.199999994,
        3349.5099999999998
      ],
      [
        -1290519.6799999953,
        3251.5900000000006
      ],
      [
        -1306117.6599999953,
        3377.0
      ],
      [
        -1294567.4999999949,
        3259.63
      ],
      [
        -1279599.8699999957,
        3169.6499999999996
      ],
      [
        -1300866.2999999947,
        3318.0699999999997
      ],
      [
        -1267365.1499999955,
        3142.69
      ],
      [
        -1265607.679999996,
        3114.68
      ],
      [
        -1288445.9199999953,
        3212.65
      ],
      [
        -1299802.3799999952,
        3308.0699999999997
      ],
      [
        -1298612.4599999958,
        3307.5600000000004
      ],
      [
        -1277372.489999995,
        3150.68
      ],
      [
        -1283605.1599999946,
        3182.17
      ],
      [
        -1289825.1199999955,
        3232.6299999999997
      ],
      [
        -1301464.1899999944,
        3322.5699999999997
      ],
      [
        -1297211.9299999948,
        3305.56
      ]
    ]
  },
  "solutions_count": 25,
  "solutions_directory": "../results/NSGA2\\solutions\\users3\\uniform_inversion_high_mutation\\run1"
}