{
  "solution": [
    17,
    8,
    17,
    16,
    8,
    8,
    17,
    17,
    17,
    5,
    17,
    17,
    17,
    16,
    17,
    8,
    15,
    17,
    16,
    12,
    8,
    17,
    17,
    8,
    2,
    17,
    5,
    17,
    17,
    8,
    17,
    16,
    17,
    5,
    8,
    17,
    17,
    17,
    3,
    16,
    2,
    3,
    17,
    2,
    8,
    15,
    17,
    8,
    17,
    17,
    17,
    17,
    11,
    17,
    4,
    5,
    10,
    17,
    16,
    5,
    1,
    17,
    17,
    17,
    8,
    17,
    17,
    17,
    17,
    17,
    4,
    17,
    4,
    9,
    17,
    17,
    17,
    10,
    17,
    8,
    16,
    3,
    5,
    17,
    2,
    17,
    8,
    17,
    9,
    10,
    16,
    5,
    17,
    17,
    17,
    17,
    17,
    17,
    4,
    2,
    17,
    17,
    5,
    16,
    17,
    16,
    17,
    17,
    17,
    8,
    17,
    17,
    16,
    17,
    17,
    17,
    17,
    5,
    17,
    17,
    8,
    14,
    17,
    17,
    9,
    17,
    17,
    17,
    17,
    17,
    17,
    17,
    17,
    17,
    5,
    17,
    15,
    17,
    17,
    8,
    16,
    2,
    8,
    17,
    16,
    13,
    2,
    17,
    17,
    5,
    16,
    17,
    17,
    2,
    17,
    17,
    17,
    17,
    17,
    1,
    16,
    5,
    17,
    2,
    6,
    17,
    4,
    17,
    16,
    17,
    17,
    17,
    8,
    17,
    5,
    16,
    16,
    9,
    17,
    6,
    4,
    17,
    4,
    9,
    2,
    8,
    17,
    4,
    17,
    17,
    17,
    16,
    17,
    8,
    4,
    17,
    17,
    10,
    2,
    4,
    4,
    5,
    17,
    17,
    16,
    17,
    17,
    17,
    17,
    17,
    17,
    17,
    11,
    17,
    4,
    17,
    5,
    16,
    17,
    16,
    8,
    3,
    17,
    8,
    17,
    17,
    2,
    4,
    8,
    17,
    17,
    2,
    5,
    6,
    8,
    17,
    16,
    17,
    17,
    17,
    18,
    4,
    8,
    2,
    6,
    17,
    16,
    17,
    6,
    17,
    17,
    17,
    17,
    17,
    6,
    17,
    8,
    9,
    17,
    17,
    17,
    17,
    17,
    2,
    4,
    2,
    3,
    8,
    8,
    16,
    17,
    8,
    8,
    14,
    16,
    8,
    17,
    8,
    5,
    8,
    6,
    17,
    5,
    17,
    17,
    5,
    8,
    17,
    8,
    2,
    8,
    4,
    17,
    2,
    17,
    9,
    8,
    17,
    17,
    8
  ],
  "objectives": [
    438610.75999999954,
    1051.6299999999999
  ],
  "fitness": {
    "minutos_ponderados": 438610.75999999954,
    "costo_total": 1051.6299999999999
  }
}