{
  "solution": [
    17,
    5,
    17,
    16,
    9,
    8,
    17,
    12,
    17,
    5,
    17,
    4,
    17,
    16,
    17,
    8,
    17,
    17,
    16,
    17,
    8,
    17,
    17,
    8,
    2,
    16,
    5,
    17,
    17,
    17,
    17,
    5,
    17,
    15,
    8,
    2,
    17,
    2,
    8,
    5,
    12,
    17,
    17,
    2,
    8,
    15,
    15,
    8,
    17,
    17,
    15,
    17,
    17,
    17,
    4,
    5,
    17,
    17,
    17,
    5,
    15,
    7,
    17,
    17,
    8,
    17,
    17,
    17,
    17,
    1,
    4,
    17,
    4,
    5,
    17,
    17,
    17,
    5,
    9,
    8,
    4,
    17,
    2,
    6,
    2,
    17,
    17,
    17,
    2,
    17,
    14,
    16,
    17,
    17,
    17,
    17,
    17,
    17,
    17,
    2,
    17,
    17,
    17,
    16,
    4,
    16,
    17,
    17,
    17,
    8,
    17,
    11,
    16,
    17,
    17,
    11,
    17,
    5,
    17,
    15,
    8,
    17,
    17,
    17,
    5,
    17,
    17,
    17,
    17,
    17,
    17,
    8,
    17,
    17,
    5,
    17,
    5,
    2,
    17,
    8,
    2,
    2,
    8,
    8,
    5,
    17,
    2,
    17,
    17,
    5,
    15,
    17,
    17,
    2,
    17,
    17,
    17,
    17,
    17,
    1,
    16,
    15,
    17,
    2,
    8,
    17,
    4,
    13,
    16,
    5,
    17,
    17,
    8,
    2,
    5,
    16,
    13,
    9,
    17,
    6,
    17,
    17,
    4,
    4,
    2,
    13,
    17,
    4,
    17,
    17,
    17,
    16,
    17,
    8,
    4,
    17,
    8,
    17,
    17,
    4,
    16,
    17,
    17,
    17,
    16,
    17,
    17,
    17,
    10,
    11,
    17,
    17,
    8,
    17,
    4,
    17,
    2,
    17,
    17,
    16,
    8,
    17,
    17,
    10,
    17,
    17,
    4,
    9,
    8,
    8,
    8,
    2,
    5,
    6,
    17,
    13,
    17,
    17,
    17,
    17,
    17,
    17,
    8,
    2,
    18,
    17,
    16,
    17,
    8,
    17,
    9,
    17,
    17,
    5,
    17,
    14,
    8,
    17,
    17,
    17,
    3,
    15,
    17,
    11,
    4,
    2,
    8,
    3,
    6,
    17,
    17,
    8,
    5,
    8,
    16,
    8,
    17,
    8,
    8,
    8,
    2,
    17,
    5,
    17,
    17,
    5,
    8,
    17,
    8,
    2,
    8,
    4,
    17,
    2,
    17,
    8,
    8,
    17,
    17,
    8
  ],
  "objectives": [
    430803.7699999998,
    1020.6999999999999
  ],
  "fitness": {
    "minutos_ponderados": 430803.7699999998,
    "costo_total": 1020.6999999999999
  }
}