{
  "solution": [
    17,
    8,
    17,
    16,
    8,
    8,
    17,
    17,
    17,
    5,
    17,
    17,
    7,
    16,
    17,
    5,
    17,
    17,
    16,
    17,
    8,
    17,
    17,
    8,
    13,
    17,
    5,
    16,
    17,
    18,
    17,
    16,
    17,
    8,
    8,
    17,
    17,
    17,
    16,
    1,
    2,
    17,
    17,
    2,
    8,
    15,
    6,
    8,
    17,
    17,
    17,
    17,
    17,
    17,
    4,
    5,
    17,
    17,
    17,
    11,
    17,
    17,
    17,
    7,
    8,
    17,
    17,
    11,
    17,
    16,
    4,
    17,
    4,
    6,
    17,
    17,
    17,
    5,
    17,
    8,
    4,
    17,
    5,
    17,
    2,
    17,
    17,
    17,
    2,
    17,
    16,
    16,
    17,
    17,
    17,
    17,
    17,
    17,
    17,
    2,
    17,
    6,
    17,
    16,
    17,
    16,
    17,
    17,
    17,
    8,
    17,
    17,
    16,
    17,
    17,
    17,
    17,
    5,
    17,
    17,
    8,
    17,
    17,
    11,
    5,
    17,
    17,
    17,
    17,
    17,
    11,
    17,
    17,
    17,
    5,
    17,
    17,
    2,
    17,
    8,
    2,
    2,
    8,
    8,
    16,
    17,
    2,
    17,
    17,
    5,
    8,
    17,
    11,
    7,
    17,
    17,
    4,
    17,
    17,
    1,
    16,
    5,
    17,
    2,
    8,
    17,
    4,
    17,
    16,
    17,
    17,
    17,
    8,
    17,
    5,
    16,
    16,
    9,
    17,
    4,
    4,
    17,
    3,
    4,
    15,
    10,
    8,
    4,
    17,
    17,
    17,
    16,
    16,
    8,
    4,
    17,
    17,
    17,
    17,
    4,
    16,
    5,
    17,
    17,
    16,
    17,
    17,
    17,
    11,
    17,
    17,
    17,
    6,
    17,
    4,
    17,
    2,
    17,
    4,
    17,
    8,
    17,
    17,
    8,
    17,
    17,
    17,
    4,
    8,
    8,
    17,
    2,
    5,
    6,
    8,
    17,
    17,
    5,
    17,
    17,
    17,
    17,
    8,
    2,
    17,
    6,
    16,
    17,
    8,
    5,
    5,
    17,
    17,
    17,
    17,
    17,
    8,
    17,
    17,
    2,
    17,
    17,
    17,
    2,
    4,
    2,
    8,
    8,
    6,
    17,
    17,
    3,
    8,
    8,
    16,
    8,
    7,
    8,
    8,
    8,
    2,
    17,
    5,
    17,
    17,
    5,
    8,
    17,
    16,
    17,
    8,
    4,
    17,
    2,
    15,
    9,
    8,
    17,
    17,
    8
  ],
  "objectives": [
    430759.91000000015,
    1011.1200000000001
  ],
  "fitness": {
    "minutos_ponderados": 430759.91000000015,
    "costo_total": 1011.1200000000001
  }
}