{
  "solution": [
    17,
    8,
    17,
    16,
    8,
    8,
    17,
    17,
    17,
    5,
    12,
    12,
    17,
    16,
    17,
    8,
    17,
    17,
    16,
    17,
    8,
    17,
    11,
    8,
    2,
    17,
    5,
    17,
    17,
    17,
    17,
    10,
    17,
    8,
    8,
    17,
    17,
    17,
    8,
    16,
    2,
    17,
    17,
    2,
    18,
    15,
    17,
    8,
    16,
    8,
    17,
    17,
    17,
    17,
    4,
    5,
    17,
    17,
    17,
    5,
    17,
    17,
    8,
    17,
    8,
    17,
    17,
    17,
    17,
    17,
    4,
    5,
    4,
    5,
    17,
    17,
    17,
    5,
    17,
    8,
    4,
    17,
    5,
    17,
    4,
    17,
    17,
    17,
    2,
    17,
    16,
    16,
    17,
    17,
    2,
    17,
    17,
    17,
    17,
    16,
    16,
    8,
    17,
    16,
    17,
    16,
    17,
    17,
    2,
    8,
    17,
    17,
    16,
    17,
    17,
    17,
    17,
    18,
    17,
    17,
    8,
    17,
    17,
    11,
    5,
    17,
    17,
    11,
    17,
    17,
    17,
    17,
    17,
    17,
    5,
    17,
    5,
    2,
    17,
    8,
    2,
    2,
    8,
    8,
    16,
    17,
    2,
    17,
    17,
    5,
    8,
    17,
    17,
    2,
    17,
    17,
    17,
    17,
    17,
    1,
    16,
    5,
    17,
    2,
    8,
    17,
    4,
    17,
    16,
    17,
    17,
    17,
    4,
    17,
    5,
    16,
    16,
    9,
    17,
    6,
    17,
    17,
    4,
    4,
    2,
    4,
    17,
    4,
    17,
    17,
    17,
    4,
    17,
    8,
    4,
    17,
    17,
    17,
    17,
    4,
    16,
    5,
    17,
    17,
    16,
    16,
    17,
    17,
    17,
    17,
    17,
    17,
    8,
    15,
    4,
    17,
    2,
    17,
    17,
    16,
    8,
    17,
    6,
    8,
    17,
    17,
    17,
    4,
    8,
    8,
    17,
    2,
    5,
    6,
    8,
    17,
    17,
    17,
    17,
    17,
    17,
    17,
    8,
    2,
    17,
    9,
    16,
    17,
    8,
    17,
    17,
    17,
    17,
    6,
    2,
    8,
    8,
    17,
    17,
    17,
    17,
    18,
    17,
    2,
    10,
    2,
    8,
    8,
    6,
    17,
    17,
    8,
    8,
    8,
    16,
    8,
    17,
    8,
    8,
    8,
    2,
    17,
    5,
    17,
    17,
    5,
    8,
    17,
    2,
    12,
    8,
    4,
    17,
    2,
    17,
    11,
    8,
    17,
    4,
    8
  ],
  "objectives": [
    430143.2000000003,
    973.22
  ],
  "fitness": {
    "minutos_ponderados": 430143.2000000003,
    "costo_total": 973.22
  }
}