{
  "run_info": {
    "dataset": "users3.json",
    "config": "npoint_inversion_low_mutation",
    "run": 3,
    "execution_time": 182.36305594444275,
    "generations": 32,
    "pareto_size": 17,
    "pareto_points": [
      [
        -1069834.5699999991,
        3597.9900000000007
      ],
      [
        -1083909.8199999987,
        3599.3899999999994
      ],
      [
        -1084122.859999999,
        3631.8599999999997
      ],
      [
        -1126684.1999999965,
        3747.47
      ],
      [
        -1109256.0899999973,
        3667.9799999999996
      ],
      [
        -1149356.07,
        3834.4600000000005
      ],
      [
        -1089037.7099999993,
        3658.8499999999995
      ],
      [
        -1114767.689999996,
        3722.5
      ],
      [
        -1151301.94,
        3877.9100000000008
      ],
      [
        -1124120.3999999966,
        3742.51
      ],
      [
        -1128132.1599999997,
        3770.94
      ],
      [
        -1112740.689999996,
        3719.01
      ],
      [
        -1144231.3900000006,
        3799.5100000000007
      ],
      [
        -1135366.8700000003,
        3782.4900000000002
      ],
      [
        -1088040.339999996,
        3633.87
      ],
      [
        -1111185.8999999955,
        3702.5299999999997
      ],
      [
        -1119982.6299999964,
        3739.4800000000005
      ]
    ]
  },
  "solutions_count": 17,
  "solutions_directory": "../results/SPEA2\\solutions\\users3\\npoint_inversion_low_mutation\\run3"
}