{
  "run_info": {
    "dataset": "users4.json",
    "config": "uniform_inversion_high_mutation",
    "run": 16,
    "execution_time": 2391.115974187851,
    "generations": 170,
    "pareto_size": 27,
    "pareto_points": [
      [
        -1953981.9300000013,
        4939.580000000001
      ],
      [
        -1979359.9500000014,
        4952.1100000000015
      ],
      [
        -1927409.2300000049,
        4855.650000000001
      ],
      [
        -1993547.3500000017,
        5024.540000000001
      ],
      [
        -1991048.6800000016,
        4985.110000000001
      ],
      [
        -1953710.7000000011,
        4925.110000000001
      ],
      [
        -1962413.8600000022,
        4949.100000000001
      ],
      [
        -2008310.3600000036,
        5160.980000000001
      ],
      [
        -1935517.430000004,
        4900.630000000001
      ],
      [
        -1997421.6200000027,
        5067.540000000001
      ],
      [
        -1965369.730000002,
        4949.610000000001
      ],
      [
        -2015513.130000003,
        5234.390000000001
      ],
      [
        -1948366.730000004,
        4907.640000000001
      ],
      [
        -1951915.4000000057,
        4911.64
      ],
      [
        -2010846.720000003,
        5172.4400000000005
      ],
      [
        -1938932.6700000041,
        4907.610000000001
      ],
      [
        -1992387.3500000036,
        5011.09
      ],
      [
        -2005890.6600000039,
        5095.51
      ],
      [
        -1994129.860000002,
        5041.060000000001
      ],
      [
        -2013802.8100000026,
        5186.890000000001
      ],
      [
        -2013124.7900000024,
        5182.440000000001
      ],
      [
        -2002231.550000004,
        5068.470000000001
      ],
      [
        -1997008.0400000017,
        5046.55
      ],
      [
        -1958404.960000002,
        4943.13
      ],
      [
        -1993218.2500000026,
        5014.5700000000015
      ],
      [
        -2004470.9900000019,
        5085.51
      ],
      [
        -2007877.320000004,
        5121.000000000001
      ]
    ]
  },
  "solutions_count": 27,
  "solutions_directory": "C:\\Users\\hctr0\\PycharmProjects\\TFG_Hector\\31Executions\\NSGA2\\solutions\\users4\\uniform_inversion_high_mutation\\run16"
}