{
  "solution": [
    17,
    17,
    2,
    17,
    17,
    17,
    2,
    5,
    4,
    17,
    17,
    5,
    11,
    17,
    17,
    17,
    2,
    17,
    17,
    17,
    2,
    5,
    11,
    17,
    16,
    17,
    17,
    17,
    17,
    17,
    8,
    17,
    9,
    17,
    10,
    16,
    2,
    10,
    17,
    17,
    17,
    17,
    17,
    2,
    2,
    13,
    17,
    17,
    2,
    17,
    17,
    8,
    17,
    17,
    11,
    2,
    8,
    17,
    16,
    17,
    13,
    17,
    2,
    8,
    8,
    17,
    11,
    7,
    2,
    11,
    17,
    17,
    17,
    17,
    17,
    2,
    17,
    17,
    17,
    17,
    17,
    2,
    17,
    17,
    17,
    17,
    17,
    8,
    17,
    8,
    17,
    17,
    8,
    4,
    2,
    17,
    16,
    17,
    17,
    17,
    5,
    5,
    8,
    17,
    2,
    17,
    17,
    17,
    17,
    17,
    17,
    16,
    8,
    4,
    12,
    17,
    17,
    17,
    2,
    8,
    17,
    8,
    17,
    17,
    4,
    2,
    9,
    8,
    7,
    17,
    8,
    16,
    17,
    17,
    17,
    16,
    4,
    17,
    2,
    17,
    16,
    8,
    8,
    17,
    2,
    16,
    17,
    5,
    17,
    16,
    17,
    16,
    17,
    17,
    17,
    17,
    2,
    17,
    17,
    8,
    8,
    17,
    17,
    17,
    17,
    8,
    17,
    2,
    5,
    17,
    4,
    17,
    4,
    17,
    17,
    17,
    6,
    17,
    17,
    17,
    6,
    17,
    10,
    8,
    17,
    17,
    8,
    17,
    17,
    17,
    17,
    17,
    17,
    17,
    17,
    17,
    8,
    17,
    5,
    17,
    8,
    17,
    17,
    2,
    17,
    8,
    5,
    17,
    16,
    4,
    8,
    2,
    15,
    8,
    17,
    17,
    17,
    15,
    4,
    4,
    4,
    8,
    8,
    9,
    17,
    8,
    17,
    17,
    17,
    17,
    17,
    11,
    17,
    8,
    17,
    17,
    5,
    5,
    17,
    8,
    5,
    16,
    4,
    11,
    16,
    17,
    17,
    17,
    17,
    17,
    17,
    17,
    9,
    9,
    17,
    8,
    17,
    5,
    5,
    2,
    17,
    17,
    17,
    16,
    2,
    17,
    7,
    10,
    17,
    17,
    8,
    17,
    5,
    17,
    17,
    9,
    8,
    16,
    2,
    17,
    8,
    17,
    8,
    17,
    17,
    5,
    16,
    17,
    17,
    15,
    15,
    12,
    4,
    16,
    8,
    8,
    17,
    17,
    5,
    17
  ],
  "objectives": [
    442943.9899999999,
    968.1899999999999
  ],
  "fitness": {
    "minutos_ponderados": 442943.9899999999,
    "costo_total": 968.1899999999999
  }
}