{
  "run_info": {
    "dataset": "users2.json",
    "config": "uniform_inversion_high_mutation",
    "run": 28,
    "execution_time": 607.8132977485657,
    "generations": 140,
    "pareto_size": 31,
    "pareto_points": [
      [
        -805589.8200000004,
        2040.4499999999996
      ],
      [
        -840616.4000000019,
        2302.28
      ],
      [
        -825496.3200000008,
        2114.8999999999996
      ],
      [
        -829419.1200000006,
        2115.9
      ],
      [
        -824494.3800000013,
        2108.41
      ],
      [
        -819615.350000001,
        2067.97
      ],
      [
        -767513.2000000009,
        1944.04
      ],
      [
        -822479.1500000013,
        2093.42
      ],
      [
        -836374.300000001,
        2209.31
      ],
      [
        -838633.0300000008,
        2261.3
      ],
      [
        -823725.1100000009,
        2093.93
      ],
      [
        -815432.5000000013,
        2053.46
      ],
      [
        -805255.7200000007,
        2026.9499999999996
      ],
      [
        -831515.9900000013,
        2146.89
      ],
      [
        -804943.1500000005,
        1993.5199999999998
      ],
      [
        -815611.5300000013,
        2054.45
      ],
      [
        -836122.030000001,
        2201.3
      ],
      [
        -831263.7200000013,
        2141.8799999999997
      ],
      [
        -835005.8100000009,
        2167.84
      ],
      [
        -833033.9100000013,
        2154.87
      ],
      [
        -821819.960000001,
        2075.44
      ],
      [
        -814019.3500000014,
        2049.96
      ],
      [
        -821998.990000001,
        2082.42
      ],
      [
        -832366.5800000005,
        2151.84
      ],
      [
        -820227.7800000011,
        2070.95
      ],
      [
        -838325.5800000008,
        2236.28
      ],
      [
        -831036.8400000012,
        2134.39
      ],
      [
        -833487.8900000008,
        2159.86
      ],
      [
        -820406.810000001,
        2071.95
      ],
      [
        -823904.1400000008,
        2103.91
      ],
      [
        -820142.350000001,
        2070.48
      ]
    ]
  },
  "solutions_count": 31,
  "solutions_directory": "C:\\Users\\hctr0\\PycharmProjects\\TFG_Hector\\31Executions\\NSGA2\\solutions\\users2\\uniform_inversion_high_mutation\\run28"
}