{
  "solution": [
    17,
    17,
    2,
    17,
    17,
    5,
    17,
    17,
    17,
    17,
    17,
    17,
    17,
    17,
    8,
    17,
    17,
    5,
    17,
    17,
    3,
    17,
    17,
    17,
    17,
    2,
    17,
    17,
    17,
    4,
    8,
    5,
    8,
    17,
    17,
    17,
    17,
    15,
    17,
    2,
    17,
    17,
    17,
    17,
    2,
    11,
    17,
    17,
    16,
    17,
    17,
    11,
    17,
    17,
    17,
    17,
    17,
    8,
    4,
    17,
    17,
    17,
    17,
    17,
    18,
    8,
    17,
    17,
    17,
    4,
    10,
    17,
    17,
    17,
    17,
    3,
    17,
    17,
    17,
    17,
    17,
    17,
    17,
    17,
    17,
    17,
    16,
    17,
    8,
    17,
    15,
    17,
    8,
    5,
    17,
    8,
    2,
    17,
    4,
    8,
    17,
    17,
    8,
    17,
    9,
    17,
    17,
    7,
    2,
    17,
    17,
    17,
    5,
    17,
    17,
    18,
    17,
    5,
    17,
    15,
    8,
    17,
    17,
    17,
    8,
    17,
    14,
    17,
    17,
    4,
    17,
    14,
    2,
    8,
    3,
    17,
    8,
    5,
    17,
    16,
    17,
    17,
    8,
    8,
    4,
    5,
    5,
    17,
    17,
    17,
    8,
    17,
    17,
    5,
    17,
    5,
    8,
    2,
    17,
    8,
    6,
    16,
    17,
    17,
    17,
    17,
    1,
    17,
    17,
    14,
    4,
    15,
    17,
    4,
    5,
    17,
    17,
    9,
    16,
    16,
    5,
    17,
    17,
    17,
    17,
    17,
    9,
    17,
    17,
    9,
    17,
    17,
    17,
    5,
    17,
    8,
    5,
    16,
    6,
    17,
    17,
    4,
    6,
    17,
    17,
    17,
    17,
    15,
    17,
    17,
    5,
    17,
    17,
    17,
    17,
    17,
    8,
    8,
    5,
    17,
    5,
    17,
    15,
    9,
    16,
    9,
    15,
    17,
    17,
    5,
    5,
    17,
    17,
    2,
    17,
    17,
    17,
    17,
    17,
    6,
    10,
    8,
    16,
    17,
    11,
    17,
    8,
    8,
    17,
    17,
    8,
    17,
    17,
    2,
    16,
    17,
    17,
    17,
    16,
    16,
    5,
    11,
    2,
    17,
    6,
    8,
    17,
    17,
    15,
    17,
    17,
    17,
    17,
    6,
    2,
    17,
    8,
    17,
    8,
    17,
    17,
    17,
    17,
    17,
    8,
    5,
    17,
    17,
    17,
    8,
    11,
    6,
    17,
    6,
    8,
    17,
    6,
    17,
    8,
    17
  ],
  "objectives": [
    449777.20999999915,
    1051.9599999999998
  ],
  "fitness": {
    "minutos_ponderados": 449777.20999999915,
    "costo_total": 1051.9599999999998
  }
}