{
  "solution": [
    17,
    17,
    2,
    17,
    4,
    5,
    17,
    17,
    17,
    17,
    17,
    17,
    17,
    17,
    8,
    17,
    17,
    17,
    17,
    7,
    17,
    4,
    17,
    17,
    17,
    2,
    17,
    17,
    17,
    4,
    8,
    5,
    8,
    17,
    17,
    17,
    17,
    5,
    5,
    8,
    8,
    17,
    17,
    17,
    2,
    5,
    17,
    17,
    16,
    17,
    17,
    17,
    17,
    11,
    17,
    17,
    17,
    8,
    17,
    17,
    17,
    17,
    17,
    17,
    17,
    10,
    17,
    15,
    17,
    4,
    14,
    4,
    17,
    17,
    12,
    17,
    17,
    3,
    17,
    17,
    17,
    17,
    17,
    17,
    17,
    17,
    4,
    17,
    8,
    17,
    15,
    17,
    8,
    5,
    17,
    8,
    3,
    17,
    4,
    8,
    17,
    1,
    8,
    17,
    4,
    17,
    17,
    17,
    17,
    17,
    17,
    17,
    5,
    17,
    17,
    4,
    17,
    17,
    17,
    17,
    8,
    17,
    17,
    17,
    8,
    17,
    4,
    17,
    16,
    8,
    17,
    17,
    2,
    8,
    16,
    17,
    8,
    5,
    17,
    17,
    17,
    17,
    8,
    8,
    4,
    5,
    5,
    17,
    17,
    4,
    8,
    17,
    17,
    5,
    17,
    5,
    8,
    2,
    17,
    8,
    6,
    16,
    17,
    17,
    17,
    17,
    8,
    17,
    17,
    17,
    4,
    2,
    17,
    4,
    5,
    17,
    17,
    2,
    17,
    16,
    9,
    17,
    17,
    17,
    17,
    17,
    4,
    17,
    17,
    17,
    17,
    17,
    17,
    5,
    17,
    17,
    5,
    16,
    17,
    17,
    17,
    17,
    6,
    17,
    17,
    17,
    17,
    15,
    17,
    17,
    17,
    17,
    17,
    17,
    17,
    17,
    8,
    8,
    16,
    17,
    1,
    17,
    17,
    17,
    17,
    17,
    17,
    17,
    17,
    6,
    5,
    17,
    17,
    2,
    17,
    17,
    17,
    6,
    17,
    6,
    8,
    8,
    16,
    8,
    17,
    17,
    8,
    8,
    17,
    17,
    8,
    17,
    17,
    17,
    17,
    17,
    17,
    17,
    16,
    16,
    5,
    17,
    2,
    17,
    6,
    8,
    17,
    17,
    17,
    2,
    17,
    17,
    17,
    6,
    4,
    17,
    8,
    17,
    8,
    17,
    17,
    17,
    17,
    17,
    8,
    5,
    17,
    17,
    17,
    8,
    17,
    8,
    17,
    17,
    8,
    17,
    6,
    17,
    8,
    17
  ],
  "objectives": [
    437301.2499999998,
    965.49
  ],
  "fitness": {
    "minutos_ponderados": 437301.2499999998,
    "costo_total": 965.49
  }
}