{
  "solution": [
    17,
    17,
    16,
    17,
    17,
    5,
    17,
    17,
    17,
    17,
    17,
    17,
    17,
    17,
    8,
    18,
    17,
    17,
    17,
    17,
    17,
    17,
    17,
    17,
    17,
    2,
    17,
    17,
    17,
    4,
    8,
    5,
    8,
    17,
    17,
    17,
    17,
    5,
    17,
    8,
    17,
    17,
    17,
    17,
    2,
    5,
    14,
    17,
    16,
    17,
    17,
    17,
    17,
    17,
    13,
    12,
    17,
    8,
    17,
    17,
    17,
    17,
    17,
    17,
    17,
    8,
    17,
    17,
    17,
    4,
    9,
    17,
    17,
    17,
    17,
    17,
    17,
    17,
    17,
    17,
    17,
    17,
    17,
    17,
    17,
    17,
    12,
    17,
    8,
    17,
    15,
    17,
    8,
    15,
    17,
    7,
    16,
    1,
    4,
    8,
    17,
    17,
    8,
    17,
    4,
    17,
    17,
    17,
    17,
    17,
    17,
    17,
    5,
    17,
    17,
    4,
    17,
    17,
    5,
    17,
    8,
    5,
    17,
    17,
    8,
    17,
    17,
    17,
    17,
    8,
    17,
    17,
    2,
    8,
    16,
    17,
    8,
    5,
    17,
    17,
    17,
    17,
    15,
    8,
    4,
    5,
    5,
    17,
    17,
    17,
    8,
    17,
    17,
    5,
    17,
    5,
    16,
    2,
    17,
    8,
    6,
    16,
    17,
    6,
    17,
    17,
    8,
    17,
    17,
    17,
    4,
    2,
    6,
    9,
    5,
    17,
    4,
    2,
    17,
    16,
    5,
    17,
    17,
    17,
    17,
    17,
    4,
    4,
    17,
    17,
    17,
    17,
    17,
    5,
    17,
    17,
    5,
    16,
    17,
    17,
    15,
    17,
    6,
    17,
    17,
    17,
    17,
    15,
    17,
    17,
    17,
    17,
    17,
    17,
    17,
    17,
    8,
    8,
    16,
    17,
    5,
    17,
    17,
    17,
    17,
    17,
    17,
    10,
    17,
    5,
    5,
    17,
    17,
    2,
    17,
    17,
    11,
    17,
    17,
    6,
    8,
    8,
    16,
    8,
    17,
    17,
    8,
    16,
    11,
    4,
    8,
    17,
    17,
    17,
    17,
    17,
    17,
    17,
    16,
    16,
    7,
    17,
    2,
    17,
    6,
    17,
    10,
    17,
    17,
    17,
    17,
    17,
    17,
    6,
    2,
    17,
    8,
    17,
    8,
    17,
    17,
    17,
    6,
    17,
    8,
    17,
    17,
    17,
    17,
    8,
    17,
    8,
    17,
    17,
    4,
    17,
    6,
    17,
    15,
    17
  ],
  "objectives": [
    446707.6799999996,
    1001.48
  ],
  "fitness": {
    "minutos_ponderados": 446707.6799999996,
    "costo_total": 1001.48
  }
}