{
  "solution": [
    15,
    17,
    2,
    17,
    12,
    5,
    5,
    17,
    15,
    17,
    17,
    17,
    17,
    17,
    8,
    17,
    17,
    17,
    17,
    17,
    17,
    18,
    17,
    17,
    17,
    2,
    17,
    17,
    17,
    4,
    8,
    5,
    8,
    17,
    17,
    17,
    6,
    5,
    10,
    8,
    17,
    17,
    17,
    2,
    2,
    5,
    17,
    7,
    16,
    17,
    11,
    17,
    17,
    17,
    17,
    17,
    17,
    8,
    17,
    17,
    17,
    17,
    17,
    17,
    1,
    8,
    17,
    17,
    16,
    4,
    9,
    17,
    17,
    17,
    17,
    16,
    17,
    17,
    17,
    17,
    17,
    17,
    17,
    17,
    17,
    17,
    4,
    17,
    8,
    17,
    15,
    17,
    8,
    17,
    17,
    8,
    2,
    17,
    4,
    8,
    17,
    17,
    8,
    17,
    4,
    17,
    17,
    17,
    17,
    17,
    17,
    17,
    5,
    17,
    2,
    6,
    17,
    17,
    17,
    17,
    8,
    17,
    17,
    17,
    8,
    17,
    17,
    17,
    17,
    8,
    17,
    18,
    2,
    8,
    16,
    17,
    8,
    5,
    17,
    17,
    17,
    17,
    8,
    8,
    4,
    5,
    5,
    17,
    17,
    17,
    8,
    17,
    17,
    5,
    17,
    5,
    8,
    2,
    17,
    8,
    6,
    16,
    17,
    17,
    17,
    17,
    8,
    17,
    17,
    17,
    4,
    2,
    17,
    4,
    5,
    17,
    8,
    2,
    17,
    16,
    5,
    17,
    17,
    17,
    17,
    17,
    4,
    17,
    17,
    7,
    17,
    17,
    17,
    5,
    6,
    17,
    5,
    16,
    17,
    17,
    17,
    17,
    6,
    17,
    17,
    17,
    17,
    5,
    17,
    17,
    17,
    17,
    17,
    17,
    16,
    17,
    8,
    8,
    16,
    17,
    17,
    17,
    17,
    17,
    17,
    17,
    14,
    17,
    17,
    9,
    5,
    17,
    17,
    8,
    17,
    17,
    17,
    17,
    14,
    6,
    10,
    8,
    12,
    8,
    17,
    17,
    8,
    8,
    2,
    17,
    8,
    17,
    15,
    17,
    17,
    7,
    17,
    17,
    16,
    16,
    5,
    17,
    2,
    17,
    6,
    8,
    17,
    17,
    17,
    17,
    17,
    17,
    17,
    6,
    2,
    6,
    8,
    17,
    8,
    17,
    17,
    11,
    17,
    12,
    8,
    15,
    17,
    17,
    17,
    8,
    17,
    8,
    17,
    17,
    8,
    17,
    6,
    17,
    8,
    17
  ],
  "objectives": [
    449072.2799999999,
    1037.99
  ],
  "fitness": {
    "minutos_ponderados": 449072.2799999999,
    "costo_total": 1037.99
  }
}