{
  "run_info": {
    "dataset": "users5.json",
    "config": "uniform_inversion_high_mutation",
    "run": 27,
    "execution_time": 5895.097207546234,
    "generations": 197,
    "pareto_size": 17,
    "pareto_points": [
      [
        -3287662.320000007,
        7327.6
      ],
      [
        -3281539.570000006,
        7289.650000000001
      ],
      [
        -3395344.410000007,
        7699.869999999999
      ],
      [
        -3396581.220000006,
        7878.730000000001
      ],
      [
        -3381835.5400000094,
        7545.500000000001
      ],
      [
        -3231193.669999999,
        7175.660000000002
      ],
      [
        -3343759.33000001,
        7427.080000000001
      ],
      [
        -3287247.9600000074,
        7297.990000000001
      ],
      [
        -3387622.3700000076,
        7615.870000000002
      ],
      [
        -3366013.8800000125,
        7481.550000000002
      ],
      [
        -3329007.250000006,
        7401.470000000001
      ],
      [
        -3342859.630000007,
        7401.53
      ],
      [
        -3275348.0300000114,
        7182.120000000002
      ],
      [
        -3344077.5400000056,
        7459.01
      ],
      [
        -3315820.590000007,
        7338.53
      ],
      [
        -3394879.950000005,
        7680.45
      ],
      [
        -3391938.5300000054,
        7659.35
      ]
    ]
  },
  "solutions_count": 17,
  "solutions_directory": "C:\\Users\\hctr0\\PycharmProjects\\TFG_Hector\\31Executions\\NSGA2\\solutions\\users5\\uniform_inversion_high_mutation\\run27"
}