{
  "run_info": {
    "dataset": "users2.json",
    "config": "uniform_reset_low_mutation",
    "run": 2,
    "execution_time": 489.9404966831207,
    "generations": 87,
    "pareto_size": 34,
    "pareto_points": [
      [
        -763126.5900000014,
        2480.580000000001
      ],
      [
        -778875.9500000007,
        2564.04
      ],
      [
        -779212.1700000007,
        2571.5
      ],
      [
        -761118.7400000013,
        2467.6100000000006
      ],
      [
        -771893.710000001,
        2517.59
      ],
      [
        -770225.0000000014,
        2500.61
      ],
      [
        -749274.9200000012,
        2438.08
      ],
      [
        -773480.0100000012,
        2521.5600000000004
      ],
      [
        -769181.9500000012,
        2497.6099999999997
      ],
      [
        -753662.6500000008,
        2449.5500000000006
      ],
      [
        -758283.3900000013,
        2459.1000000000004
      ],
      [
        -770260.0000000012,
        2510.54
      ],
      [
        -777867.7400000008,
        2547.5300000000007
      ],
      [
        -759627.8200000013,
        2467.07
      ],
      [
        -755472.0400000009,
        2456.54
      ],
      [
        -772436.960000001,
        2519.58
      ],
      [
        -774647.7300000008,
        2536.51
      ],
      [
        -765381.8000000013,
        2483.12
      ],
      [
        -762671.1200000009,
        2480.57
      ],
      [
        -753326.4300000007,
        2449.0899999999997
      ],
      [
        -765961.9400000012,
        2486.59
      ],
      [
        -758826.6400000014,
        2465.59
      ],
      [
        -773604.6800000006,
        2534.5200000000004
      ],
      [
        -748731.6700000011,
        2435.1
      ],
      [
        -780220.3800000006,
        2581.51
      ],
      [
        -754463.8300000008,
        2453.54
      ],
      [
        -750076.1000000011,
        2442.07
      ],
      [
        -776824.6900000006,
        2545.54
      ],
      [
        -767004.9900000014,
        2489.59
      ],
      [
        -753119.4000000007,
        2446.58
      ],
      [
        -775480.2600000006,
        2542.580000000001
      ],
      [
        -770769.3300000008,
        2516.5699999999997
      ],
      [
        -776281.4400000006,
        2543.5599999999995
      ],
      [
        -762161.7900000013,
        2472.1000000000004
      ]
    ]
  },
  "solutions_count": 34,
  "solutions_directory": "../results/SPEA2\\solutions\\users2\\uniform_reset_low_mutation\\run2"
}