{
  "solution": [
    17,
    2,
    16,
    9,
    8,
    8,
    2,
    15,
    15,
    17,
    2,
    6,
    4,
    14,
    15,
    1,
    2,
    3,
    2,
    2,
    18,
    15,
    17,
    3,
    1,
    18,
    1,
    5,
    10,
    17,
    17,
    9,
    6,
    9,
    10,
    17,
    2,
    14,
    17,
    1,
    11,
    16,
    6,
    5,
    5,
    17,
    17,
    12,
    17,
    11,
    17,
    9,
    2,
    3,
    17,
    1,
    13,
    3,
    16,
    17,
    7,
    8,
    8,
    1,
    15,
    2,
    8,
    10,
    9,
    6,
    16,
    13,
    2,
    5,
    3,
    2,
    5,
    2,
    17,
    18,
    5,
    3,
    1,
    2,
    16,
    5,
    9,
    17,
    8,
    17,
    17,
    17,
    8,
    4,
    17,
    1,
    9,
    5,
    15,
    17,
    3,
    4,
    16,
    16,
    7,
    4,
    9,
    17,
    2,
    8,
    15,
    9,
    17,
    15,
    17,
    17,
    15,
    1,
    11,
    4,
    10,
    9,
    6,
    11,
    5,
    1,
    13,
    16,
    17,
    7,
    16,
    13,
    15,
    6,
    12,
    10,
    6,
    9,
    9,
    3,
    16,
    8,
    6,
    8,
    16,
    15,
    4,
    2,
    11,
    12,
    8,
    6,
    15,
    5,
    13,
    15,
    17,
    7,
    15,
    4,
    16,
    15,
    6,
    16,
    9,
    16,
    5,
    6,
    17,
    2,
    16,
    6,
    5,
    5,
    15,
    11,
    10,
    8,
    11,
    16,
    15,
    2,
    7,
    9,
    17,
    8,
    8,
    8,
    9,
    18,
    10,
    7,
    2,
    8,
    4,
    4,
    5,
    6,
    8,
    4,
    4,
    17,
    2,
    6,
    4,
    5,
    14,
    16,
    5,
    2,
    3,
    4,
    2,
    5,
    5,
    15,
    12,
    16,
    17,
    8,
    8,
    5,
    7,
    17,
    5,
    6,
    2,
    4,
    10,
    8,
    2,
    12,
    8,
    8,
    5,
    16,
    6,
    15,
    12,
    13,
    1,
    15,
    5,
    13,
    13,
    17,
    5,
    1,
    17,
    9,
    11,
    4,
    16,
    6,
    5,
    6,
    3,
    8,
    6,
    10,
    17,
    4,
    5,
    1,
    17,
    16,
    16,
    7,
    4,
    1,
    9,
    12,
    12,
    17,
    3,
    5,
    4,
    5,
    9,
    3,
    6,
    6,
    2,
    16,
    17,
    17,
    16,
    16,
    4,
    17,
    17,
    17,
    11,
    9,
    16,
    16,
    10,
    11,
    17,
    4
  ],
  "objectives": [
    417709.4899999995,
    1306.1399999999999
  ],
  "fitness": {
    "minutos_ponderados": 417709.4899999995,
    "costo_total": 1306.1399999999999
  }
}