{
  "solution": [
    6,
    5,
    15,
    6,
    2,
    2,
    2,
    11,
    6,
    5,
    2,
    6,
    9,
    6,
    4,
    3,
    11,
    18,
    5,
    5,
    15,
    9,
    2,
    17,
    17,
    2,
    9,
    17,
    17,
    17,
    17,
    17,
    8,
    17,
    15,
    17,
    17,
    17,
    15,
    5,
    2,
    1,
    2,
    16,
    15,
    7,
    18,
    2,
    17,
    4,
    7,
    6,
    17,
    8,
    2,
    15,
    6,
    7,
    17,
    11,
    11,
    17,
    12,
    2,
    16,
    17,
    17,
    4,
    17,
    11,
    7,
    5,
    17,
    16,
    17,
    6,
    10,
    17,
    2,
    2,
    15,
    11,
    16,
    9,
    17,
    8,
    6,
    17,
    13,
    4,
    1,
    17,
    17,
    8,
    8,
    4,
    15,
    15,
    17,
    11,
    17,
    2,
    4,
    3,
    16,
    6,
    4,
    11,
    5,
    8,
    8,
    18,
    8,
    4,
    2,
    2,
    8,
    2,
    10,
    16,
    3,
    16,
    2,
    8,
    17,
    8,
    7,
    6,
    8,
    5,
    8,
    10,
    5,
    17,
    5,
    16,
    17,
    14,
    17,
    1,
    16,
    15,
    5,
    17,
    15,
    5,
    17,
    8,
    8,
    8,
    1,
    16,
    17,
    4,
    16,
    17,
    8,
    4,
    1,
    12,
    16,
    6,
    6,
    4,
    6,
    17,
    3,
    2,
    15,
    5,
    16,
    5,
    9,
    13,
    8,
    17,
    10,
    17,
    5,
    6,
    14,
    8,
    16,
    5,
    17,
    17,
    17,
    2,
    3,
    16,
    15,
    6,
    2,
    8,
    14,
    17,
    5,
    6,
    7,
    8,
    17,
    15,
    9,
    4,
    2,
    17,
    6,
    3,
    2,
    17,
    17,
    16,
    1,
    17,
    17,
    18,
    18,
    18,
    15,
    8,
    17,
    15,
    16,
    4,
    10,
    3,
    17,
    16,
    11,
    2,
    8,
    16,
    5,
    11,
    17,
    6,
    1,
    8,
    7,
    13,
    5,
    4,
    2,
    17,
    17,
    13,
    6,
    6,
    16,
    17,
    8,
    15,
    9,
    8,
    16,
    15,
    3,
    9,
    9,
    17,
    5,
    2,
    5,
    10,
    7,
    5,
    17,
    17,
    16,
    17,
    17,
    5,
    11,
    1,
    8,
    17,
    4,
    7,
    17,
    8,
    5,
    2,
    6,
    16,
    11,
    13,
    17,
    15,
    13,
    16,
    6,
    6,
    6,
    5,
    6,
    6,
    1,
    1,
    5,
    16
  ],
  "objectives": [
    410832.51000000007,
    1272.4499999999998
  ],
  "fitness": {
    "minutos_ponderados": 410832.51000000007,
    "costo_total": 1272.4499999999998
  }
}