{
  "solution": [
    16,
    17,
    17,
    11,
    11,
    9,
    10,
    15,
    17,
    15,
    13,
    4,
    5,
    11,
    4,
    5,
    12,
    5,
    3,
    2,
    8,
    5,
    1,
    3,
    4,
    4,
    9,
    7,
    2,
    8,
    8,
    5,
    17,
    14,
    5,
    18,
    14,
    13,
    13,
    8,
    2,
    8,
    6,
    2,
    13,
    15,
    11,
    10,
    15,
    17,
    17,
    16,
    15,
    8,
    7,
    8,
    15,
    10,
    2,
    10,
    7,
    2,
    2,
    11,
    15,
    17,
    6,
    16,
    5,
    13,
    4,
    6,
    8,
    16,
    16,
    8,
    2,
    14,
    17,
    4,
    4,
    6,
    16,
    5,
    2,
    1,
    5,
    2,
    2,
    1,
    1,
    2,
    2,
    17,
    15,
    1,
    15,
    5,
    16,
    13,
    2,
    18,
    2,
    16,
    17,
    5,
    3,
    2,
    5,
    6,
    17,
    16,
    4,
    2,
    15,
    2,
    4,
    16,
    14,
    17,
    16,
    8,
    16,
    5,
    5,
    5,
    2,
    8,
    5,
    9,
    2,
    17,
    17,
    2,
    8,
    17,
    7,
    16,
    6,
    6,
    2,
    10,
    16,
    2,
    15,
    18,
    2,
    4,
    9,
    17,
    1,
    1,
    17,
    4,
    15,
    15,
    15,
    3,
    4,
    9,
    4,
    15,
    17,
    17,
    10,
    8,
    5,
    4,
    8,
    2,
    13,
    5,
    5,
    13,
    4,
    16,
    16,
    18,
    10,
    18,
    16,
    4,
    12,
    15,
    3,
    6,
    8,
    4,
    10,
    16,
    5,
    7,
    5,
    4,
    1,
    8,
    2,
    6,
    13,
    16,
    9,
    15,
    3,
    10,
    1,
    8,
    12,
    8,
    2,
    17,
    6,
    16,
    10,
    2,
    10,
    9,
    1,
    16,
    10,
    17,
    10,
    9,
    6,
    17,
    15,
    17,
    8,
    18,
    17,
    17,
    8,
    17,
    1,
    15,
    5,
    15,
    17,
    17,
    17,
    7,
    6,
    16,
    17,
    6,
    6,
    6,
    17,
    16,
    16,
    8,
    16,
    8,
    3,
    6,
    2,
    8,
    4,
    2,
    6,
    17,
    8,
    17,
    6,
    4,
    5,
    16,
    17,
    6,
    17,
    15,
    11,
    2,
    2,
    15,
    17,
    5,
    16,
    1,
    8,
    14,
    8,
    5,
    2,
    4,
    15,
    16,
    2,
    6,
    8,
    13,
    12,
    2,
    3,
    17,
    7,
    8,
    9,
    11,
    5,
    16
  ],
  "objectives": [
    417464.28000000026,
    1279.2099999999998
  ],
  "fitness": {
    "minutos_ponderados": 417464.28000000026,
    "costo_total": 1279.2099999999998
  }
}