{
  "solution": [
    17,
    11,
    16,
    11,
    3,
    5,
    16,
    4,
    3,
    15,
    8,
    11,
    2,
    17,
    15,
    7,
    5,
    10,
    17,
    16,
    2,
    9,
    5,
    15,
    3,
    17,
    17,
    15,
    16,
    5,
    2,
    2,
    17,
    2,
    6,
    4,
    18,
    9,
    4,
    7,
    8,
    1,
    2,
    15,
    17,
    18,
    17,
    8,
    5,
    2,
    16,
    8,
    2,
    17,
    13,
    4,
    4,
    4,
    7,
    8,
    6,
    1,
    10,
    4,
    17,
    17,
    6,
    4,
    5,
    17,
    13,
    6,
    2,
    4,
    2,
    17,
    15,
    6,
    17,
    10,
    4,
    10,
    2,
    6,
    2,
    8,
    15,
    15,
    4,
    16,
    15,
    4,
    8,
    6,
    1,
    12,
    10,
    2,
    8,
    5,
    11,
    17,
    10,
    17,
    17,
    17,
    8,
    8,
    4,
    8,
    6,
    5,
    15,
    2,
    11,
    2,
    3,
    2,
    4,
    6,
    15,
    8,
    2,
    14,
    16,
    15,
    2,
    9,
    16,
    17,
    18,
    6,
    17,
    9,
    15,
    2,
    8,
    2,
    17,
    4,
    2,
    17,
    17,
    16,
    17,
    8,
    17,
    5,
    5,
    18,
    8,
    9,
    4,
    6,
    16,
    16,
    3,
    7,
    10,
    8,
    7,
    6,
    4,
    9,
    4,
    12,
    1,
    3,
    5,
    4,
    17,
    10,
    18,
    10,
    3,
    4,
    16,
    4,
    2,
    16,
    17,
    5,
    6,
    16,
    2,
    5,
    2,
    8,
    2,
    4,
    17,
    18,
    4,
    5,
    2,
    18,
    15,
    14,
    9,
    8,
    2,
    6,
    17,
    17,
    16,
    4,
    5,
    3,
    9,
    17,
    16,
    8,
    2,
    4,
    5,
    9,
    8,
    7,
    17,
    6,
    7,
    5,
    4,
    8,
    6,
    15,
    5,
    4,
    17,
    2,
    5,
    1,
    12,
    9,
    15,
    17,
    6,
    6,
    12,
    6,
    5,
    17,
    9,
    17,
    17,
    17,
    8,
    17,
    15,
    6,
    15,
    7,
    17,
    7,
    6,
    8,
    8,
    8,
    17,
    6,
    14,
    17,
    8,
    6,
    16,
    17,
    4,
    9,
    2,
    16,
    8,
    16,
    15,
    16,
    8,
    18,
    8,
    2,
    4,
    4,
    2,
    12,
    6,
    6,
    4,
    17,
    8,
    5,
    10,
    5,
    17,
    10,
    5,
    15,
    8,
    8,
    8,
    17,
    10,
    16
  ],
  "objectives": [
    394582.85999999987,
    1210.65
  ],
  "fitness": {
    "minutos_ponderados": 394582.85999999987,
    "costo_total": 1210.65
  }
}