{
  "run_info": {
    "dataset": "users5.json",
    "config": "uniform_reset_high_crossover",
    "run": 3,
    "execution_time": 4020.984271287918,
    "generations": 106,
    "pareto_size": 31,
    "pareto_points": [
      [
        -3227618.269999997,
        8314.520000000002
      ],
      [
        -3281088.4799999874,
        8382.85
      ],
      [
        -3220417.1299999976,
        8274.490000000003
      ],
      [
        -3259833.6499999925,
        8331.480000000001
      ],
      [
        -3282587.6099999896,
        8403.36
      ],
      [
        -3289182.8299999875,
        8440.380000000001
      ],
      [
        -3300183.6599999918,
        8495.400000000001
      ],
      [
        -3321529.2899999926,
        8655.76
      ],
      [
        -3297913.73999999,
        8487.830000000002
      ],
      [
        -3284978.8499999875,
        8422.849999999999
      ],
      [
        -3316900.1299999924,
        8629.78
      ],
      [
        -3323057.809999989,
        8722.700000000003
      ],
      [
        -3237951.079999996,
        8325.840000000002
      ],
      [
        -3301804.4699999955,
        8509.850000000002
      ],
      [
        -3267626.8799999915,
        8364.910000000002
      ],
      [
        -3304988.5699999924,
        8527.79
      ],
      [
        -3322434.0699999956,
        8714.240000000002
      ],
      [
        -3309286.549999992,
        8565.810000000001
      ],
      [
        -3291599.159999987,
        8453.9
      ],
      [
        -3284638.8299999884,
        8421.380000000001
      ],
      [
        -3265669.699999992,
        8347.92
      ],
      [
        -3307218.6299999957,
        8557.38
      ],
      [
        -3319458.269999995,
        8639.740000000002
      ],
      [
        -3301623.889999993,
        8508.79
      ],
      [
        -3312663.3399999915,
        8577.35
      ],
      [
        -3231605.6899999925,
        8317.390000000001
      ],
      [
        -3273888.6899999883,
        8380.869999999999
      ],
      [
        -3286223.199999991,
        8430.390000000001
      ],
      [
        -3314511.8199999915,
        8590.27
      ],
      [
        -3316565.0699999933,
        8607.79
      ],
      [
        -3295645.8399999896,
        8454.29
      ]
    ]
  },
  "solutions_count": 31,
  "solutions_directory": "../results/NSGA2\\solutions\\users5\\uniform_reset_high_crossover\\run3"
}