{
  "run_info": {
    "dataset": "users1.json",
    "config": "npoint_inversion_low_mutation",
    "run": 4,
    "execution_time": 381.79982805252075,
    "generations": 111,
    "pareto_size": 19,
    "pareto_points": [
      [
        -464048.2699999998,
        1192.0300000000002
      ],
      [
        -459377.9399999998,
        1188.0
      ],
      [
        -484060.1199999998,
        1379.9199999999996
      ],
      [
        -480966.9399999999,
        1350.4700000000003
      ],
      [
        -466209.6399999998,
        1227.99
      ],
      [
        -467185.94000000006,
        1239.4699999999998
      ],
      [
        -482521.95000000024,
        1372.8799999999997
      ],
      [
        -465559.7399999998,
        1219.0100000000002
      ],
      [
        -480590.9399999997,
        1331.9299999999998
      ],
      [
        -482131.8599999998,
        1354.4499999999998
      ],
      [
        -478928.35,
        1301.44
      ],
      [
        -472055.8599999995,
        1257.9499999999998
      ],
      [
        -468067.7599999996,
        1250.93
      ],
      [
        -466147.81000000006,
        1227.5
      ],
      [
        -474435.4799999998,
        1268.96
      ],
      [
        -480525.64000000013,
        1315.96
      ],
      [
        -477455.6799999997,
        1298.9600000000003
      ],
      [
        -480798.2700000001,
        1340.9299999999998
      ],
      [
        -475981.27999999974,
        1286.4900000000002
      ]
    ]
  },
  "solutions_count": 19,
  "solutions_directory": "../results/NSGA2\\solutions\\users1\\npoint_inversion_low_mutation\\run4"
}