{
  "run_info": {
    "dataset": "users4.json",
    "config": "uniform_inversion_high_mutation",
    "run": 28,
    "execution_time": 2431.3904588222504,
    "generations": 125,
    "pareto_size": 15,
    "pareto_points": [
      [
        -1948155.0600000033,
        5019.060000000001
      ],
      [
        -2009239.930000004,
        5141.030000000001
      ],
      [
        -1991948.6000000038,
        5045.0599999999995
      ],
      [
        -2009753.7500000033,
        5195.390000000001
      ],
      [
        -2000325.9000000027,
        5089.540000000001
      ],
      [
        -1983739.1200000038,
        5041.050000000001
      ],
      [
        -1998112.780000003,
        5061.11
      ],
      [
        -2011973.9800000028,
        5227.410000000001
      ],
      [
        -1981373.3500000045,
        5020.55
      ],
      [
        -1946613.3300000045,
        4910.120000000001
      ],
      [
        -2006987.2000000048,
        5129.990000000001
      ],
      [
        -1981942.9600000042,
        5038.040000000001
      ],
      [
        -2019154.8600000031,
        5263.410000000002
      ],
      [
        -2004970.7800000045,
        5094.98
      ],
      [
        -1997110.5300000035,
        5057.55
      ]
    ]
  },
  "solutions_count": 15,
  "solutions_directory": "C:\\Users\\hctr0\\PycharmProjects\\TFG_Hector\\31Executions\\NSGA2\\solutions\\users4\\uniform_inversion_high_mutation\\run28"
}