{
  "run_info": {
    "dataset": "users2.json",
    "config": "slow_evaporation_exploitative",
    "run": 3,
    "execution_time": 277.5696656703949,
    "iterations_completed": 14,
    "max_iterations": 200,
    "terminated_early": true,
    "generations_without_improvement": 12,
    "pareto_size": 4,
    "pareto_points": [
      [
        625236.6900000005,
        2060.7400000000002
      ],
      [
        622537.2699999989,
        1993.0600000000002
      ],
      [
        608665.3500000001,
        1975.9200000000003
      ],
      [
        600919.7300000008,
        1860.3600000000004
      ]
    ],
    "solutions_evaluated": 280,
    "config_params": {
      "n_ants": 20,
      "rho": 0.2,
      "alpha": 2.0,
      "beta": 3.0,
      "archive_size": 100,
      "no_improvement_generations": 12
    }
  },
  "solutions_count": 4,
  "solutions_directory": "../results/PACO\\solutions\\users2\\slow_evaporation_exploitative\\run3",
  "objective_statistics": {
    "cost_range": {
      "min": 1860.3600000000004,
      "max": 2060.7400000000002
    },
    "minutes_range": {
      "min": 600919.7300000008,
      "max": 625236.6900000005
    }
  },
  "algorithm_info": {
    "archive_history_length": 14,
    "max_archive_size_reached": 4
  }
}