{
  "run_info": {
    "dataset": "users3.json",
    "config": "npoint_inversion_high_all",
    "run": 3,
    "execution_time": 3076.1956536769867,
    "generations": 300,
    "pareto_size": 29,
    "pareto_points": [
      [
        -1300822.659999999,
        3529.32
      ],
      [
        -1294840.919999999,
        3463.3600000000006
      ],
      [
        -1209183.129999998,
        3275.96
      ],
      [
        -1215918.799999998,
        3285.95
      ],
      [
        -1284913.2399999988,
        3365.4400000000005
      ],
      [
        -1313187.6299999992,
        3678.2100000000005
      ],
      [
        -1288134.3299999991,
        3424.3900000000003
      ],
      [
        -1291205.0499999986,
        3426.38
      ],
      [
        -1300043.619999999,
        3522.3500000000004
      ],
      [
        -1231997.7299999972,
        3301.45
      ],
      [
        -1240931.2999999982,
        3333.4300000000003
      ],
      [
        -1297775.419999999,
        3509.33
      ],
      [
        -1308135.3299999998,
        3642.2200000000003
      ],
      [
        -1292307.719999999,
        3433.38
      ],
      [
        -1294126.3099999994,
        3443.350000000001
      ],
      [
        -1313263.6599999995,
        3683.2000000000003
      ],
      [
        -1304834.599999999,
        3539.3300000000004
      ],
      [
        -1248636.6399999983,
        3352.41
      ],
      [
        -1221411.0299999963,
        3299.4600000000005
      ],
      [
        -1245000.769999998,
        3344.8800000000006
      ],
      [
        -1220428.9799999965,
        3289.9600000000005
      ],
      [
        -1220700.5199999986,
        3298.4500000000003
      ],
      [
        -1307140.3299999991,
        3553.85
      ],
      [
        -1310403.5299999998,
        3643.23
      ],
      [
        -1248827.0699999984,
        3365.3900000000003
      ],
      [
        -1246322.0899999985,
        3349.4400000000005
      ],
      [
        -1285293.0599999984,
        3393.4300000000003
      ],
      [
        -1307624.409999999,
        3555.29
      ],
      [
        -1234386.0599999984,
        3325.45
      ]
    ]
  },
  "solutions_count": 29,
  "solutions_directory": "../results/SPEA2\\solutions\\users3\\npoint_inversion_high_all\\run3"
}