{
  "solution": [
    6,
    8,
    2,
    2,
    8,
    17,
    3,
    1,
    8,
    10,
    17,
    1,
    8,
    15,
    8,
    2,
    8,
    17,
    5,
    8,
    8,
    17,
    17,
    17,
    6,
    6,
    17,
    17,
    6,
    3,
    8,
    1,
    1,
    11,
    8,
    17,
    15,
    5,
    4,
    6,
    5,
    17,
    4,
    17,
    17,
    17,
    1,
    8,
    13,
    17,
    4,
    17,
    17,
    15,
    2,
    17,
    17,
    6,
    5,
    17,
    17,
    11,
    5,
    18,
    14,
    17,
    11,
    2,
    17,
    10,
    17,
    8,
    2,
    15,
    2,
    2,
    17,
    17,
    13,
    17,
    9,
    9,
    5,
    3,
    8,
    4,
    11,
    8,
    2,
    5,
    9,
    5,
    4,
    16,
    5,
    8,
    16,
    10,
    12,
    17,
    13,
    2,
    8,
    17,
    17,
    17,
    8,
    16,
    17,
    8,
    8,
    8,
    8,
    17,
    17,
    8,
    17,
    5,
    3,
    16,
    17,
    17,
    17,
    17,
    5,
    15,
    17,
    16,
    2,
    17,
    17,
    2,
    8,
    2,
    17,
    8,
    8,
    17,
    8,
    1,
    12,
    17,
    2,
    17,
    17,
    5,
    2,
    17,
    2,
    5,
    17,
    17,
    18,
    17,
    8,
    5,
    1,
    4,
    17,
    17,
    5,
    17,
    17,
    17,
    8,
    8,
    17,
    17,
    17,
    17,
    4,
    11,
    17,
    8,
    8,
    17,
    9,
    4,
    16,
    5,
    17,
    3,
    17,
    8,
    17,
    8,
    17,
    17,
    17,
    17,
    17,
    17,
    17,
    17,
    17,
    6,
    6,
    4,
    17,
    16,
    17,
    17,
    10,
    17,
    17,
    6,
    17,
    17,
    17,
    17,
    17,
    17,
    17,
    17,
    17,
    16,
    13,
    17,
    2,
    8,
    2,
    1,
    17,
    8,
    7,
    17,
    17,
    2,
    5,
    17,
    17,
    17,
    6,
    15,
    4,
    3,
    15,
    1,
    3,
    8,
    8,
    2,
    17,
    8,
    18,
    17,
    17,
    4,
    4,
    9,
    8,
    17,
    17,
    14,
    2,
    17,
    8,
    17,
    7,
    17,
    4,
    8,
    17,
    17,
    2,
    17,
    10,
    17,
    8,
    17,
    8,
    17,
    16,
    17,
    16,
    15,
    17,
    17,
    15,
    15,
    9,
    8,
    17,
    8,
    5,
    8,
    2,
    17,
    8,
    17,
    17,
    9,
    17,
    4,
    17,
    8,
    10,
    17,
    17,
    17
  ],
  "objectives": [
    333769.3699999997,
    1111.7900000000002
  ],
  "fitness": {
    "minutos_ponderados": 333769.3699999997,
    "costo_total": 1111.7900000000002
  }
}