{
  "run_info": {
    "dataset": "users3.json",
    "config": "slow_evaporation_exploitative",
    "run": 1,
    "execution_time": 473.19790387153625,
    "iterations_completed": 15,
    "max_iterations": 200,
    "terminated_early": true,
    "generations_without_improvement": 12,
    "pareto_size": 5,
    "pareto_points": [
      [
        956444.3300000002,
        2808.3500000000004
      ],
      [
        966659.9799999994,
        2811.2000000000003
      ],
      [
        975553.8000000011,
        2900.53
      ],
      [
        811373.2099999998,
        2782.6499999999996
      ],
      [
        844755.8500000032,
        2805.2599999999998
      ]
    ],
    "solutions_evaluated": 300,
    "config_params": {
      "n_ants": 20,
      "rho": 0.2,
      "alpha": 2.0,
      "beta": 3.0,
      "archive_size": 100,
      "no_improvement_generations": 12
    }
  },
  "solutions_count": 5,
  "solutions_directory": "../results/PACO\\solutions\\users3\\slow_evaporation_exploitative\\run1",
  "objective_statistics": {
    "cost_range": {
      "min": 2782.6499999999996,
      "max": 2900.53
    },
    "minutes_range": {
      "min": 811373.2099999998,
      "max": 975553.8000000011
    }
  },
  "algorithm_info": {
    "archive_history_length": 15,
    "max_archive_size_reached": 5
  }
}