{
  "run_info": {
    "dataset": "users4.json",
    "config": "npoint_reset_low_crossover",
    "run": 5,
    "execution_time": 1837.4808404445648,
    "generations": 173,
    "pareto_size": 30,
    "pareto_points": [
      [
        -1807798.939999996,
        6050.749999999999
      ],
      [
        -1830368.9199999971,
        6141.200000000001
      ],
      [
        -1809929.2899999954,
        6085.190000000002
      ],
      [
        -1763530.4600000016,
        5784.800000000001
      ],
      [
        -1823732.1099999964,
        6103.2300000000005
      ],
      [
        -1763885.0900000015,
        5798.790000000001
      ],
      [
        -1759322.2600000016,
        5782.780000000002
      ],
      [
        -1826444.8699999966,
        6107.630000000002
      ],
      [
        -1766705.7200000011,
        5810.780000000001
      ],
      [
        -1773315.1800000013,
        5837.74
      ],
      [
        -1785884.679999997,
        5890.710000000001
      ],
      [
        -1769643.900000002,
        5819.270000000001
      ],
      [
        -1798580.0299999989,
        5946.55
      ],
      [
        -1832925.7799999975,
        6164.180000000001
      ],
      [
        -1835735.4299999978,
        6164.190000000001
      ],
      [
        -1831816.1199999973,
        6145.150000000001
      ],
      [
        -1806309.5799999987,
        5996.610000000001
      ],
      [
        -1778136.290000002,
        5845.71
      ],
      [
        -1824272.7899999968,
        6104.630000000002
      ],
      [
        -1807545.7999999989,
        6024.5700000000015
      ],
      [
        -1774661.3400000015,
        5838.75
      ],
      [
        -1822385.949999996,
        6093.2300000000005
      ],
      [
        -1806239.029999999,
        5961.54
      ],
      [
        -1796664.819999996,
        5891.190000000001
      ],
      [
        -1780863.4100000015,
        5857.18
      ],
      [
        -1832397.6099999975,
        6162.6900000000005
      ],
      [
        -1806004.1099999992,
        5947.570000000001
      ],
      [
        -1828880.979999997,
        6118.130000000001
      ],
      [
        -1809594.159999995,
        6067.700000000002
      ],
      [
        -1763765.3800000018,
        5795.79
      ]
    ]
  },
  "solutions_count": 30,
  "solutions_directory": "../results/SPEA2\\solutions\\users4\\npoint_reset_low_crossover\\run5"
}