{
  "run_info": {
    "dataset": "users3.json",
    "config": "uniform_reset_high_crossover",
    "run": 1,
    "execution_time": 573.9126129150391,
    "generations": 100,
    "pareto_size": 32,
    "pareto_points": [
      [
        -1206752.1099999996,
        3364.0299999999997
      ],
      [
        -1194542.1599999988,
        3325.5699999999997
      ],
      [
        -1208444.4699999997,
        3374.5400000000004
      ],
      [
        -1215662.3799999997,
        3428.0
      ],
      [
        -1216974.8900000001,
        3428.51
      ],
      [
        -1218929.6300000001,
        3444.0
      ],
      [
        -1227379.43,
        3520.4399999999996
      ],
      [
        -1203085.77,
        3363.53
      ],
      [
        -1186847.4899999988,
        3288.080000000001
      ],
      [
        -1225659.5200000003,
        3500.4400000000005
      ],
      [
        -1209739.7399999998,
        3392.51
      ],
      [
        -1200241.359999999,
        3347.4999999999995
      ],
      [
        -1209278.24,
        3381.0099999999998
      ],
      [
        -1225071.81,
        3490.4400000000005
      ],
      [
        -1219936.85,
        3450.9799999999996
      ],
      [
        -1189769.5699999984,
        3303.0699999999997
      ],
      [
        -1224089.0200000003,
        3482.96
      ],
      [
        -1219349.1400000004,
        3449.9599999999996
      ],
      [
        -1211475.6700000002,
        3399.5
      ],
      [
        -1218188.51,
        3428.98
      ],
      [
        -1215624.8699999996,
        3421.0299999999997
      ],
      [
        -1194882.9399999988,
        3330.53
      ],
      [
        -1221303.8800000001,
        3457.45
      ],
      [
        -1197258.3699999987,
        3346.08
      ],
      [
        -1196672.5399999986,
        3331.5799999999995
      ],
      [
        -1213549.0199999998,
        3410.9700000000003
      ],
      [
        -1222301.46,
        3469.9400000000005
      ],
      [
        -1221891.59,
        3463.46
      ],
      [
        -1187290.0599999987,
        3290.1000000000004
      ],
      [
        -1214709.6499999997,
        3420.4799999999996
      ],
      [
        -1223462.0899999999,
        3470.9500000000003
      ],
      [
        -1193060.5799999984,
        3305.09
      ]
    ]
  },
  "solutions_count": 32,
  "solutions_directory": "../results/SPEA2\\solutions\\users3\\uniform_reset_high_crossover\\run1"
}