{
  "run_info": {
    "dataset": "users3.json",
    "config": "npoint_inversion_high_all",
    "run": 1,
    "execution_time": 1927.4712414741516,
    "generations": 165,
    "pareto_size": 37,
    "pareto_points": [
      [
        -1201458.4699999995,
        3304.0999999999995
      ],
      [
        -1263071.5800000008,
        3536.01
      ],
      [
        -1269085.010000002,
        3566.1400000000003
      ],
      [
        -1235822.999999998,
        3428.55
      ],
      [
        -1225192.1899999985,
        3360.59
      ],
      [
        -1199530.1399999997,
        3281.12
      ],
      [
        -1216796.8999999997,
        3326.1500000000005
      ],
      [
        -1233774.5899999999,
        3394.12
      ],
      [
        -1209766.4699999995,
        3309.64
      ],
      [
        -1201052.8899999992,
        3302.6000000000004
      ],
      [
        -1215114.7899999996,
        3322.61
      ],
      [
        -1275018.8500000013,
        3640.09
      ],
      [
        -1218189.6400000004,
        3326.63
      ],
      [
        -1266274.1400000006,
        3557.0200000000004
      ],
      [
        -1257357.8800000015,
        3495.58
      ],
      [
        -1243769.869999999,
        3465.6199999999994
      ],
      [
        -1237496.0999999982,
        3429.5299999999997
      ],
      [
        -1255726.9600000011,
        3471.6099999999997
      ],
      [
        -1222416.6699999997,
        3337.6199999999994
      ],
      [
        -1243749.5799999998,
        3454.6200000000003
      ],
      [
        -1279267.0300000012,
        3691.07
      ],
      [
        -1207623.3099999996,
        3307.6100000000006
      ],
      [
        -1235665.049999998,
        3421.56
      ],
      [
        -1278701.5400000012,
        3646.0700000000006
      ],
      [
        -1273469.2800000012,
        3631.09
      ],
      [
        -1261123.8600000003,
        3512.54
      ],
      [
        -1260719.1900000002,
        3500.5699999999997
      ],
      [
        -1239163.6999999976,
        3440.5400000000004
      ],
      [
        -1257026.1700000013,
        3482.5899999999997
      ],
      [
        -1261513.8900000001,
        3514.5599999999995
      ],
      [
        -1238937.68,
        3431.6699999999996
      ],
      [
        -1256836.2000000014,
        3476.59
      ],
      [
        -1235150.9299999976,
        3403.1200000000003
      ],
      [
        -1202041.3399999994,
        3307.1100000000006
      ],
      [
        -1272767.700000002,
        3602.0899999999997
      ],
      [
        -1240108.2399999977,
        3449.5200000000004
      ],
      [
        -1232675.18,
        3376.6200000000003
      ]
    ]
  },
  "solutions_count": 37,
  "solutions_directory": "../results/NSGA2\\solutions\\users3\\npoint_inversion_high_all\\run1"
}