{
  "run_info": {
    "dataset": "users4.json",
    "config": "uniform_reset_low_mutation",
    "run": 3,
    "execution_time": 515.7641115188599,
    "generations": 55,
    "pareto_size": 19,
    "pareto_points": [
      [
        -1800603.95,
        5442.870000000002
      ],
      [
        -1872041.6000000006,
        5643.690000000001
      ],
      [
        -1805759.3900000001,
        5450.320000000001
      ],
      [
        -1872692.9300000009,
        5659.13
      ],
      [
        -1887989.2899999982,
        5756.170000000001
      ],
      [
        -1827349.9600000035,
        5493.220000000001
      ],
      [
        -1887567.450000003,
        5730.560000000002
      ],
      [
        -1855525.5500000003,
        5567.680000000001
      ],
      [
        -1868997.8200000012,
        5609.68
      ],
      [
        -1864413.340000001,
        5594.190000000001
      ],
      [
        -1883481.5300000012,
        5722.730000000001
      ],
      [
        -1876769.2800000017,
        5662.710000000001
      ],
      [
        -1871332.2200000028,
        5635.6500000000015
      ],
      [
        -1894678.920000003,
        5816.16
      ],
      [
        -1861118.3000000012,
        5583.18
      ],
      [
        -1819338.94,
        5482.780000000001
      ],
      [
        -1870722.7600000019,
        5616.650000000001
      ],
      [
        -1883370.1300000027,
        5674.210000000001
      ],
      [
        -1851898.1500000015,
        5505.77
      ]
    ]
  },
  "solutions_count": 19,
  "solutions_directory": "../results/SPEA2\\solutions\\users4\\uniform_reset_low_mutation\\run3"
}