{
  "run_info": {
    "dataset": "users5.json",
    "config": "npoint_reset_low_crossover",
    "run": 3,
    "execution_time": 2197.1588850021362,
    "generations": 53,
    "pareto_size": 28,
    "pareto_points": [
      [
        -2908450.8599999985,
        9248.68
      ],
      [
        -2900180.1399999997,
        9241.710000000001
      ],
      [
        -2996978.0299999956,
        9736.32
      ],
      [
        -3007987.970000001,
        9982.839999999998
      ],
      [
        -2900872.3800000004,
        9244.730000000001
      ],
      [
        -3003101.3599999943,
        9743.289999999999
      ],
      [
        -2921013.2499999963,
        9253.690000000002
      ],
      [
        -3004208.5999999945,
        9780.78
      ],
      [
        -2922104.5699999966,
        9261.680000000002
      ],
      [
        -3007981.7100000014,
        9971.84
      ],
      [
        -2930319.2199999886,
        9303.51
      ],
      [
        -2989499.579999995,
        9714.289999999999
      ],
      [
        -3005270.6499999966,
        9822.28
      ],
      [
        -2963731.439999988,
        9602.130000000001
      ],
      [
        -3004166.709999994,
        9754.28
      ],
      [
        -2898999.09,
        9238.730000000001
      ],
      [
        -2961899.429999987,
        9540.630000000001
      ],
      [
        -2968192.7799999923,
        9631.28
      ],
      [
        -2957449.5999999894,
        9525.330000000002
      ],
      [
        -2979218.019999993,
        9644.310000000001
      ],
      [
        -2949257.079999989,
        9342.920000000002
      ],
      [
        -2927988.599999989,
        9283.49
      ],
      [
        -2979970.869999992,
        9671.800000000001
      ],
      [
        -2985097.3199999933,
        9679.78
      ],
      [
        -2932337.6099999887,
        9322.49
      ],
      [
        -2897835.3500000006,
        9211.7
      ],
      [
        -2930226.0599999954,
        9293.640000000001
      ],
      [
        -2955756.119999989,
        9375.9
      ]
    ]
  },
  "solutions_count": 28,
  "solutions_directory": "../results/NSGA2\\solutions\\users5\\npoint_reset_low_crossover\\run3"
}