{
  "run_info": {
    "dataset": "users1.json",
    "config": "uniform_reset_low_mutation",
    "run": 1,
    "execution_time": 138.03143548965454,
    "generations": 76,
    "pareto_size": 23,
    "pareto_points": [
      [
        -456722.24999999994,
        1461.33
      ],
      [
        -461436.52999999997,
        1530.7799999999995
      ],
      [
        -453758.8399999999,
        1433.2899999999995
      ],
      [
        -461033.37999999983,
        1499.8199999999997
      ],
      [
        -454439.2699999999,
        1441.2699999999995
      ],
      [
        -460610.49999999977,
        1495.7899999999997
      ],
      [
        -457915.7399999998,
        1476.2599999999995
      ],
      [
        -446517.37999999983,
        1392.33
      ],
      [
        -454036.1199999998,
        1440.2899999999995
      ],
      [
        -441158.6699999998,
        1388.8799999999997
      ],
      [
        -461713.8099999999,
        1535.7799999999993
      ],
      [
        -458069.96999999974,
        1488.2699999999995
      ],
      [
        -448296.2199999998,
        1403.3299999999995
      ],
      [
        -459775.83999999973,
        1493.7899999999995
      ],
      [
        -453604.60999999987,
        1433.2599999999995
      ],
      [
        -456299.3699999999,
        1448.8099999999997
      ],
      [
        -451889.35999999987,
        1425.2799999999995
      ],
      [
        -453201.4599999998,
        1430.2899999999995
      ],
      [
        -457512.5899999997,
        1475.2799999999997
      ],
      [
        -448232.62999999983,
        1399.31
      ],
      [
        -450836.7499999998,
        1417.8499999999997
      ],
      [
        -461290.9299999998,
        1521.7599999999993
      ],
      [
        -450559.46999999986,
        1416.8499999999997
      ]
    ]
  },
  "solutions_count": 23,
  "solutions_directory": "../results/SPEA2\\solutions\\users1\\uniform_reset_low_mutation\\run1"
}