{
  "run_info": {
    "dataset": "users3.json",
    "config": "high_heuristic_influence",
    "run": 7,
    "execution_time": 1633.456580877304,
    "iterations_completed": 47,
    "max_iterations": 200,
    "terminated_early": true,
    "generations_without_improvement": 12,
    "pareto_size": 11,
    "pareto_points": [
      [
        1148679.9799999923,
        2792.369999999999
      ],
      [
        1180715.26999999,
        2857.7799999999997
      ],
      [
        1189448.829999995,
        2900.7099999999996
      ],
      [
        1184068.009999995,
        2896.1899999999996
      ],
      [
        1189656.3599999952,
        2904.14
      ],
      [
        1202982.8099999905,
        2936.6400000000003
      ],
      [
        1207865.5799999945,
        2943.44
      ],
      [
        1235034.5199999986,
        2980.9100000000008
      ],
      [
        1215970.7799999942,
        2976.090000000001
      ],
      [
        1253625.5199999951,
        2990.6300000000015
      ],
      [
        1265958.6299999906,
        3059.5000000000014
      ]
    ],
    "solutions_evaluated": 940,
    "config_params": {
      "n_ants": 20,
      "rho": 0.4,
      "alpha": 0.5,
      "beta": 5.0,
      "archive_size": 100,
      "no_improvement_generations": 12
    }
  },
  "solutions_count": 11,
  "solutions_directory": "C:\\Users\\hctr0\\PycharmProjects\\TFG_Hector\\31Executions\\PACO\\solutions\\users3\\high_heuristic_influence\\run7",
  "objective_statistics": {
    "cost_range": {
      "min": 2792.369999999999,
      "max": 3059.5000000000014
    },
    "minutes_range": {
      "min": 1148679.9799999923,
      "max": 1265958.6299999906
    }
  },
  "algorithm_info": {
    "archive_history_length": 47,
    "max_archive_size_reached": 15
  }
}