{
  "run_info": {
    "dataset": "users3.json",
    "config": "uniform_inversion_high_mutation",
    "run": 3,
    "execution_time": 1797.4836196899414,
    "generations": 300,
    "pareto_size": 7,
    "pareto_points": [
      [
        -1244860.3499999978,
        3161.75
      ],
      [
        -1253239.179999998,
        3221.1800000000003
      ],
      [
        -1252594.3999999987,
        3195.1800000000003
      ],
      [
        -1249778.2399999977,
        3188.73
      ],
      [
        -1249156.9699999979,
        3175.71
      ],
      [
        -1255014.7799999986,
        3234.6600000000008
      ],
      [
        -1237357.9099999971,
        3160.74
      ]
    ]
  },
  "solutions_count": 7,
  "solutions_directory": "../results/SPEA2\\solutions\\users3\\uniform_inversion_high_mutation\\run3"
}