{
  "solution": [
    17,
    4,
    17,
    17,
    17,
    17,
    8,
    1,
    6,
    17,
    17,
    17,
    17,
    17,
    6,
    18,
    17,
    2,
    17,
    17,
    16,
    17,
    17,
    17,
    17,
    17,
    17,
    17,
    8,
    17,
    17,
    8,
    17,
    17,
    17,
    17,
    5,
    17,
    17,
    17,
    8,
    17,
    17,
    17,
    17,
    17,
    8,
    15,
    4,
    17,
    16,
    6,
    16,
    17,
    17,
    11,
    17,
    9,
    17,
    16,
    7,
    17,
    10,
    17,
    8,
    16,
    17,
    17,
    17,
    7,
    17,
    17,
    6,
    10,
    17,
    17,
    17,
    17,
    8,
    17,
    17,
    17,
    17,
    17,
    17,
    17,
    17,
    17,
    8,
    17,
    8,
    16,
    17,
    16,
    17,
    17,
    8,
    17,
    8,
    17,
    17,
    17,
    17,
    17,
    17,
    17,
    17,
    17,
    17,
    17,
    17,
    17,
    17,
    17,
    17,
    17,
    14,
    17,
    17,
    17,
    17,
    17,
    17,
    17,
    17,
    5,
    17,
    17,
    17,
    17,
    8,
    8,
    17,
    17,
    17,
    17,
    17,
    17,
    17,
    8,
    17,
    17,
    1,
    2,
    17,
    17,
    5,
    17,
    17,
    17,
    8,
    3,
    17,
    17,
    17,
    13,
    17,
    17,
    2,
    11,
    17,
    17,
    14,
    2,
    8,
    17,
    4,
    8,
    6,
    8,
    17,
    17,
    17,
    5,
    4,
    17,
    17,
    2,
    17,
    17,
    17,
    17,
    17,
    17,
    8,
    17,
    15,
    17,
    17,
    17,
    17,
    17,
    17,
    17,
    17,
    17,
    17,
    14,
    17,
    14,
    8,
    17,
    16,
    17,
    8,
    17,
    18,
    4,
    17,
    17,
    17,
    17,
    17,
    17,
    17,
    17,
    4,
    17,
    6,
    8,
    18,
    17,
    17,
    17,
    17,
    8,
    17,
    17,
    17,
    17,
    17,
    16,
    17,
    8,
    17,
    17,
    17,
    17,
    17,
    17,
    6,
    17,
    17,
    17,
    6,
    17,
    6,
    5,
    17,
    17,
    17,
    17,
    17,
    8,
    17,
    17,
    17,
    8,
    17,
    17,
    17,
    8,
    17,
    17,
    17,
    8,
    17,
    17,
    17,
    17,
    4,
    8,
    17,
    4,
    8,
    17,
    17,
    11,
    17,
    17,
    5,
    4,
    17,
    17,
    8,
    17,
    2,
    17,
    17,
    17,
    17,
    2,
    17,
    8,
    17,
    17,
    8,
    17,
    8,
    1
  ],
  "objectives": [
    281724.95999999996,
    1010.8699999999999
  ],
  "fitness": {
    "minutos_ponderados": 281724.95999999996,
    "costo_total": 1010.8699999999999
  }
}