{
  "run_info": {
    "dataset": "users5.json",
    "config": "high_heuristic_influence",
    "run": 5,
    "execution_time": 5097.119066238403,
    "iterations_completed": 59,
    "max_iterations": 200,
    "terminated_early": true,
    "generations_without_improvement": 12,
    "pareto_size": 25,
    "pareto_points": [
      [
        3003752.9900000035,
        6926.920000000008
      ],
      [
        3012537.7199999853,
        6974.410000000009
      ],
      [
        3040681.759999996,
        7229.48000000001
      ],
      [
        3034789.2700000047,
        7202.34000000001
      ],
      [
        3079147.2900000107,
        7365.080000000011
      ],
      [
        3062953.45,
        7274.280000000011
      ],
      [
        3091595.5200000177,
        7379.240000000011
      ],
      [
        3101965.140000016,
        7458.230000000012
      ],
      [
        3091678.790000014,
        7451.700000000012
      ],
      [
        3114701.64000002,
        7578.690000000013
      ],
      [
        3145651.9200000293,
        7660.920000000013
      ],
      [
        3103331.020000023,
        7566.290000000013
      ],
      [
        3135173.570000019,
        7619.340000000012
      ],
      [
        3195709.7500000214,
        7812.220000000014
      ],
      [
        3152913.2600000273,
        7676.820000000014
      ],
      [
        3176293.9400000293,
        7731.810000000014
      ],
      [
        3184312.330000032,
        7765.240000000014
      ],
      [
        3123221.220000018,
        7596.510000000013
      ],
      [
        3176084.450000015,
        7724.960000000014
      ],
      [
        3174263.110000027,
        7698.800000000015
      ],
      [
        3146475.4200000255,
        7670.330000000015
      ],
      [
        3158498.4100000225,
        7682.340000000015
      ],
      [
        3190187.8300000294,
        7789.710000000015
      ],
      [
        3142996.0200000163,
        7648.820000000015
      ],
      [
        3202817.7300000354,
        7828.640000000015
      ]
    ],
    "solutions_evaluated": 1180,
    "config_params": {
      "n_ants": 20,
      "rho": 0.4,
      "alpha": 0.5,
      "beta": 5.0,
      "archive_size": 100,
      "no_improvement_generations": 12
    }
  },
  "solutions_count": 25,
  "solutions_directory": "C:\\Users\\hctr0\\PycharmProjects\\TFG_Hector\\31Executions\\PACO\\solutions\\users5\\high_heuristic_influence\\run5",
  "objective_statistics": {
    "cost_range": {
      "min": 6926.920000000008,
      "max": 7828.640000000015
    },
    "minutes_range": {
      "min": 3003752.9900000035,
      "max": 3202817.7300000354
    }
  },
  "algorithm_info": {
    "archive_history_length": 59,
    "max_archive_size_reached": 26
  }
}