{
  "run_info": {
    "dataset": "users5.json",
    "config": "npoint_reset_low_crossover",
    "run": 3,
    "execution_time": 331.83266282081604,
    "generations": 19,
    "pareto_size": 17,
    "pareto_points": [
      [
        -2826794.430000005,
        9410.910000000002
      ],
      [
        -2829493.710000007,
        9422.87
      ],
      [
        -2827829.6800000058,
        9422.41
      ],
      [
        -2775991.8000000087,
        9341.120000000003
      ],
      [
        -2738208.750000007,
        9305.820000000003
      ],
      [
        -2737999.5500000073,
        9301.79
      ],
      [
        -2743409.130000005,
        9333.820000000002
      ],
      [
        -2734900.0400000084,
        9268.870000000003
      ],
      [
        -2834728.930000006,
        9436.410000000002
      ],
      [
        -2835740.3500000066,
        9453.310000000001
      ],
      [
        -2741110.9800000056,
        9321.77
      ],
      [
        -2824718.250000005,
        9404.94
      ],
      [
        -2779837.1900000093,
        9345.600000000002
      ],
      [
        -2832626.2800000063,
        9424.380000000003
      ],
      [
        -2824376.3300000043,
        9364.910000000002
      ],
      [
        -2827354.440000003,
        9418.830000000004
      ],
      [
        -2780054.53000001,
        9352.110000000002
      ]
    ]
  },
  "solutions_count": 17,
  "solutions_directory": "../results/SPEA2\\solutions\\users5\\npoint_reset_low_crossover\\run3"
}