{
  "solution": [
    17,
    9,
    17,
    17,
    17,
    5,
    2,
    6,
    17,
    17,
    2,
    2,
    8,
    17,
    17,
    17,
    8,
    2,
    16,
    4,
    16,
    13,
    17,
    17,
    17,
    2,
    17,
    17,
    17,
    17,
    17,
    17,
    17,
    17,
    6,
    17,
    17,
    17,
    17,
    17,
    8,
    8,
    17,
    17,
    8,
    4,
    8,
    1,
    5,
    5,
    17,
    5,
    8,
    17,
    5,
    8,
    17,
    17,
    17,
    17,
    17,
    17,
    17,
    17,
    16,
    17,
    4,
    17,
    10,
    5,
    17,
    5,
    17,
    17,
    8,
    17,
    8,
    5,
    17,
    4,
    17,
    2,
    17,
    11,
    17,
    17,
    17,
    17,
    17,
    6,
    2,
    8,
    17,
    16,
    17,
    16,
    8,
    8,
    4,
    17,
    15,
    5,
    17,
    4,
    5,
    17,
    17,
    17,
    17,
    17,
    5,
    8,
    17,
    4,
    8,
    17,
    5,
    11,
    8,
    16,
    16,
    15,
    8,
    17,
    8,
    6,
    17,
    2,
    17,
    17,
    16,
    17,
    17,
    17,
    8,
    8,
    2,
    17,
    16,
    4,
    15,
    8,
    2,
    14,
    17,
    17,
    2,
    17,
    17,
    16,
    17,
    17,
    17,
    17,
    4,
    15,
    17,
    16,
    17,
    11,
    17,
    17,
    2,
    17,
    13,
    8,
    17,
    4,
    17,
    17,
    17,
    17,
    8,
    8,
    17,
    17,
    5,
    17,
    17,
    17,
    17,
    16,
    8,
    2,
    8,
    17,
    16,
    17,
    2,
    16,
    17,
    16,
    17,
    17,
    4,
    5,
    17,
    17,
    17,
    8,
    17,
    17,
    5,
    17,
    17,
    17,
    17,
    17,
    4,
    17,
    4,
    8,
    17,
    5,
    17,
    2,
    17,
    17,
    8,
    17,
    4,
    8,
    17,
    8,
    17,
    4,
    8,
    17,
    9,
    9,
    8,
    17,
    11,
    14,
    17,
    15,
    15,
    17,
    17,
    17,
    8,
    4,
    15,
    17,
    16,
    8,
    4,
    17,
    17,
    17,
    6,
    17,
    17,
    17,
    16,
    12,
    17,
    17,
    17,
    17,
    6,
    17,
    5,
    17,
    17,
    17,
    8,
    7,
    17,
    4,
    16,
    8,
    5,
    2,
    8,
    2,
    14,
    2,
    17,
    3,
    17,
    17,
    17,
    5,
    5,
    17,
    2,
    17,
    17,
    8,
    2,
    17,
    17,
    17,
    17,
    5,
    8,
    8,
    17,
    17
  ],
  "objectives": [
    450420.6399999992,
    988.2100000000002
  ],
  "fitness": {
    "minutos_ponderados": 450420.6399999992,
    "costo_total": 988.2100000000002
  }
}