{
  "solution": [
    17,
    17,
    17,
    17,
    17,
    5,
    2,
    17,
    17,
    17,
    2,
    2,
    8,
    17,
    17,
    17,
    8,
    2,
    16,
    4,
    16,
    15,
    17,
    17,
    17,
    2,
    17,
    17,
    17,
    17,
    4,
    17,
    17,
    17,
    6,
    17,
    17,
    17,
    17,
    17,
    17,
    8,
    17,
    17,
    8,
    4,
    8,
    17,
    5,
    17,
    17,
    5,
    8,
    17,
    5,
    8,
    9,
    17,
    17,
    17,
    17,
    17,
    17,
    17,
    8,
    17,
    4,
    17,
    17,
    5,
    17,
    3,
    17,
    17,
    8,
    17,
    6,
    5,
    17,
    4,
    17,
    16,
    17,
    17,
    17,
    17,
    17,
    17,
    17,
    6,
    2,
    8,
    17,
    16,
    17,
    16,
    8,
    8,
    17,
    17,
    17,
    17,
    17,
    4,
    5,
    17,
    17,
    17,
    17,
    17,
    5,
    8,
    8,
    4,
    8,
    5,
    5,
    8,
    8,
    16,
    16,
    2,
    8,
    17,
    8,
    17,
    17,
    2,
    14,
    17,
    16,
    17,
    17,
    9,
    17,
    8,
    2,
    17,
    14,
    4,
    15,
    8,
    8,
    8,
    17,
    17,
    6,
    17,
    17,
    16,
    10,
    17,
    17,
    17,
    4,
    15,
    17,
    17,
    17,
    17,
    17,
    17,
    2,
    17,
    8,
    8,
    17,
    4,
    17,
    17,
    17,
    17,
    8,
    8,
    16,
    17,
    5,
    10,
    17,
    17,
    17,
    8,
    8,
    2,
    17,
    17,
    2,
    17,
    2,
    16,
    17,
    16,
    17,
    17,
    17,
    5,
    17,
    18,
    2,
    8,
    17,
    17,
    5,
    17,
    17,
    16,
    17,
    17,
    7,
    17,
    4,
    8,
    17,
    5,
    17,
    2,
    17,
    17,
    8,
    17,
    4,
    8,
    17,
    8,
    17,
    4,
    8,
    17,
    17,
    8,
    8,
    17,
    17,
    17,
    17,
    15,
    1,
    17,
    17,
    17,
    8,
    4,
    17,
    15,
    16,
    8,
    4,
    17,
    9,
    17,
    17,
    17,
    17,
    17,
    8,
    6,
    17,
    17,
    17,
    15,
    6,
    17,
    5,
    17,
    17,
    17,
    8,
    17,
    6,
    4,
    16,
    8,
    5,
    9,
    8,
    2,
    6,
    2,
    17,
    17,
    17,
    8,
    17,
    9,
    5,
    17,
    2,
    17,
    17,
    8,
    2,
    17,
    1,
    17,
    17,
    5,
    17,
    8,
    17,
    4
  ],
  "objectives": [
    439889.2399999999,
    944.6599999999999
  ],
  "fitness": {
    "minutos_ponderados": 439889.2399999999,
    "costo_total": 944.6599999999999
  }
}