{
  "run_info": {
    "dataset": "users4.json",
    "config": "uniform_inversion_high_mutation",
    "run": 25,
    "execution_time": 3933.9109354019165,
    "generations": 166,
    "pareto_size": 14,
    "pareto_points": [
      [
        -2008286.760000004,
        5206.630000000001
      ],
      [
        -2016279.380000004,
        5242.06
      ],
      [
        -2001099.3900000032,
        5161.620000000001
      ],
      [
        -2017799.8000000038,
        5269.08
      ],
      [
        -2017675.8000000047,
        5256.05
      ],
      [
        -1976022.5700000036,
        5141.600000000001
      ],
      [
        -2023820.0300000035,
        5283.07
      ],
      [
        -2031041.0700000054,
        5374.01
      ],
      [
        -2006980.7900000035,
        5190.100000000001
      ],
      [
        -2014278.9600000044,
        5220.580000000002
      ],
      [
        -2033350.0600000024,
        5438.440000000001
      ],
      [
        -2027647.4100000036,
        5323.56
      ],
      [
        -2004120.7500000037,
        5172.090000000001
      ],
      [
        -2031799.2100000042,
        5401.46
      ]
    ]
  },
  "solutions_count": 14,
  "solutions_directory": "C:\\Users\\hctr0\\PycharmProjects\\TFG_Hector\\31Executions\\NSGA2\\solutions\\users4\\uniform_inversion_high_mutation\\run25"
}