{
  "run_info": {
    "dataset": "users4.json",
    "config": "uniform_inversion_high_mutation",
    "run": 23,
    "execution_time": 3014.631092071533,
    "generations": 172,
    "pareto_size": 16,
    "pareto_points": [
      [
        -2013691.6700000004,
        4725.660000000001
      ],
      [
        -2088776.0400000005,
        4803.650000000001
      ],
      [
        -2089717.2599999974,
        4807.610000000001
      ],
      [
        -2092037.399999997,
        4817.110000000001
      ],
      [
        -2081339.5099999965,
        4769.6500000000015
      ],
      [
        -2081553.579999998,
        4790.1
      ],
      [
        -2089762.6299999969,
        4816.620000000001
      ],
      [
        -2099147.5399999996,
        4876.570000000001
      ],
      [
        -2085856.9999999998,
        4791.100000000001
      ],
      [
        -2093753.3299999968,
        4821.1100000000015
      ],
      [
        -2088059.7899999965,
        4798.63
      ],
      [
        -2097945.9199999995,
        4851.08
      ],
      [
        -2097102.1599999962,
        4850.12
      ],
      [
        -2096589.039999999,
        4823.14
      ],
      [
        -2066320.9299999997,
        4735.17
      ],
      [
        -2101765.8899999973,
        4880.6
      ]
    ]
  },
  "solutions_count": 16,
  "solutions_directory": "C:\\Users\\hctr0\\PycharmProjects\\TFG_Hector\\31Executions\\NSGA2\\solutions\\users4\\uniform_inversion_high_mutation\\run23"
}