{
  "solution": [
    2,
    8,
    17,
    1,
    17,
    5,
    9,
    17,
    16,
    17,
    5,
    8,
    6,
    5,
    18,
    17,
    17,
    8,
    9,
    3,
    9,
    13,
    17,
    9,
    7,
    4,
    8,
    8,
    8,
    17,
    15,
    17,
    6,
    16,
    4,
    4,
    14,
    18,
    12,
    15,
    5,
    2,
    2,
    5,
    17,
    2,
    12,
    17,
    15,
    6,
    16,
    8,
    9,
    8,
    6,
    17,
    3,
    10,
    17,
    12,
    8,
    17,
    1,
    4,
    15,
    10,
    16,
    5,
    17,
    15,
    6,
    4,
    17,
    5,
    1,
    17,
    7,
    11,
    17,
    17,
    8,
    15,
    2,
    15,
    4,
    14,
    10,
    16,
    17,
    8,
    5,
    16,
    8,
    8,
    8,
    15,
    8,
    5,
    15,
    11,
    17,
    8,
    17,
    3,
    5,
    13,
    17,
    4,
    17,
    17,
    17,
    15,
    5,
    5,
    1,
    2,
    7,
    9,
    9,
    1,
    16,
    8,
    2,
    8,
    5,
    17,
    13,
    17,
    17,
    6,
    8,
    15,
    4,
    7,
    4,
    17,
    11,
    17,
    8,
    8,
    5,
    5,
    13,
    11,
    5,
    7,
    17,
    17,
    8,
    17,
    4,
    7,
    6,
    2,
    17,
    18,
    16,
    17,
    8,
    2,
    4,
    17,
    17,
    1,
    6,
    3,
    8,
    15,
    4,
    1,
    5,
    17,
    8,
    18,
    3,
    8,
    10,
    17,
    15,
    8,
    9,
    16,
    8,
    2,
    1,
    17,
    2,
    2,
    12,
    1,
    6,
    2,
    4,
    5,
    4,
    17,
    4,
    18,
    17,
    17,
    8,
    13,
    4,
    5,
    17,
    2,
    16,
    14,
    6,
    17,
    9,
    6,
    8,
    17,
    5,
    8,
    11,
    5,
    16,
    15,
    8,
    18,
    17,
    14,
    11,
    17,
    15,
    5,
    15,
    16,
    17,
    16,
    17,
    6,
    5,
    16,
    16,
    1,
    16,
    12,
    9,
    10,
    10,
    8,
    14,
    4,
    2,
    1,
    6,
    6,
    15,
    5,
    8,
    16,
    9,
    5,
    12,
    17,
    17,
    5,
    5,
    5,
    15,
    4,
    3,
    15,
    17,
    11,
    8,
    17,
    16,
    8,
    8,
    9,
    16,
    16,
    4,
    6,
    5,
    2,
    4,
    9,
    12,
    17,
    3,
    6,
    2,
    6,
    5,
    17,
    11,
    5,
    2,
    17,
    5,
    17,
    16,
    6,
    6,
    6
  ],
  "objectives": [
    384766.5299999991,
    1244.11
  ],
  "fitness": {
    "minutos_ponderados": 384766.5299999991,
    "costo_total": 1244.11
  }
}