{
  "solution": [
    2,
    8,
    17,
    6,
    17,
    8,
    5,
    17,
    17,
    17,
    4,
    16,
    17,
    5,
    8,
    8,
    17,
    17,
    9,
    17,
    8,
    2,
    17,
    7,
    5,
    16,
    8,
    16,
    8,
    17,
    2,
    17,
    17,
    17,
    17,
    17,
    17,
    17,
    9,
    17,
    5,
    17,
    2,
    17,
    17,
    17,
    10,
    17,
    17,
    17,
    17,
    8,
    17,
    18,
    17,
    17,
    5,
    17,
    8,
    17,
    17,
    17,
    11,
    8,
    2,
    8,
    17,
    2,
    17,
    17,
    5,
    5,
    17,
    2,
    17,
    17,
    2,
    17,
    17,
    17,
    17,
    17,
    2,
    17,
    9,
    17,
    16,
    16,
    5,
    17,
    8,
    8,
    17,
    5,
    8,
    1,
    8,
    17,
    17,
    2,
    17,
    5,
    17,
    5,
    17,
    4,
    17,
    17,
    16,
    17,
    17,
    16,
    8,
    17,
    8,
    12,
    4,
    17,
    17,
    8,
    16,
    4,
    2,
    4,
    17,
    17,
    4,
    17,
    8,
    5,
    17,
    8,
    2,
    5,
    10,
    16,
    5,
    17,
    17,
    8,
    4,
    8,
    17,
    8,
    5,
    17,
    10,
    17,
    2,
    9,
    17,
    17,
    17,
    2,
    8,
    8,
    16,
    17,
    8,
    8,
    17,
    8,
    17,
    17,
    17,
    8,
    8,
    17,
    17,
    17,
    17,
    3,
    17,
    17,
    17,
    5,
    17,
    17,
    2,
    17,
    17,
    17,
    8,
    17,
    17,
    17,
    17,
    17,
    17,
    17,
    17,
    8,
    17,
    16,
    9,
    17,
    16,
    17,
    8,
    17,
    8,
    5,
    17,
    6,
    17,
    2,
    17,
    17,
    17,
    10,
    16,
    17,
    17,
    2,
    17,
    8,
    17,
    5,
    17,
    2,
    17,
    17,
    15,
    17,
    17,
    3,
    8,
    17,
    15,
    3,
    17,
    17,
    17,
    17,
    17,
    16,
    4,
    8,
    17,
    17,
    17,
    8,
    17,
    8,
    2,
    1,
    5,
    1,
    17,
    16,
    2,
    5,
    8,
    5,
    17,
    4,
    8,
    17,
    17,
    17,
    5,
    5,
    10,
    8,
    5,
    17,
    17,
    8,
    4,
    17,
    17,
    17,
    4,
    17,
    16,
    6,
    17,
    4,
    2,
    8,
    2,
    8,
    2,
    8,
    2,
    8,
    2,
    2,
    17,
    16,
    17,
    5,
    2,
    17,
    17,
    8,
    18,
    6,
    8,
    17
  ],
  "objectives": [
    338404.54999999993,
    947.2500000000001
  ],
  "fitness": {
    "minutos_ponderados": 338404.54999999993,
    "costo_total": 947.2500000000001
  }
}