{
  "solution": [
    2,
    14,
    16,
    6,
    17,
    8,
    5,
    17,
    17,
    3,
    4,
    8,
    17,
    5,
    14,
    17,
    17,
    8,
    10,
    17,
    17,
    2,
    17,
    17,
    5,
    16,
    8,
    4,
    8,
    17,
    17,
    17,
    1,
    17,
    17,
    17,
    17,
    17,
    17,
    17,
    5,
    17,
    2,
    17,
    17,
    17,
    15,
    17,
    17,
    17,
    17,
    8,
    16,
    17,
    17,
    17,
    5,
    17,
    8,
    15,
    17,
    17,
    17,
    8,
    17,
    8,
    5,
    17,
    17,
    17,
    17,
    5,
    17,
    2,
    17,
    17,
    2,
    9,
    14,
    17,
    17,
    17,
    2,
    17,
    8,
    17,
    16,
    16,
    17,
    17,
    8,
    16,
    17,
    5,
    5,
    8,
    3,
    17,
    3,
    2,
    17,
    5,
    17,
    5,
    17,
    4,
    17,
    17,
    17,
    17,
    17,
    16,
    5,
    17,
    8,
    14,
    4,
    17,
    17,
    8,
    16,
    6,
    2,
    4,
    17,
    17,
    4,
    17,
    8,
    5,
    17,
    9,
    2,
    5,
    17,
    16,
    5,
    17,
    7,
    8,
    4,
    7,
    17,
    8,
    8,
    17,
    17,
    17,
    2,
    8,
    17,
    17,
    17,
    2,
    1,
    8,
    16,
    17,
    8,
    8,
    17,
    8,
    17,
    17,
    17,
    5,
    8,
    17,
    15,
    17,
    17,
    17,
    17,
    17,
    17,
    17,
    17,
    17,
    2,
    17,
    17,
    17,
    8,
    17,
    17,
    17,
    1,
    17,
    17,
    17,
    17,
    8,
    17,
    16,
    4,
    17,
    16,
    12,
    8,
    17,
    8,
    5,
    17,
    6,
    17,
    2,
    17,
    17,
    7,
    17,
    8,
    6,
    17,
    2,
    17,
    8,
    17,
    5,
    17,
    4,
    4,
    17,
    15,
    17,
    17,
    17,
    3,
    17,
    17,
    17,
    17,
    17,
    17,
    17,
    17,
    1,
    4,
    8,
    17,
    1,
    17,
    8,
    8,
    8,
    17,
    5,
    5,
    1,
    17,
    16,
    2,
    15,
    8,
    5,
    17,
    17,
    10,
    17,
    15,
    17,
    5,
    5,
    8,
    8,
    5,
    17,
    17,
    8,
    17,
    17,
    17,
    17,
    4,
    17,
    16,
    6,
    17,
    17,
    2,
    8,
    2,
    8,
    2,
    8,
    2,
    14,
    2,
    2,
    17,
    16,
    17,
    5,
    2,
    17,
    17,
    4,
    5,
    16,
    6,
    17
  ],
  "objectives": [
    357858.13999999996,
    1009.1800000000003
  ],
  "fitness": {
    "minutos_ponderados": 357858.13999999996,
    "costo_total": 1009.1800000000003
  }
}