{
  "solution": [
    2,
    8,
    17,
    5,
    17,
    8,
    5,
    5,
    17,
    17,
    13,
    8,
    17,
    5,
    8,
    6,
    17,
    1,
    17,
    17,
    1,
    2,
    18,
    17,
    5,
    16,
    8,
    17,
    8,
    17,
    17,
    18,
    17,
    17,
    17,
    17,
    17,
    1,
    17,
    17,
    5,
    17,
    2,
    8,
    17,
    17,
    8,
    17,
    17,
    17,
    17,
    8,
    17,
    17,
    17,
    17,
    5,
    17,
    8,
    17,
    17,
    17,
    17,
    8,
    17,
    8,
    16,
    17,
    17,
    17,
    17,
    5,
    17,
    2,
    17,
    17,
    2,
    17,
    17,
    17,
    17,
    17,
    2,
    3,
    8,
    17,
    16,
    16,
    17,
    17,
    2,
    16,
    17,
    5,
    7,
    6,
    8,
    17,
    17,
    2,
    17,
    5,
    6,
    5,
    17,
    4,
    5,
    17,
    17,
    17,
    17,
    16,
    5,
    17,
    8,
    16,
    4,
    18,
    17,
    8,
    16,
    4,
    17,
    4,
    17,
    17,
    4,
    17,
    8,
    5,
    17,
    8,
    2,
    5,
    17,
    16,
    5,
    17,
    17,
    8,
    4,
    8,
    17,
    8,
    5,
    17,
    17,
    17,
    2,
    8,
    17,
    17,
    17,
    2,
    8,
    7,
    8,
    17,
    8,
    8,
    17,
    8,
    17,
    6,
    17,
    8,
    8,
    17,
    17,
    17,
    17,
    17,
    17,
    17,
    17,
    17,
    17,
    17,
    2,
    17,
    2,
    15,
    8,
    17,
    17,
    17,
    8,
    17,
    17,
    2,
    17,
    8,
    17,
    16,
    4,
    17,
    16,
    17,
    8,
    17,
    18,
    5,
    17,
    6,
    17,
    2,
    11,
    17,
    17,
    17,
    17,
    17,
    5,
    2,
    17,
    8,
    6,
    5,
    17,
    8,
    4,
    17,
    17,
    17,
    17,
    17,
    8,
    17,
    17,
    17,
    17,
    17,
    17,
    17,
    17,
    16,
    4,
    8,
    17,
    6,
    17,
    8,
    17,
    8,
    17,
    5,
    5,
    1,
    16,
    16,
    2,
    5,
    8,
    5,
    17,
    17,
    8,
    5,
    17,
    13,
    5,
    5,
    9,
    9,
    5,
    17,
    17,
    8,
    17,
    13,
    17,
    17,
    4,
    17,
    16,
    6,
    17,
    17,
    2,
    8,
    2,
    8,
    4,
    8,
    2,
    17,
    2,
    6,
    17,
    16,
    17,
    5,
    2,
    17,
    18,
    4,
    17,
    6,
    6,
    17
  ],
  "objectives": [
    323143.86000000045,
    931.7400000000002
  ],
  "fitness": {
    "minutos_ponderados": 323143.86000000045,
    "costo_total": 931.7400000000002
  }
}