{
  "solution": [
    8,
    1,
    17,
    6,
    1,
    17,
    6,
    2,
    17,
    16,
    15,
    10,
    17,
    8,
    8,
    5,
    16,
    10,
    17,
    18,
    17,
    13,
    17,
    6,
    2,
    16,
    8,
    17,
    15,
    9,
    17,
    17,
    16,
    9,
    5,
    17,
    9,
    17,
    17,
    8,
    10,
    17,
    5,
    5,
    8,
    2,
    8,
    17,
    16,
    17,
    17,
    9,
    17,
    16,
    2,
    11,
    15,
    7,
    8,
    17,
    12,
    17,
    17,
    7,
    17,
    8,
    8,
    2,
    17,
    1,
    17,
    5,
    17,
    9,
    17,
    5,
    2,
    9,
    17,
    13,
    6,
    8,
    4,
    4,
    4,
    8,
    16,
    4,
    17,
    17,
    17,
    16,
    17,
    15,
    8,
    17,
    5,
    17,
    17,
    9,
    17,
    6,
    9,
    5,
    8,
    15,
    5,
    17,
    17,
    17,
    15,
    4,
    2,
    17,
    1,
    5,
    4,
    17,
    17,
    9,
    17,
    2,
    2,
    13,
    15,
    8,
    17,
    17,
    4,
    5,
    17,
    4,
    2,
    5,
    17,
    17,
    5,
    16,
    17,
    9,
    5,
    8,
    17,
    1,
    5,
    17,
    2,
    17,
    6,
    4,
    4,
    17,
    17,
    2,
    18,
    4,
    16,
    8,
    11,
    5,
    18,
    5,
    9,
    17,
    17,
    16,
    8,
    17,
    16,
    13,
    8,
    17,
    1,
    8,
    17,
    17,
    17,
    17,
    2,
    8,
    8,
    1,
    11,
    17,
    17,
    17,
    8,
    8,
    17,
    17,
    6,
    5,
    4,
    16,
    13,
    1,
    1,
    1,
    8,
    17,
    8,
    5,
    17,
    4,
    17,
    2,
    17,
    5,
    6,
    2,
    16,
    8,
    17,
    13,
    2,
    9,
    9,
    2,
    17,
    17,
    17,
    17,
    17,
    17,
    17,
    17,
    15,
    5,
    15,
    17,
    17,
    17,
    17,
    16,
    2,
    16,
    4,
    1,
    5,
    6,
    17,
    17,
    4,
    8,
    8,
    7,
    5,
    16,
    4,
    5,
    15,
    18,
    2,
    2,
    17,
    17,
    8,
    17,
    17,
    5,
    5,
    3,
    4,
    17,
    4,
    2,
    17,
    8,
    2,
    8,
    4,
    17,
    10,
    17,
    2,
    10,
    5,
    16,
    2,
    8,
    2,
    8,
    14,
    17,
    14,
    17,
    2,
    9,
    17,
    8,
    9,
    16,
    2,
    17,
    17,
    4,
    9,
    6,
    3,
    17
  ],
  "objectives": [
    364065.8200000003,
    1105.8600000000001
  ],
  "fitness": {
    "minutos_ponderados": 364065.8200000003,
    "costo_total": 1105.8600000000001
  }
}