{
  "solution": [
    16,
    8,
    17,
    6,
    17,
    11,
    5,
    17,
    16,
    17,
    15,
    8,
    17,
    6,
    8,
    5,
    17,
    8,
    17,
    17,
    1,
    2,
    17,
    2,
    10,
    16,
    6,
    17,
    1,
    2,
    16,
    3,
    17,
    10,
    17,
    17,
    17,
    7,
    12,
    17,
    4,
    2,
    5,
    2,
    17,
    16,
    8,
    17,
    3,
    15,
    13,
    8,
    9,
    10,
    2,
    17,
    15,
    17,
    8,
    7,
    8,
    17,
    17,
    17,
    4,
    8,
    15,
    17,
    5,
    17,
    5,
    4,
    17,
    2,
    17,
    17,
    2,
    11,
    17,
    17,
    17,
    8,
    17,
    7,
    8,
    16,
    17,
    16,
    17,
    16,
    16,
    16,
    17,
    5,
    10,
    17,
    8,
    9,
    17,
    2,
    17,
    18,
    17,
    11,
    17,
    17,
    17,
    17,
    17,
    17,
    17,
    10,
    16,
    17,
    1,
    16,
    11,
    17,
    17,
    15,
    16,
    4,
    8,
    16,
    11,
    17,
    16,
    5,
    8,
    4,
    17,
    17,
    11,
    5,
    17,
    16,
    6,
    17,
    17,
    13,
    4,
    8,
    17,
    6,
    15,
    17,
    17,
    17,
    4,
    8,
    5,
    17,
    17,
    2,
    8,
    16,
    1,
    8,
    8,
    13,
    17,
    8,
    17,
    1,
    17,
    8,
    2,
    17,
    17,
    17,
    16,
    17,
    8,
    17,
    12,
    17,
    17,
    17,
    17,
    17,
    16,
    17,
    8,
    17,
    11,
    17,
    2,
    2,
    2,
    17,
    4,
    5,
    4,
    17,
    4,
    17,
    16,
    17,
    5,
    17,
    13,
    16,
    11,
    8,
    17,
    4,
    17,
    18,
    17,
    9,
    17,
    8,
    17,
    13,
    9,
    12,
    9,
    16,
    17,
    8,
    6,
    4,
    17,
    17,
    17,
    6,
    11,
    2,
    8,
    17,
    17,
    6,
    17,
    6,
    16,
    5,
    4,
    5,
    4,
    6,
    17,
    3,
    17,
    17,
    17,
    5,
    14,
    7,
    17,
    12,
    8,
    5,
    8,
    5,
    17,
    17,
    8,
    17,
    17,
    12,
    16,
    5,
    5,
    8,
    5,
    17,
    17,
    6,
    17,
    5,
    18,
    2,
    4,
    17,
    5,
    2,
    1,
    17,
    2,
    8,
    2,
    8,
    2,
    15,
    2,
    17,
    7,
    4,
    4,
    5,
    9,
    16,
    2,
    17,
    8,
    4,
    2,
    16,
    6,
    17
  ],
  "objectives": [
    377341.9100000002,
    1193.34
  ],
  "fitness": {
    "minutos_ponderados": 377341.9100000002,
    "costo_total": 1193.34
  }
}