{
  "run_info": {
    "dataset": "users3.json",
    "config": "npoint_reset_low_crossover",
    "run": 1,
    "execution_time": 432.91262650489807,
    "generations": 40,
    "pareto_size": 27,
    "pareto_points": [
      [
        -1122084.39,
        3794.0299999999997
      ],
      [
        -1102591.93,
        3696.1000000000004
      ],
      [
        -1119522.999999999,
        3784.5300000000007
      ],
      [
        -1037545.3700000014,
        3592.54
      ],
      [
        -1106084.0600000003,
        3708.6400000000003
      ],
      [
        -1131348.9199999985,
        3804.0000000000005
      ],
      [
        -1116542.3999999992,
        3713.6300000000006
      ],
      [
        -1040214.8600000013,
        3599.5500000000006
      ],
      [
        -1141765.629999999,
        3872.8600000000006
      ],
      [
        -1120650.9899999995,
        3791.5400000000004
      ],
      [
        -1135292.3399999985,
        3804.4900000000007
      ],
      [
        -1041921.4500000012,
        3616.01
      ],
      [
        -1137558.5999999985,
        3815.9100000000008
      ],
      [
        -1131735.2399999988,
        3804.4799999999996
      ],
      [
        -1073800.2600000014,
        3639.9700000000003
      ],
      [
        -1101388.2599999995,
        3688.6000000000004
      ],
      [
        -1076778.5100000016,
        3666.48
      ],
      [
        -1145189.8099999984,
        3883.8500000000013
      ],
      [
        -1139416.1699999988,
        3835.4800000000005
      ],
      [
        -1073860.5700000012,
        3646.97
      ],
      [
        -1069796.2600000019,
        3628.45
      ],
      [
        -1071109.8600000024,
        3632.0599999999995
      ],
      [
        -1074207.6300000022,
        3648.9800000000005
      ],
      [
        -1105673.6,
        3700.08
      ],
      [
        -1129524.7899999986,
        3796.51
      ],
      [
        -1118299.2699999998,
        3737.6200000000003
      ],
      [
        -1040378.3700000012,
        3611.5300000000007
      ]
    ]
  },
  "solutions_count": 27,
  "solutions_directory": "../results/NSGA2\\solutions\\users3\\npoint_reset_low_crossover\\run1"
}