{
  "run_info": {
    "dataset": "users4.json",
    "config": "uniform_reset_low_mutation",
    "run": 5,
    "execution_time": 661.7535727024078,
    "generations": 45,
    "pareto_size": 27,
    "pareto_points": [
      [
        -1802797.249999999,
        5726.59
      ],
      [
        -1800133.799999999,
        5694.120000000001
      ],
      [
        -1801446.2199999993,
        5710.6
      ],
      [
        -1804786.78,
        5763.06
      ],
      [
        -1808437.9800000002,
        5853.97
      ],
      [
        -1807687.1000000008,
        5843.990000000002
      ],
      [
        -1801504.8899999992,
        5716.09
      ],
      [
        -1804125.3899999992,
        5747.060000000001
      ],
      [
        -1803458.6400000001,
        5743.59
      ],
      [
        -1805366.8700000006,
        5772.060000000001
      ],
      [
        -1806697.8400000003,
        5799.02
      ],
      [
        -1800153.8599999992,
        5699.100000000002
      ],
      [
        -1807086.9500000004,
        5822.01
      ],
      [
        -1796001.499999999,
        5682.6
      ],
      [
        -1807667.0400000007,
        5837.0
      ],
      [
        -1804766.7200000002,
        5756.07
      ],
      [
        -1809038.1300000006,
        5863.97
      ],
      [
        -1808458.0400000003,
        5855.97
      ],
      [
        -1806117.75,
        5783.030000000001
      ],
      [
        -1806137.81,
        5785.030000000001
      ],
      [
        -1806717.9000000004,
        5801.02
      ],
      [
        -1802817.3099999991,
        5729.58
      ],
      [
        -1809018.0700000005,
        5861.970000000001
      ],
      [
        -1803377.3399999994,
        5742.58
      ],
      [
        -1805346.8100000005,
        5765.070000000001
      ],
      [
        -1801461.9399999992,
        5711.58
      ],
      [
        -1807107.0100000002,
        5829.0
      ]
    ]
  },
  "solutions_count": 27,
  "solutions_directory": "../results/SPEA2\\solutions\\users4\\uniform_reset_low_mutation\\run5"
}