{
  "run_info": {
    "dataset": "users2.json",
    "config": "high_pheromone_influence",
    "run": 5,
    "execution_time": 519.81001496315,
    "iterations_completed": 26,
    "max_iterations": 200,
    "terminated_early": true,
    "generations_without_improvement": 12,
    "pareto_size": 19,
    "pareto_points": [
      [
        637036.3499999993,
        2134.75
      ],
      [
        652979.4100000006,
        2177.17
      ],
      [
        623987.0800000004,
        2123.13
      ],
      [
        651881.7599999994,
        2169.53
      ],
      [
        656842.9700000001,
        2348.5899999999997
      ],
      [
        647339.7600000012,
        2162.6800000000003
      ],
      [
        620261.3200000001,
        2007.0600000000006
      ],
      [
        607694.1299999999,
        1997.2800000000004
      ],
      [
        582353.9899999999,
        1959.3700000000006
      ],
      [
        600443.1700000003,
        1982.9800000000007
      ],
      [
        570904.8799999997,
        1936.9000000000005
      ],
      [
        564816.0200000005,
        1905.7400000000002
      ],
      [
        573972.4000000006,
        1951.8200000000008
      ],
      [
        556428.1000000002,
        1881.9300000000005
      ],
      [
        569488.2300000002,
        1916.2700000000002
      ],
      [
        555800.1599999993,
        1869.8200000000006
      ],
      [
        563988.5099999999,
        1894.2600000000007
      ],
      [
        544742.2199999995,
        1798.2700000000004
      ],
      [
        554573.3400000001,
        1804.3900000000008
      ]
    ],
    "solutions_evaluated": 520,
    "config_params": {
      "n_ants": 20,
      "rho": 0.3,
      "alpha": 3.0,
      "beta": 2.0,
      "archive_size": 100,
      "no_improvement_generations": 12
    }
  },
  "solutions_count": 19,
  "solutions_directory": "../results/PACO\\solutions\\users2\\high_pheromone_influence\\run5",
  "objective_statistics": {
    "cost_range": {
      "min": 1798.2700000000004,
      "max": 2348.5899999999997
    },
    "minutes_range": {
      "min": 544742.2199999995,
      "max": 656842.9700000001
    }
  },
  "algorithm_info": {
    "archive_history_length": 26,
    "max_archive_size_reached": 19
  }
}