{
  "run_info": {
    "dataset": "users5.json",
    "config": "high_pheromone_influence",
    "run": 1,
    "execution_time": 4754.598035097122,
    "iterations_completed": 53,
    "max_iterations": 200,
    "terminated_early": true,
    "generations_without_improvement": 12,
    "pareto_size": 18,
    "pareto_points": [
      [
        2629428.400000012,
        7221.25
      ],
      [
        2621452.99,
        7191.9000000000015
      ],
      [
        2620728.420000015,
        7129.770000000001
      ],
      [
        2678550.990000004,
        7280.260000000001
      ],
      [
        2635462.2700000047,
        7277.780000000001
      ],
      [
        2445235.850000007,
        6825.130000000003
      ],
      [
        2480087.2300000014,
        6904.590000000003
      ],
      [
        2454679.950000002,
        6840.070000000003
      ],
      [
        2302545.6099999994,
        6753.420000000005
      ],
      [
        2277004.5099999965,
        6721.850000000004
      ],
      [
        2305928.150000002,
        6816.140000000005
      ],
      [
        2195062.4400000023,
        6619.510000000007
      ],
      [
        2140617.5500000017,
        6606.450000000006
      ],
      [
        2179759.5000000037,
        6609.380000000005
      ],
      [
        2205192.2000000076,
        6659.430000000005
      ],
      [
        2175826.0200000047,
        6607.220000000007
      ],
      [
        2227734.500000009,
        6682.920000000006
      ],
      [
        2190242.370000007,
        6616.970000000007
      ]
    ],
    "solutions_evaluated": 1060,
    "config_params": {
      "n_ants": 20,
      "rho": 0.3,
      "alpha": 3.0,
      "beta": 2.0,
      "archive_size": 100,
      "no_improvement_generations": 12
    }
  },
  "solutions_count": 18,
  "solutions_directory": "../results/PACO\\solutions\\users5\\high_pheromone_influence\\run1",
  "objective_statistics": {
    "cost_range": {
      "min": 6606.450000000006,
      "max": 7280.260000000001
    },
    "minutes_range": {
      "min": 2140617.5500000017,
      "max": 2678550.990000004
    }
  },
  "algorithm_info": {
    "archive_history_length": 53,
    "max_archive_size_reached": 19
  }
}