{
  "solution": [
    17,
    6,
    18,
    17,
    17,
    16,
    18,
    4,
    6,
    17,
    8,
    2,
    4,
    4,
    17,
    17,
    8,
    8,
    6,
    17,
    5,
    8,
    9,
    2,
    17,
    17,
    5,
    8,
    17,
    14,
    10,
    17,
    17,
    17,
    4,
    16,
    17,
    17,
    17,
    17,
    5,
    17,
    5,
    5,
    3,
    17,
    17,
    17,
    2,
    17,
    17,
    17,
    17,
    17,
    5,
    16,
    17,
    17,
    8,
    5,
    2,
    17,
    17,
    17,
    4,
    2,
    17,
    8,
    17,
    17,
    2,
    17,
    15,
    2,
    17,
    2,
    5,
    17,
    2,
    17,
    17,
    17,
    17,
    5,
    8,
    16,
    2,
    17,
    8,
    17,
    17,
    17,
    6,
    4,
    17,
    6,
    15,
    17,
    17,
    2,
    17,
    6,
    2,
    17,
    4,
    17,
    17,
    3,
    17,
    15,
    6,
    17,
    17,
    15,
    5,
    17,
    16,
    17,
    17,
    4,
    8,
    17,
    17,
    17,
    6,
    17,
    2,
    2,
    5,
    2,
    17,
    17,
    8,
    12,
    8,
    17,
    17,
    17,
    17,
    17,
    17,
    1,
    4,
    8,
    2,
    12,
    8,
    17,
    17,
    17,
    4,
    8,
    17,
    16,
    2,
    17,
    17,
    17,
    17,
    4,
    4,
    17,
    17,
    17,
    17,
    4,
    17,
    17,
    17,
    17,
    5,
    17,
    17,
    17,
    17,
    5,
    17,
    16,
    17,
    8,
    17,
    17,
    6,
    17,
    5,
    5,
    17,
    17,
    17,
    8,
    2,
    16,
    17,
    17,
    4,
    8,
    8,
    17,
    17,
    17,
    11,
    17,
    17,
    7,
    17,
    16,
    17,
    17,
    17,
    17,
    4,
    17,
    8,
    8,
    8,
    17,
    17,
    17,
    8,
    17,
    17,
    17,
    17,
    4,
    8,
    17,
    17,
    1,
    17,
    17,
    17,
    5,
    2,
    8,
    17,
    9,
    6,
    16,
    17,
    11,
    17,
    2,
    5,
    8,
    8,
    5,
    8,
    2,
    2,
    11,
    8,
    6,
    17,
    5,
    17,
    5,
    3,
    2,
    17,
    17,
    17,
    17,
    4,
    4,
    17,
    17,
    10,
    5,
    17,
    6,
    8,
    8,
    17,
    17,
    17,
    2,
    17,
    17,
    5,
    17,
    16,
    17,
    8,
    17,
    17,
    17,
    17,
    9,
    4,
    16,
    17,
    17,
    4,
    17,
    5,
    17,
    5,
    5,
    8,
    17
  ],
  "objectives": [
    435261.2999999993,
    986.1600000000001
  ],
  "fitness": {
    "minutos_ponderados": 435261.2999999993,
    "costo_total": 986.1600000000001
  }
}