{
  "solution": [
    17,
    17,
    17,
    17,
    17,
    2,
    17,
    9,
    17,
    17,
    8,
    17,
    4,
    4,
    17,
    17,
    8,
    8,
    6,
    17,
    2,
    15,
    17,
    2,
    17,
    17,
    17,
    8,
    17,
    16,
    17,
    17,
    17,
    17,
    9,
    16,
    17,
    17,
    17,
    17,
    16,
    17,
    5,
    5,
    5,
    17,
    17,
    17,
    2,
    17,
    17,
    17,
    17,
    17,
    5,
    18,
    17,
    17,
    5,
    2,
    4,
    4,
    17,
    17,
    4,
    2,
    17,
    8,
    17,
    17,
    16,
    17,
    17,
    2,
    17,
    17,
    8,
    17,
    17,
    17,
    17,
    17,
    17,
    2,
    8,
    16,
    17,
    17,
    17,
    17,
    17,
    17,
    6,
    4,
    13,
    17,
    5,
    17,
    17,
    2,
    17,
    17,
    18,
    17,
    4,
    17,
    17,
    6,
    17,
    8,
    6,
    17,
    17,
    7,
    5,
    17,
    16,
    17,
    17,
    4,
    8,
    17,
    18,
    17,
    12,
    17,
    2,
    2,
    5,
    2,
    17,
    17,
    8,
    10,
    8,
    17,
    17,
    17,
    17,
    17,
    17,
    17,
    4,
    8,
    2,
    17,
    8,
    17,
    17,
    17,
    4,
    8,
    17,
    16,
    17,
    17,
    17,
    17,
    17,
    4,
    4,
    17,
    17,
    8,
    8,
    4,
    17,
    17,
    17,
    2,
    17,
    17,
    17,
    17,
    17,
    17,
    17,
    16,
    17,
    8,
    17,
    17,
    17,
    17,
    13,
    2,
    17,
    17,
    17,
    8,
    2,
    16,
    9,
    17,
    5,
    9,
    8,
    17,
    16,
    17,
    17,
    17,
    17,
    2,
    17,
    16,
    17,
    17,
    17,
    17,
    4,
    17,
    9,
    8,
    8,
    17,
    17,
    17,
    8,
    17,
    17,
    17,
    17,
    4,
    8,
    17,
    17,
    8,
    16,
    17,
    17,
    2,
    2,
    8,
    2,
    17,
    6,
    8,
    17,
    17,
    2,
    2,
    6,
    8,
    8,
    5,
    1,
    2,
    2,
    9,
    8,
    17,
    7,
    8,
    17,
    5,
    17,
    9,
    10,
    17,
    17,
    5,
    4,
    8,
    17,
    17,
    10,
    5,
    17,
    17,
    8,
    8,
    17,
    17,
    17,
    17,
    17,
    9,
    5,
    8,
    17,
    17,
    17,
    17,
    17,
    17,
    17,
    9,
    4,
    1,
    17,
    17,
    4,
    17,
    5,
    17,
    5,
    5,
    17,
    17
  ],
  "objectives": [
    427090.19000000076,
    973.5900000000001
  ],
  "fitness": {
    "minutos_ponderados": 427090.19000000076,
    "costo_total": 973.5900000000001
  }
}