{
  "solution": [
    17,
    17,
    17,
    17,
    17,
    8,
    17,
    9,
    17,
    17,
    8,
    13,
    4,
    4,
    17,
    17,
    8,
    8,
    6,
    17,
    2,
    8,
    17,
    2,
    17,
    17,
    17,
    8,
    17,
    17,
    18,
    17,
    17,
    17,
    1,
    16,
    17,
    17,
    17,
    17,
    16,
    17,
    5,
    5,
    5,
    17,
    17,
    17,
    2,
    17,
    17,
    17,
    14,
    17,
    5,
    16,
    17,
    17,
    8,
    5,
    4,
    17,
    17,
    17,
    4,
    2,
    17,
    8,
    17,
    8,
    16,
    17,
    17,
    2,
    17,
    17,
    8,
    10,
    17,
    17,
    17,
    17,
    17,
    14,
    8,
    5,
    17,
    17,
    17,
    17,
    17,
    17,
    6,
    15,
    4,
    17,
    14,
    17,
    17,
    2,
    2,
    17,
    15,
    17,
    4,
    17,
    17,
    6,
    17,
    8,
    6,
    17,
    17,
    17,
    5,
    17,
    16,
    2,
    17,
    15,
    11,
    17,
    17,
    17,
    6,
    17,
    2,
    2,
    5,
    2,
    17,
    17,
    8,
    5,
    8,
    17,
    17,
    17,
    10,
    17,
    17,
    17,
    4,
    8,
    2,
    10,
    8,
    17,
    17,
    17,
    4,
    18,
    17,
    16,
    2,
    17,
    17,
    17,
    17,
    4,
    4,
    17,
    17,
    17,
    8,
    4,
    17,
    17,
    17,
    15,
    18,
    17,
    17,
    17,
    17,
    17,
    17,
    16,
    17,
    8,
    17,
    17,
    17,
    7,
    17,
    5,
    6,
    17,
    17,
    8,
    2,
    16,
    8,
    17,
    17,
    8,
    8,
    17,
    1,
    17,
    17,
    17,
    17,
    2,
    17,
    15,
    17,
    17,
    17,
    17,
    4,
    17,
    6,
    8,
    16,
    17,
    17,
    17,
    2,
    17,
    17,
    17,
    17,
    4,
    8,
    17,
    17,
    17,
    17,
    17,
    17,
    2,
    2,
    8,
    5,
    17,
    6,
    8,
    17,
    17,
    17,
    2,
    5,
    8,
    15,
    16,
    8,
    2,
    2,
    8,
    8,
    17,
    17,
    17,
    17,
    5,
    17,
    2,
    17,
    17,
    17,
    17,
    4,
    8,
    9,
    17,
    10,
    5,
    17,
    17,
    8,
    8,
    17,
    17,
    17,
    17,
    17,
    17,
    5,
    17,
    16,
    17,
    17,
    17,
    17,
    17,
    17,
    16,
    4,
    16,
    17,
    17,
    4,
    17,
    7,
    17,
    5,
    5,
    17,
    17
  ],
  "objectives": [
    442243.3799999999,
    1010.53
  ],
  "fitness": {
    "minutos_ponderados": 442243.3799999999,
    "costo_total": 1010.53
  }
}