{
  "run_info": {
    "dataset": "users3.json",
    "config": "uniform_inversion_high_mutation",
    "run": 7,
    "execution_time": 805.8618161678314,
    "generations": 105,
    "pareto_size": 18,
    "pareto_points": [
      [
        -1250140.6199999982,
        3230.13
      ],
      [
        -1247517.3699999982,
        3219.17
      ],
      [
        -1282805.289999998,
        3315.6500000000005
      ],
      [
        -1271663.4899999984,
        3271.6800000000003
      ],
      [
        -1285894.3299999987,
        3347.2200000000003
      ],
      [
        -1290001.3499999994,
        3414.6300000000006
      ],
      [
        -1288568.6199999978,
        3399.5800000000004
      ],
      [
        -1247547.489999999,
        3224.1599999999994
      ],
      [
        -1283102.4099999985,
        3330.6800000000007
      ],
      [
        -1291663.4299999978,
        3423.6000000000004
      ],
      [
        -1265042.5799999996,
        3234.71
      ],
      [
        -1287047.5299999993,
        3375.2000000000007
      ],
      [
        -1269945.3799999994,
        3262.7200000000003
      ],
      [
        -1257161.6299999997,
        3232.19
      ],
      [
        -1276935.1899999985,
        3283.6600000000003
      ],
      [
        -1247051.6399999985,
        3194.2100000000005
      ],
      [
        -1277737.769999998,
        3290.62
      ],
      [
        -1288651.259999998,
        3411.09
      ]
    ]
  },
  "solutions_count": 18,
  "solutions_directory": "C:\\Users\\hctr0\\PycharmProjects\\TFG_Hector\\31Executions\\NSGA2\\solutions\\users3\\uniform_inversion_high_mutation\\run7"
}