{
  "run_info": {
    "dataset": "users5.json",
    "config": "npoint_inversion_low_mutation",
    "run": 2,
    "execution_time": 837.3080453872681,
    "generations": 49,
    "pareto_size": 23,
    "pareto_points": [
      [
        -2805568.0600000126,
        9215.93
      ],
      [
        -2900520.340000007,
        9513.690000000002
      ],
      [
        -2865383.5800000075,
        9320.200000000003
      ],
      [
        -2904690.250000007,
        9567.66
      ],
      [
        -2870112.3500000066,
        9324.230000000001
      ],
      [
        -2903716.360000008,
        9540.670000000002
      ],
      [
        -2914027.9800000037,
        9622.660000000002
      ],
      [
        -2892911.100000006,
        9489.200000000003
      ],
      [
        -2910970.0600000047,
        9604.660000000002
      ],
      [
        -2853427.2300000014,
        9317.610000000002
      ],
      [
        -2849540.300000004,
        9308.600000000004
      ],
      [
        -2847059.2200000025,
        9287.580000000002
      ],
      [
        -2846333.830000005,
        9268.600000000002
      ],
      [
        -2844212.4000000013,
        9254.610000000002
      ],
      [
        -2918886.930000003,
        9641.620000000003
      ],
      [
        -2829144.6800000085,
        9220.380000000003
      ],
      [
        -2902859.450000007,
        9536.650000000001
      ],
      [
        -2835441.480000004,
        9235.68
      ],
      [
        -2848375.620000001,
        9307.090000000004
      ],
      [
        -2845494.8400000017,
        9266.160000000002
      ],
      [
        -2908043.170000009,
        9573.630000000001
      ],
      [
        -2901848.340000008,
        9532.220000000001
      ],
      [
        -2839380.3200000008,
        9242.680000000004
      ]
    ]
  },
  "solutions_count": 23,
  "solutions_directory": "../results/SPEA2\\solutions\\users5\\npoint_inversion_low_mutation\\run2"
}