{
  "run_info": {
    "dataset": "users2.json",
    "config": "uniform_reset_high_crossover",
    "run": 3,
    "execution_time": 508.8827636241913,
    "generations": 91,
    "pareto_size": 41,
    "pareto_points": [
      [
        -795244.0999999995,
        2309.81
      ],
      [
        -804115.32,
        2325.89
      ],
      [
        -761479.5999999993,
        2268.31
      ],
      [
        -794261.4400000003,
        2302.78
      ],
      [
        -808076.9399999997,
        2350.82
      ],
      [
        -810885.1200000007,
        2373.84
      ],
      [
        -827631.9800000008,
        2612.7400000000002
      ],
      [
        -801230.1199999994,
        2313.79
      ],
      [
        -808195.0600000005,
        2353.86
      ],
      [
        -807864.2099999996,
        2345.85
      ],
      [
        -823724.8500000007,
        2536.2500000000005
      ],
      [
        -788188.2300000003,
        2291.7999999999997
      ],
      [
        -807268.9999999997,
        2335.36
      ],
      [
        -807640.1099999998,
        2344.3399999999997
      ],
      [
        -813911.8600000002,
        2414.7799999999997
      ],
      [
        -808776.0000000006,
        2365.83
      ],
      [
        -811256.2300000009,
        2382.82
      ],
      [
        -800766.5000000001,
        2311.82
      ],
      [
        -819411.1700000003,
        2457.77
      ],
      [
        -819519.2600000002,
        2475.76
      ],
      [
        -813067.0000000006,
        2392.81
      ],
      [
        -812695.8900000004,
        2383.8300000000004
      ],
      [
        -816339.1900000003,
        2436.2799999999997
      ],
      [
        -814891.9400000006,
        2418.81
      ],
      [
        -820789.5600000004,
        2477.25
      ],
      [
        -813503.8300000005,
        2400.29
      ],
      [
        -805174.1499999994,
        2334.35
      ],
      [
        -821794.6300000005,
        2489.24
      ],
      [
        -829599.8900000005,
        2613.7099999999996
      ],
      [
        -815125.9100000008,
        2422.8
      ],
      [
        -784057.2299999999,
        2282.2999999999997
      ],
      [
        -821541.5000000006,
        2488.26
      ],
      [
        -808301.0399999997,
        2358.33
      ],
      [
        -826015.6400000005,
        2539.7299999999996
      ],
      [
        -815471.7400000005,
        2431.26
      ],
      [
        -827416.5400000004,
        2579.7100000000005
      ],
      [
        -826203.6200000005,
        2542.7400000000002
      ],
      [
        -823607.3600000003,
        2497.74
      ],
      [
        -818659.2300000001,
        2446.77
      ],
      [
        -816800.7100000004,
        2442.78
      ],
      [
        -817100.7700000003,
        2446.2499999999995
      ]
    ]
  },
  "solutions_count": 41,
  "solutions_directory": "../results/NSGA2\\solutions\\users2\\uniform_reset_high_crossover\\run3"
}