{
  "run_info": {
    "dataset": "users5.json",
    "config": "uniform_inversion_high_mutation",
    "run": 13,
    "execution_time": 7326.49504160881,
    "generations": 251,
    "pareto_size": 20,
    "pareto_points": [
      [
        -3411235.9,
        6944.78
      ],
      [
        -3452505.66,
        6989.6500000000015
      ],
      [
        -3437316.720000006,
        6963.700000000001
      ],
      [
        -3451132.08,
        6977.620000000001
      ],
      [
        -3514177.1699999967,
        7297.420000000001
      ],
      [
        -3497046.95,
        7102.0599999999995
      ],
      [
        -3383251.1700000064,
        6909.650000000001
      ],
      [
        -3499671.2799999956,
        7139.52
      ],
      [
        -3476992.8899999987,
        7045.590000000001
      ],
      [
        -3506582.2299999977,
        7174.000000000002
      ],
      [
        -3473745.4900000016,
        7042.620000000001
      ],
      [
        -3468637.880000001,
        7009.600000000001
      ],
      [
        -3443517.040000001,
        6969.680000000002
      ],
      [
        -3504659.969999997,
        7150.530000000001
      ],
      [
        -3471873.080000001,
        7011.090000000001
      ],
      [
        -3510351.1299999976,
        7205.980000000001
      ],
      [
        -3432914.210000003,
        6952.730000000001
      ],
      [
        -3480005.8400000017,
        7049.580000000002
      ],
      [
        -3484280.379999999,
        7061.070000000001
      ],
      [
        -3458810.6399999973,
        7000.6100000000015
      ]
    ]
  },
  "solutions_count": 20,
  "solutions_directory": "C:\\Users\\hctr0\\PycharmProjects\\TFG_Hector\\31Executions\\NSGA2\\solutions\\users5\\uniform_inversion_high_mutation\\run13"
}