{
  "run_info": {
    "dataset": "users1.json",
    "config": "uniform_inversion_high_mutation",
    "run": 15,
    "execution_time": 232.4748101234436,
    "generations": 97,
    "pareto_size": 16,
    "pareto_points": [
      [
        -479129.6599999997,
        979.61
      ],
      [
        -495374.74999999994,
        1128.4699999999998
      ],
      [
        -478861.8599999995,
        952.15
      ],
      [
        -498317.8400000001,
        1143.9499999999998
      ],
      [
        -497332.3000000003,
        1140.96
      ],
      [
        -490660.96999999986,
        1047.55
      ],
      [
        -496402.44999999995,
        1133.9700000000003
      ],
      [
        -478314.8399999997,
        935.66
      ],
      [
        -495673.3800000001,
        1132.96
      ],
      [
        -498397.24000000017,
        1152.9499999999998
      ],
      [
        -495170.58000000013,
        1051.57
      ],
      [
        -482298.9899999997,
        984.09
      ],
      [
        -499714.01000000007,
        1156.94
      ],
      [
        -488876.98000000004,
        1042.56
      ],
      [
        -487061.11000000004,
        1004.61
      ],
      [
        -496860.05000000005,
        1138.9699999999998
      ]
    ]
  },
  "solutions_count": 16,
  "solutions_directory": "C:\\Users\\hctr0\\PycharmProjects\\TFG_Hector\\31Executions\\NSGA2\\solutions\\users1\\uniform_inversion_high_mutation\\run15"
}