{
  "run_info": {
    "dataset": "users3.json",
    "config": "uniform_inversion_high_mutation",
    "run": 5,
    "execution_time": 1911.9934251308441,
    "generations": 300,
    "pareto_size": 12,
    "pareto_points": [
      [
        -1292382.3699999985,
        3263.3
      ],
      [
        -1301587.1899999972,
        3315.2300000000005
      ],
      [
        -1298675.979999998,
        3294.27
      ],
      [
        -1298845.6999999967,
        3300.2599999999998
      ],
      [
        -1277421.1599999971,
        3250.8900000000012
      ],
      [
        -1289412.5299999986,
        3252.370000000001
      ],
      [
        -1295752.1299999969,
        3284.28
      ],
      [
        -1299919.0699999977,
        3311.2700000000004
      ],
      [
        -1292553.1799999976,
        3281.2799999999997
      ],
      [
        -1293739.4299999978,
        3284.2700000000004
      ],
      [
        -1291238.9299999985,
        3255.3499999999995
      ],
      [
        -1293070.7599999974,
        3282.3
      ]
    ]
  },
  "solutions_count": 12,
  "solutions_directory": "../results/SPEA2\\solutions\\users3\\uniform_inversion_high_mutation\\run5"
}