{
  "run_info": {
    "dataset": "users2.json",
    "config": "uniform_inversion_high_mutation",
    "run": 9,
    "execution_time": 506.2774429321289,
    "generations": 129,
    "pareto_size": 25,
    "pareto_points": [
      [
        -845782.9900000006,
        2179.87
      ],
      [
        -843310.0800000005,
        2172.33
      ],
      [
        -839136.9200000002,
        2151.3
      ],
      [
        -842824.7800000001,
        2161.3500000000004
      ],
      [
        -843438.9800000001,
        2173.3099999999995
      ],
      [
        -857040.3400000007,
        2214.75
      ],
      [
        -849085.84,
        2180.3099999999995
      ],
      [
        -868935.1500000005,
        2355.6799999999994
      ],
      [
        -858833.2900000007,
        2222.2799999999997
      ],
      [
        -861234.8400000007,
        2242.2599999999998
      ],
      [
        -870076.1399999999,
        2358.1499999999996
      ],
      [
        -850206.7000000004,
        2193.33
      ],
      [
        -853099.9100000007,
        2207.7599999999998
      ],
      [
        -859145.1100000002,
        2233.2599999999998
      ],
      [
        -845704.5700000004,
        2173.33
      ],
      [
        -865012.2200000003,
        2266.2199999999993
      ],
      [
        -868209.7000000007,
        2349.6799999999994
      ],
      [
        -869389.6800000003,
        2357.18
      ],
      [
        -851675.6500000005,
        2198.2699999999995
      ],
      [
        -863514.2000000005,
        2252.2599999999993
      ],
      [
        -856032.2000000014,
        2212.2899999999995
      ],
      [
        -859059.8700000007,
        2226.2799999999997
      ],
      [
        -867070.8900000002,
        2308.18
      ],
      [
        -867827.9600000004,
        2343.6899999999996
      ],
      [
        -865123.8700000003,
        2296.1899999999996
      ]
    ]
  },
  "solutions_count": 25,
  "solutions_directory": "C:\\Users\\hctr0\\PycharmProjects\\TFG_Hector\\31Executions\\NSGA2\\solutions\\users2\\uniform_inversion_high_mutation\\run9"
}