{
  "solution": [
    5,
    17,
    17,
    17,
    8,
    17,
    17,
    17,
    13,
    8,
    8,
    2,
    17,
    17,
    2,
    17,
    8,
    17,
    8,
    17,
    17,
    2,
    8,
    17,
    8,
    8,
    8,
    5,
    17,
    17,
    17,
    17,
    17,
    16,
    17,
    17,
    17,
    17,
    17,
    17,
    17,
    17,
    8,
    17,
    5,
    4,
    17,
    17,
    17,
    16,
    17,
    17,
    17,
    17,
    17,
    17,
    17,
    17,
    17,
    17,
    2,
    8,
    17,
    17,
    17,
    17,
    17,
    14,
    17,
    17,
    17,
    17,
    16,
    16,
    17,
    9,
    5,
    8,
    17,
    17,
    17,
    17,
    17,
    17,
    17,
    8,
    2,
    8,
    17,
    17,
    5,
    4,
    17,
    17,
    2,
    17,
    17,
    17,
    16,
    17,
    2,
    12,
    17,
    16,
    8,
    8,
    17,
    17,
    12,
    17,
    15,
    17,
    17,
    16,
    17,
    8,
    17,
    17,
    17,
    4,
    17,
    8,
    17,
    2,
    11,
    2,
    2,
    5,
    17,
    17,
    16,
    16,
    17,
    17,
    5,
    17,
    17,
    8,
    8,
    8,
    11,
    17,
    5,
    5,
    17,
    2,
    17,
    17,
    17,
    4,
    17,
    17,
    17,
    17,
    17,
    14,
    17,
    5,
    17,
    17,
    17,
    17,
    5,
    8,
    17,
    17,
    17,
    17,
    17,
    17,
    14,
    8,
    1,
    17,
    2,
    17,
    17,
    11,
    17,
    17,
    3,
    17,
    17,
    17,
    17,
    8,
    5,
    17,
    17,
    2,
    2,
    17,
    3,
    5,
    17,
    6,
    17,
    17,
    17,
    17,
    17,
    2,
    6,
    17,
    4,
    4,
    17,
    17,
    5,
    17,
    17,
    8,
    5,
    17,
    16,
    17,
    17,
    8,
    8,
    16,
    17,
    8,
    17,
    17,
    17,
    17,
    17,
    17,
    17,
    17,
    5,
    17,
    5,
    17,
    13,
    17,
    17,
    8,
    17,
    8,
    17,
    8,
    8,
    8,
    17,
    17,
    8,
    17,
    4,
    17,
    8,
    17,
    17,
    17,
    17,
    15,
    17,
    17,
    2,
    17,
    17,
    17,
    16,
    17,
    17,
    17,
    8,
    8,
    8,
    2,
    17,
    6,
    17,
    8,
    17,
    17,
    8,
    5,
    17,
    5,
    17,
    17,
    16,
    17,
    8,
    4,
    5,
    17,
    15,
    17,
    17,
    17,
    8,
    4,
    8,
    15,
    17,
    16,
    17,
    17
  ],
  "objectives": [
    440995.8800000004,
    947.6
  ],
  "fitness": {
    "minutos_ponderados": 440995.8800000004,
    "costo_total": 947.6
  }
}