{
  "solution": [
    5,
    17,
    17,
    11,
    16,
    17,
    17,
    17,
    17,
    8,
    5,
    2,
    17,
    7,
    2,
    17,
    5,
    17,
    8,
    17,
    17,
    2,
    17,
    14,
    8,
    8,
    5,
    12,
    14,
    17,
    17,
    17,
    17,
    16,
    17,
    17,
    17,
    14,
    17,
    17,
    16,
    17,
    7,
    17,
    5,
    3,
    17,
    17,
    17,
    8,
    17,
    9,
    17,
    17,
    17,
    17,
    4,
    14,
    17,
    17,
    2,
    18,
    17,
    17,
    17,
    17,
    17,
    17,
    17,
    17,
    17,
    15,
    16,
    16,
    3,
    17,
    5,
    8,
    17,
    17,
    17,
    17,
    17,
    17,
    4,
    8,
    2,
    8,
    17,
    17,
    5,
    17,
    17,
    17,
    2,
    17,
    17,
    17,
    16,
    17,
    17,
    17,
    17,
    16,
    4,
    8,
    17,
    17,
    17,
    17,
    5,
    17,
    17,
    16,
    17,
    8,
    17,
    17,
    3,
    4,
    17,
    8,
    10,
    2,
    17,
    2,
    2,
    16,
    17,
    17,
    18,
    16,
    17,
    17,
    5,
    17,
    17,
    8,
    8,
    8,
    17,
    17,
    5,
    5,
    17,
    2,
    17,
    17,
    17,
    4,
    5,
    17,
    17,
    18,
    17,
    17,
    17,
    10,
    17,
    17,
    17,
    16,
    5,
    8,
    17,
    17,
    17,
    17,
    17,
    17,
    17,
    8,
    14,
    17,
    2,
    17,
    17,
    17,
    17,
    17,
    2,
    17,
    17,
    17,
    17,
    8,
    5,
    17,
    17,
    2,
    8,
    17,
    17,
    5,
    17,
    6,
    10,
    17,
    17,
    17,
    17,
    2,
    6,
    17,
    4,
    6,
    17,
    17,
    5,
    17,
    17,
    17,
    5,
    17,
    16,
    17,
    17,
    8,
    8,
    16,
    10,
    8,
    17,
    17,
    17,
    17,
    17,
    17,
    17,
    17,
    5,
    17,
    5,
    17,
    17,
    17,
    7,
    7,
    1,
    17,
    17,
    8,
    8,
    8,
    17,
    17,
    5,
    17,
    4,
    17,
    8,
    17,
    17,
    3,
    17,
    2,
    17,
    17,
    2,
    17,
    10,
    17,
    16,
    17,
    17,
    17,
    2,
    8,
    8,
    2,
    17,
    5,
    16,
    17,
    17,
    17,
    8,
    5,
    17,
    17,
    17,
    5,
    16,
    17,
    3,
    5,
    1,
    17,
    15,
    17,
    17,
    17,
    8,
    4,
    8,
    4,
    17,
    17,
    17,
    17
  ],
  "objectives": [
    458533.7699999998,
    1081.02
  ],
  "fitness": {
    "minutos_ponderados": 458533.7699999998,
    "costo_total": 1081.02
  }
}