{
  "solution": [
    5,
    17,
    17,
    17,
    8,
    17,
    17,
    5,
    17,
    8,
    5,
    2,
    17,
    17,
    2,
    17,
    8,
    5,
    8,
    1,
    17,
    2,
    17,
    17,
    6,
    8,
    8,
    5,
    17,
    17,
    17,
    17,
    17,
    16,
    17,
    17,
    7,
    15,
    2,
    17,
    17,
    17,
    8,
    15,
    5,
    4,
    17,
    8,
    17,
    8,
    17,
    17,
    17,
    17,
    17,
    17,
    17,
    17,
    17,
    17,
    2,
    8,
    17,
    17,
    17,
    17,
    17,
    17,
    17,
    17,
    3,
    17,
    16,
    16,
    17,
    17,
    5,
    8,
    17,
    17,
    17,
    17,
    17,
    17,
    17,
    8,
    2,
    8,
    17,
    17,
    5,
    17,
    17,
    16,
    2,
    17,
    17,
    17,
    16,
    17,
    17,
    17,
    17,
    16,
    8,
    8,
    17,
    17,
    17,
    15,
    5,
    17,
    17,
    16,
    17,
    8,
    17,
    17,
    17,
    4,
    6,
    8,
    17,
    2,
    17,
    2,
    2,
    16,
    17,
    14,
    12,
    16,
    17,
    17,
    5,
    17,
    17,
    8,
    8,
    8,
    17,
    17,
    5,
    5,
    17,
    2,
    17,
    17,
    17,
    4,
    17,
    17,
    17,
    17,
    17,
    17,
    17,
    17,
    17,
    17,
    17,
    8,
    5,
    8,
    17,
    17,
    17,
    17,
    17,
    17,
    17,
    8,
    17,
    17,
    2,
    17,
    17,
    17,
    17,
    17,
    17,
    17,
    17,
    17,
    17,
    8,
    5,
    17,
    17,
    2,
    8,
    17,
    17,
    5,
    17,
    6,
    17,
    17,
    17,
    17,
    3,
    2,
    6,
    17,
    4,
    4,
    17,
    17,
    5,
    17,
    17,
    17,
    5,
    17,
    16,
    17,
    10,
    8,
    8,
    16,
    17,
    8,
    17,
    17,
    17,
    17,
    17,
    17,
    17,
    17,
    5,
    17,
    5,
    17,
    17,
    17,
    7,
    8,
    17,
    5,
    17,
    8,
    15,
    8,
    10,
    17,
    8,
    17,
    4,
    17,
    8,
    17,
    1,
    17,
    17,
    2,
    17,
    17,
    2,
    17,
    17,
    17,
    15,
    17,
    17,
    17,
    6,
    8,
    8,
    2,
    17,
    6,
    6,
    17,
    17,
    17,
    8,
    5,
    17,
    3,
    17,
    5,
    16,
    2,
    5,
    4,
    5,
    17,
    15,
    17,
    17,
    17,
    8,
    4,
    8,
    4,
    12,
    16,
    17,
    17
  ],
  "objectives": [
    450396.9800000003,
    983.59
  ],
  "fitness": {
    "minutos_ponderados": 450396.9800000003,
    "costo_total": 983.59
  }
}