{
  "solution": [
    8,
    17,
    17,
    17,
    8,
    6,
    17,
    17,
    17,
    8,
    5,
    2,
    17,
    17,
    2,
    17,
    8,
    17,
    8,
    17,
    17,
    2,
    17,
    17,
    10,
    16,
    8,
    5,
    17,
    17,
    1,
    17,
    17,
    16,
    17,
    17,
    17,
    17,
    17,
    17,
    17,
    11,
    8,
    17,
    5,
    4,
    17,
    17,
    10,
    8,
    17,
    16,
    17,
    17,
    17,
    17,
    17,
    17,
    17,
    17,
    2,
    8,
    17,
    17,
    17,
    17,
    17,
    17,
    17,
    6,
    17,
    17,
    16,
    16,
    17,
    17,
    5,
    3,
    17,
    17,
    17,
    17,
    17,
    17,
    17,
    8,
    2,
    15,
    17,
    17,
    5,
    17,
    17,
    17,
    2,
    17,
    17,
    17,
    16,
    17,
    17,
    17,
    17,
    16,
    8,
    8,
    17,
    17,
    17,
    17,
    5,
    17,
    17,
    16,
    17,
    8,
    17,
    17,
    17,
    4,
    17,
    8,
    17,
    2,
    17,
    2,
    2,
    3,
    17,
    17,
    17,
    16,
    17,
    17,
    5,
    17,
    17,
    8,
    8,
    8,
    17,
    17,
    5,
    5,
    17,
    11,
    17,
    17,
    17,
    4,
    17,
    17,
    17,
    17,
    17,
    17,
    17,
    17,
    17,
    17,
    17,
    17,
    1,
    8,
    17,
    17,
    17,
    17,
    17,
    17,
    5,
    13,
    17,
    17,
    8,
    17,
    17,
    17,
    9,
    17,
    17,
    17,
    17,
    17,
    17,
    8,
    5,
    9,
    17,
    2,
    8,
    4,
    17,
    5,
    17,
    6,
    17,
    17,
    17,
    17,
    17,
    2,
    6,
    17,
    4,
    4,
    17,
    17,
    5,
    16,
    17,
    17,
    5,
    17,
    16,
    17,
    17,
    8,
    8,
    16,
    17,
    8,
    17,
    17,
    17,
    17,
    17,
    17,
    17,
    17,
    6,
    17,
    5,
    17,
    17,
    17,
    17,
    8,
    17,
    8,
    17,
    8,
    8,
    8,
    17,
    17,
    8,
    17,
    4,
    17,
    8,
    17,
    17,
    17,
    17,
    2,
    17,
    17,
    2,
    17,
    17,
    17,
    16,
    2,
    17,
    17,
    8,
    8,
    8,
    2,
    17,
    6,
    17,
    17,
    17,
    17,
    8,
    5,
    17,
    17,
    17,
    5,
    16,
    17,
    5,
    4,
    5,
    17,
    15,
    17,
    17,
    17,
    8,
    4,
    8,
    4,
    17,
    17,
    17,
    14
  ],
  "objectives": [
    448033.8199999997,
    968.4700000000003
  ],
  "fitness": {
    "minutos_ponderados": 448033.8199999997,
    "costo_total": 968.4700000000003
  }
}