{
  "solution": [
    2,
    8,
    15,
    18,
    17,
    17,
    6,
    7,
    15,
    8,
    5,
    5,
    10,
    4,
    6,
    2,
    5,
    5,
    6,
    5,
    16,
    3,
    11,
    2,
    8,
    2,
    17,
    17,
    17,
    4,
    14,
    17,
    13,
    17,
    11,
    5,
    2,
    5,
    16,
    17,
    8,
    8,
    2,
    4,
    1,
    9,
    4,
    5,
    1,
    2,
    4,
    8,
    1,
    17,
    8,
    15,
    2,
    16,
    4,
    8,
    2,
    6,
    17,
    17,
    2,
    17,
    4,
    17,
    1,
    5,
    2,
    4,
    8,
    6,
    15,
    4,
    17,
    8,
    8,
    17,
    9,
    18,
    11,
    5,
    11,
    15,
    18,
    8,
    17,
    8,
    2,
    6,
    8,
    17,
    8,
    9,
    17,
    4,
    17,
    8,
    3,
    6,
    6,
    7,
    1,
    13,
    15,
    5,
    2,
    8,
    18,
    2,
    17,
    15,
    17,
    2,
    6,
    5,
    8,
    5,
    17,
    6,
    4,
    17,
    5,
    18,
    5,
    6,
    5,
    12,
    6,
    8,
    5,
    2,
    7,
    2,
    17,
    15,
    2,
    2,
    13,
    17,
    5,
    17,
    11,
    5,
    17,
    18,
    16,
    11,
    17,
    18,
    6,
    9,
    11,
    5,
    17,
    5,
    5,
    5,
    8,
    9,
    18,
    10,
    12,
    16,
    17,
    8,
    8,
    7,
    4,
    11,
    15,
    15,
    5,
    7,
    17,
    17,
    9,
    6,
    16,
    6,
    17,
    2,
    17,
    11,
    9,
    2,
    17,
    16,
    5,
    2,
    8,
    17,
    1,
    6,
    18,
    16,
    2,
    3,
    7,
    5,
    2,
    2,
    2,
    6,
    10,
    6,
    10,
    17,
    4,
    5,
    6,
    2,
    16,
    5,
    15,
    17,
    12,
    10,
    2,
    17,
    18,
    8,
    2,
    1,
    1,
    16,
    8,
    1,
    16,
    5,
    2,
    2,
    16,
    5,
    17,
    8,
    2,
    17,
    6,
    8,
    2,
    16,
    8,
    3,
    12,
    17,
    5,
    7,
    7,
    16,
    17,
    4,
    4,
    2,
    8,
    2,
    12,
    8,
    2,
    3,
    4,
    2,
    17,
    17,
    3,
    8,
    17,
    1,
    16,
    2,
    17,
    17,
    6,
    18,
    16,
    16,
    17,
    17,
    15,
    15,
    18,
    17,
    6,
    17,
    18,
    1,
    3,
    15,
    9,
    16,
    7,
    8,
    8,
    15,
    17,
    18,
    8,
    10
  ],
  "objectives": [
    392026.3399999997,
    1204.6499999999999
  ],
  "fitness": {
    "minutos_ponderados": 392026.3399999997,
    "costo_total": 1204.6499999999999
  }
}