{
  "solution": [
    5,
    8,
    8,
    8,
    17,
    8,
    17,
    17,
    2,
    17,
    2,
    17,
    17,
    17,
    16,
    17,
    15,
    17,
    11,
    17,
    7,
    2,
    17,
    17,
    8,
    17,
    17,
    8,
    8,
    17,
    17,
    17,
    10,
    1,
    16,
    16,
    17,
    17,
    8,
    4,
    8,
    8,
    17,
    8,
    17,
    17,
    17,
    17,
    16,
    2,
    17,
    17,
    17,
    17,
    17,
    17,
    8,
    3,
    17,
    8,
    17,
    17,
    17,
    16,
    17,
    17,
    2,
    15,
    17,
    17,
    3,
    8,
    2,
    17,
    17,
    4,
    9,
    17,
    2,
    8,
    8,
    8,
    17,
    17,
    17,
    17,
    8,
    17,
    16,
    17,
    17,
    17,
    16,
    17,
    17,
    17,
    9,
    15,
    5,
    17,
    17,
    8,
    17,
    6,
    2,
    17,
    8,
    17,
    2,
    17,
    17,
    17,
    17,
    17,
    17,
    17,
    17,
    17,
    17,
    17,
    17,
    17,
    17,
    15,
    17,
    17,
    17,
    17,
    17,
    17,
    17,
    17,
    8,
    8,
    5,
    17,
    4,
    8,
    17,
    17,
    17,
    10,
    17,
    17,
    17,
    17,
    17,
    4,
    17,
    14,
    4,
    17,
    2,
    17,
    4,
    5,
    17,
    16,
    8,
    1,
    17,
    2,
    11,
    1,
    5,
    17,
    16,
    17,
    17,
    6,
    17,
    2,
    17,
    17,
    17,
    16,
    17,
    17,
    17,
    17,
    5,
    6,
    11,
    17,
    11,
    17,
    17,
    17,
    16,
    17,
    8,
    17,
    17,
    10,
    17,
    17,
    17,
    17,
    17,
    17,
    8,
    16,
    17,
    17,
    17,
    17,
    17,
    1,
    17,
    17,
    4,
    6,
    17,
    4,
    17,
    17,
    18,
    18,
    8,
    17,
    17,
    8,
    6,
    17,
    17,
    17,
    17,
    17,
    17,
    17,
    1,
    5,
    8,
    17,
    17,
    6,
    17,
    17,
    17,
    17,
    17,
    17,
    6,
    8,
    17,
    17,
    17,
    17,
    17,
    5,
    17,
    17,
    17,
    16,
    16,
    17,
    17,
    17,
    17,
    6,
    2,
    17,
    17,
    17,
    17,
    16,
    17,
    17,
    17,
    8,
    5,
    11,
    17,
    17,
    17,
    17,
    17,
    4,
    8,
    8,
    16,
    9,
    17,
    17,
    17,
    8,
    17,
    17,
    17,
    4,
    2,
    17,
    17,
    17,
    4,
    17,
    17,
    17,
    10,
    17
  ],
  "objectives": [
    303061.0900000001,
    1021.45
  ],
  "fitness": {
    "minutos_ponderados": 303061.0900000001,
    "costo_total": 1021.45
  }
}