{
  "solution": [
    17,
    17,
    17,
    17,
    17,
    17,
    14,
    17,
    17,
    15,
    17,
    17,
    17,
    16,
    17,
    17,
    17,
    8,
    17,
    17,
    6,
    17,
    16,
    17,
    4,
    17,
    17,
    17,
    17,
    5,
    2,
    8,
    17,
    17,
    6,
    8,
    12,
    1,
    17,
    17,
    15,
    17,
    17,
    8,
    17,
    17,
    5,
    16,
    17,
    8,
    17,
    17,
    17,
    17,
    16,
    2,
    5,
    17,
    17,
    5,
    17,
    8,
    6,
    17,
    6,
    17,
    17,
    17,
    17,
    17,
    17,
    5,
    2,
    17,
    17,
    17,
    17,
    6,
    17,
    8,
    17,
    5,
    17,
    17,
    17,
    17,
    17,
    17,
    17,
    17,
    1,
    17,
    17,
    3,
    17,
    6,
    17,
    16,
    2,
    17,
    8,
    2,
    8,
    5,
    6,
    17,
    8,
    17,
    17,
    17,
    4,
    17,
    12,
    5,
    17,
    17,
    6,
    8,
    17,
    17,
    16,
    14,
    17,
    17,
    16,
    8,
    8,
    6,
    5,
    17,
    16,
    17,
    17,
    14,
    17,
    16,
    17,
    8,
    17,
    17,
    2,
    8,
    3,
    17,
    8,
    17,
    17,
    17,
    15,
    17,
    18,
    17,
    17,
    17,
    17,
    8,
    4,
    17,
    5,
    17,
    5,
    11,
    17,
    17,
    5,
    10,
    8,
    8,
    17,
    17,
    8,
    2,
    8,
    5,
    17,
    8,
    10,
    17,
    17,
    17,
    15,
    11,
    8,
    17,
    17,
    2,
    8,
    17,
    17,
    2,
    8,
    17,
    17,
    17,
    8,
    4,
    5,
    17,
    14,
    4,
    17,
    16,
    8,
    3,
    17,
    17,
    17,
    7,
    17,
    8,
    10,
    16,
    17,
    17,
    17,
    8,
    17,
    17,
    17,
    4,
    17,
    17,
    17,
    8,
    17,
    4,
    8,
    17,
    17,
    8,
    16,
    17,
    17,
    5,
    17,
    8,
    17,
    17,
    17,
    17,
    6,
    10,
    5,
    4,
    2,
    17,
    5,
    17,
    17,
    17,
    5,
    17,
    4,
    10,
    17,
    17,
    17,
    17,
    17,
    16,
    17,
    17,
    4,
    17,
    17,
    17,
    15,
    6,
    17,
    12,
    17,
    17,
    16,
    17,
    6,
    17,
    4,
    2,
    17,
    6,
    17,
    11,
    17,
    17,
    7,
    17,
    18,
    17,
    8,
    17,
    17,
    17,
    2,
    17,
    6,
    18,
    5,
    17,
    4,
    17
  ],
  "objectives": [
    446787.4999999998,
    1130.9999999999998
  ],
  "fitness": {
    "minutos_ponderados": 446787.4999999998,
    "costo_total": 1130.9999999999998
  }
}