{
  "solution": [
    17,
    17,
    17,
    17,
    17,
    17,
    8,
    17,
    17,
    17,
    17,
    17,
    17,
    16,
    17,
    17,
    17,
    8,
    17,
    17,
    14,
    17,
    12,
    17,
    4,
    17,
    17,
    17,
    17,
    5,
    2,
    8,
    17,
    17,
    17,
    8,
    17,
    6,
    17,
    17,
    17,
    17,
    17,
    1,
    17,
    17,
    5,
    16,
    17,
    11,
    17,
    17,
    17,
    17,
    16,
    2,
    5,
    17,
    17,
    5,
    17,
    8,
    6,
    17,
    6,
    17,
    17,
    17,
    17,
    17,
    17,
    16,
    2,
    17,
    17,
    17,
    17,
    16,
    17,
    8,
    17,
    5,
    17,
    17,
    17,
    17,
    17,
    17,
    14,
    17,
    2,
    17,
    17,
    8,
    17,
    8,
    17,
    16,
    2,
    17,
    3,
    2,
    8,
    5,
    6,
    17,
    1,
    17,
    17,
    17,
    4,
    17,
    15,
    17,
    17,
    17,
    15,
    8,
    17,
    17,
    6,
    8,
    17,
    16,
    16,
    8,
    8,
    17,
    5,
    17,
    16,
    17,
    17,
    8,
    17,
    16,
    17,
    8,
    17,
    17,
    17,
    8,
    11,
    17,
    4,
    17,
    17,
    17,
    15,
    5,
    17,
    17,
    17,
    13,
    17,
    8,
    4,
    17,
    5,
    17,
    5,
    18,
    17,
    17,
    1,
    17,
    8,
    8,
    17,
    17,
    8,
    2,
    14,
    17,
    17,
    8,
    17,
    17,
    17,
    17,
    15,
    11,
    8,
    17,
    17,
    2,
    8,
    17,
    17,
    2,
    8,
    17,
    17,
    17,
    8,
    4,
    17,
    17,
    17,
    8,
    17,
    17,
    8,
    17,
    17,
    17,
    17,
    17,
    17,
    8,
    17,
    16,
    17,
    17,
    17,
    14,
    17,
    17,
    3,
    4,
    17,
    17,
    17,
    5,
    17,
    4,
    8,
    17,
    17,
    8,
    2,
    17,
    17,
    5,
    17,
    8,
    6,
    17,
    17,
    17,
    6,
    8,
    5,
    1,
    2,
    17,
    5,
    17,
    17,
    17,
    5,
    1,
    4,
    17,
    17,
    17,
    17,
    17,
    17,
    16,
    17,
    17,
    4,
    17,
    17,
    17,
    17,
    17,
    17,
    1,
    5,
    18,
    16,
    17,
    16,
    14,
    4,
    8,
    17,
    6,
    16,
    16,
    17,
    17,
    8,
    17,
    5,
    17,
    8,
    17,
    17,
    17,
    2,
    17,
    6,
    5,
    16,
    17,
    16,
    17
  ],
  "objectives": [
    445177.5499999998,
    1053.0
  ],
  "fitness": {
    "minutos_ponderados": 445177.5499999998,
    "costo_total": 1053.0
  }
}