{
  "run_info": {
    "dataset": "users4.json",
    "config": "high_pheromone_influence",
    "run": 7,
    "execution_time": 2563.2686491012573,
    "iterations_completed": 20,
    "max_iterations": 200,
    "terminated_early": true,
    "generations_without_improvement": 12,
    "pareto_size": 9,
    "pareto_points": [
      [
        1823719.1299999985,
        4530.4800000000005
      ],
      [
        1835416.6400000013,
        4785.96
      ],
      [
        1828925.400000005,
        4688.8
      ],
      [
        1828570.360000016,
        4645.42
      ],
      [
        1815812.790000006,
        4373.71
      ],
      [
        1813915.7600000103,
        4361.270000000002
      ],
      [
        1818829.1300000083,
        4441.240000000002
      ],
      [
        1826246.0100000112,
        4552.290000000003
      ],
      [
        1786811.3700000094,
        4330.880000000003
      ]
    ],
    "solutions_evaluated": 500,
    "config_params": {
      "n_ants": 25,
      "rho": 0.3,
      "alpha": 3.0,
      "beta": 2.0,
      "archive_size": 100,
      "no_improvement_generations": 12
    }
  },
  "solutions_count": 9,
  "solutions_directory": "C:\\Users\\hctr0\\PycharmProjects\\TFG_Hector\\31Executions\\PACO\\solutions\\users4\\high_pheromone_influence\\run7",
  "objective_statistics": {
    "cost_range": {
      "min": 4330.880000000003,
      "max": 4785.96
    },
    "minutes_range": {
      "min": 1786811.3700000094,
      "max": 1835416.6400000013
    }
  },
  "algorithm_info": {
    "archive_history_length": 20,
    "max_archive_size_reached": 10
  }
}