{
  "run_info": {
    "dataset": "users2.json",
    "config": "uniform_inversion_high_mutation",
    "run": 12,
    "execution_time": 579.7693247795105,
    "generations": 146,
    "pareto_size": 31,
    "pareto_points": [
      [
        -867383.8900000011,
        2257.79
      ],
      [
        -814646.6000000007,
        2013.8999999999999
      ],
      [
        -836279.0800000015,
        2052.3999999999996
      ],
      [
        -830991.2700000008,
        2025.4499999999998
      ],
      [
        -863595.2200000006,
        2172.39
      ],
      [
        -855269.7900000013,
        2122.91
      ],
      [
        -768813.4400000001,
        1942.9399999999998
      ],
      [
        -870352.5500000007,
        2292.2400000000002
      ],
      [
        -868489.5900000009,
        2272.77
      ],
      [
        -866880.2300000008,
        2246.8100000000004
      ],
      [
        -841694.0000000007,
        2073.45
      ],
      [
        -840351.1100000009,
        2069.44
      ],
      [
        -841377.8800000006,
        2073.38
      ],
      [
        -863163.9000000005,
        2157.3999999999996
      ],
      [
        -870093.6500000011,
        2281.3
      ],
      [
        -872047.2800000011,
        2329.2699999999995
      ],
      [
        -850255.2100000003,
        2113.41
      ],
      [
        -856644.2000000011,
        2147.39
      ],
      [
        -863693.4600000004,
        2205.8700000000003
      ],
      [
        -813444.600000001,
        1996.9299999999996
      ],
      [
        -866222.8800000009,
        2205.88
      ],
      [
        -840799.4600000009,
        2071.44
      ],
      [
        -846981.7900000007,
        2079.45
      ],
      [
        -835063.3200000009,
        2045.4399999999998
      ],
      [
        -816193.9000000006,
        2020.9199999999996
      ],
      [
        -849922.3200000003,
        2083.93
      ],
      [
        -867510.270000001,
        2269.29
      ],
      [
        -839350.6800000012,
        2055.46
      ],
      [
        -866442.940000001,
        2222.3500000000004
      ],
      [
        -863653.9900000002,
        2184.86
      ],
      [
        -792006.7000000002,
        1974.8999999999999
      ]
    ]
  },
  "solutions_count": 31,
  "solutions_directory": "C:\\Users\\hctr0\\PycharmProjects\\TFG_Hector\\31Executions\\NSGA2\\solutions\\users2\\uniform_inversion_high_mutation\\run12"
}