{
  "run_info": {
    "dataset": "users4.json",
    "config": "uniform_inversion_high_mutation",
    "run": 26,
    "execution_time": 3551.4814534187317,
    "generations": 180,
    "pareto_size": 19,
    "pareto_points": [
      [
        -2061323.0100000007,
        4650.680000000001
      ],
      [
        -2023589.2599999993,
        4600.070000000001
      ],
      [
        -2071603.6500000001,
        4676.11
      ],
      [
        -2084901.0799999977,
        4833.960000000001
      ],
      [
        -2071751.6,
        4683.110000000001
      ],
      [
        -2069647.2100000023,
        4673.62
      ],
      [
        -2079469.72,
        4725.56
      ],
      [
        -2083556.3699999994,
        4811.4400000000005
      ],
      [
        -2082210.649999999,
        4751.51
      ],
      [
        -2084123.1499999997,
        4827.950000000001
      ],
      [
        -2077869.49,
        4690.120000000001
      ],
      [
        -2058689.139999998,
        4637.55
      ],
      [
        -2073330.6900000013,
        4688.140000000001
      ],
      [
        -2080525.4499999988,
        4733.58
      ],
      [
        -2090378.6899999976,
        4866.400000000001
      ],
      [
        -2072682.7500000007,
        4684.1100000000015
      ],
      [
        -2078785.019999999,
        4713.570000000001
      ],
      [
        -2087558.5299999984,
        4849.44
      ],
      [
        -2062451.3100000008,
        4666.130000000001
      ]
    ]
  },
  "solutions_count": 19,
  "solutions_directory": "C:\\Users\\hctr0\\PycharmProjects\\TFG_Hector\\31Executions\\NSGA2\\solutions\\users4\\uniform_inversion_high_mutation\\run26"
}