{
  "run_info": {
    "dataset": "users4.json",
    "config": "npoint_inversion_high_all",
    "run": 1,
    "execution_time": 6414.046571969986,
    "generations": 278,
    "pareto_size": 30,
    "pareto_points": [
      [
        -1844318.1000000017,
        5221.96
      ],
      [
        -1850872.2600000023,
        5240.5199999999995
      ],
      [
        -1883824.5500000014,
        5354.450000000001
      ],
      [
        -1949006.7499999998,
        5810.4
      ],
      [
        -1950169.64,
        5829.910000000001
      ],
      [
        -1893728.3600000015,
        5391.4
      ],
      [
        -1922704.0200000003,
        5501.050000000001
      ],
      [
        -1858521.610000003,
        5257.530000000001
      ],
      [
        -1893401.210000002,
        5367.43
      ],
      [
        -1953215.0799999996,
        5833.910000000001
      ],
      [
        -1896471.4400000016,
        5401.92
      ],
      [
        -1941860.7100000011,
        5683.32
      ],
      [
        -1860971.8000000021,
        5271.51
      ],
      [
        -1948043.9800000014,
        5690.319999999999
      ],
      [
        -1931984.3799999992,
        5615.89
      ],
      [
        -1893164.010000002,
        5358.42
      ],
      [
        -1921265.6400000001,
        5476.100000000001
      ],
      [
        -1928104.2600000005,
        5555.5599999999995
      ],
      [
        -1914654.250000001,
        5460.990000000001
      ],
      [
        -1841643.7600000014,
        5219.969999999999
      ],
      [
        -1924779.4200000009,
        5542.02
      ],
      [
        -1908928.9600000002,
        5438.08
      ],
      [
        -1927132.6200000008,
        5553.04
      ],
      [
        -1928114.880000001,
        5560.540000000001
      ],
      [
        -1941225.6600000027,
        5634.360000000001
      ],
      [
        -1868499.580000002,
        5278.02
      ],
      [
        -1941656.1400000022,
        5669.37
      ],
      [
        -1931346.5299999989,
        5615.42
      ],
      [
        -1872982.2600000028,
        5318.490000000001
      ],
      [
        -1930313.6400000004,
        5582.519999999999
      ]
    ]
  },
  "solutions_count": 30,
  "solutions_directory": "../results/NSGA2\\solutions\\users4\\npoint_inversion_high_all\\run1"
}