{
  "run_info": {
    "dataset": "users5.json",
    "config": "uniform_inversion_high_mutation",
    "run": 1,
    "execution_time": 7828.027933597565,
    "generations": 300,
    "pareto_size": 21,
    "pareto_points": [
      [
        -3274777.6999999946,
        8671.61
      ],
      [
        -3265500.2199999923,
        8607.1
      ],
      [
        -3255379.979999994,
        8538.2
      ],
      [
        -3251648.6299999934,
        8530.18
      ],
      [
        -3255994.899999993,
        8547.65
      ],
      [
        -3163848.429999993,
        8515.769999999999
      ],
      [
        -3255819.549999994,
        8546.170000000002
      ],
      [
        -3266256.9899999923,
        8607.140000000001
      ],
      [
        -3264187.6099999924,
        8594.130000000003
      ],
      [
        -3270195.849999993,
        8622.61
      ],
      [
        -3268533.8799999924,
        8613.630000000001
      ],
      [
        -3267569.599999992,
        8610.12
      ],
      [
        -3272265.229999993,
        8632.619999999999
      ],
      [
        -3274055.669999993,
        8662.6
      ],
      [
        -3260165.819999994,
        8550.66
      ],
      [
        -3229962.4099999955,
        8515.77
      ],
      [
        -3261341.3399999943,
        8580.160000000002
      ],
      [
        -3261956.259999994,
        8583.64
      ],
      [
        -3260863.509999994,
        8569.140000000001
      ],
      [
        -3262932.889999994,
        8589.140000000001
      ],
      [
        -3261620.2799999947,
        8582.180000000002
      ]
    ]
  },
  "solutions_count": 21,
  "solutions_directory": "../results/SPEA2\\solutions\\users5\\uniform_inversion_high_mutation\\run1"
}