{
  "run_info": {
    "dataset": "users2.json",
    "config": "npoint_reset_low_crossover",
    "run": 2,
    "execution_time": 565.8875968456268,
    "generations": 98,
    "pareto_size": 34,
    "pareto_points": [
      [
        -763585.3600000014,
        2750.5499999999997
      ],
      [
        -712652.0500000019,
        2526.59
      ],
      [
        -712639.9700000017,
        2518.0699999999997
      ],
      [
        -758826.1600000017,
        2702.5600000000004
      ],
      [
        -717394.2800000013,
        2529.5899999999997
      ],
      [
        -722599.7800000014,
        2551.1200000000003
      ],
      [
        -723414.7100000011,
        2553.04
      ],
      [
        -766621.9000000015,
        2787.55
      ],
      [
        -762460.1900000016,
        2705.53
      ],
      [
        -720631.3400000023,
        2548.59
      ],
      [
        -724973.1000000011,
        2558.0499999999997
      ],
      [
        -723652.9900000012,
        2555.0399999999995
      ],
      [
        -770695.5800000003,
        2869.4799999999996
      ],
      [
        -763364.0000000015,
        2733.0299999999997
      ],
      [
        -730491.5100000019,
        2560.13
      ],
      [
        -769701.3500000016,
        2793.57
      ],
      [
        -737138.000000002,
        2566.1500000000005
      ],
      [
        -723887.4700000018,
        2556.1099999999997
      ],
      [
        -746086.7700000016,
        2638.5899999999997
      ],
      [
        -737206.2400000019,
        2598.0999999999995
      ],
      [
        -740368.2900000019,
        2601.06
      ],
      [
        -758182.8100000018,
        2691.65
      ],
      [
        -728425.0700000017,
        2558.58
      ],
      [
        -745925.5700000017,
        2626.11
      ],
      [
        -742578.290000002,
        2617.0999999999995
      ],
      [
        -753156.0400000016,
        2671.5800000000004
      ],
      [
        -770532.7100000004,
        2852.47
      ],
      [
        -738156.0500000019,
        2598.12
      ],
      [
        -744907.5200000015,
        2623.11
      ],
      [
        -718555.2500000019,
        2547.0299999999997
      ],
      [
        -750372.6800000018,
        2651.57
      ],
      [
        -711054.4500000015,
        2512.62
      ],
      [
        -764005.9400000013,
        2771.5699999999997
      ],
      [
        -757654.380000001,
        2672.6200000000003
      ]
    ]
  },
  "solutions_count": 34,
  "solutions_directory": "../results/NSGA2\\solutions\\users2\\npoint_reset_low_crossover\\run2"
}