{
  "solution": [
    17,
    7,
    17,
    17,
    8,
    5,
    17,
    5,
    17,
    17,
    17,
    17,
    17,
    2,
    17,
    17,
    8,
    17,
    6,
    2,
    17,
    8,
    17,
    17,
    17,
    17,
    17,
    8,
    17,
    8,
    17,
    17,
    4,
    17,
    17,
    17,
    17,
    17,
    17,
    16,
    4,
    17,
    17,
    17,
    17,
    17,
    17,
    17,
    17,
    18,
    9,
    17,
    17,
    17,
    17,
    17,
    17,
    17,
    17,
    17,
    17,
    17,
    17,
    2,
    17,
    15,
    17,
    11,
    17,
    1,
    17,
    17,
    15,
    17,
    17,
    17,
    8,
    17,
    6,
    17,
    17,
    4,
    17,
    17,
    17,
    5,
    5,
    8,
    6,
    17,
    17,
    17,
    17,
    17,
    6,
    17,
    17,
    17,
    17,
    2,
    17,
    8,
    17,
    17,
    17,
    17,
    17,
    17,
    6,
    17,
    5,
    16,
    17,
    17,
    17,
    17,
    12,
    17,
    17,
    5,
    8,
    17,
    17,
    17,
    17,
    17,
    17,
    2,
    8,
    17,
    17,
    17,
    12,
    17,
    17,
    17,
    8,
    17,
    3,
    17,
    7,
    17,
    17,
    17,
    17,
    2,
    17,
    17,
    16,
    3,
    8,
    17,
    17,
    17,
    17,
    2,
    17,
    17,
    17,
    17,
    17,
    8,
    5,
    17,
    4,
    17,
    17,
    17,
    17,
    17,
    17,
    3,
    17,
    17,
    17,
    8,
    17,
    17,
    6,
    17,
    8,
    17,
    17,
    17,
    17,
    17,
    16,
    6,
    17,
    12,
    5,
    15,
    17,
    17,
    15,
    17,
    5,
    17,
    17,
    17,
    15,
    17,
    17,
    17,
    17,
    17,
    17,
    17,
    17,
    17,
    17,
    17,
    17,
    17,
    5,
    17,
    17,
    8,
    17,
    8,
    5,
    8,
    17,
    4,
    17,
    17,
    17,
    11,
    16,
    10,
    17,
    17,
    8,
    17,
    17,
    17,
    17,
    17,
    17,
    5,
    16,
    17,
    8,
    17,
    17,
    8,
    5,
    17,
    17,
    8,
    17,
    17,
    5,
    17,
    8,
    17,
    8,
    8,
    18,
    17,
    17,
    17,
    17,
    13,
    8,
    17,
    17,
    17,
    17,
    17,
    17,
    16,
    17,
    8,
    16,
    17,
    17,
    17,
    6,
    13,
    17,
    17,
    8,
    17,
    17,
    17,
    17,
    17,
    17,
    17,
    17,
    11,
    17,
    8,
    17,
    17,
    6,
    9,
    17,
    17
  ],
  "objectives": [
    284615.60000000044,
    1046.37
  ],
  "fitness": {
    "minutos_ponderados": 284615.60000000044,
    "costo_total": 1046.37
  }
}