{
  "run_info": {
    "dataset": "users1.json",
    "config": "npoint_inversion_high_all",
    "run": 4,
    "execution_time": 262.7568109035492,
    "generations": 77,
    "pareto_size": 21,
    "pareto_points": [
      [
        -475970.7599999995,
        1275.9499999999998
      ],
      [
        -480272.3699999997,
        1292.9299999999998
      ],
      [
        -493007.6300000001,
        1467.3999999999996
      ],
      [
        -490317.52000000014,
        1375.9999999999998
      ],
      [
        -460753.1900000001,
        1188.02
      ],
      [
        -483855.63999999966,
        1316.4299999999998
      ],
      [
        -488251.87,
        1347.4699999999998
      ],
      [
        -470299.03999999975,
        1230.5
      ],
      [
        -477656.52999999974,
        1283.4699999999998
      ],
      [
        -493043.43000000005,
        1486.85
      ],
      [
        -492456.02,
        1453.4099999999999
      ],
      [
        -472922.6199999996,
        1238.46
      ],
      [
        -466944.8999999998,
        1195.52
      ],
      [
        -451958.38000000006,
        1159.06
      ],
      [
        -453555.4499999997,
        1182.5299999999997
      ],
      [
        -474506.86999999953,
        1263.9699999999998
      ],
      [
        -481077.44999999966,
        1313.8899999999999
      ],
      [
        -468557.8399999998,
        1215.02
      ],
      [
        -475212.4999999994,
        1271.9499999999998
      ],
      [
        -486612.13999999955,
        1339.42
      ],
      [
        -492353.4999999999,
        1377.5299999999997
      ]
    ]
  },
  "solutions_count": 21,
  "solutions_directory": "../results/NSGA2\\solutions\\users1\\npoint_inversion_high_all\\run4"
}