{
  "run_info": {
    "dataset": "users1.json",
    "config": "uniform_reset_high_crossover",
    "run": 1,
    "execution_time": 93.83859705924988,
    "generations": 51,
    "pareto_size": 35,
    "pareto_points": [
      [
        -457407.00999999983,
        1498.2499999999995
      ],
      [
        -460097.45000000007,
        1536.1999999999998
      ],
      [
        -458151.0099999999,
        1513.2299999999996
      ],
      [
        -452374.40999999986,
        1421.2999999999997
      ],
      [
        -457646.22999999963,
        1505.7799999999995
      ],
      [
        -446573.9099999997,
        1370.85
      ],
      [
        -449877.55999999976,
        1395.36
      ],
      [
        -457500.6999999997,
        1505.7399999999998
      ],
      [
        -451823.99999999994,
        1416.34
      ],
      [
        -449732.02999999985,
        1392.3399999999997
      ],
      [
        -455124.09,
        1454.7899999999997
      ],
      [
        -462283.11,
        1561.2099999999998
      ],
      [
        -442366.68999999977,
        1353.85
      ],
      [
        -454466.3799999999,
        1440.7999999999997
      ],
      [
        -451917.68999999994,
        1419.3299999999997
      ],
      [
        -452519.9399999997,
        1422.33
      ],
      [
        -451475.54,
        1412.34
      ],
      [
        -460336.6699999998,
        1538.2399999999998
      ],
      [
        -462428.6399999998,
        1582.2199999999998
      ],
      [
        -453177.64999999985,
        1429.3299999999997
      ],
      [
        -454560.0699999998,
        1444.2999999999997
      ],
      [
        -456652.0399999998,
        1474.7799999999997
      ],
      [
        -463086.35,
        1594.7099999999998
      ],
      [
        -450535.26999999984,
        1410.36
      ],
      [
        -460671.23,
        1543.7299999999998
      ],
      [
        -454117.9199999998,
        1434.3099999999997
      ],
      [
        -455363.30999999976,
        1457.3199999999997
      ],
      [
        -459425.84,
        1513.7299999999998
      ],
      [
        -456506.50999999995,
        1469.7599999999995
      ],
      [
        -457396.0399999998,
        1496.7799999999997
      ],
      [
        -459867.99,
        1526.2199999999998
      ],
      [
        -456953.88999999984,
        1479.7999999999995
      ],
      [
        -456064.36,
        1459.7699999999998
      ],
      [
        -457921.5499999998,
        1509.2499999999998
      ],
      [
        -457309.74999999994,
        1482.7799999999997
      ]
    ]
  },
  "solutions_count": 35,
  "solutions_directory": "../results/SPEA2\\solutions\\users1\\uniform_reset_high_crossover\\run1"
}