{
  "run_info": {
    "dataset": "users1.json",
    "config": "npoint_reset_low_crossover",
    "run": 5,
    "execution_time": 276.82290410995483,
    "generations": 83,
    "pareto_size": 17,
    "pareto_points": [
      [
        -426103.6999999997,
        1368.8799999999999
      ],
      [
        -434995.29999999946,
        1431.8299999999997
      ],
      [
        -429511.0499999999,
        1406.78
      ],
      [
        -447332.9199999997,
        1469.3199999999997
      ],
      [
        -430571.9099999999,
        1413.7799999999997
      ],
      [
        -433624.62999999983,
        1428.7999999999997
      ],
      [
        -429262.68999999994,
        1403.7899999999997
      ],
      [
        -450797.2600000003,
        1616.1799999999998
      ],
      [
        -427885.83999999997,
        1391.8599999999997
      ],
      [
        -445947.9299999998,
        1452.2800000000002
      ],
      [
        -448695.1499999998,
        1492.8199999999997
      ],
      [
        -442560.1599999998,
        1432.2799999999997
      ],
      [
        -448261.40999999986,
        1485.2999999999997
      ],
      [
        -450157.2099999999,
        1536.77
      ],
      [
        -431615.98999999976,
        1419.8199999999997
      ],
      [
        -450345.12000000017,
        1608.1799999999998
      ],
      [
        -447772.9099999999,
        1469.84
      ]
    ]
  },
  "solutions_count": 17,
  "solutions_directory": "../results/NSGA2\\solutions\\users1\\npoint_reset_low_crossover\\run5"
}