{
  "run_info": {
    "dataset": "users5.json",
    "config": "uniform_inversion_high_mutation",
    "run": 28,
    "execution_time": 3815.9829652309418,
    "generations": 125,
    "pareto_size": 11,
    "pareto_points": [
      [
        -3259963.8499999954,
        7765.930000000002
      ],
      [
        -3387374.519999994,
        8096.26
      ],
      [
        -3351695.229999997,
        7868.800000000001
      ],
      [
        -3333976.2299999963,
        7860.85
      ],
      [
        -3387450.9999999935,
        8112.350000000001
      ],
      [
        -3370280.589999996,
        7888.850000000001
      ],
      [
        -3327781.869999995,
        7856.820000000001
      ],
      [
        -3375532.3599999957,
        7983.3
      ],
      [
        -3378086.159999995,
        8088.380000000002
      ],
      [
        -3377598.9499999937,
        8050.340000000003
      ],
      [
        -3326410.6199999917,
        7812.85
      ]
    ]
  },
  "solutions_count": 11,
  "solutions_directory": "C:\\Users\\hctr0\\PycharmProjects\\TFG_Hector\\31Executions\\NSGA2\\solutions\\users5\\uniform_inversion_high_mutation\\run28"
}