{
  "solution": [
    17,
    17,
    2,
    16,
    8,
    17,
    1,
    17,
    17,
    17,
    2,
    17,
    8,
    17,
    17,
    17,
    17,
    8,
    8,
    16,
    17,
    17,
    8,
    17,
    17,
    17,
    17,
    6,
    17,
    2,
    17,
    5,
    17,
    2,
    17,
    16,
    17,
    17,
    8,
    8,
    1,
    2,
    5,
    8,
    2,
    17,
    2,
    2,
    15,
    17,
    9,
    17,
    2,
    17,
    17,
    4,
    17,
    17,
    7,
    17,
    17,
    17,
    4,
    17,
    17,
    17,
    8,
    8,
    17,
    8,
    17,
    5,
    17,
    8,
    4,
    8,
    17,
    17,
    2,
    17,
    4,
    17,
    17,
    14,
    17,
    6,
    8,
    17,
    17,
    2,
    17,
    17,
    17,
    2,
    4,
    17,
    6,
    8,
    6,
    17,
    17,
    2,
    17,
    2,
    6,
    2,
    8,
    8,
    17,
    5,
    4,
    6,
    17,
    8,
    8,
    17,
    17,
    14,
    17,
    4,
    8,
    4,
    17,
    17,
    13,
    17,
    8,
    17,
    16,
    17,
    17,
    17,
    17,
    17,
    17,
    17,
    6,
    17,
    1,
    16,
    17,
    4,
    5,
    7,
    4,
    6,
    17,
    17,
    17,
    17,
    17,
    3,
    15,
    15,
    17,
    16,
    17,
    17,
    17,
    17,
    17,
    17,
    2,
    17,
    17,
    17,
    2,
    5,
    17,
    17,
    17,
    17,
    17,
    16,
    17,
    2,
    16,
    17,
    17,
    16,
    17,
    17,
    5,
    5,
    2,
    16,
    4,
    17,
    17,
    17,
    17,
    17,
    16,
    17,
    17,
    12,
    17,
    7,
    16,
    8,
    7,
    17,
    17,
    18,
    17,
    17,
    8,
    16,
    17,
    16,
    8,
    17,
    17,
    8,
    17,
    17,
    17,
    17,
    17,
    16,
    17,
    8,
    8,
    17,
    16,
    5,
    6,
    8,
    17,
    5,
    17,
    17,
    8,
    17,
    17,
    17,
    4,
    17,
    16,
    6,
    17,
    2,
    17,
    17,
    17,
    4,
    17,
    17,
    16,
    17,
    13,
    17,
    16,
    9,
    9,
    17,
    17,
    8,
    17,
    16,
    5,
    17,
    17,
    17,
    17,
    17,
    6,
    17,
    17,
    4,
    17,
    17,
    16,
    5,
    5,
    8,
    8,
    5,
    17,
    8,
    17,
    11,
    17,
    16,
    5,
    2,
    8,
    17,
    17,
    17,
    17,
    8,
    17,
    8,
    17,
    17,
    2,
    17,
    17,
    16
  ],
  "objectives": [
    447415.21999999945,
    995.17
  ],
  "fitness": {
    "minutos_ponderados": 447415.21999999945,
    "costo_total": 995.17
  }
}