{
  "solution": [
    17,
    17,
    8,
    16,
    8,
    17,
    17,
    17,
    17,
    17,
    2,
    17,
    6,
    17,
    17,
    17,
    17,
    8,
    8,
    16,
    17,
    17,
    17,
    17,
    2,
    9,
    17,
    6,
    17,
    2,
    17,
    5,
    17,
    2,
    17,
    17,
    17,
    17,
    8,
    8,
    17,
    8,
    17,
    8,
    2,
    17,
    2,
    2,
    17,
    17,
    10,
    17,
    2,
    17,
    17,
    17,
    17,
    17,
    5,
    17,
    17,
    17,
    4,
    17,
    17,
    17,
    11,
    8,
    17,
    8,
    17,
    12,
    17,
    17,
    4,
    8,
    17,
    17,
    2,
    6,
    4,
    17,
    17,
    8,
    17,
    6,
    8,
    17,
    17,
    2,
    17,
    17,
    3,
    8,
    4,
    17,
    6,
    8,
    6,
    17,
    17,
    2,
    17,
    2,
    6,
    2,
    8,
    8,
    17,
    5,
    4,
    6,
    17,
    8,
    8,
    17,
    17,
    5,
    17,
    4,
    8,
    4,
    17,
    17,
    17,
    17,
    8,
    17,
    5,
    17,
    17,
    17,
    17,
    12,
    17,
    17,
    6,
    17,
    8,
    16,
    17,
    4,
    2,
    17,
    4,
    5,
    9,
    17,
    17,
    17,
    17,
    17,
    15,
    17,
    17,
    16,
    17,
    17,
    17,
    17,
    17,
    17,
    8,
    17,
    17,
    17,
    4,
    5,
    17,
    17,
    17,
    17,
    17,
    5,
    17,
    2,
    16,
    17,
    17,
    16,
    17,
    17,
    5,
    16,
    17,
    16,
    17,
    17,
    17,
    17,
    12,
    17,
    16,
    17,
    17,
    17,
    17,
    8,
    16,
    8,
    17,
    17,
    17,
    6,
    17,
    17,
    8,
    17,
    17,
    17,
    8,
    17,
    17,
    3,
    17,
    17,
    17,
    17,
    17,
    16,
    17,
    8,
    8,
    17,
    16,
    5,
    17,
    9,
    17,
    5,
    11,
    17,
    8,
    17,
    17,
    17,
    4,
    17,
    16,
    17,
    17,
    2,
    17,
    8,
    17,
    4,
    17,
    17,
    16,
    17,
    17,
    17,
    16,
    10,
    9,
    17,
    17,
    7,
    17,
    4,
    5,
    17,
    17,
    17,
    17,
    17,
    6,
    17,
    17,
    4,
    17,
    17,
    16,
    5,
    5,
    8,
    8,
    5,
    17,
    8,
    17,
    8,
    17,
    17,
    5,
    16,
    8,
    17,
    17,
    16,
    17,
    8,
    17,
    8,
    17,
    17,
    2,
    2,
    17,
    16
  ],
  "objectives": [
    451107.3399999997,
    995.6200000000001
  ],
  "fitness": {
    "minutos_ponderados": 451107.3399999997,
    "costo_total": 995.6200000000001
  }
}