{
  "run_info": {
    "dataset": "users1.json",
    "config": "uniform_reset_high_crossover",
    "run": 4,
    "execution_time": 170.83128309249878,
    "generations": 50,
    "pareto_size": 34,
    "pareto_points": [
      [
        -465732.28,
        1370.8399999999997
      ],
      [
        -469897.37999999995,
        1408.79
      ],
      [
        -470966.44999999995,
        1425.7999999999997
      ],
      [
        -477701.0300000002,
        1540.2499999999998
      ],
      [
        -469336.34999999986,
        1407.82
      ],
      [
        -464537.7500000001,
        1362.8399999999997
      ],
      [
        -468154.03999999986,
        1384.8599999999997
      ],
      [
        -464906.47999999986,
        1367.8399999999997
      ],
      [
        -468174.9799999999,
        1396.8199999999997
      ],
      [
        -474799.33,
        1482.2600000000002
      ],
      [
        -474115.61999999994,
        1475.2699999999998
      ],
      [
        -463745.10999999987,
        1357.8499999999997
      ],
      [
        -472842.59,
        1448.7799999999995
      ],
      [
        -475276.99,
        1486.27
      ],
      [
        -474995.05000000005,
        1482.2799999999997
      ],
      [
        -462958.2300000002,
        1341.8299999999997
      ],
      [
        -476508.6000000002,
        1495.7799999999997
      ],
      [
        -474321.8300000001,
        1478.76
      ],
      [
        -474126.11000000004,
        1476.74
      ],
      [
        -470825.5499999999,
        1413.8299999999997
      ],
      [
        -463775.03000000014,
        1358.83
      ],
      [
        -473298.81999999995,
        1450.29
      ],
      [
        -473837.0900000002,
        1457.3099999999997
      ],
      [
        -466220.43000000005,
        1378.33
      ],
      [
        -472169.37000000005,
        1439.2799999999997
      ],
      [
        -469224.16,
        1400.7800000000002
      ],
      [
        -462470.0800000003,
        1328.35
      ],
      [
        -475514.10000000003,
        1490.74
      ],
      [
        -468792.72,
        1398.32
      ],
      [
        -477223.3700000002,
        1500.2599999999998
      ],
      [
        -472137.44999999995,
        1432.2999999999997
      ],
      [
        -472568.88999999996,
        1440.2699999999998
      ],
      [
        -463673.0000000002,
        1355.8099999999997
      ],
      [
        -463515.47999999986,
        1350.3600000000001
      ]
    ]
  },
  "solutions_count": 34,
  "solutions_directory": "../results/NSGA2\\solutions\\users1\\uniform_reset_high_crossover\\run4"
}