{
  "run_info": {
    "dataset": "users4.json",
    "config": "uniform_inversion_high_mutation",
    "run": 29,
    "execution_time": 1929.6042218208313,
    "generations": 94,
    "pareto_size": 23,
    "pareto_points": [
      [
        -1864526.9,
        5146.830000000001
      ],
      [
        -1922463.5200000019,
        5257.250000000001
      ],
      [
        -1969252.3500000078,
        5525.68
      ],
      [
        -1937430.260000002,
        5268.26
      ],
      [
        -1964418.9800000056,
        5432.71
      ],
      [
        -1968757.530000004,
        5479.160000000002
      ],
      [
        -1956872.7600000028,
        5337.690000000001
      ],
      [
        -1947388.960000004,
        5331.280000000001
      ],
      [
        -1948365.4800000023,
        5336.21
      ],
      [
        -1943078.2400000019,
        5324.22
      ],
      [
        -1873786.6300000001,
        5175.82
      ],
      [
        -1865687.9399999988,
        5167.260000000001
      ],
      [
        -1883698.0800000003,
        5186.760000000001
      ],
      [
        -1942877.5700000015,
        5281.770000000001
      ],
      [
        -1917719.2600000007,
        5235.73
      ],
      [
        -1966476.7500000035,
        5440.619999999999
      ],
      [
        -1937811.130000003,
        5268.800000000002
      ],
      [
        -1961430.7400000049,
        5403.75
      ],
      [
        -1888432.9700000028,
        5197.21
      ],
      [
        -1967368.770000006,
        5442.21
      ],
      [
        -1914260.4000000018,
        5199.780000000001
      ],
      [
        -1981709.890000007,
        5528.700000000002
      ],
      [
        -1934939.0400000021,
        5266.760000000001
      ]
    ]
  },
  "solutions_count": 23,
  "solutions_directory": "C:\\Users\\hctr0\\PycharmProjects\\TFG_Hector\\31Executions\\NSGA2\\solutions\\users4\\uniform_inversion_high_mutation\\run29"
}