{
  "run_info": {
    "dataset": "users4.json",
    "config": "npoint_inversion_low_mutation",
    "run": 3,
    "execution_time": 928.2405812740326,
    "generations": 41,
    "pareto_size": 23,
    "pareto_points": [
      [
        -1754455.3200000026,
        6033.17
      ],
      [
        -1770126.0000000012,
        6060.67
      ],
      [
        -1726107.8699999952,
        5807.6900000000005
      ],
      [
        -1703163.9999999981,
        5785.65
      ],
      [
        -1802209.939999999,
        6289.36
      ],
      [
        -1741882.0899999975,
        5870.0599999999995
      ],
      [
        -1768896.6600000008,
        6058.13
      ],
      [
        -1806092.1699999995,
        6297.36
      ],
      [
        -1776389.3700000013,
        6071.160000000001
      ],
      [
        -1730830.7699999954,
        5826.650000000001
      ],
      [
        -1788048.7500000019,
        6158.16
      ],
      [
        -1768299.460000001,
        6034.17
      ],
      [
        -1801843.3599999987,
        6270.4
      ],
      [
        -1770679.6500000004,
        6068.139999999999
      ],
      [
        -1775173.8200000012,
        6069.169999999999
      ],
      [
        -1781594.7800000017,
        6130.08
      ],
      [
        -1803951.1299999987,
        6293.37
      ],
      [
        -1670903.569999996,
        5748.209999999999
      ],
      [
        -1787061.6100000015,
        6138.07
      ],
      [
        -1812149.2099999995,
        6300.39
      ],
      [
        -1702424.0299999977,
        5752.7
      ],
      [
        -1753350.2699999977,
        5872.03
      ],
      [
        -1732025.7399999949,
        5850.64
      ]
    ]
  },
  "solutions_count": 23,
  "solutions_directory": "../results/NSGA2\\solutions\\users4\\npoint_inversion_low_mutation\\run3"
}