{
  "solution": [
    17,
    6,
    17,
    17,
    8,
    17,
    17,
    2,
    15,
    8,
    17,
    17,
    17,
    14,
    17,
    17,
    2,
    17,
    14,
    2,
    17,
    17,
    8,
    17,
    17,
    17,
    8,
    17,
    17,
    17,
    8,
    17,
    2,
    17,
    17,
    17,
    8,
    17,
    17,
    6,
    17,
    17,
    2,
    1,
    5,
    17,
    17,
    8,
    6,
    17,
    5,
    15,
    5,
    17,
    17,
    2,
    17,
    17,
    17,
    18,
    17,
    5,
    18,
    17,
    1,
    17,
    15,
    17,
    8,
    17,
    8,
    15,
    2,
    11,
    17,
    17,
    7,
    17,
    17,
    17,
    17,
    17,
    17,
    16,
    17,
    17,
    17,
    7,
    17,
    17,
    17,
    17,
    17,
    5,
    8,
    17,
    17,
    17,
    16,
    18,
    5,
    16,
    8,
    16,
    17,
    1,
    17,
    5,
    17,
    17,
    17,
    17,
    8,
    17,
    17,
    17,
    17,
    17,
    17,
    8,
    17,
    17,
    17,
    6,
    8,
    15,
    17,
    8,
    8,
    17,
    15,
    17,
    4,
    8,
    17,
    17,
    10,
    16,
    17,
    4,
    17,
    16,
    17,
    17,
    17,
    17,
    17,
    17,
    5,
    17,
    17,
    11,
    2,
    2,
    17,
    17,
    17,
    8,
    17,
    17,
    17,
    5,
    17,
    12,
    2,
    17,
    8,
    17,
    17,
    17,
    17,
    17,
    17,
    17,
    1,
    2,
    17,
    17,
    9,
    17,
    2,
    18,
    17,
    17,
    17,
    17,
    5,
    17,
    1,
    2,
    17,
    17,
    8,
    17,
    4,
    17,
    18,
    2,
    2,
    17,
    8,
    8,
    17,
    17,
    17,
    8,
    17,
    7,
    2,
    17,
    8,
    8,
    17,
    4,
    17,
    16,
    17,
    2,
    17,
    5,
    17,
    8,
    17,
    17,
    17,
    5,
    17,
    17,
    17,
    2,
    17,
    17,
    8,
    8,
    17,
    8,
    5,
    17,
    17,
    5,
    8,
    4,
    17,
    4,
    2,
    4,
    2,
    17,
    4,
    7,
    17,
    17,
    6,
    8,
    3,
    17,
    11,
    17,
    13,
    17,
    5,
    17,
    1,
    8,
    17,
    17,
    2,
    17,
    8,
    13,
    8,
    17,
    17,
    16,
    2,
    17,
    5,
    17,
    17,
    17,
    17,
    8,
    17,
    5,
    17,
    17,
    17,
    4,
    8,
    17,
    15,
    17,
    17,
    11,
    8,
    17,
    10,
    1,
    10,
    17
  ],
  "objectives": [
    323778.6699999997,
    1020.5900000000001
  ],
  "fitness": {
    "minutos_ponderados": 323778.6699999997,
    "costo_total": 1020.5900000000001
  }
}