{
  "solution": [
    6,
    17,
    8,
    7,
    17,
    17,
    1,
    17,
    15,
    17,
    17,
    8,
    17,
    4,
    17,
    8,
    17,
    17,
    5,
    17,
    17,
    8,
    17,
    8,
    5,
    5,
    17,
    17,
    10,
    17,
    17,
    15,
    17,
    17,
    16,
    17,
    17,
    17,
    12,
    17,
    16,
    5,
    8,
    16,
    17,
    17,
    2,
    17,
    8,
    17,
    17,
    1,
    17,
    8,
    11,
    18,
    17,
    17,
    17,
    15,
    17,
    17,
    17,
    17,
    8,
    11,
    17,
    5,
    17,
    16,
    2,
    17,
    7,
    8,
    17,
    8,
    5,
    17,
    5,
    17,
    17,
    17,
    17,
    1,
    13,
    2,
    16,
    17,
    2,
    8,
    2,
    17,
    8,
    17,
    4,
    16,
    8,
    8,
    12,
    8,
    8,
    8,
    1,
    16,
    15,
    8,
    17,
    7,
    15,
    17,
    17,
    16,
    18,
    17,
    17,
    17,
    5,
    17,
    17,
    8,
    17,
    17,
    2,
    16,
    16,
    9,
    5,
    9,
    17,
    16,
    17,
    17,
    4,
    17,
    17,
    17,
    17,
    5,
    8,
    2,
    17,
    5,
    17,
    4,
    17,
    17,
    17,
    17,
    17,
    17,
    17,
    17,
    5,
    17,
    8,
    16,
    17,
    14,
    17,
    17,
    17,
    8,
    9,
    17,
    17,
    1,
    17,
    17,
    9,
    17,
    6,
    16,
    17,
    17,
    2,
    5,
    17,
    17,
    17,
    17,
    17,
    11,
    8,
    17,
    17,
    6,
    2,
    17,
    17,
    5,
    11,
    17,
    17,
    17,
    17,
    17,
    8,
    17,
    8,
    11,
    8,
    8,
    17,
    17,
    17,
    17,
    17,
    5,
    17,
    17,
    5,
    17,
    17,
    8,
    17,
    16,
    17,
    17,
    17,
    17,
    4,
    10,
    17,
    17,
    17,
    17,
    17,
    17,
    4,
    17,
    17,
    1,
    17,
    17,
    17,
    16,
    17,
    8,
    16,
    16,
    3,
    12,
    17,
    17,
    17,
    4,
    17,
    17,
    4,
    17,
    17,
    17,
    17,
    16,
    16,
    8,
    17,
    6,
    15,
    17,
    8,
    17,
    15,
    2,
    8,
    17,
    17,
    5,
    8,
    8,
    17,
    5,
    8,
    8,
    17,
    17,
    17,
    17,
    4,
    17,
    17,
    17,
    17,
    17,
    17,
    8,
    5,
    17,
    15,
    8,
    17,
    17,
    17,
    9,
    10,
    8,
    17,
    16,
    4,
    17
  ],
  "objectives": [
    325788.8600000003,
    1100.0600000000002
  ],
  "fitness": {
    "minutos_ponderados": 325788.8600000003,
    "costo_total": 1100.0600000000002
  }
}