{
  "run_info": {
    "dataset": "users1.json",
    "config": "npoint_inversion_low_mutation",
    "run": 5,
    "execution_time": 337.80935525894165,
    "generations": 93,
    "pareto_size": 12,
    "pareto_points": [
      [
        -449233.65000000014,
        1429.4600000000003
      ],
      [
        -433498.53000000014,
        1267.5700000000002
      ],
      [
        -445220.46000000025,
        1372.9700000000003
      ],
      [
        -438760.01000000007,
        1329.5200000000002
      ],
      [
        -444734.4300000002,
        1360.9800000000002
      ],
      [
        -448152.8200000002,
        1398.9700000000003
      ],
      [
        -437997.7500000001,
        1328.0500000000002
      ],
      [
        -434579.3600000001,
        1303.5300000000002
      ],
      [
        -435065.39000000025,
        1312.03
      ],
      [
        -446585.96000000014,
        1388.4600000000003
      ],
      [
        -446301.29000000015,
        1387.4800000000002
      ],
      [
        -443653.60000000027,
        1338.4900000000002
      ]
    ]
  },
  "solutions_count": 12,
  "solutions_directory": "../results/SPEA2\\solutions\\users1\\npoint_inversion_low_mutation\\run5"
}