{
  "run_info": {
    "dataset": "users4.json",
    "config": "npoint_inversion_high_all",
    "run": 5,
    "execution_time": 5416.934013128281,
    "generations": 221,
    "pareto_size": 39,
    "pareto_points": [
      [
        -1887457.2900000003,
        5536.280000000001
      ],
      [
        -1839523.2499999988,
        5302.280000000001
      ],
      [
        -1892027.0300000017,
        5542.21
      ],
      [
        -1928837.7700000063,
        5928.55
      ],
      [
        -1900551.1300000027,
        5586.67
      ],
      [
        -1845801.2399999993,
        5333.29
      ],
      [
        -1867587.810000001,
        5443.800000000001
      ],
      [
        -1908603.0600000022,
        5766.82
      ],
      [
        -1854435.99,
        5354.77
      ],
      [
        -1928159.2900000047,
        5875.1
      ],
      [
        -1861525.2400000007,
        5383.330000000001
      ],
      [
        -1900116.0000000033,
        5583.64
      ],
      [
        -1870196.59,
        5444.340000000002
      ],
      [
        -1845379.8999999992,
        5312.77
      ],
      [
        -1926594.7200000046,
        5849.120000000001
      ],
      [
        -1914720.460000001,
        5801.75
      ],
      [
        -1907542.4300000048,
        5679.01
      ],
      [
        -1887431.3500000031,
        5486.27
      ],
      [
        -1926303.1700000048,
        5829.16
      ],
      [
        -1871960.7200000014,
        5468.24
      ],
      [
        -1846621.139999999,
        5336.27
      ],
      [
        -1924303.9700000074,
        5812.610000000001
      ],
      [
        -1916412.7100000072,
        5812.5999999999985
      ],
      [
        -1932751.2600000056,
        6003.01
      ],
      [
        -1930106.9800000046,
        5985.0
      ],
      [
        -1840009.3099999994,
        5304.300000000001
      ],
      [
        -1928341.4800000053,
        5920.5599999999995
      ],
      [
        -1811154.8599999954,
        5295.8
      ],
      [
        -1905200.4500000044,
        5591.67
      ],
      [
        -1847007.4499999983,
        5354.740000000001
      ],
      [
        -1909901.540000002,
        5772.83
      ],
      [
        -1914214.970000002,
        5786.750000000001
      ],
      [
        -1932616.2800000054,
        5993.490000000002
      ],
      [
        -1905941.7200000042,
        5593.17
      ],
      [
        -1871444.4099999995,
        5451.34
      ],
      [
        -1896822.3000000021,
        5544.720000000001
      ],
      [
        -1899473.960000002,
        5564.73
      ],
      [
        -1854783.4799999997,
        5371.77
      ],
      [
        -1908551.240000001,
        5722.360000000001
      ]
    ]
  },
  "solutions_count": 39,
  "solutions_directory": "../results/NSGA2\\solutions\\users4\\npoint_inversion_high_all\\run5"
}