{
  "solution": [
    4,
    4,
    17,
    17,
    17,
    17,
    8,
    2,
    8,
    2,
    17,
    16,
    2,
    8,
    17,
    17,
    8,
    8,
    17,
    8,
    17,
    11,
    5,
    16,
    11,
    17,
    17,
    3,
    16,
    17,
    17,
    7,
    2,
    17,
    17,
    17,
    17,
    17,
    17,
    3,
    17,
    17,
    17,
    17,
    17,
    17,
    4,
    17,
    2,
    8,
    17,
    8,
    7,
    17,
    2,
    5,
    17,
    17,
    17,
    17,
    17,
    17,
    5,
    17,
    8,
    17,
    16,
    2,
    17,
    17,
    17,
    14,
    17,
    17,
    2,
    17,
    1,
    17,
    17,
    8,
    8,
    17,
    17,
    17,
    16,
    16,
    11,
    17,
    8,
    16,
    7,
    17,
    17,
    8,
    2,
    17,
    11,
    17,
    17,
    4,
    17,
    17,
    17,
    17,
    6,
    8,
    17,
    5,
    17,
    5,
    5,
    17,
    6,
    2,
    17,
    8,
    8,
    17,
    17,
    17,
    17,
    11,
    16,
    17,
    17,
    17,
    8,
    6,
    17,
    8,
    8,
    17,
    17,
    5,
    17,
    17,
    17,
    7,
    17,
    6,
    17,
    17,
    17,
    17,
    12,
    5,
    17,
    17,
    11,
    17,
    17,
    17,
    17,
    16,
    17,
    8,
    17,
    8,
    8,
    16,
    17,
    8,
    17,
    17,
    8,
    17,
    17,
    8,
    2,
    17,
    17,
    17,
    5,
    17,
    8,
    17,
    15,
    6,
    17,
    17,
    17,
    17,
    17,
    16,
    17,
    17,
    17,
    17,
    8,
    8,
    17,
    17,
    17,
    8,
    4,
    17,
    16,
    17,
    17,
    17,
    17,
    17,
    17,
    17,
    2,
    8,
    17,
    17,
    17,
    9,
    17,
    17,
    17,
    14,
    17,
    17,
    4,
    17,
    8,
    5,
    17,
    16,
    8,
    17,
    16,
    8,
    17,
    9,
    17,
    15,
    8,
    17,
    2,
    2,
    17,
    17,
    17,
    17,
    17,
    17,
    8,
    2,
    17,
    17,
    17,
    17,
    5,
    10,
    17,
    8,
    17,
    17,
    17,
    17,
    17,
    17,
    17,
    17,
    17,
    17,
    4,
    17,
    17,
    17,
    17,
    17,
    15,
    17,
    8,
    17,
    8,
    17,
    17,
    17,
    4,
    5,
    17,
    8,
    17,
    17,
    17,
    16,
    17,
    17,
    17,
    5,
    17,
    17,
    17,
    17,
    17,
    7,
    5,
    17,
    8,
    17,
    17,
    2,
    5,
    17
  ],
  "objectives": [
    451748.3000000002,
    997.53
  ],
  "fitness": {
    "minutos_ponderados": 451748.3000000002,
    "costo_total": 997.53
  }
}