{
  "solution": [
    4,
    17,
    17,
    17,
    9,
    17,
    8,
    2,
    8,
    2,
    17,
    16,
    2,
    15,
    17,
    17,
    8,
    8,
    17,
    8,
    17,
    7,
    5,
    16,
    17,
    17,
    17,
    8,
    16,
    6,
    17,
    16,
    2,
    17,
    17,
    14,
    17,
    17,
    17,
    17,
    17,
    17,
    17,
    17,
    17,
    17,
    4,
    17,
    2,
    8,
    17,
    8,
    17,
    17,
    2,
    5,
    17,
    17,
    6,
    4,
    17,
    17,
    5,
    17,
    8,
    17,
    16,
    17,
    17,
    17,
    17,
    6,
    17,
    15,
    2,
    17,
    16,
    17,
    17,
    8,
    1,
    17,
    17,
    17,
    16,
    16,
    16,
    17,
    8,
    16,
    17,
    17,
    17,
    8,
    2,
    17,
    13,
    17,
    17,
    4,
    17,
    17,
    17,
    17,
    9,
    8,
    2,
    5,
    17,
    15,
    8,
    17,
    17,
    18,
    17,
    8,
    8,
    11,
    17,
    17,
    17,
    17,
    16,
    17,
    16,
    17,
    8,
    2,
    17,
    8,
    8,
    17,
    17,
    5,
    17,
    17,
    17,
    2,
    17,
    6,
    17,
    17,
    17,
    17,
    17,
    14,
    17,
    17,
    4,
    8,
    17,
    17,
    17,
    16,
    17,
    8,
    17,
    8,
    17,
    16,
    17,
    2,
    17,
    17,
    17,
    17,
    17,
    8,
    2,
    17,
    17,
    14,
    5,
    17,
    8,
    17,
    15,
    6,
    17,
    17,
    17,
    17,
    17,
    16,
    17,
    17,
    17,
    17,
    11,
    8,
    17,
    17,
    17,
    8,
    8,
    17,
    17,
    17,
    17,
    17,
    17,
    17,
    17,
    17,
    17,
    8,
    5,
    17,
    17,
    9,
    17,
    17,
    17,
    17,
    17,
    17,
    4,
    17,
    8,
    5,
    17,
    16,
    8,
    17,
    16,
    8,
    17,
    8,
    17,
    17,
    8,
    17,
    2,
    2,
    17,
    17,
    17,
    17,
    17,
    17,
    6,
    2,
    8,
    17,
    17,
    17,
    5,
    17,
    17,
    8,
    17,
    17,
    6,
    17,
    8,
    17,
    17,
    17,
    17,
    17,
    4,
    17,
    17,
    17,
    17,
    17,
    4,
    17,
    8,
    17,
    8,
    17,
    18,
    17,
    4,
    5,
    17,
    8,
    17,
    10,
    17,
    8,
    17,
    17,
    17,
    5,
    17,
    17,
    17,
    17,
    17,
    17,
    5,
    17,
    8,
    17,
    17,
    2,
    5,
    17
  ],
  "objectives": [
    441643.7900000002,
    983.0199999999998
  ],
  "fitness": {
    "minutos_ponderados": 441643.7900000002,
    "costo_total": 983.0199999999998
  }
}