{
  "solution": [
    17,
    6,
    17,
    17,
    7,
    4,
    17,
    17,
    10,
    8,
    8,
    8,
    17,
    8,
    2,
    17,
    17,
    17,
    17,
    17,
    17,
    4,
    17,
    4,
    16,
    4,
    9,
    17,
    16,
    17,
    17,
    17,
    17,
    17,
    17,
    4,
    2,
    2,
    8,
    5,
    16,
    1,
    17,
    17,
    2,
    17,
    10,
    17,
    17,
    17,
    17,
    17,
    17,
    5,
    17,
    15,
    2,
    4,
    17,
    17,
    17,
    17,
    17,
    17,
    8,
    16,
    6,
    17,
    17,
    17,
    4,
    5,
    10,
    17,
    6,
    1,
    12,
    17,
    8,
    4,
    17,
    2,
    17,
    17,
    6,
    17,
    17,
    17,
    16,
    4,
    17,
    17,
    17,
    1,
    17,
    17,
    11,
    17,
    17,
    2,
    14,
    12,
    17,
    5,
    17,
    17,
    17,
    13,
    17,
    7,
    17,
    17,
    17,
    11,
    17,
    8,
    17,
    17,
    16,
    15,
    17,
    8,
    6,
    17,
    4,
    17,
    17,
    2,
    8,
    17,
    8,
    2,
    17,
    17,
    17,
    17,
    6,
    5,
    17,
    17,
    5,
    17,
    8,
    17,
    6,
    1,
    17,
    17,
    17,
    17,
    17,
    17,
    16,
    16,
    8,
    5,
    17,
    17,
    17,
    17,
    17,
    17,
    5,
    17,
    8,
    14,
    17,
    16,
    2,
    17,
    17,
    17,
    17,
    17,
    8,
    17,
    17,
    17,
    15,
    2,
    16,
    17,
    17,
    17,
    17,
    17,
    8,
    10,
    17,
    17,
    16,
    16,
    17,
    17,
    17,
    17,
    15,
    17,
    15,
    16,
    2,
    16,
    17,
    17,
    15,
    17,
    5,
    17,
    5,
    17,
    17,
    17,
    17,
    17,
    17,
    17,
    17,
    4,
    17,
    9,
    17,
    8,
    8,
    8,
    17,
    15,
    17,
    17,
    17,
    17,
    17,
    17,
    17,
    17,
    17,
    17,
    17,
    17,
    11,
    15,
    17,
    17,
    17,
    5,
    17,
    17,
    16,
    17,
    5,
    17,
    8,
    17,
    3,
    11,
    17,
    6,
    6,
    5,
    17,
    17,
    5,
    2,
    5,
    17,
    18,
    17,
    17,
    8,
    17,
    15,
    17,
    17,
    17,
    5,
    4,
    17,
    17,
    17,
    17,
    16,
    5,
    2,
    17,
    17,
    8,
    9,
    17,
    5,
    17,
    17,
    17,
    5,
    8,
    2,
    2,
    17,
    2,
    4,
    17,
    17
  ],
  "objectives": [
    463597.38999999966,
    1103.9699999999998
  ],
  "fitness": {
    "minutos_ponderados": 463597.38999999966,
    "costo_total": 1103.9699999999998
  }
}