{
  "solution": [
    12,
    6,
    17,
    16,
    17,
    4,
    17,
    17,
    8,
    8,
    8,
    8,
    17,
    8,
    2,
    17,
    17,
    17,
    17,
    17,
    5,
    4,
    17,
    4,
    16,
    4,
    15,
    17,
    16,
    17,
    17,
    17,
    17,
    17,
    17,
    4,
    2,
    12,
    8,
    5,
    16,
    17,
    17,
    17,
    2,
    2,
    17,
    17,
    17,
    17,
    12,
    17,
    6,
    5,
    17,
    17,
    2,
    17,
    17,
    17,
    17,
    17,
    17,
    9,
    8,
    16,
    6,
    8,
    17,
    17,
    4,
    5,
    17,
    17,
    17,
    14,
    17,
    17,
    8,
    4,
    17,
    2,
    2,
    17,
    4,
    17,
    17,
    17,
    16,
    4,
    17,
    17,
    17,
    17,
    17,
    17,
    5,
    17,
    11,
    2,
    17,
    17,
    17,
    5,
    17,
    17,
    17,
    2,
    17,
    17,
    17,
    17,
    17,
    8,
    17,
    8,
    17,
    17,
    16,
    15,
    17,
    8,
    6,
    17,
    4,
    17,
    17,
    2,
    8,
    5,
    8,
    2,
    17,
    17,
    17,
    17,
    6,
    5,
    8,
    17,
    5,
    17,
    8,
    17,
    17,
    17,
    17,
    17,
    17,
    17,
    17,
    17,
    16,
    16,
    8,
    17,
    17,
    17,
    17,
    17,
    17,
    15,
    5,
    17,
    8,
    6,
    17,
    16,
    4,
    16,
    17,
    15,
    17,
    17,
    8,
    17,
    17,
    17,
    8,
    11,
    16,
    5,
    17,
    17,
    17,
    17,
    8,
    17,
    17,
    17,
    16,
    16,
    17,
    17,
    17,
    17,
    2,
    17,
    16,
    4,
    2,
    16,
    17,
    17,
    17,
    17,
    5,
    17,
    5,
    17,
    17,
    17,
    17,
    6,
    10,
    17,
    8,
    4,
    17,
    17,
    17,
    8,
    8,
    8,
    10,
    8,
    17,
    17,
    17,
    17,
    1,
    17,
    15,
    17,
    17,
    17,
    17,
    17,
    17,
    17,
    17,
    17,
    17,
    5,
    17,
    17,
    4,
    17,
    5,
    17,
    8,
    17,
    17,
    17,
    17,
    6,
    6,
    5,
    17,
    17,
    5,
    4,
    17,
    17,
    8,
    17,
    17,
    18,
    17,
    8,
    17,
    17,
    17,
    5,
    4,
    17,
    17,
    17,
    17,
    16,
    5,
    2,
    17,
    17,
    8,
    8,
    17,
    5,
    17,
    17,
    17,
    5,
    8,
    5,
    2,
    17,
    2,
    4,
    17,
    17
  ],
  "objectives": [
    450087.9599999996,
    1006.57
  ],
  "fitness": {
    "minutos_ponderados": 450087.9599999996,
    "costo_total": 1006.57
  }
}