{
  "solution": [
    10,
    1,
    16,
    17,
    16,
    1,
    17,
    16,
    9,
    6,
    5,
    10,
    17,
    1,
    5,
    17,
    9,
    5,
    4,
    16,
    5,
    17,
    17,
    13,
    5,
    2,
    6,
    16,
    15,
    17,
    5,
    8,
    2,
    16,
    13,
    17,
    14,
    2,
    3,
    3,
    17,
    16,
    1,
    16,
    8,
    2,
    11,
    15,
    11,
    2,
    8,
    17,
    6,
    5,
    3,
    17,
    17,
    2,
    9,
    6,
    1,
    6,
    17,
    6,
    2,
    2,
    9,
    17,
    17,
    9,
    2,
    2,
    2,
    9,
    2,
    2,
    4,
    5,
    5,
    15,
    8,
    3,
    9,
    4,
    2,
    12,
    2,
    6,
    1,
    10,
    8,
    4,
    14,
    12,
    17,
    6,
    2,
    18,
    2,
    2,
    15,
    16,
    5,
    15,
    6,
    15,
    2,
    17,
    12,
    5,
    17,
    10,
    6,
    2,
    15,
    17,
    2,
    17,
    17,
    9,
    2,
    3,
    4,
    14,
    10,
    5,
    14,
    6,
    17,
    2,
    10,
    5,
    4,
    5,
    9,
    6,
    8,
    10,
    17,
    10,
    6,
    16,
    17,
    3,
    2,
    8,
    17,
    16,
    5,
    17,
    8,
    8,
    8,
    6,
    6,
    5,
    17,
    13,
    15,
    8,
    4,
    8,
    7,
    18,
    16,
    10,
    18,
    1,
    17,
    5,
    9,
    8,
    15,
    5,
    17,
    17,
    5,
    5,
    17,
    10,
    16,
    2,
    6,
    10,
    2,
    8,
    8,
    2,
    16,
    8,
    8,
    15,
    8,
    8,
    4,
    8,
    6,
    2,
    8,
    15,
    11,
    6,
    16,
    10,
    17,
    15,
    16,
    4,
    8,
    17,
    16,
    10,
    8,
    7,
    16,
    18,
    8,
    8,
    5,
    6,
    6,
    8,
    8,
    17,
    5,
    17,
    5,
    5,
    4,
    6,
    16,
    8,
    10,
    2,
    18,
    3,
    15,
    8,
    3,
    17,
    8,
    10,
    15,
    17,
    18,
    10,
    14,
    8,
    17,
    16,
    18,
    4,
    1,
    17,
    14,
    4,
    17,
    17,
    17,
    2,
    4,
    3,
    1,
    6,
    17,
    17,
    8,
    1,
    11,
    11,
    14,
    15,
    5,
    14,
    17,
    2,
    4,
    3,
    7,
    4,
    5,
    15,
    8,
    4,
    17,
    4,
    13,
    6,
    2,
    8,
    17,
    8,
    6,
    8,
    10,
    5,
    3,
    4,
    15,
    9
  ],
  "objectives": [
    399232.4699999998,
    1186.6999999999998
  ],
  "fitness": {
    "minutos_ponderados": 399232.4699999998,
    "costo_total": 1186.6999999999998
  }
}