{
  "solution": [
    17,
    8,
    14,
    17,
    2,
    9,
    5,
    16,
    4,
    17,
    4,
    8,
    6,
    17,
    17,
    2,
    17,
    6,
    8,
    13,
    8,
    5,
    5,
    17,
    17,
    17,
    8,
    17,
    8,
    17,
    5,
    17,
    9,
    17,
    17,
    17,
    17,
    13,
    2,
    17,
    4,
    17,
    8,
    9,
    17,
    2,
    11,
    6,
    5,
    16,
    5,
    16,
    8,
    17,
    17,
    17,
    8,
    17,
    11,
    17,
    16,
    8,
    3,
    14,
    16,
    17,
    7,
    1,
    17,
    17,
    17,
    17,
    14,
    8,
    5,
    17,
    16,
    8,
    8,
    17,
    4,
    17,
    4,
    7,
    8,
    8,
    5,
    8,
    17,
    17,
    17,
    2,
    9,
    16,
    13,
    2,
    17,
    17,
    2,
    17,
    8,
    17,
    17,
    17,
    17,
    2,
    17,
    17,
    17,
    10,
    18,
    3,
    16,
    8,
    17,
    17,
    17,
    15,
    17,
    15,
    17,
    2,
    4,
    4,
    6,
    17,
    5,
    17,
    8,
    17,
    2,
    2,
    17,
    8,
    14,
    17,
    17,
    17,
    15,
    4,
    6,
    1,
    4,
    6,
    9,
    16,
    17,
    5,
    17,
    8,
    2,
    17,
    17,
    17,
    5,
    17,
    5,
    8,
    8,
    14,
    17,
    1,
    5,
    4,
    6,
    17,
    2,
    2,
    17,
    2,
    17,
    17,
    11,
    17,
    17,
    2,
    17,
    17,
    16,
    2,
    17,
    4,
    17,
    8,
    9,
    17,
    8,
    17,
    11,
    14,
    6,
    17,
    17,
    5,
    17,
    9,
    17,
    2,
    3,
    6,
    9,
    16,
    16,
    15,
    17,
    16,
    17,
    17,
    16,
    16,
    6,
    4,
    7,
    17,
    9,
    2,
    17,
    17,
    15,
    17,
    8,
    7,
    17,
    16,
    2,
    17,
    4,
    8,
    6,
    17,
    17,
    17,
    5,
    16,
    9,
    5,
    9,
    17,
    16,
    8,
    1,
    17,
    5,
    16,
    17,
    17,
    8,
    17,
    17,
    8,
    17,
    4,
    17,
    17,
    7,
    4,
    9,
    4,
    16,
    17,
    2,
    17,
    17,
    17,
    9,
    5,
    17,
    17,
    17,
    8,
    13,
    8,
    8,
    5,
    8,
    4,
    6,
    17,
    17,
    2,
    17,
    10,
    14,
    4,
    17,
    16,
    9,
    16,
    8,
    8,
    6,
    17,
    6,
    17,
    17,
    8,
    2,
    17,
    17,
    9
  ],
  "objectives": [
    350323.6800000005,
    1125.25
  ],
  "fitness": {
    "minutos_ponderados": 350323.6800000005,
    "costo_total": 1125.25
  }
}