{
  "solution": [
    17,
    17,
    17,
    17,
    17,
    17,
    2,
    6,
    6,
    17,
    15,
    8,
    17,
    17,
    8,
    2,
    17,
    17,
    16,
    5,
    12,
    8,
    5,
    4,
    1,
    1,
    8,
    17,
    17,
    17,
    5,
    17,
    16,
    17,
    16,
    17,
    17,
    17,
    17,
    17,
    17,
    17,
    5,
    8,
    17,
    17,
    17,
    8,
    17,
    1,
    18,
    5,
    17,
    17,
    17,
    17,
    17,
    17,
    17,
    15,
    4,
    15,
    17,
    17,
    15,
    17,
    17,
    17,
    17,
    17,
    8,
    17,
    17,
    4,
    4,
    4,
    17,
    8,
    8,
    17,
    17,
    17,
    17,
    17,
    8,
    15,
    17,
    17,
    17,
    14,
    17,
    7,
    17,
    17,
    17,
    17,
    17,
    17,
    17,
    17,
    2,
    17,
    17,
    8,
    17,
    17,
    17,
    17,
    17,
    17,
    8,
    17,
    8,
    2,
    17,
    17,
    17,
    17,
    17,
    15,
    17,
    8,
    17,
    3,
    8,
    17,
    17,
    17,
    8,
    16,
    2,
    8,
    17,
    16,
    17,
    17,
    8,
    17,
    17,
    17,
    17,
    17,
    16,
    17,
    4,
    17,
    17,
    8,
    17,
    11,
    17,
    17,
    17,
    17,
    8,
    8,
    15,
    17,
    8,
    17,
    17,
    4,
    17,
    8,
    17,
    2,
    17,
    16,
    2,
    17,
    17,
    17,
    17,
    17,
    17,
    1,
    17,
    17,
    4,
    8,
    17,
    17,
    17,
    17,
    9,
    17,
    5,
    17,
    2,
    10,
    17,
    16,
    16,
    17,
    17,
    8,
    5,
    1,
    17,
    17,
    8,
    16,
    8,
    5,
    15,
    5,
    17,
    17,
    16,
    17,
    8,
    6,
    17,
    15,
    17,
    18,
    2,
    2,
    17,
    17,
    18,
    5,
    6,
    17,
    17,
    17,
    17,
    8,
    6,
    17,
    17,
    17,
    17,
    5,
    16,
    2,
    17,
    17,
    17,
    17,
    17,
    17,
    17,
    16,
    17,
    17,
    8,
    17,
    17,
    17,
    17,
    17,
    16,
    17,
    8,
    5,
    17,
    2,
    16,
    17,
    2,
    17,
    17,
    4,
    17,
    2,
    8,
    17,
    17,
    8,
    17,
    17,
    8,
    17,
    5,
    17,
    13,
    17,
    2,
    17,
    9,
    8,
    17,
    16,
    13,
    8,
    8,
    17,
    8,
    16,
    17,
    17,
    17,
    17,
    4,
    8,
    8,
    17,
    16,
    2
  ],
  "objectives": [
    308918.1800000001,
    981.0700000000003
  ],
  "fitness": {
    "minutos_ponderados": 308918.1800000001,
    "costo_total": 981.0700000000003
  }
}