{
  "run_info": {
    "dataset": "users2.json",
    "config": "npoint_reset_low_crossover",
    "run": 1,
    "execution_time": 44.97696924209595,
    "generations": 11,
    "pareto_size": 11,
    "pareto_points": [
      [
        -734393.85,
        2818.5000000000005
      ],
      [
        -719417.7100000004,
        2815.5399999999995
      ],
      [
        -706772.2300000016,
        2674.0400000000004
      ],
      [
        -708189.0400000017,
        2692.5600000000004
      ],
      [
        -705995.6700000019,
        2619.09
      ],
      [
        -712248.3900000014,
        2704.580000000001
      ],
      [
        -737447.7999999999,
        2839.4700000000007
      ],
      [
        -707101.0400000016,
        2687.06
      ],
      [
        -719394.9300000003,
        2798.55
      ],
      [
        -735611.5700000001,
        2834.5200000000004
      ],
      [
        -740857.6999999996,
        2844.0100000000007
      ]
    ]
  },
  "solutions_count": 11,
  "solutions_directory": "../results/SPEA2\\solutions\\users2\\npoint_reset_low_crossover\\run1"
}