{
  "run_info": {
    "dataset": "users3.json",
    "config": "uniform_inversion_high_mutation",
    "run": 6,
    "execution_time": 883.8707361221313,
    "generations": 116,
    "pareto_size": 28,
    "pareto_points": [
      [
        -1239940.41,
        2952.25
      ],
      [
        -1267150.8999999983,
        3007.67
      ],
      [
        -1262071.8699999985,
        2995.6400000000003
      ],
      [
        -1274262.2699999984,
        3060.1000000000004
      ],
      [
        -1283982.0199999965,
        3117.5699999999997
      ],
      [
        -1258231.7600000002,
        2993.2000000000003
      ],
      [
        -1288361.049999998,
        3179.07
      ],
      [
        -1250349.1599999992,
        2960.6400000000003
      ],
      [
        -1287390.6599999983,
        3178.0600000000004
      ],
      [
        -1280059.2199999974,
        3105.5200000000004
      ],
      [
        -1275385.939999999,
        3073.71
      ],
      [
        -1269659.259999999,
        3043.1399999999994
      ],
      [
        -1254109.909999998,
        2978.6400000000003
      ],
      [
        -1244641.4599999986,
        2956.1800000000003
      ],
      [
        -1280581.3999999976,
        3109.55
      ],
      [
        -1269283.9499999993,
        3034.13
      ],
      [
        -1279680.9099999978,
        3089.05
      ],
      [
        -1271908.0599999987,
        3043.6200000000003
      ],
      [
        -1268558.6899999988,
        3025.6100000000006
      ],
      [
        -1290767.1799999976,
        3226.51
      ],
      [
        -1258447.2099999995,
        2994.6800000000003
      ],
      [
        -1281393.549999997,
        3117.0600000000004
      ],
      [
        -1286784.8299999975,
        3153.550000000001
      ],
      [
        -1286880.9899999972,
        3173.5600000000004
      ],
      [
        -1275188.1499999978,
        3068.59
      ],
      [
        -1285495.519999998,
        3129.05
      ],
      [
        -1252066.6799999992,
        2974.6400000000003
      ],
      [
        -1286595.1899999978,
        3143.060000000001
      ]
    ]
  },
  "solutions_count": 28,
  "solutions_directory": "C:\\Users\\hctr0\\PycharmProjects\\TFG_Hector\\31Executions\\NSGA2\\solutions\\users3\\uniform_inversion_high_mutation\\run6"
}