{
  "run_info": {
    "dataset": "users4.json",
    "config": "balanced_original",
    "run": 5,
    "execution_time": 771.2490286827087,
    "iterations_completed": 14,
    "max_iterations": 200,
    "terminated_early": true,
    "generations_without_improvement": 12,
    "pareto_size": 6,
    "pareto_points": [
      [
        1487791.0899999943,
        4486.450000000001
      ],
      [
        1406638.2999999935,
        4379.800000000001
      ],
      [
        1497340.4399999941,
        4658.93
      ],
      [
        1461227.8299999963,
        4420.49
      ],
      [
        1492069.3399999973,
        4500.35
      ],
      [
        1456614.4599999953,
        4408.65
      ]
    ],
    "solutions_evaluated": 280,
    "config_params": {
      "n_ants": 20,
      "rho": 0.4,
      "alpha": 1.0,
      "beta": 3.0,
      "archive_size": 100,
      "no_improvement_generations": 12
    }
  },
  "solutions_count": 6,
  "solutions_directory": "../results/PACO\\solutions\\users4\\balanced_original\\run5",
  "objective_statistics": {
    "cost_range": {
      "min": 4379.800000000001,
      "max": 4658.93
    },
    "minutes_range": {
      "min": 1406638.2999999935,
      "max": 1497340.4399999941
    }
  },
  "algorithm_info": {
    "archive_history_length": 14,
    "max_archive_size_reached": 6
  }
}