{
  "run_info": {
    "dataset": "users3.json",
    "config": "uniform_inversion_high_mutation",
    "run": 4,
    "execution_time": 704.2025532722473,
    "generations": 102,
    "pareto_size": 21,
    "pareto_points": [
      [
        -1221959.3199999984,
        3156.63
      ],
      [
        -1246104.6299999985,
        3250.58
      ],
      [
        -1253189.6799999997,
        3265.5499999999997
      ],
      [
        -1262984.3200000008,
        3320.52
      ],
      [
        -1258430.2999999998,
        3299.5000000000005
      ],
      [
        -1247762.8299999994,
        3256.51
      ],
      [
        -1255620.59,
        3289.54
      ],
      [
        -1213265.1199999987,
        3150.16
      ],
      [
        -1265556.7199999997,
        3341.0399999999995
      ],
      [
        -1269866.0300000003,
        3379.04
      ],
      [
        -1236755.7599999986,
        3192.1000000000004
      ],
      [
        -1265499.3099999998,
        3323.060000000001
      ],
      [
        -1280491.0299999993,
        3382.5200000000004
      ],
      [
        -1269083.5800000012,
        3376.47
      ],
      [
        -1268026.7500000002,
        3345.6000000000004
      ],
      [
        -1248434.939999999,
        3261.57
      ],
      [
        -1253415.5400000003,
        3274.5900000000006
      ],
      [
        -1227477.3999999992,
        3176.0699999999997
      ],
      [
        -1245149.1099999994,
        3211.5200000000004
      ],
      [
        -1260331.9100000001,
        3315.6099999999997
      ],
      [
        -1229662.9,
        3182.0499999999997
      ]
    ]
  },
  "solutions_count": 21,
  "solutions_directory": "C:\\Users\\hctr0\\PycharmProjects\\TFG_Hector\\31Executions\\NSGA2\\solutions\\users3\\uniform_inversion_high_mutation\\run4"
}