{
  "run_info": {
    "dataset": "users5.json",
    "config": "npoint_inversion_low_mutation",
    "run": 5,
    "execution_time": 6500.70441699028,
    "generations": 150,
    "pareto_size": 41,
    "pareto_points": [
      [
        -2972704.620000007,
        9019.380000000001
      ],
      [
        -3050532.590000002,
        9214.26
      ],
      [
        -2977386.340000006,
        9037.35
      ],
      [
        -3102227.9499999867,
        9509.620000000003
      ],
      [
        -2972818.6400000076,
        9034.33
      ],
      [
        -3093996.879999987,
        9462.06
      ],
      [
        -2996459.0300000077,
        9117.31
      ],
      [
        -3094419.5899999877,
        9468.03
      ],
      [
        -3082142.359999984,
        9398.62
      ],
      [
        -3068153.0400000038,
        9227.820000000002
      ],
      [
        -3013410.5600000015,
        9151.27
      ],
      [
        -3104884.2199999862,
        9519.120000000003
      ],
      [
        -2997795.100000007,
        9136.8
      ],
      [
        -3113184.4899999867,
        9610.47
      ],
      [
        -3026013.0900000017,
        9156.28
      ],
      [
        -3046366.850000002,
        9199.78
      ],
      [
        -2952836.3900000066,
        8977.29
      ],
      [
        -3068236.5500000035,
        9232.280000000002
      ],
      [
        -3045510.3300000024,
        9170.830000000002
      ],
      [
        -3088463.509999987,
        9419.57
      ],
      [
        -3050761.590000004,
        9221.750000000002
      ],
      [
        -3126990.709999987,
        9650.44
      ],
      [
        -3078250.689999983,
        9369.09
      ],
      [
        -3128549.9799999865,
        9664.980000000001
      ],
      [
        -3108338.4199999883,
        9529.58
      ],
      [
        -3110469.3599999864,
        9579.090000000002
      ],
      [
        -3101726.209999988,
        9481.620000000003
      ],
      [
        -2989531.620000006,
        9041.840000000002
      ],
      [
        -3092438.8099999875,
        9446.06
      ],
      [
        -3074003.5200000037,
        9256.730000000001
      ],
      [
        -3121616.139999988,
        9628.510000000002
      ],
      [
        -3045649.3000000017,
        9192.79
      ],
      [
        -3073782.440000003,
        9240.240000000002
      ],
      [
        -3115335.3199999873,
        9616.02
      ],
      [
        -3118112.669999988,
        9624.490000000002
      ],
      [
        -3124140.229999989,
        9648.990000000002
      ],
      [
        -3132611.429999987,
        9705.960000000001
      ],
      [
        -3091019.049999988,
        9423.100000000002
      ],
      [
        -2967933.9100000076,
        8982.95
      ],
      [
        -3111675.6899999874,
        9585.460000000001
      ],
      [
        -3046172.8500000015,
        9193.78
      ]
    ]
  },
  "solutions_count": 41,
  "solutions_directory": "../results/NSGA2\\solutions\\users5\\npoint_inversion_low_mutation\\run5"
}