{
  "run_info": {
    "dataset": "users1.json",
    "config": "npoint_inversion_high_all",
    "run": 4,
    "execution_time": 188.94174790382385,
    "generations": 103,
    "pareto_size": 7,
    "pareto_points": [
      [
        -473956.70999999985,
        996.3499999999999
      ],
      [
        -476186.74999999977,
        998.8399999999999
      ],
      [
        -483344.2499999998,
        1042.3999999999999
      ],
      [
        -479724.14999999985,
        1014.3499999999999
      ],
      [
        -482878.36999999976,
        1021.3499999999999
      ],
      [
        -461802.8199999994,
        969.3399999999999
      ],
      [
        -478913.40999999974,
        1013.3299999999998
      ]
    ]
  },
  "solutions_count": 7,
  "solutions_directory": "../results/SPEA2\\solutions\\users1\\npoint_inversion_high_all\\run4"
}