{
  "solution": [
    17,
    6,
    17,
    17,
    17,
    8,
    16,
    17,
    16,
    1,
    17,
    17,
    17,
    17,
    8,
    17,
    5,
    9,
    2,
    15,
    17,
    17,
    8,
    17,
    16,
    16,
    8,
    17,
    17,
    17,
    17,
    17,
    17,
    17,
    16,
    17,
    17,
    17,
    17,
    17,
    17,
    17,
    5,
    17,
    17,
    17,
    5,
    17,
    17,
    4,
    2,
    17,
    17,
    4,
    17,
    17,
    17,
    17,
    17,
    2,
    1,
    17,
    6,
    2,
    17,
    8,
    8,
    17,
    17,
    17,
    5,
    8,
    17,
    17,
    17,
    17,
    17,
    17,
    17,
    17,
    2,
    17,
    8,
    17,
    17,
    17,
    16,
    4,
    17,
    17,
    17,
    8,
    5,
    11,
    17,
    16,
    11,
    17,
    17,
    6,
    17,
    17,
    17,
    17,
    8,
    16,
    17,
    14,
    17,
    17,
    5,
    17,
    17,
    17,
    5,
    17,
    17,
    17,
    4,
    5,
    8,
    1,
    17,
    17,
    16,
    17,
    17,
    17,
    6,
    17,
    17,
    17,
    17,
    17,
    5,
    17,
    15,
    17,
    8,
    17,
    5,
    17,
    10,
    17,
    17,
    16,
    17,
    8,
    17,
    5,
    17,
    17,
    4,
    2,
    17,
    17,
    5,
    17,
    17,
    17,
    2,
    5,
    17,
    17,
    17,
    5,
    5,
    17,
    17,
    2,
    17,
    16,
    17,
    17,
    16,
    6,
    17,
    8,
    17,
    6,
    17,
    17,
    8,
    16,
    6,
    17,
    8,
    17,
    2,
    17,
    4,
    17,
    17,
    4,
    17,
    17,
    16,
    17,
    2,
    17,
    1,
    8,
    17,
    17,
    16,
    17,
    17,
    8,
    17,
    15,
    17,
    4,
    17,
    17,
    17,
    17,
    17,
    6,
    17,
    17,
    17,
    5,
    16,
    8,
    17,
    8,
    17,
    5,
    17,
    8,
    17,
    16,
    17,
    2,
    17,
    11,
    8,
    5,
    6,
    17,
    16,
    17,
    8,
    17,
    17,
    17,
    17,
    17,
    8,
    17,
    17,
    4,
    6,
    1,
    2,
    17,
    8,
    17,
    17,
    17,
    17,
    8,
    18,
    17,
    8,
    17,
    8,
    8,
    17,
    3,
    17,
    2,
    8,
    17,
    6,
    8,
    8,
    2,
    17,
    17,
    8,
    17,
    8,
    17,
    17,
    17,
    8,
    17,
    17,
    17,
    8,
    17,
    15,
    17,
    17,
    17,
    5,
    16,
    1,
    17
  ],
  "objectives": [
    432838.8899999997,
    995.99
  ],
  "fitness": {
    "minutos_ponderados": 432838.8899999997,
    "costo_total": 995.99
  }
}