{
  "solution": [
    17,
    18,
    14,
    16,
    7,
    2,
    17,
    11,
    5,
    17,
    12,
    9,
    9,
    16,
    8,
    17,
    5,
    16,
    8,
    9,
    18,
    17,
    17,
    17,
    15,
    5,
    17,
    5,
    17,
    17,
    5,
    10,
    17,
    16,
    16,
    17,
    17,
    8,
    1,
    1,
    16,
    2,
    8,
    9,
    2,
    4,
    3,
    17,
    17,
    2,
    12,
    6,
    16,
    17,
    9,
    17,
    17,
    17,
    5,
    8,
    7,
    17,
    1,
    6,
    17,
    4,
    17,
    17,
    8,
    2,
    4,
    17,
    6,
    8,
    4,
    2,
    2,
    7,
    14,
    14,
    17,
    17,
    1,
    5,
    15,
    17,
    17,
    6,
    5,
    15,
    6,
    7,
    17,
    17,
    2,
    17,
    2,
    10,
    5,
    5,
    17,
    6,
    9,
    9,
    18,
    8,
    2,
    2,
    8,
    8,
    17,
    16,
    5,
    6,
    12,
    17,
    17,
    5,
    17,
    7,
    10,
    17,
    16,
    13,
    4,
    17,
    8,
    17,
    8,
    13,
    11,
    8,
    4,
    17,
    10,
    8,
    16,
    13,
    4,
    8,
    17,
    2,
    5,
    17,
    17,
    5,
    2,
    15,
    2,
    17,
    17,
    9,
    17,
    1,
    17,
    6,
    18,
    17,
    2,
    8,
    6,
    9,
    16,
    10,
    3,
    17,
    1,
    14,
    8,
    17,
    16,
    17,
    9,
    16,
    8,
    7,
    17,
    5,
    17,
    11,
    17,
    5,
    1,
    17,
    17,
    2,
    11,
    17,
    4,
    15,
    6,
    17,
    17,
    16,
    17,
    4,
    6,
    17,
    10,
    17,
    13,
    2,
    13,
    11,
    15,
    4,
    16,
    16,
    4,
    17,
    17,
    17,
    17,
    8,
    17,
    8,
    17,
    17,
    4,
    4,
    12,
    6,
    5,
    17,
    11,
    2,
    17,
    8,
    2,
    17,
    8,
    17,
    5,
    8,
    11,
    15,
    8,
    5,
    17,
    2,
    16,
    6,
    11,
    17,
    17,
    5,
    10,
    17,
    2,
    17,
    17,
    17,
    8,
    3,
    15,
    2,
    8,
    17,
    17,
    17,
    14,
    17,
    8,
    8,
    6,
    17,
    4,
    4,
    11,
    1,
    17,
    8,
    11,
    2,
    15,
    17,
    4,
    17,
    4,
    5,
    11,
    17,
    17,
    17,
    17,
    16,
    2,
    8,
    5,
    17,
    18,
    17,
    2,
    1,
    4,
    17,
    8,
    9,
    17,
    8
  ],
  "objectives": [
    379637.0300000002,
    1234.8499999999997
  ],
  "fitness": {
    "minutos_ponderados": 379637.0300000002,
    "costo_total": 1234.8499999999997
  }
}