{
  "solution": [
    17,
    17,
    17,
    17,
    17,
    3,
    6,
    16,
    16,
    1,
    17,
    17,
    17,
    17,
    8,
    17,
    1,
    17,
    2,
    4,
    17,
    17,
    8,
    5,
    17,
    16,
    8,
    17,
    17,
    17,
    17,
    17,
    17,
    9,
    16,
    17,
    1,
    17,
    17,
    17,
    17,
    17,
    17,
    7,
    17,
    17,
    5,
    17,
    17,
    4,
    2,
    17,
    17,
    17,
    17,
    2,
    15,
    9,
    17,
    2,
    17,
    17,
    6,
    2,
    17,
    8,
    8,
    17,
    17,
    17,
    16,
    8,
    17,
    17,
    3,
    17,
    17,
    17,
    17,
    6,
    4,
    17,
    17,
    17,
    17,
    17,
    17,
    4,
    17,
    17,
    17,
    8,
    5,
    11,
    17,
    16,
    4,
    4,
    17,
    17,
    17,
    17,
    17,
    17,
    8,
    16,
    9,
    8,
    17,
    17,
    5,
    17,
    17,
    17,
    5,
    17,
    17,
    17,
    4,
    5,
    8,
    4,
    17,
    17,
    16,
    4,
    17,
    17,
    2,
    17,
    17,
    17,
    17,
    17,
    5,
    13,
    15,
    17,
    5,
    5,
    5,
    17,
    17,
    17,
    17,
    16,
    17,
    17,
    17,
    15,
    17,
    17,
    17,
    2,
    17,
    17,
    5,
    3,
    17,
    17,
    2,
    5,
    9,
    17,
    17,
    5,
    5,
    17,
    17,
    2,
    17,
    16,
    13,
    17,
    16,
    17,
    17,
    8,
    17,
    6,
    17,
    17,
    17,
    16,
    6,
    17,
    8,
    17,
    2,
    17,
    6,
    17,
    17,
    4,
    17,
    17,
    16,
    17,
    17,
    9,
    5,
    17,
    17,
    17,
    16,
    17,
    16,
    8,
    7,
    15,
    17,
    4,
    17,
    4,
    17,
    17,
    2,
    4,
    17,
    17,
    17,
    5,
    16,
    8,
    17,
    8,
    17,
    5,
    17,
    8,
    17,
    16,
    17,
    8,
    17,
    17,
    8,
    5,
    2,
    17,
    16,
    2,
    8,
    17,
    17,
    17,
    17,
    17,
    8,
    17,
    17,
    4,
    6,
    17,
    2,
    17,
    8,
    17,
    17,
    17,
    1,
    8,
    2,
    17,
    8,
    17,
    8,
    8,
    17,
    17,
    17,
    2,
    8,
    17,
    6,
    8,
    8,
    2,
    5,
    17,
    8,
    13,
    8,
    17,
    17,
    17,
    8,
    17,
    17,
    17,
    8,
    17,
    17,
    17,
    17,
    17,
    5,
    16,
    1,
    17
  ],
  "objectives": [
    433648.4600000001,
    998.54
  ],
  "fitness": {
    "minutos_ponderados": 433648.4600000001,
    "costo_total": 998.54
  }
}