{
  "solution": [
    17,
    4,
    8,
    14,
    4,
    15,
    1,
    7,
    5,
    17,
    17,
    6,
    17,
    2,
    2,
    11,
    8,
    17,
    8,
    1,
    17,
    12,
    14,
    6,
    5,
    5,
    2,
    8,
    8,
    17,
    17,
    8,
    4,
    3,
    8,
    17,
    17,
    15,
    12,
    17,
    10,
    17,
    5,
    17,
    17,
    2,
    5,
    3,
    17,
    17,
    8,
    1,
    5,
    16,
    18,
    13,
    14,
    17,
    17,
    17,
    5,
    13,
    5,
    14,
    2,
    17,
    15,
    17,
    3,
    17,
    8,
    8,
    12,
    2,
    2,
    4,
    16,
    17,
    3,
    2,
    18,
    5,
    15,
    17,
    16,
    1,
    17,
    5,
    9,
    16,
    1,
    16,
    17,
    8,
    17,
    17,
    17,
    4,
    6,
    17,
    6,
    17,
    16,
    17,
    17,
    6,
    2,
    10,
    6,
    8,
    17,
    15,
    5,
    17,
    2,
    6,
    17,
    17,
    1,
    4,
    17,
    6,
    16,
    17,
    17,
    4,
    13,
    9,
    2,
    17,
    2,
    15,
    8,
    2,
    8,
    8,
    17,
    4,
    17,
    17,
    2,
    8,
    1,
    16,
    5,
    16,
    5,
    15,
    16,
    17,
    17,
    5,
    16,
    17,
    9,
    8,
    16,
    7,
    8,
    8,
    5,
    9,
    1,
    17,
    5,
    4,
    8,
    8,
    8,
    17,
    2,
    15,
    5,
    16,
    8,
    17,
    5,
    4,
    17,
    16,
    17,
    4,
    8,
    17,
    8,
    2,
    16,
    4,
    1,
    3,
    6,
    10,
    7,
    17,
    17,
    14,
    6,
    17,
    15,
    8,
    18,
    4,
    6,
    17,
    16,
    15,
    2,
    16,
    17,
    17,
    17,
    8,
    9,
    17,
    5,
    16,
    17,
    4,
    17,
    6,
    17,
    17,
    4,
    17,
    16,
    13,
    17,
    8,
    2,
    5,
    8,
    17,
    17,
    8,
    4,
    16,
    2,
    17,
    11,
    5,
    5,
    17,
    11,
    17,
    2,
    17,
    16,
    8,
    15,
    17,
    17,
    17,
    8,
    16,
    8,
    2,
    8,
    17,
    17,
    17,
    2,
    2,
    18,
    17,
    17,
    4,
    4,
    15,
    2,
    14,
    17,
    17,
    8,
    2,
    15,
    17,
    14,
    2,
    17,
    14,
    17,
    8,
    17,
    17,
    17,
    15,
    2,
    17,
    16,
    17,
    17,
    6,
    5,
    1,
    8,
    8,
    8,
    17,
    17,
    8
  ],
  "objectives": [
    370701.7100000001,
    1162.41
  ],
  "fitness": {
    "minutos_ponderados": 370701.7100000001,
    "costo_total": 1162.41
  }
}