{
  "solution": [
    17,
    2,
    17,
    17,
    17,
    8,
    6,
    16,
    16,
    1,
    17,
    17,
    17,
    17,
    8,
    17,
    5,
    5,
    2,
    4,
    17,
    17,
    8,
    17,
    17,
    16,
    8,
    17,
    17,
    17,
    17,
    17,
    17,
    7,
    16,
    17,
    17,
    17,
    17,
    17,
    17,
    17,
    17,
    17,
    2,
    17,
    5,
    17,
    17,
    4,
    2,
    17,
    17,
    17,
    17,
    17,
    17,
    6,
    17,
    16,
    17,
    17,
    6,
    2,
    17,
    8,
    8,
    17,
    17,
    17,
    5,
    8,
    17,
    17,
    17,
    17,
    17,
    17,
    17,
    17,
    4,
    17,
    8,
    17,
    17,
    17,
    17,
    4,
    17,
    17,
    17,
    8,
    5,
    17,
    17,
    16,
    4,
    15,
    17,
    17,
    17,
    16,
    17,
    17,
    2,
    16,
    17,
    8,
    17,
    16,
    5,
    17,
    17,
    17,
    5,
    17,
    17,
    17,
    4,
    5,
    8,
    4,
    17,
    17,
    16,
    17,
    17,
    17,
    6,
    17,
    17,
    17,
    12,
    17,
    5,
    17,
    15,
    17,
    8,
    17,
    5,
    17,
    17,
    17,
    17,
    16,
    17,
    17,
    17,
    5,
    7,
    17,
    4,
    15,
    17,
    9,
    5,
    17,
    17,
    17,
    2,
    5,
    9,
    17,
    11,
    5,
    5,
    17,
    17,
    5,
    17,
    16,
    17,
    17,
    16,
    17,
    17,
    5,
    11,
    10,
    17,
    17,
    17,
    16,
    6,
    17,
    8,
    17,
    2,
    17,
    17,
    17,
    17,
    17,
    17,
    1,
    16,
    17,
    17,
    18,
    5,
    2,
    11,
    17,
    16,
    17,
    17,
    1,
    17,
    15,
    17,
    4,
    9,
    1,
    17,
    17,
    2,
    4,
    17,
    17,
    17,
    5,
    16,
    8,
    17,
    8,
    17,
    5,
    8,
    8,
    17,
    16,
    17,
    2,
    17,
    17,
    8,
    5,
    2,
    17,
    16,
    17,
    8,
    3,
    17,
    17,
    17,
    17,
    8,
    17,
    17,
    4,
    6,
    17,
    2,
    17,
    8,
    17,
    17,
    17,
    17,
    8,
    2,
    17,
    2,
    17,
    5,
    8,
    4,
    17,
    17,
    2,
    8,
    17,
    6,
    8,
    8,
    9,
    17,
    6,
    8,
    17,
    8,
    17,
    17,
    17,
    8,
    17,
    17,
    17,
    8,
    17,
    17,
    17,
    7,
    17,
    5,
    16,
    1,
    15
  ],
  "objectives": [
    445759.60999999964,
    1031.53
  ],
  "fitness": {
    "minutos_ponderados": 445759.60999999964,
    "costo_total": 1031.53
  }
}