{
  "solution": [
    14,
    8,
    5,
    17,
    4,
    16,
    17,
    17,
    5,
    17,
    17,
    5,
    17,
    16,
    8,
    17,
    8,
    17,
    8,
    9,
    17,
    17,
    9,
    7,
    5,
    8,
    9,
    8,
    17,
    17,
    17,
    10,
    17,
    16,
    8,
    17,
    17,
    8,
    9,
    5,
    9,
    17,
    8,
    1,
    2,
    2,
    8,
    17,
    17,
    17,
    8,
    6,
    17,
    17,
    5,
    17,
    9,
    17,
    17,
    17,
    5,
    17,
    17,
    6,
    17,
    17,
    16,
    17,
    2,
    17,
    8,
    8,
    8,
    8,
    4,
    8,
    16,
    17,
    17,
    13,
    17,
    5,
    17,
    17,
    16,
    17,
    17,
    6,
    5,
    16,
    10,
    2,
    17,
    8,
    17,
    17,
    17,
    5,
    16,
    17,
    6,
    17,
    16,
    17,
    17,
    2,
    2,
    2,
    16,
    8,
    17,
    2,
    17,
    17,
    17,
    17,
    17,
    17,
    17,
    16,
    2,
    17,
    16,
    17,
    17,
    6,
    16,
    17,
    16,
    17,
    8,
    5,
    8,
    16,
    2,
    5,
    16,
    4,
    8,
    17,
    17,
    8,
    2,
    17,
    17,
    16,
    2,
    15,
    16,
    9,
    17,
    5,
    8,
    17,
    15,
    12,
    16,
    17,
    2,
    8,
    17,
    8,
    11,
    17,
    17,
    17,
    8,
    17,
    8,
    17,
    2,
    17,
    5,
    5,
    8,
    17,
    10,
    5,
    5,
    17,
    17,
    4,
    8,
    17,
    8,
    2,
    16,
    17,
    17,
    16,
    6,
    17,
    17,
    17,
    17,
    17,
    6,
    17,
    9,
    8,
    16,
    2,
    2,
    4,
    16,
    4,
    4,
    16,
    17,
    17,
    17,
    8,
    17,
    17,
    17,
    16,
    9,
    17,
    17,
    6,
    17,
    17,
    17,
    17,
    17,
    15,
    17,
    8,
    2,
    17,
    4,
    17,
    5,
    8,
    4,
    16,
    8,
    17,
    3,
    5,
    16,
    17,
    5,
    17,
    10,
    5,
    8,
    17,
    6,
    17,
    10,
    17,
    8,
    17,
    8,
    17,
    8,
    17,
    17,
    17,
    2,
    17,
    8,
    17,
    10,
    17,
    4,
    4,
    2,
    2,
    17,
    5,
    8,
    5,
    8,
    17,
    4,
    17,
    17,
    5,
    17,
    17,
    17,
    17,
    17,
    16,
    2,
    17,
    5,
    17,
    17,
    17,
    5,
    1,
    8,
    17,
    8,
    17,
    17,
    8
  ],
  "objectives": [
    343493.86000000004,
    972.3300000000004
  ],
  "fitness": {
    "minutos_ponderados": 343493.86000000004,
    "costo_total": 972.3300000000004
  }
}