{
  "solution": [
    17,
    8,
    5,
    17,
    4,
    2,
    17,
    17,
    5,
    17,
    17,
    8,
    17,
    16,
    8,
    17,
    8,
    17,
    7,
    2,
    17,
    17,
    17,
    17,
    5,
    8,
    17,
    10,
    17,
    17,
    17,
    2,
    17,
    2,
    8,
    17,
    17,
    8,
    4,
    17,
    7,
    6,
    8,
    17,
    2,
    2,
    5,
    17,
    17,
    17,
    16,
    12,
    2,
    17,
    14,
    17,
    17,
    17,
    4,
    17,
    5,
    12,
    17,
    17,
    17,
    17,
    17,
    17,
    17,
    6,
    4,
    8,
    8,
    8,
    4,
    7,
    2,
    17,
    9,
    2,
    17,
    5,
    17,
    17,
    16,
    17,
    17,
    5,
    4,
    16,
    17,
    2,
    17,
    8,
    17,
    17,
    17,
    5,
    16,
    17,
    6,
    17,
    16,
    17,
    17,
    2,
    2,
    5,
    8,
    8,
    17,
    15,
    17,
    16,
    17,
    17,
    6,
    17,
    17,
    16,
    2,
    10,
    16,
    17,
    17,
    17,
    16,
    17,
    8,
    17,
    8,
    5,
    11,
    16,
    8,
    8,
    6,
    4,
    15,
    17,
    17,
    2,
    2,
    17,
    17,
    16,
    2,
    15,
    16,
    17,
    17,
    5,
    8,
    10,
    17,
    8,
    16,
    17,
    8,
    15,
    17,
    8,
    17,
    17,
    17,
    17,
    8,
    17,
    8,
    17,
    2,
    12,
    5,
    5,
    8,
    17,
    16,
    5,
    17,
    17,
    12,
    11,
    8,
    6,
    8,
    2,
    6,
    9,
    4,
    17,
    6,
    17,
    17,
    17,
    17,
    17,
    6,
    2,
    9,
    16,
    16,
    2,
    2,
    17,
    16,
    13,
    4,
    16,
    17,
    17,
    17,
    8,
    17,
    17,
    17,
    16,
    17,
    17,
    17,
    6,
    17,
    17,
    1,
    17,
    17,
    2,
    17,
    8,
    2,
    17,
    4,
    2,
    17,
    8,
    9,
    16,
    8,
    17,
    17,
    5,
    16,
    5,
    5,
    17,
    17,
    17,
    8,
    3,
    6,
    17,
    8,
    17,
    8,
    17,
    8,
    2,
    8,
    17,
    17,
    17,
    2,
    11,
    8,
    17,
    17,
    17,
    4,
    4,
    2,
    2,
    17,
    17,
    8,
    12,
    15,
    17,
    16,
    17,
    17,
    12,
    17,
    17,
    17,
    17,
    11,
    15,
    2,
    16,
    5,
    17,
    17,
    17,
    5,
    1,
    8,
    17,
    8,
    17,
    17,
    8
  ],
  "objectives": [
    354793.3299999999,
    1062.3000000000002
  ],
  "fitness": {
    "minutos_ponderados": 354793.3299999999,
    "costo_total": 1062.3000000000002
  }
}