{
  "run_info": {
    "dataset": "users5.json",
    "config": "npoint_inversion_high_all",
    "run": 2,
    "execution_time": 9080.873530864716,
    "generations": 209,
    "pareto_size": 48,
    "pareto_points": [
      [
        -3008724.5099999956,
        8637.900000000001
      ],
      [
        -3086239.0999999875,
        8800.350000000002
      ],
      [
        -3085122.149999988,
        8792.370000000003
      ],
      [
        -3057367.8999999925,
        8762.68
      ],
      [
        -3163780.249999986,
        9362.62
      ],
      [
        -3109351.3099999875,
        8855.710000000001
      ],
      [
        -3005254.419999992,
        8620.860000000002
      ],
      [
        -3166042.8999999864,
        9371.610000000002
      ],
      [
        -3054695.4099999927,
        8739.700000000003
      ],
      [
        -3146713.4299999885,
        9008.640000000003
      ],
      [
        -3053542.169999993,
        8725.720000000001
      ],
      [
        -3164335.6599999876,
        9363.6
      ],
      [
        -3143661.0599999903,
        8967.220000000001
      ],
      [
        -3112721.24999999,
        8882.810000000001
      ],
      [
        -3143537.769999992,
        8901.250000000002
      ],
      [
        -3043275.539999992,
        8714.34
      ],
      [
        -3042443.939999991,
        8675.4
      ],
      [
        -3161213.5699999877,
        9192.15
      ],
      [
        -3176223.1799999885,
        9393.110000000002
      ],
      [
        -3168397.4199999864,
        9375.62
      ],
      [
        -3084014.289999988,
        8782.380000000001
      ],
      [
        -3055877.1799999923,
        8740.690000000002
      ],
      [
        -3180530.9599999874,
        9415.04
      ],
      [
        -3130146.08999999,
        8896.69
      ],
      [
        -3059580.1899999925,
        8769.2
      ],
      [
        -3156495.979999992,
        9176.64
      ],
      [
        -3154283.589999986,
        9166.7
      ],
      [
        -3151045.1999999895,
        9133.650000000001
      ],
      [
        -3059408.0699999896,
        8766.71
      ],
      [
        -3116313.909999989,
        8891.760000000002
      ],
      [
        -3036649.379999992,
        8664.900000000001
      ],
      [
        -3015557.6899999967,
        8645.36
      ],
      [
        -3103272.6699999887,
        8851.75
      ],
      [
        -3185827.449999985,
        9448.010000000002
      ],
      [
        -3181550.6899999874,
        9435.510000000002
      ],
      [
        -3154140.799999987,
        9138.230000000001
      ],
      [
        -3049509.959999994,
        8721.69
      ],
      [
        -3094584.0899999854,
        8822.29
      ],
      [
        -3062682.34999999,
        8781.690000000002
      ],
      [
        -3016568.529999995,
        8654.34
      ],
      [
        -3086839.8699999885,
        8808.82
      ],
      [
        -3171322.0499999886,
        9384.090000000002
      ],
      [
        -3180284.9399999874,
        9400.12
      ],
      [
        -3087287.4199999883,
        8815.310000000001
      ],
      [
        -3185970.4999999846,
        9451.040000000003
      ],
      [
        -3187133.659999984,
        9452.000000000002
      ],
      [
        -3009433.239999992,
        8641.86
      ],
      [
        -3146796.7999999872,
        9118.220000000001
      ]
    ]
  },
  "solutions_count": 48,
  "solutions_directory": "../results/NSGA2\\solutions\\users5\\npoint_inversion_high_all\\run2"
}