{
  "solution": [
    5,
    2,
    16,
    17,
    2,
    17,
    17,
    17,
    17,
    17,
    8,
    8,
    17,
    17,
    8,
    3,
    17,
    14,
    17,
    4,
    17,
    8,
    15,
    16,
    17,
    17,
    17,
    17,
    5,
    6,
    17,
    5,
    17,
    17,
    5,
    17,
    17,
    17,
    17,
    17,
    17,
    16,
    17,
    17,
    18,
    17,
    8,
    17,
    13,
    17,
    8,
    8,
    15,
    17,
    4,
    17,
    17,
    17,
    17,
    17,
    17,
    2,
    17,
    17,
    2,
    17,
    5,
    17,
    3,
    2,
    17,
    9,
    8,
    17,
    17,
    16,
    17,
    3,
    18,
    2,
    4,
    2,
    17,
    2,
    2,
    12,
    1,
    8,
    16,
    6,
    8,
    17,
    5,
    17,
    15,
    16,
    17,
    5,
    17,
    17,
    17,
    6,
    5,
    16,
    6,
    8,
    17,
    17,
    17,
    3,
    8,
    5,
    15,
    16,
    17,
    17,
    16,
    16,
    17,
    9,
    17,
    15,
    17,
    17,
    17,
    9,
    17,
    17,
    16,
    8,
    17,
    17,
    8,
    17,
    2,
    8,
    4,
    17,
    17,
    8,
    17,
    17,
    8,
    17,
    6,
    16,
    10,
    17,
    18,
    8,
    8,
    16,
    17,
    1,
    8,
    17,
    17,
    17,
    16,
    17,
    17,
    16,
    17,
    17,
    17,
    8,
    14,
    17,
    6,
    17,
    1,
    2,
    17,
    17,
    17,
    2,
    17,
    17,
    2,
    9,
    10,
    16,
    17,
    17,
    17,
    16,
    16,
    4,
    17,
    8,
    17,
    17,
    15,
    2,
    17,
    5,
    17,
    17,
    17,
    5,
    17,
    17,
    17,
    6,
    17,
    6,
    5,
    8,
    17,
    17,
    16,
    17,
    17,
    8,
    17,
    17,
    15,
    17,
    17,
    4,
    17,
    2,
    16,
    17,
    5,
    8,
    16,
    17,
    17,
    17,
    17,
    17,
    17,
    17,
    4,
    17,
    2,
    2,
    15,
    8,
    2,
    17,
    17,
    17,
    17,
    17,
    8,
    2,
    17,
    17,
    8,
    5,
    17,
    16,
    17,
    16,
    2,
    17,
    6,
    17,
    5,
    5,
    17,
    4,
    17,
    17,
    17,
    4,
    17,
    8,
    17,
    17,
    4,
    17,
    8,
    8,
    8,
    17,
    17,
    16,
    17,
    8,
    17,
    17,
    17,
    17,
    17,
    6,
    9,
    8,
    17,
    17,
    2,
    17,
    8,
    17,
    5,
    6,
    4,
    2
  ],
  "objectives": [
    457852.3299999991,
    1052.59
  ],
  "fitness": {
    "minutos_ponderados": 457852.3299999991,
    "costo_total": 1052.59
  }
}