{
  "solution": [
    5,
    2,
    16,
    17,
    17,
    17,
    17,
    17,
    17,
    17,
    2,
    8,
    17,
    17,
    13,
    17,
    17,
    8,
    17,
    4,
    17,
    8,
    15,
    2,
    17,
    17,
    17,
    17,
    17,
    17,
    17,
    5,
    17,
    17,
    17,
    17,
    17,
    17,
    17,
    17,
    17,
    5,
    17,
    17,
    5,
    17,
    7,
    17,
    17,
    16,
    8,
    15,
    16,
    12,
    5,
    14,
    17,
    17,
    17,
    17,
    17,
    6,
    17,
    17,
    2,
    17,
    5,
    17,
    17,
    17,
    17,
    17,
    17,
    17,
    17,
    16,
    16,
    5,
    17,
    2,
    4,
    5,
    14,
    2,
    3,
    8,
    17,
    17,
    8,
    16,
    12,
    17,
    6,
    17,
    5,
    16,
    2,
    5,
    17,
    6,
    17,
    6,
    5,
    2,
    9,
    17,
    17,
    17,
    17,
    4,
    8,
    5,
    8,
    16,
    17,
    17,
    8,
    17,
    17,
    17,
    17,
    17,
    17,
    17,
    17,
    17,
    8,
    17,
    16,
    8,
    17,
    17,
    8,
    17,
    2,
    8,
    17,
    17,
    17,
    5,
    17,
    17,
    8,
    17,
    17,
    8,
    5,
    17,
    16,
    8,
    7,
    9,
    17,
    16,
    17,
    17,
    17,
    17,
    16,
    16,
    17,
    14,
    17,
    17,
    11,
    8,
    17,
    17,
    16,
    17,
    17,
    6,
    17,
    17,
    17,
    17,
    5,
    17,
    2,
    17,
    17,
    17,
    17,
    17,
    17,
    17,
    16,
    4,
    17,
    8,
    17,
    17,
    16,
    2,
    17,
    5,
    17,
    17,
    17,
    2,
    5,
    17,
    2,
    6,
    17,
    17,
    17,
    2,
    16,
    17,
    4,
    17,
    17,
    2,
    17,
    17,
    2,
    17,
    17,
    5,
    2,
    17,
    16,
    17,
    5,
    8,
    16,
    17,
    17,
    17,
    8,
    17,
    17,
    17,
    17,
    17,
    2,
    2,
    17,
    8,
    2,
    17,
    17,
    17,
    17,
    17,
    17,
    2,
    8,
    17,
    8,
    3,
    17,
    17,
    17,
    16,
    17,
    17,
    6,
    17,
    17,
    5,
    17,
    4,
    17,
    17,
    17,
    17,
    17,
    8,
    17,
    17,
    4,
    17,
    2,
    8,
    8,
    5,
    17,
    8,
    8,
    8,
    17,
    8,
    17,
    15,
    17,
    6,
    3,
    4,
    17,
    17,
    2,
    17,
    17,
    17,
    5,
    8,
    5,
    17
  ],
  "objectives": [
    455434.9600000001,
    1012.5800000000002
  ],
  "fitness": {
    "minutos_ponderados": 455434.9600000001,
    "costo_total": 1012.5800000000002
  }
}