{
  "run_info": {
    "dataset": "users5.json",
    "config": "uniform_reset_high_crossover",
    "run": 4,
    "execution_time": 1451.7772221565247,
    "generations": 63,
    "pareto_size": 34,
    "pareto_points": [
      [
        -3078239.6200000006,
        9056.730000000003
      ],
      [
        -3072590.4000000027,
        9006.73
      ],
      [
        -3054668.4000000004,
        8932.810000000001
      ],
      [
        -3057278.410000001,
        8949.77
      ],
      [
        -3076910.750000002,
        9029.740000000002
      ],
      [
        -3071693.390000002,
        8996.250000000002
      ],
      [
        -3054447.8900000006,
        8932.79
      ],
      [
        -3045283.2200000035,
        8918.810000000001
      ],
      [
        -3059282.720000002,
        8967.75
      ],
      [
        -3059059.5500000007,
        8959.800000000001
      ],
      [
        -3072369.890000003,
        9004.720000000001
      ],
      [
        -3067535.0600000015,
        8979.750000000002
      ],
      [
        -3058839.040000001,
        8957.79
      ],
      [
        -3069759.880000002,
        8985.760000000002
      ],
      [
        -3067755.570000001,
        8979.770000000002
      ],
      [
        -3080263.040000001,
        9085.710000000001
      ],
      [
        -3079365.0600000015,
        9060.710000000003
      ],
      [
        -3078019.110000001,
        9040.740000000002
      ],
      [
        -3072075.9200000013,
        9002.78
      ],
      [
        -3058157.2800000007,
        8953.78
      ],
      [
        -3057936.7700000005,
        8953.76
      ],
      [
        -3056672.7100000014,
        8941.800000000001
      ],
      [
        -3060993.060000001,
        8967.800000000001
      ],
      [
        -3080023.420000001,
        9062.710000000003
      ],
      [
        -3048113.740000003,
        8931.78
      ],
      [
        -3061436.7400000016,
        8975.77
      ],
      [
        -3074925.5500000017,
        9024.79
      ],
      [
        -3080042.5300000007,
        9069.730000000001
      ],
      [
        -3074530.2300000014,
        9013.77
      ],
      [
        -3078038.2200000007,
        9047.760000000002
      ],
      [
        -3074523.9100000025,
        9013.73
      ],
      [
        -3080243.9300000006,
        9076.700000000003
      ],
      [
        -3071436.670000002,
        8992.83
      ],
      [
        -3074906.440000002,
        9021.76
      ]
    ]
  },
  "solutions_count": 34,
  "solutions_directory": "../results/SPEA2\\solutions\\users5\\uniform_reset_high_crossover\\run4"
}