{
  "run_info": {
    "dataset": "users1.json",
    "config": "npoint_reset_low_crossover",
    "run": 4,
    "execution_time": 93.63823962211609,
    "generations": 52,
    "pareto_size": 17,
    "pareto_points": [
      [
        -382637.7399999997,
        1393.2499999999998
      ],
      [
        -393705.8800000002,
        1393.7699999999998
      ],
      [
        -438836.4300000002,
        1577.0899999999995
      ],
      [
        -417005.4399999998,
        1449.2899999999997
      ],
      [
        -399783.45,
        1396.7599999999998
      ],
      [
        -406897.64000000013,
        1411.2099999999998
      ],
      [
        -421926.7599999997,
        1457.7999999999997
      ],
      [
        -414708.1599999999,
        1442.7199999999998
      ],
      [
        -416763.70999999996,
        1449.2099999999996
      ],
      [
        -433503.11,
        1466.7499999999995
      ],
      [
        -421001.79999999993,
        1457.7699999999995
      ],
      [
        -376664.3999999998,
        1371.7699999999998
      ],
      [
        -401615.1399999999,
        1410.6999999999996
      ],
      [
        -411331.1199999995,
        1416.2199999999998
      ],
      [
        -411854.3500000001,
        1440.6999999999998
      ],
      [
        -424411.1699999998,
        1465.8099999999997
      ],
      [
        -437050.3400000001,
        1544.0999999999995
      ]
    ]
  },
  "solutions_count": 17,
  "solutions_directory": "../results/SPEA2\\solutions\\users1\\npoint_reset_low_crossover\\run4"
}