{
  "run_info": {
    "dataset": "users4.json",
    "config": "uniform_inversion_high_mutation",
    "run": 5,
    "execution_time": 2242.2441368103027,
    "generations": 125,
    "pareto_size": 18,
    "pareto_points": [
      [
        -1959952.1700000053,
        5072.360000000001
      ],
      [
        -1973992.2700000028,
        5077.420000000002
      ],
      [
        -1958784.7900000038,
        5052.390000000001
      ],
      [
        -1996057.4799999993,
        5126.900000000001
      ],
      [
        -1988256.0100000014,
        5079.89
      ],
      [
        -2009780.1900000018,
        5191.8200000000015
      ],
      [
        -2010464.950000001,
        5213.380000000001
      ],
      [
        -1995211.38,
        5125.9000000000015
      ],
      [
        -1996151.2600000014,
        5136.390000000001
      ],
      [
        -1992110.77,
        5121.880000000001
      ],
      [
        -2015908.670000001,
        5226.27
      ],
      [
        -1998166.6299999994,
        5139.860000000001
      ],
      [
        -1987731.7500000002,
        5077.430000000001
      ],
      [
        -1988282.0399999996,
        5082.420000000001
      ],
      [
        -1997513.3700000008,
        5136.88
      ],
      [
        -2008517.9600000016,
        5140.880000000001
      ],
      [
        -2011232.3200000005,
        5223.34
      ],
      [
        -1991188.390000001,
        5095.449999999999
      ]
    ]
  },
  "solutions_count": 18,
  "solutions_directory": "C:\\Users\\hctr0\\PycharmProjects\\TFG_Hector\\31Executions\\NSGA2\\solutions\\users4\\uniform_inversion_high_mutation\\run5"
}