{
  "run_info": {
    "dataset": "users3.json",
    "config": "uniform_reset_high_crossover",
    "run": 1,
    "execution_time": 754.3646700382233,
    "generations": 71,
    "pareto_size": 30,
    "pareto_points": [
      [
        -1181001.1999999974,
        3273.5599999999995
      ],
      [
        -1218332.069999996,
        3313.09
      ],
      [
        -1205850.3399999966,
        3277.0900000000006
      ],
      [
        -1265347.709999998,
        3694.7999999999993
      ],
      [
        -1266245.239999998,
        3697.31
      ],
      [
        -1251673.2799999975,
        3448.0800000000004
      ],
      [
        -1249032.089999998,
        3436.0100000000007
      ],
      [
        -1211275.6299999962,
        3300.6499999999996
      ],
      [
        -1213447.299999997,
        3311.5899999999992
      ],
      [
        -1228001.6699999974,
        3331.09
      ],
      [
        -1246224.1099999975,
        3375.6
      ],
      [
        -1211565.5799999963,
        3308.099999999999
      ],
      [
        -1225284.0299999972,
        3318.0999999999995
      ],
      [
        -1209622.5699999959,
        3296.09
      ],
      [
        -1255510.9599999983,
        3479.96
      ],
      [
        -1248550.6599999976,
        3418.4700000000003
      ],
      [
        -1254191.7299999988,
        3475.5200000000004
      ],
      [
        -1195535.5399999958,
        3275.0899999999997
      ],
      [
        -1257012.5599999973,
        3506.98
      ],
      [
        -1263201.7399999986,
        3589.9300000000003
      ],
      [
        -1261663.3399999973,
        3542.45
      ],
      [
        -1237864.5099999984,
        3357.1200000000003
      ],
      [
        -1222652.5199999968,
        3316.6399999999994
      ],
      [
        -1251385.7699999972,
        3443.0399999999995
      ],
      [
        -1258284.7299999981,
        3518.0199999999995
      ],
      [
        -1246423.989999999,
        3412.02
      ],
      [
        -1243183.2799999968,
        3362.0400000000004
      ],
      [
        -1264263.929999998,
        3625.9100000000008
      ],
      [
        -1231461.7499999981,
        3350.58
      ],
      [
        -1259334.4499999974,
        3537.01
      ]
    ]
  },
  "solutions_count": 30,
  "solutions_directory": "../results/NSGA2\\solutions\\users3\\uniform_reset_high_crossover\\run1"
}