{
  "run_info": {
    "dataset": "users3.json",
    "config": "npoint_inversion_high_all",
    "run": 4,
    "execution_time": 3601.2337160110474,
    "generations": 325,
    "pareto_size": 33,
    "pareto_points": [
      [
        -1235215.599999997,
        2790.03
      ],
      [
        -1234238.8499999964,
        2755.09
      ],
      [
        -1250700.7399999986,
        2822.03
      ],
      [
        -1218173.9299999964,
        2736.1000000000004
      ],
      [
        -1255912.9399999962,
        2854.0000000000005
      ],
      [
        -1277897.3899999976,
        2983.000000000001
      ],
      [
        -1251027.8599999982,
        2834.0100000000007
      ],
      [
        -1236155.6299999973,
        2793.03
      ],
      [
        -1241054.159999997,
        2802.57
      ],
      [
        -1237059.7199999972,
        2801.54
      ],
      [
        -1282459.2999999975,
        3029.9600000000005
      ],
      [
        -1270560.9099999992,
        2915.9100000000003
      ],
      [
        -1254991.9399999978,
        2840.5300000000007
      ],
      [
        -1251055.829999999,
        2839.9900000000007
      ],
      [
        -1261075.039999997,
        2891.4600000000005
      ],
      [
        -1234978.8399999964,
        2778.5400000000004
      ],
      [
        -1280148.239999998,
        3001.5100000000007
      ],
      [
        -1244972.9099999971,
        2814.5500000000006
      ],
      [
        -1287167.489999997,
        3077.88
      ],
      [
        -1256572.6999999974,
        2860.5099999999998
      ],
      [
        -1272665.889999998,
        2963.9800000000005
      ],
      [
        -1255941.839999997,
        2854.03
      ],
      [
        -1299190.3699999952,
        3152.3700000000003
      ],
      [
        -1269283.0999999992,
        2912.89
      ],
      [
        -1241258.0499999966,
        2808.05
      ],
      [
        -1282009.729999998,
        3019.91
      ],
      [
        -1279664.6599999978,
        2995.9700000000003
      ],
      [
        -1281741.2199999979,
        3006.4300000000003
      ],
      [
        -1259439.759999996,
        2868.9900000000007
      ],
      [
        -1286519.4299999976,
        3077.41
      ],
      [
        -1286239.109999998,
        3039.3900000000003
      ],
      [
        -1292691.3199999966,
        3091.37
      ],
      [
        -1298878.0499999956,
        3111.9
      ]
    ]
  },
  "solutions_count": 33,
  "solutions_directory": "../results/NSGA2\\solutions\\users3\\npoint_inversion_high_all\\run4"
}