{
  "run_info": {
    "dataset": "users2.json",
    "config": "uniform_inversion_high_mutation",
    "run": 2,
    "execution_time": 512.067987203598,
    "generations": 89,
    "pareto_size": 13,
    "pareto_points": [
      [
        -841854.9300000017,
        2191.3199999999997
      ],
      [
        -834028.5700000022,
        2170.33
      ],
      [
        -841111.3200000013,
        2178.2999999999997
      ],
      [
        -849034.2000000012,
        2204.37
      ],
      [
        -849689.400000002,
        2208.8599999999997
      ],
      [
        -852362.7400000016,
        2238.3999999999996
      ],
      [
        -854135.740000002,
        2246.35
      ],
      [
        -845150.7900000013,
        2193.8199999999997
      ],
      [
        -852315.3000000024,
        2231.35
      ],
      [
        -854998.9600000021,
        2280.33
      ],
      [
        -848749.1800000017,
        2200.3699999999994
      ],
      [
        -851168.5800000016,
        2215.39
      ],
      [
        -854988.640000002,
        2262.39
      ]
    ]
  },
  "solutions_count": 13,
  "solutions_directory": "../results/NSGA2\\solutions\\users2\\uniform_inversion_high_mutation\\run2"
}