{
  "run_info": {
    "dataset": "users1.json",
    "config": "npoint_inversion_high_all",
    "run": 2,
    "execution_time": 279.2755641937256,
    "generations": 83,
    "pareto_size": 18,
    "pareto_points": [
      [
        -422158.03999999963,
        1173.21
      ],
      [
        -444528.20999999956,
        1177.6699999999996
      ],
      [
        -463786.66999999987,
        1328.9799999999998
      ],
      [
        -461713.6099999998,
        1268.0700000000002
      ],
      [
        -463303.4899999999,
        1300.55
      ],
      [
        -461077.5799999997,
        1253.5699999999997
      ],
      [
        -457697.5299999997,
        1221.58
      ],
      [
        -468776.20999999973,
        1368.5200000000002
      ],
      [
        -460150.4499999997,
        1244.5499999999997
      ],
      [
        -462866.5,
        1282.5800000000002
      ],
      [
        -471819.2299999997,
        1455.43
      ],
      [
        -465575.26999999996,
        1340.4499999999998
      ],
      [
        -456645.7999999996,
        1204.6
      ],
      [
        -459680.3799999996,
        1225.6
      ],
      [
        -462139.61999999994,
        1274.5800000000002
      ],
      [
        -471156.5699999999,
        1432.3899999999999
      ],
      [
        -455985.98999999976,
        1201.12
      ],
      [
        -429408.8499999999,
        1176.6499999999996
      ]
    ]
  },
  "solutions_count": 18,
  "solutions_directory": "../results/NSGA2\\solutions\\users1\\npoint_inversion_high_all\\run2"
}