{
  "run_info": {
    "dataset": "users2.json",
    "config": "slow_evaporation_exploitative",
    "run": 5,
    "execution_time": 516.1337597370148,
    "iterations_completed": 26,
    "max_iterations": 200,
    "terminated_early": true,
    "generations_without_improvement": 12,
    "pareto_size": 8,
    "pareto_points": [
      [
        595575.8499999994,
        2032.1900000000005
      ],
      [
        587131.6299999999,
        2022.7400000000007
      ],
      [
        639095.6100000008,
        2104.6900000000005
      ],
      [
        607970.1100000005,
        2069.7400000000007
      ],
      [
        624873.1499999996,
        2093.2000000000003
      ],
      [
        577720.3900000004,
        2001.3000000000006
      ],
      [
        574561.2600000004,
        1967.1700000000005
      ],
      [
        387454.5700000002,
        1966.9199999999996
      ]
    ],
    "solutions_evaluated": 520,
    "config_params": {
      "n_ants": 20,
      "rho": 0.2,
      "alpha": 2.0,
      "beta": 3.0,
      "archive_size": 100,
      "no_improvement_generations": 12
    }
  },
  "solutions_count": 8,
  "solutions_directory": "../results/PACO\\solutions\\users2\\slow_evaporation_exploitative\\run5",
  "objective_statistics": {
    "cost_range": {
      "min": 1966.9199999999996,
      "max": 2104.6900000000005
    },
    "minutes_range": {
      "min": 387454.5700000002,
      "max": 639095.6100000008
    }
  },
  "algorithm_info": {
    "archive_history_length": 26,
    "max_archive_size_reached": 8
  }
}