{
  "run_info": {
    "dataset": "users5.json",
    "config": "uniform_reset_low_mutation",
    "run": 1,
    "execution_time": 2015.6865811347961,
    "generations": 55,
    "pareto_size": 11,
    "pareto_points": [
      [
        -3033803.5399999875,
        8380.48
      ],
      [
        -3220531.989999985,
        8826.420000000002
      ],
      [
        -3173881.7699999856,
        8486.53
      ],
      [
        -3124807.179999989,
        8424.450000000003
      ],
      [
        -3191621.519999987,
        8582.410000000002
      ],
      [
        -3214619.8399999873,
        8688.54
      ],
      [
        -3207315.199999988,
        8589.460000000001
      ],
      [
        -3188863.499999991,
        8530.91
      ],
      [
        -3155473.0399999903,
        8475.960000000001
      ],
      [
        -3215459.4799999855,
        8705.510000000002
      ],
      [
        -3119099.819999993,
        8417.520000000002
      ]
    ]
  },
  "solutions_count": 11,
  "solutions_directory": "../results/NSGA2\\solutions\\users5\\uniform_reset_low_mutation\\run1"
}