{
  "run_info": {
    "dataset": "users2.json",
    "config": "uniform_reset_low_mutation",
    "run": 3,
    "execution_time": 368.98389410972595,
    "generations": 63,
    "pareto_size": 27,
    "pareto_points": [
      [
        -801190.8300000018,
        2333.79
      ],
      [
        -774216.3700000013,
        2251.3100000000004
      ],
      [
        -798870.930000001,
        2324.29
      ],
      [
        -793153.0000000013,
        2288.75
      ],
      [
        -803195.4900000014,
        2350.29
      ],
      [
        -783855.7900000016,
        2275.3100000000004
      ],
      [
        -801760.1400000015,
        2336.26
      ],
      [
        -806615.870000001,
        2361.26
      ],
      [
        -798671.4000000017,
        2319.77
      ],
      [
        -811632.3400000009,
        2409.2100000000005
      ],
      [
        -789375.6000000011,
        2284.27
      ],
      [
        -798907.9200000014,
        2328.25
      ],
      [
        -810259.5300000008,
        2409.2
      ],
      [
        -796451.9000000018,
        2295.2999999999997
      ],
      [
        -794602.4900000014,
        2295.25
      ],
      [
        -804946.650000001,
        2357.2200000000003
      ],
      [
        -808051.1600000011,
        2386.2700000000004
      ],
      [
        -802013.6700000014,
        2340.24
      ],
      [
        -816228.2100000015,
        2491.19
      ],
      [
        -813262.3700000012,
        2430.7
      ],
      [
        -775518.2300000013,
        2258.7900000000004
      ],
      [
        -796648.4500000015,
        2313.77
      ],
      [
        -780031.5100000013,
        2265.2799999999997
      ],
      [
        -807472.1800000011,
        2374.7799999999997
      ],
      [
        -808934.1100000013,
        2386.7500000000005
      ],
      [
        -802527.0100000005,
        2343.71
      ],
      [
        -815279.2200000013,
        2455.7200000000003
      ]
    ]
  },
  "solutions_count": 27,
  "solutions_directory": "../results/NSGA2\\solutions\\users2\\uniform_reset_low_mutation\\run3"
}