{
  "run_info": {
    "dataset": "users4.json",
    "config": "npoint_reset_low_crossover",
    "run": 5,
    "execution_time": 1643.0095822811127,
    "generations": 76,
    "pareto_size": 20,
    "pareto_points": [
      [
        -1726406.1099999968,
        5837.2300000000005
      ],
      [
        -1717917.2299999977,
        5748.669999999999
      ],
      [
        -1724229.549999997,
        5802.19
      ],
      [
        -1715201.0299999958,
        5746.72
      ],
      [
        -1721124.3899999973,
        5773.69
      ],
      [
        -1725124.5299999984,
        5816.22
      ],
      [
        -1728849.279999998,
        5840.700000000002
      ],
      [
        -1729011.0399999977,
        5841.21
      ],
      [
        -1788024.430000002,
        5918.460000000001
      ],
      [
        -1714682.409999996,
        5725.74
      ],
      [
        -1727674.6899999972,
        5838.16
      ],
      [
        -1735273.3899999983,
        5874.16
      ],
      [
        -1763075.4299999992,
        5896.47
      ],
      [
        -1732571.7399999977,
        5846.720000000001
      ],
      [
        -1792427.5299999977,
        6040.06
      ],
      [
        -1697791.819999997,
        5722.18
      ],
      [
        -1799858.639999998,
        6054.56
      ],
      [
        -1768776.079999999,
        5896.500000000001
      ],
      [
        -1792005.7000000018,
        5955.480000000001
      ],
      [
        -1800909.379999999,
        6112.450000000001
      ]
    ]
  },
  "solutions_count": 20,
  "solutions_directory": "../results/NSGA2\\solutions\\users4\\npoint_reset_low_crossover\\run5"
}