{
  "solution": [
    9,
    17,
    6,
    3,
    1,
    8,
    7,
    17,
    11,
    3,
    2,
    4,
    1,
    9,
    8,
    2,
    13,
    18,
    5,
    6,
    1,
    5,
    15,
    17,
    5,
    13,
    8,
    6,
    5,
    9,
    7,
    4,
    16,
    2,
    9,
    5,
    1,
    8,
    14,
    17,
    17,
    16,
    4,
    3,
    6,
    6,
    5,
    6,
    14,
    5,
    12,
    15,
    10,
    3,
    9,
    18,
    1,
    10,
    16,
    14,
    6,
    13,
    17,
    4,
    8,
    12,
    4,
    10,
    7,
    8,
    5,
    5,
    14,
    6,
    4,
    3,
    12,
    4,
    4,
    8,
    15,
    9,
    6,
    4,
    6,
    5,
    17,
    4,
    4,
    9,
    2,
    9,
    15,
    6,
    16,
    15,
    1,
    4,
    8,
    2,
    2,
    17,
    4,
    5,
    17,
    2,
    6,
    10,
    2,
    6,
    15,
    10,
    9,
    2,
    1,
    17,
    15,
    15,
    5,
    16,
    5,
    8,
    14,
    16,
    16,
    5,
    17,
    16,
    6,
    17,
    17,
    9,
    16,
    8,
    2,
    8,
    16,
    2,
    10,
    13,
    6,
    15,
    2,
    4,
    12,
    6,
    8,
    3,
    5,
    7,
    18,
    1,
    15,
    6,
    11,
    11,
    8,
    15,
    14,
    12,
    17,
    16,
    4,
    2,
    10,
    12,
    10,
    8,
    8,
    1,
    9,
    9,
    4,
    17,
    9,
    15,
    17,
    6,
    17,
    17,
    11,
    16,
    17,
    2,
    6,
    17,
    2,
    5,
    1,
    16,
    3,
    16,
    17,
    16,
    7,
    12,
    15,
    2,
    6,
    8,
    5,
    12,
    2,
    17,
    8,
    16,
    8,
    11,
    6,
    17,
    10,
    1,
    16,
    8,
    4,
    4,
    1,
    17,
    2,
    2,
    16,
    3,
    17,
    6,
    8,
    5,
    6,
    11,
    9,
    5,
    17,
    4,
    9,
    6,
    11,
    11,
    17,
    3,
    6,
    14,
    15,
    5,
    16,
    10,
    2,
    17,
    17,
    15,
    12,
    2,
    6,
    10,
    5,
    2,
    8,
    2,
    2,
    17,
    2,
    13,
    18,
    18,
    11,
    12,
    6,
    8,
    8,
    6,
    16,
    17,
    3,
    8,
    17,
    17,
    17,
    2,
    17,
    17,
    2,
    10,
    9,
    9,
    8,
    15,
    16,
    5,
    15,
    2,
    17,
    2,
    17,
    16,
    16,
    13,
    17,
    6,
    8,
    6,
    15,
    6
  ],
  "objectives": [
    418659.9899999999,
    1397.0999999999997
  ],
  "fitness": {
    "minutos_ponderados": 418659.9899999999,
    "costo_total": 1397.0999999999997
  }
}