{
  "solution": [
    14,
    14,
    5,
    18,
    16,
    8,
    17,
    2,
    16,
    17,
    4,
    11,
    17,
    8,
    2,
    16,
    2,
    1,
    4,
    18,
    16,
    5,
    15,
    3,
    5,
    5,
    17,
    8,
    15,
    10,
    13,
    5,
    6,
    17,
    15,
    17,
    8,
    17,
    8,
    13,
    3,
    11,
    8,
    9,
    4,
    17,
    14,
    6,
    3,
    17,
    17,
    4,
    11,
    15,
    4,
    4,
    14,
    3,
    16,
    10,
    15,
    3,
    8,
    11,
    15,
    2,
    15,
    16,
    18,
    8,
    16,
    2,
    2,
    16,
    4,
    16,
    1,
    8,
    16,
    4,
    14,
    17,
    6,
    9,
    8,
    2,
    9,
    17,
    16,
    7,
    5,
    4,
    17,
    18,
    3,
    15,
    7,
    8,
    18,
    17,
    6,
    6,
    2,
    3,
    1,
    16,
    14,
    9,
    9,
    12,
    6,
    2,
    1,
    4,
    17,
    15,
    2,
    17,
    16,
    11,
    3,
    15,
    7,
    2,
    1,
    17,
    9,
    4,
    6,
    1,
    6,
    8,
    2,
    3,
    6,
    8,
    8,
    8,
    10,
    6,
    16,
    15,
    8,
    17,
    6,
    4,
    2,
    7,
    5,
    2,
    16,
    2,
    9,
    17,
    8,
    8,
    4,
    17,
    4,
    11,
    11,
    8,
    6,
    14,
    17,
    16,
    5,
    11,
    17,
    1,
    12,
    11,
    16,
    17,
    1,
    16,
    2,
    16,
    14,
    17,
    17,
    5,
    9,
    16,
    5,
    16,
    15,
    2,
    17,
    2,
    6,
    17,
    5,
    8,
    5,
    8,
    15,
    9,
    2,
    4,
    17,
    17,
    6,
    16,
    16,
    17,
    1,
    15,
    5,
    7,
    11,
    8,
    11,
    1,
    17,
    17,
    16,
    6,
    13,
    8,
    5,
    5,
    15,
    10,
    17,
    2,
    9,
    2,
    6,
    2,
    4,
    15,
    17,
    6,
    17,
    4,
    2,
    10,
    4,
    2,
    7,
    17,
    11,
    13,
    16,
    4,
    6,
    7,
    15,
    8,
    16,
    16,
    1,
    17,
    14,
    5,
    17,
    17,
    14,
    8,
    17,
    10,
    17,
    10,
    3,
    16,
    14,
    17,
    17,
    18,
    16,
    6,
    16,
    10,
    18,
    18,
    5,
    11,
    5,
    18,
    16,
    11,
    8,
    17,
    8,
    7,
    5,
    6,
    2,
    9,
    16,
    5,
    17,
    4,
    6,
    8,
    8,
    4,
    18,
    15
  ],
  "objectives": [
    416003.45000000024,
    1308.6100000000001
  ],
  "fitness": {
    "minutos_ponderados": 416003.45000000024,
    "costo_total": 1308.6100000000001
  }
}