{
  "run_info": {
    "dataset": "users3.json",
    "config": "uniform_reset_high_crossover",
    "run": 4,
    "execution_time": 879.2660009860992,
    "generations": 82,
    "pareto_size": 31,
    "pareto_points": [
      [
        -1249610.4500000018,
        3272.65
      ],
      [
        -1248338.8200000015,
        3268.2099999999996
      ],
      [
        -1278735.2800000003,
        3526.02
      ],
      [
        -1254713.8500000015,
        3275.1700000000005
      ],
      [
        -1275968.1600000006,
        3454.5499999999997
      ],
      [
        -1278077.480000001,
        3515.0200000000004
      ],
      [
        -1271160.1100000006,
        3383.6299999999997
      ],
      [
        -1261859.5200000014,
        3327.6299999999997
      ],
      [
        -1275390.3300000005,
        3445.0800000000004
      ],
      [
        -1275192.2500000012,
        3435.6000000000004
      ],
      [
        -1247596.1100000017,
        3237.22
      ],
      [
        -1239319.9000000015,
        3219.6699999999996
      ],
      [
        -1273253.9400000006,
        3405.09
      ],
      [
        -1264088.9200000018,
        3353.1099999999997
      ],
      [
        -1254943.4200000016,
        3276.1700000000005
      ],
      [
        -1273734.040000001,
        3434.6000000000004
      ],
      [
        -1261268.9900000019,
        3312.6499999999996
      ],
      [
        -1266704.3500000008,
        3373.13
      ],
      [
        -1258485.1800000016,
        3296.1799999999994
      ],
      [
        -1253706.0000000016,
        3274.1800000000003
      ],
      [
        -1279125.5700000008,
        3533.02
      ],
      [
        -1259472.8000000021,
        3306.1399999999994
      ],
      [
        -1256739.6100000013,
        3288.65
      ],
      [
        -1264731.0000000007,
        3361.1299999999997
      ],
      [
        -1276302.6400000001,
        3464.57
      ],
      [
        -1277054.9600000002,
        3482.0499999999997
      ],
      [
        -1275983.4800000002,
        3464.09
      ],
      [
        -1256261.3400000017,
        3279.6800000000003
      ],
      [
        -1262452.670000001,
        3335.6400000000003
      ],
      [
        -1277070.6500000008,
        3499.0400000000004
      ],
      [
        -1263416.6500000013,
        3347.19
      ]
    ]
  },
  "solutions_count": 31,
  "solutions_directory": "../results/NSGA2\\solutions\\users3\\uniform_reset_high_crossover\\run4"
}