{
  "run_info": {
    "dataset": "users2.json",
    "config": "npoint_inversion_high_all",
    "run": 5,
    "execution_time": 961.6511790752411,
    "generations": 157,
    "pareto_size": 21,
    "pareto_points": [
      [
        -830046.2300000004,
        2499.04
      ],
      [
        -790170.9200000007,
        2397.69
      ],
      [
        -829345.8700000002,
        2462.07
      ],
      [
        -829362.6900000005,
        2486.0699999999997
      ],
      [
        -814039.5300000001,
        2442.1800000000003
      ],
      [
        -828970.3500000004,
        2448.58
      ],
      [
        -829699.6600000005,
        2497.5699999999997
      ],
      [
        -789251.3000000006,
        2387.69
      ],
      [
        -758032.3500000011,
        2341.7500000000005
      ],
      [
        -784294.9800000006,
        2373.18
      ],
      [
        -787227.4300000003,
        2383.6099999999997
      ],
      [
        -834127.0199999998,
        2529.1000000000004
      ],
      [
        -752656.6900000012,
        2334.7
      ],
      [
        -832359.1000000007,
        2512.04
      ],
      [
        -759267.1600000012,
        2352.7200000000003
      ],
      [
        -833042.6400000008,
        2513.0299999999997
      ],
      [
        -759398.8000000013,
        2367.71
      ],
      [
        -751373.6500000011,
        2322.6800000000003
      ],
      [
        -746371.8400000002,
        2295.69
      ],
      [
        -805686.5499999998,
        2405.0999999999995
      ],
      [
        -791772.2400000005,
        2401.1900000000005
      ]
    ]
  },
  "solutions_count": 21,
  "solutions_directory": "../results/NSGA2\\solutions\\users2\\npoint_inversion_high_all\\run5"
}