{
  "run_info": {
    "dataset": "users4.json",
    "config": "uniform_reset_low_mutation",
    "run": 1,
    "execution_time": 1007.5465095043182,
    "generations": 103,
    "pareto_size": 26,
    "pareto_points": [
      [
        -1929566.809999999,
        5461.370000000001
      ],
      [
        -1935428.8699999992,
        5516.270000000002
      ],
      [
        -1918361.9099999992,
        5397.420000000001
      ],
      [
        -1948651.4700000002,
        5667.660000000001
      ],
      [
        -1946215.4300000002,
        5620.210000000001
      ],
      [
        -1948245.5200000005,
        5658.18
      ],
      [
        -1924618.349999999,
        5417.420000000001
      ],
      [
        -1927155.489999999,
        5439.420000000002
      ],
      [
        -1932998.6399999992,
        5507.840000000001
      ],
      [
        -1946602.4600000011,
        5626.74
      ],
      [
        -1943665.4000000008,
        5591.74
      ],
      [
        -1932854.7299999995,
        5489.8200000000015
      ],
      [
        -1933219.5799999994,
        5515.310000000001
      ],
      [
        -1928378.95,
        5458.380000000001
      ],
      [
        -1942465.3400000008,
        5563.77
      ],
      [
        -1933428.7499999993,
        5515.830000000001
      ],
      [
        -1947577.960000001,
        5657.710000000001
      ],
      [
        -1939926.6200000006,
        5530.780000000001
      ],
      [
        -1942035.230000001,
        5559.780000000001
      ],
      [
        -1947552.5100000005,
        5634.200000000001
      ],
      [
        -1945408.4300000009,
        5602.740000000001
      ],
      [
        -1943370.7300000007,
        5589.770000000001
      ],
      [
        -1945002.480000001,
        5593.75
      ],
      [
        -1931543.7100000004,
        5486.340000000001
      ],
      [
        -1949988.5500000007,
        5669.670000000001
      ],
      [
        -1930772.1800000004,
        5475.33
      ]
    ]
  },
  "solutions_count": 26,
  "solutions_directory": "../results/SPEA2\\solutions\\users4\\uniform_reset_low_mutation\\run1"
}