{
  "run_info": {
    "dataset": "users4.json",
    "config": "uniform_reset_low_mutation",
    "run": 1,
    "execution_time": 1219.4880142211914,
    "generations": 92,
    "pareto_size": 20,
    "pareto_points": [
      [
        -1777634.149999998,
        5741.81
      ],
      [
        -1782038.7799999989,
        5775.34
      ],
      [
        -1782773.7399999986,
        5775.360000000001
      ],
      [
        -1777864.5599999982,
        5753.4
      ],
      [
        -1765210.9599999976,
        5717.86
      ],
      [
        -1773459.9299999976,
        5718.860000000001
      ],
      [
        -1779883.0999999987,
        5757.349999999999
      ],
      [
        -1780524.7899999982,
        5768.83
      ],
      [
        -1748073.6499999964,
        5674.87
      ],
      [
        -1784929.4199999988,
        5783.360000000001
      ],
      [
        -1763484.3899999978,
        5716.880000000001
      ],
      [
        -1752382.7099999958,
        5680.89
      ],
      [
        -1775478.4699999979,
        5728.830000000001
      ],
      [
        -1784760.829999999,
        5775.4
      ],
      [
        -1746983.909999996,
        5668.880000000001
      ],
      [
        -1745231.679999996,
        5662.870000000001
      ],
      [
        -1787953.3199999991,
        5822.34
      ],
      [
        -1746321.4199999964,
        5668.86
      ],
      [
        -1786916.509999999,
        5797.38
      ],
      [
        -1761925.579999998,
        5684.88
      ]
    ]
  },
  "solutions_count": 20,
  "solutions_directory": "../results/SPEA2\\solutions\\users4\\uniform_reset_low_mutation\\run1"
}