{
  "run_info": {
    "dataset": "users2.json",
    "config": "uniform_inversion_high_mutation",
    "run": 31,
    "execution_time": 444.0078911781311,
    "generations": 107,
    "pareto_size": 17,
    "pareto_points": [
      [
        -791706.0000000013,
        2167.33
      ],
      [
        -815490.6600000011,
        2233.82
      ],
      [
        -815424.2000000012,
        2227.81
      ],
      [
        -818566.4900000014,
        2253.78
      ],
      [
        -803525.1300000006,
        2171.33
      ],
      [
        -814749.2300000009,
        2222.7599999999998
      ],
      [
        -818114.130000001,
        2248.79
      ],
      [
        -826471.7300000011,
        2289.75
      ],
      [
        -812708.0200000007,
        2191.81
      ],
      [
        -789541.4100000001,
        2154.85
      ],
      [
        -825330.8700000013,
        2278.28
      ],
      [
        -816879.8200000012,
        2238.78
      ],
      [
        -821376.6200000013,
        2257.7900000000004
      ],
      [
        -807946.2800000008,
        2173.31
      ],
      [
        -836853.9700000008,
        2310.27
      ],
      [
        -824626.8000000013,
        2260.7900000000004
      ],
      [
        -829336.2700000011,
        2297.24
      ]
    ]
  },
  "solutions_count": 17,
  "solutions_directory": "C:\\Users\\hctr0\\PycharmProjects\\TFG_Hector\\31Executions\\NSGA2\\solutions\\users2\\uniform_inversion_high_mutation\\run31"
}