{
  "run_info": {
    "dataset": "users3.json",
    "config": "npoint_inversion_low_mutation",
    "run": 2,
    "execution_time": 1138.5092709064484,
    "generations": 104,
    "pareto_size": 37,
    "pareto_points": [
      [
        -1133137.3899999992,
        3527.97
      ],
      [
        -1179601.1199999987,
        3684.53
      ],
      [
        -1180860.1899999983,
        3721.01
      ],
      [
        -1180682.869999998,
        3712.0099999999998
      ],
      [
        -1092434.1100000015,
        3510.54
      ],
      [
        -1087158.2100000007,
        3483.6
      ],
      [
        -1091990.880000002,
        3500.51
      ],
      [
        -1152653.1899999997,
        3620.9500000000003
      ],
      [
        -1152207.9899999998,
        3604.940000000001
      ],
      [
        -1135804.9099999992,
        3541.9900000000002
      ],
      [
        -1132408.4099999992,
        3525.9499999999994
      ],
      [
        -1184390.569999998,
        3751.9799999999996
      ],
      [
        -1175624.1599999995,
        3679.51
      ],
      [
        -1145628.4099999995,
        3583.4499999999994
      ],
      [
        -1189544.7499999986,
        3835.940000000001
      ],
      [
        -1134854.0199999993,
        3540.94
      ],
      [
        -1153299.1099999985,
        3633.39
      ],
      [
        -1188858.9299999978,
        3793.9700000000003
      ],
      [
        -1119381.090000002,
        3511.48
      ],
      [
        -1152274.1199999996,
        3605.9199999999996
      ],
      [
        -1136990.9500000002,
        3542.9200000000005
      ],
      [
        -1144403.7799999998,
        3571.48
      ],
      [
        -1186701.1099999973,
        3790.93
      ],
      [
        -1167385.2999999996,
        3678.5200000000004
      ],
      [
        -1182578.659999998,
        3722.0400000000004
      ],
      [
        -1139687.6499999987,
        3555.4300000000003
      ],
      [
        -1152346.0099999995,
        3608.92
      ],
      [
        -1164208.6999999997,
        3661.0200000000004
      ],
      [
        -1143109.5200000005,
        3555.92
      ],
      [
        -1149081.2599999993,
        3591.369999999999
      ],
      [
        -1147731.879999999,
        3590.43
      ],
      [
        -1090193.280000001,
        3499.59
      ],
      [
        -1149310.94,
        3598.9700000000003
      ],
      [
        -1143530.8300000005,
        3564.92
      ],
      [
        -1183789.0499999984,
        3743.0100000000007
      ],
      [
        -1127797.5699999991,
        3512.98
      ],
      [
        -1164192.2399999998,
        3635.0200000000004
      ]
    ]
  },
  "solutions_count": 37,
  "solutions_directory": "../results/NSGA2\\solutions\\users3\\npoint_inversion_low_mutation\\run2"
}