{
  "solution": [
    17,
    15,
    15,
    16,
    8,
    8,
    17,
    17,
    17,
    2,
    17,
    17,
    17,
    16,
    17,
    8,
    17,
    17,
    16,
    17,
    2,
    11,
    17,
    7,
    2,
    17,
    5,
    4,
    15,
    17,
    17,
    16,
    17,
    8,
    3,
    17,
    17,
    17,
    8,
    16,
    2,
    17,
    17,
    2,
    1,
    15,
    17,
    8,
    16,
    17,
    17,
    17,
    17,
    17,
    4,
    8,
    11,
    4,
    17,
    5,
    17,
    17,
    17,
    17,
    8,
    17,
    18,
    17,
    17,
    17,
    4,
    17,
    5,
    5,
    17,
    17,
    17,
    5,
    17,
    8,
    4,
    17,
    5,
    17,
    2,
    17,
    9,
    17,
    2,
    17,
    16,
    16,
    17,
    17,
    13,
    17,
    9,
    17,
    17,
    2,
    15,
    17,
    17,
    14,
    17,
    16,
    17,
    17,
    17,
    8,
    17,
    17,
    16,
    17,
    17,
    17,
    17,
    5,
    17,
    17,
    8,
    6,
    17,
    17,
    14,
    17,
    17,
    17,
    17,
    17,
    17,
    17,
    17,
    17,
    5,
    17,
    17,
    2,
    8,
    8,
    2,
    2,
    8,
    8,
    16,
    17,
    2,
    17,
    17,
    5,
    8,
    17,
    17,
    2,
    17,
    17,
    17,
    17,
    5,
    1,
    16,
    5,
    17,
    5,
    8,
    17,
    4,
    17,
    16,
    17,
    17,
    17,
    10,
    17,
    5,
    16,
    16,
    9,
    17,
    6,
    17,
    17,
    18,
    4,
    2,
    4,
    17,
    4,
    17,
    17,
    17,
    16,
    17,
    8,
    4,
    10,
    17,
    17,
    2,
    4,
    6,
    5,
    17,
    17,
    9,
    17,
    17,
    17,
    14,
    17,
    17,
    17,
    8,
    17,
    4,
    17,
    2,
    17,
    17,
    16,
    8,
    17,
    17,
    15,
    17,
    18,
    17,
    4,
    8,
    8,
    17,
    2,
    5,
    6,
    8,
    17,
    17,
    17,
    17,
    17,
    17,
    17,
    8,
    5,
    17,
    17,
    5,
    17,
    8,
    17,
    16,
    17,
    17,
    17,
    17,
    17,
    8,
    17,
    17,
    14,
    17,
    17,
    17,
    2,
    4,
    2,
    8,
    16,
    6,
    17,
    17,
    8,
    8,
    5,
    16,
    8,
    17,
    8,
    6,
    8,
    2,
    17,
    5,
    17,
    17,
    5,
    8,
    17,
    7,
    17,
    8,
    6,
    17,
    2,
    17,
    9,
    8,
    17,
    17,
    8
  ],
  "objectives": [
    432818.54999999976,
    1025.6
  ],
  "fitness": {
    "minutos_ponderados": 432818.54999999976,
    "costo_total": 1025.6
  }
}