{
  "solution": [
    12,
    8,
    17,
    16,
    8,
    8,
    17,
    17,
    17,
    5,
    17,
    17,
    17,
    6,
    17,
    8,
    17,
    17,
    16,
    17,
    8,
    17,
    17,
    8,
    2,
    17,
    5,
    17,
    17,
    17,
    17,
    16,
    3,
    8,
    8,
    17,
    17,
    17,
    8,
    15,
    2,
    17,
    18,
    2,
    8,
    15,
    9,
    8,
    17,
    17,
    17,
    17,
    17,
    17,
    4,
    5,
    17,
    17,
    17,
    5,
    17,
    17,
    17,
    17,
    8,
    17,
    17,
    17,
    17,
    17,
    4,
    17,
    4,
    5,
    17,
    17,
    17,
    5,
    17,
    8,
    4,
    17,
    5,
    17,
    2,
    17,
    17,
    17,
    2,
    17,
    16,
    5,
    17,
    17,
    5,
    17,
    17,
    17,
    17,
    2,
    17,
    17,
    17,
    16,
    17,
    16,
    17,
    17,
    9,
    8,
    17,
    17,
    16,
    17,
    17,
    17,
    17,
    5,
    17,
    17,
    7,
    17,
    17,
    17,
    11,
    11,
    17,
    17,
    17,
    17,
    17,
    8,
    17,
    17,
    5,
    7,
    3,
    2,
    17,
    11,
    10,
    2,
    8,
    8,
    16,
    17,
    2,
    17,
    17,
    5,
    8,
    17,
    17,
    2,
    9,
    17,
    17,
    17,
    6,
    16,
    16,
    5,
    17,
    2,
    8,
    17,
    4,
    17,
    8,
    18,
    6,
    17,
    8,
    17,
    5,
    16,
    16,
    9,
    3,
    6,
    17,
    2,
    3,
    4,
    2,
    4,
    2,
    4,
    17,
    16,
    17,
    11,
    7,
    8,
    11,
    17,
    17,
    17,
    17,
    4,
    6,
    5,
    17,
    17,
    16,
    11,
    17,
    17,
    17,
    17,
    17,
    17,
    8,
    17,
    4,
    17,
    2,
    17,
    17,
    16,
    8,
    2,
    17,
    2,
    17,
    17,
    17,
    4,
    6,
    8,
    17,
    2,
    5,
    6,
    8,
    17,
    17,
    17,
    17,
    17,
    5,
    17,
    8,
    2,
    17,
    17,
    16,
    17,
    8,
    17,
    11,
    17,
    17,
    18,
    17,
    17,
    8,
    17,
    17,
    17,
    7,
    17,
    17,
    2,
    4,
    2,
    8,
    8,
    6,
    17,
    17,
    8,
    8,
    8,
    16,
    8,
    17,
    8,
    18,
    10,
    2,
    17,
    5,
    17,
    17,
    16,
    8,
    17,
    8,
    17,
    8,
    4,
    14,
    2,
    17,
    18,
    8,
    17,
    17,
    8
  ],
  "objectives": [
    435459.8700000001,
    1031.1299999999999
  ],
  "fitness": {
    "minutos_ponderados": 435459.8700000001,
    "costo_total": 1031.1299999999999
  }
}