{
  "run_info": {
    "dataset": "users3.json",
    "config": "npoint_inversion_high_all",
    "run": 5,
    "execution_time": 995.5817699432373,
    "generations": 175,
    "pareto_size": 30,
    "pareto_points": [
      [
        -1195388.689999997,
        3424.09
      ],
      [
        -1218677.5999999966,
        3559.4199999999996
      ],
      [
        -1213553.1799999974,
        3526.9900000000002
      ],
      [
        -1154407.659999998,
        3321.69
      ],
      [
        -1218624.4799999967,
        3551.91
      ],
      [
        -1206625.9699999976,
        3479.53
      ],
      [
        -1214972.1499999976,
        3543.9600000000005
      ],
      [
        -1197631.6099999978,
        3428.58
      ],
      [
        -1233469.7300000014,
        3626.8900000000003
      ],
      [
        -1198062.299999998,
        3437.0499999999997
      ],
      [
        -1238784.1099999992,
        3690.87
      ],
      [
        -1229859.3900000018,
        3613.9300000000007
      ],
      [
        -1240427.019999999,
        3696.3300000000004
      ],
      [
        -1209255.319999998,
        3498.9800000000005
      ],
      [
        -1213753.539999998,
        3530.4500000000003
      ],
      [
        -1224876.7799999965,
        3591.4
      ],
      [
        -1205271.3199999994,
        3474.4999999999995
      ],
      [
        -1204894.3999999994,
        3446.5399999999995
      ],
      [
        -1156625.6199999982,
        3339.1800000000003
      ],
      [
        -1155237.779999998,
        3335.6700000000005
      ],
      [
        -1246033.7399999998,
        3705.890000000001
      ],
      [
        -1154717.8299999984,
        3328.1900000000005
      ],
      [
        -1224845.6799999962,
        3562.8900000000003
      ],
      [
        -1164617.659999997,
        3350.6800000000003
      ],
      [
        -1237761.8000000005,
        3631.8600000000006
      ],
      [
        -1238573.0399999993,
        3688.3200000000006
      ],
      [
        -1194341.3899999966,
        3362.6099999999997
      ],
      [
        -1240504.3199999991,
        3702.3300000000004
      ],
      [
        -1212234.5999999975,
        3509.46
      ],
      [
        -1207609.019999998,
        3489.98
      ]
    ]
  },
  "solutions_count": 30,
  "solutions_directory": "../results/SPEA2\\solutions\\users3\\npoint_inversion_high_all\\run5"
}