{
  "run_info": {
    "dataset": "users5.json",
    "config": "uniform_inversion_high_mutation",
    "run": 31,
    "execution_time": 4804.379190683365,
    "generations": 152,
    "pareto_size": 19,
    "pareto_points": [
      [
        -3331007.1599999974,
        7897.420000000002
      ],
      [
        -3390253.839999997,
        8070.410000000002
      ],
      [
        -3436990.739999994,
        8339.85
      ],
      [
        -3361655.359999999,
        7993.290000000002
      ],
      [
        -3364816.4199999967,
        8006.889999999999
      ],
      [
        -3350472.2199999955,
        7953.370000000001
      ],
      [
        -3429642.3399999966,
        8312.410000000002
      ],
      [
        -3405298.2899999972,
        8155.89
      ],
      [
        -3411212.489999997,
        8197.830000000002
      ],
      [
        -3365237.46,
        8022.420000000002
      ],
      [
        -3381410.4499999993,
        8045.910000000002
      ],
      [
        -3405278.049999999,
        8108.400000000001
      ],
      [
        -3429104.9599999962,
        8258.36
      ],
      [
        -3380058.4,
        8033.420000000001
      ],
      [
        -3409651.349999997,
        8160.400000000001
      ],
      [
        -3384092.419999999,
        8053.880000000001
      ],
      [
        -3420205.499999998,
        8211.800000000001
      ],
      [
        -3404126.7099999995,
        8098.390000000001
      ],
      [
        -3411186.199999997,
        8182.860000000001
      ]
    ]
  },
  "solutions_count": 19,
  "solutions_directory": "C:\\Users\\hctr0\\PycharmProjects\\TFG_Hector\\31Executions\\NSGA2\\solutions\\users5\\uniform_inversion_high_mutation\\run31"
}