{
  "solution": [
    17,
    17,
    18,
    16,
    2,
    9,
    5,
    6,
    2,
    4,
    16,
    6,
    16,
    2,
    18,
    5,
    16,
    17,
    6,
    6,
    15,
    18,
    17,
    3,
    15,
    3,
    17,
    12,
    6,
    16,
    9,
    5,
    4,
    15,
    9,
    8,
    16,
    6,
    9,
    3,
    9,
    11,
    8,
    17,
    10,
    6,
    16,
    4,
    16,
    8,
    17,
    8,
    17,
    16,
    10,
    14,
    2,
    5,
    5,
    14,
    1,
    17,
    7,
    17,
    8,
    15,
    15,
    2,
    10,
    17,
    15,
    1,
    2,
    4,
    17,
    17,
    17,
    7,
    6,
    15,
    2,
    6,
    16,
    5,
    5,
    2,
    16,
    1,
    2,
    8,
    5,
    8,
    1,
    3,
    5,
    2,
    17,
    8,
    6,
    15,
    17,
    6,
    17,
    17,
    12,
    14,
    6,
    15,
    15,
    1,
    8,
    2,
    17,
    7,
    17,
    5,
    2,
    8,
    17,
    2,
    4,
    6,
    6,
    15,
    17,
    17,
    18,
    17,
    9,
    9,
    17,
    14,
    8,
    8,
    4,
    6,
    4,
    16,
    6,
    4,
    12,
    17,
    13,
    16,
    9,
    1,
    2,
    13,
    2,
    2,
    6,
    16,
    14,
    3,
    8,
    6,
    17,
    11,
    2,
    16,
    8,
    2,
    17,
    8,
    8,
    6,
    17,
    17,
    8,
    17,
    17,
    11,
    12,
    6,
    6,
    16,
    16,
    17,
    8,
    9,
    12,
    17,
    14,
    2,
    8,
    16,
    5,
    1,
    11,
    2,
    8,
    18,
    6,
    9,
    12,
    2,
    16,
    8,
    15,
    6,
    15,
    10,
    17,
    8,
    17,
    11,
    2,
    5,
    5,
    2,
    8,
    11,
    1,
    15,
    17,
    5,
    6,
    2,
    6,
    1,
    18,
    5,
    9,
    4,
    2,
    11,
    9,
    8,
    14,
    16,
    2,
    13,
    16,
    18,
    11,
    15,
    4,
    6,
    18,
    15,
    15,
    16,
    8,
    9,
    16,
    2,
    17,
    7,
    2,
    17,
    5,
    17,
    12,
    9,
    6,
    5,
    6,
    13,
    8,
    6,
    17,
    4,
    17,
    1,
    15,
    17,
    2,
    7,
    9,
    5,
    8,
    12,
    6,
    2,
    4,
    5,
    6,
    9,
    15,
    6,
    8,
    2,
    6,
    16,
    1,
    3,
    17,
    17,
    18,
    16,
    10,
    9,
    4,
    5,
    8,
    6,
    6,
    5,
    13,
    1
  ],
  "objectives": [
    413545.01999999984,
    1268.1999999999998
  ],
  "fitness": {
    "minutos_ponderados": 413545.01999999984,
    "costo_total": 1268.1999999999998
  }
}