{
  "solution": [
    10,
    4,
    4,
    17,
    8,
    1,
    2,
    8,
    2,
    8,
    1,
    8,
    17,
    17,
    4,
    15,
    16,
    4,
    2,
    2,
    2,
    5,
    5,
    11,
    5,
    9,
    11,
    2,
    17,
    8,
    5,
    15,
    4,
    15,
    2,
    5,
    13,
    17,
    1,
    1,
    11,
    17,
    8,
    4,
    2,
    6,
    8,
    5,
    9,
    17,
    16,
    2,
    16,
    5,
    2,
    1,
    16,
    13,
    16,
    2,
    1,
    16,
    7,
    17,
    17,
    3,
    6,
    4,
    15,
    13,
    5,
    2,
    2,
    16,
    17,
    8,
    2,
    2,
    17,
    17,
    9,
    6,
    2,
    17,
    5,
    13,
    2,
    15,
    5,
    16,
    16,
    2,
    16,
    15,
    17,
    8,
    6,
    8,
    15,
    2,
    8,
    16,
    8,
    8,
    4,
    9,
    14,
    7,
    15,
    7,
    8,
    3,
    16,
    16,
    6,
    1,
    6,
    17,
    1,
    5,
    18,
    5,
    17,
    8,
    7,
    13,
    13,
    11,
    17,
    9,
    9,
    16,
    6,
    8,
    2,
    17,
    1,
    8,
    5,
    14,
    14,
    6,
    8,
    9,
    4,
    16,
    14,
    6,
    6,
    7,
    15,
    6,
    2,
    16,
    7,
    16,
    17,
    11,
    15,
    2,
    4,
    5,
    8,
    1,
    9,
    10,
    5,
    13,
    6,
    2,
    2,
    2,
    17,
    8,
    11,
    17,
    2,
    8,
    15,
    13,
    16,
    5,
    9,
    8,
    16,
    11,
    6,
    17,
    1,
    8,
    4,
    5,
    4,
    2,
    8,
    2,
    9,
    2,
    3,
    17,
    1,
    16,
    15,
    6,
    6,
    15,
    16,
    4,
    5,
    15,
    18,
    10,
    5,
    15,
    6,
    6,
    8,
    17,
    8,
    16,
    17,
    18,
    8,
    8,
    1,
    6,
    8,
    10,
    16,
    17,
    2,
    3,
    8,
    16,
    18,
    17,
    17,
    18,
    6,
    4,
    3,
    1,
    2,
    17,
    2,
    15,
    4,
    6,
    2,
    16,
    8,
    15,
    17,
    16,
    8,
    17,
    18,
    17,
    16,
    8,
    6,
    7,
    9,
    1,
    10,
    16,
    8,
    9,
    10,
    17,
    14,
    10,
    8,
    9,
    13,
    6,
    9,
    6,
    2,
    15,
    8,
    4,
    6,
    12,
    17,
    2,
    13,
    15,
    2,
    13,
    5,
    4,
    2,
    2,
    8,
    17,
    9,
    5,
    9,
    4
  ],
  "objectives": [
    385225.85999999964,
    1174.7300000000002
  ],
  "fitness": {
    "minutos_ponderados": 385225.85999999964,
    "costo_total": 1174.7300000000002
  }
}