{
  "run_info": {
    "dataset": "users1.json",
    "config": "npoint_inversion_low_mutation",
    "run": 1,
    "execution_time": 270.73300075531006,
    "generations": 104,
    "pareto_size": 6,
    "pareto_points": [
      [
        -459027.7299999997,
        1307.93
      ],
      [
        -461796.26999999996,
        1316.4
      ],
      [
        -462912.13999999966,
        1352.4
      ],
      [
        -466760.3000000001,
        1402.8099999999997
      ],
      [
        -465680.67999999993,
        1360.8700000000001
      ],
      [
        -462875.89000000013,
        1348.35
      ]
    ]
  },
  "solutions_count": 6,
  "solutions_directory": "../results/SPEA2\\solutions\\users1\\npoint_inversion_low_mutation\\run1"
}