{
  "solution": [
    2,
    17,
    8,
    17,
    17,
    16,
    8,
    17,
    17,
    17,
    17,
    4,
    17,
    1,
    17,
    17,
    17,
    2,
    17,
    5,
    8,
    17,
    8,
    17,
    17,
    17,
    11,
    17,
    8,
    17,
    1,
    8,
    17,
    17,
    5,
    17,
    8,
    17,
    8,
    17,
    17,
    5,
    2,
    17,
    8,
    17,
    8,
    16,
    17,
    17,
    17,
    17,
    17,
    17,
    16,
    8,
    8,
    16,
    17,
    12,
    4,
    17,
    17,
    8,
    17,
    4,
    17,
    17,
    17,
    4,
    17,
    17,
    17,
    17,
    4,
    6,
    17,
    16,
    17,
    17,
    5,
    17,
    8,
    5,
    8,
    8,
    17,
    8,
    17,
    17,
    2,
    2,
    2,
    6,
    17,
    2,
    4,
    6,
    4,
    17,
    2,
    17,
    5,
    17,
    17,
    17,
    17,
    17,
    17,
    8,
    17,
    16,
    2,
    5,
    17,
    17,
    17,
    8,
    8,
    2,
    8,
    2,
    17,
    2,
    6,
    17,
    17,
    15,
    17,
    6,
    17,
    16,
    17,
    17,
    17,
    17,
    16,
    8,
    8,
    8,
    17,
    17,
    17,
    2,
    16,
    17,
    17,
    17,
    17,
    17,
    17,
    17,
    2,
    17,
    17,
    16,
    16,
    16,
    16,
    17,
    17,
    17,
    2,
    17,
    17,
    17,
    17,
    17,
    17,
    8,
    8,
    17,
    17,
    17,
    8,
    16,
    17,
    8,
    17,
    17,
    9,
    17,
    16,
    8,
    8,
    17,
    17,
    17,
    8,
    8,
    8,
    5,
    17,
    2,
    16,
    16,
    8,
    17,
    17,
    4,
    17,
    2,
    2,
    17,
    5,
    8,
    17,
    17,
    2,
    17,
    17,
    17,
    17,
    17,
    17,
    4,
    2,
    17,
    17,
    11,
    16,
    8,
    17,
    6,
    1,
    17,
    2,
    17,
    17,
    5,
    4,
    17,
    17,
    5,
    18,
    17,
    8,
    15,
    17,
    17,
    17,
    17,
    17,
    17,
    17,
    17,
    17,
    1,
    17,
    5,
    17,
    17,
    17,
    17,
    17,
    17,
    17,
    17,
    8,
    17,
    17,
    8,
    17,
    14,
    2,
    2,
    17,
    2,
    17,
    8,
    8,
    2,
    17,
    8,
    17,
    17,
    2,
    17,
    17,
    17,
    16,
    17,
    17,
    5,
    17,
    17,
    17,
    8,
    2,
    8,
    2,
    17,
    2,
    8,
    17,
    17,
    8,
    4,
    2,
    17
  ],
  "objectives": [
    430869.55000000016,
    916.6800000000002
  ],
  "fitness": {
    "minutos_ponderados": 430869.55000000016,
    "costo_total": 916.6800000000002
  }
}