{
  "run_info": {
    "dataset": "users3.json",
    "config": "npoint_inversion_low_mutation",
    "run": 2,
    "execution_time": 1944.7335274219513,
    "generations": 300,
    "pareto_size": 35,
    "pareto_points": [
      [
        -1238709.3699999994,
        3453.97
      ],
      [
        -1246340.5,
        3493.56
      ],
      [
        -1240202.3699999992,
        3467.9800000000005
      ],
      [
        -1222369.5699999982,
        3407.04
      ],
      [
        -1230547.6399999987,
        3439.03
      ],
      [
        -1228670.829999998,
        3419.0200000000004
      ],
      [
        -1192842.5899999985,
        3365.67
      ],
      [
        -1190972.7099999988,
        3345.6900000000005
      ],
      [
        -1246941.7600000002,
        3513.57
      ],
      [
        -1222801.4099999978,
        3409.0499999999997
      ],
      [
        -1238864.1299999992,
        3455.99
      ],
      [
        -1196255.4599999993,
        3366.6499999999996
      ],
      [
        -1249150.68,
        3514.55
      ],
      [
        -1179849.9899999956,
        3339.2000000000007
      ],
      [
        -1240629.9799999993,
        3492.98
      ],
      [
        -1240231.2399999993,
        3472.51
      ],
      [
        -1263307.3299999987,
        3652.38
      ],
      [
        -1261969.0899999987,
        3628.39
      ],
      [
        -1263639.5799999987,
        3692.37
      ],
      [
        -1188169.1299999983,
        3343.73
      ],
      [
        -1191621.1899999988,
        3359.7000000000007
      ],
      [
        -1257471.0499999982,
        3523.54
      ],
      [
        -1264145.1899999988,
        3698.3500000000004
      ],
      [
        -1258732.3699999982,
        3560.5
      ],
      [
        -1197308.9599999995,
        3388.63
      ],
      [
        -1259696.7499999974,
        3576.9800000000005
      ],
      [
        -1255837.679999998,
        3521.5200000000004
      ],
      [
        -1262570.3499999992,
        3633.4
      ],
      [
        -1199344.9599999986,
        3399.6000000000004
      ],
      [
        -1229979.569999999,
        3431.0500000000006
      ],
      [
        -1240047.6099999994,
        3460.96
      ],
      [
        -1224200.4999999986,
        3410.030000000001
      ],
      [
        -1176869.849999996,
        3324.210000000001
      ],
      [
        -1257655.7199999986,
        3556.52
      ],
      [
        -1226214.2799999986,
        3414.04
      ]
    ]
  },
  "solutions_count": 35,
  "solutions_directory": "../results/SPEA2\\solutions\\users3\\npoint_inversion_low_mutation\\run2"
}