{
  "run_info": {
    "dataset": "users3.json",
    "config": "npoint_inversion_low_mutation",
    "run": 1,
    "execution_time": 598.9390528202057,
    "generations": 99,
    "pareto_size": 22,
    "pareto_points": [
      [
        -1150110.4199999978,
        3667.4800000000005
      ],
      [
        -1154373.249999997,
        3670.4700000000007
      ],
      [
        -1126044.5999999982,
        3572.5699999999997
      ],
      [
        -1151555.6799999976,
        3668.05
      ],
      [
        -1157309.0699999966,
        3702.52
      ],
      [
        -1126040.0099999986,
        3556.6500000000005
      ],
      [
        -1162187.519999996,
        3727.5
      ],
      [
        -1172384.5799999952,
        3844.9400000000005
      ],
      [
        -1181404.859999996,
        3925.54
      ],
      [
        -1133954.3999999964,
        3581.060000000001
      ],
      [
        -1127042.7899999984,
        3574.630000000001
      ],
      [
        -1149509.7399999965,
        3646.5400000000004
      ],
      [
        -1145174.8699999969,
        3600.1199999999994
      ],
      [
        -1171049.769999996,
        3832.0000000000005
      ],
      [
        -1163819.359999996,
        3730.9600000000005
      ],
      [
        -1175077.2099999958,
        3855.44
      ],
      [
        -1167528.709999997,
        3832.0
      ],
      [
        -1137417.309999996,
        3591.5200000000004
      ],
      [
        -1179125.6599999962,
        3912.5499999999997
      ],
      [
        -1178312.599999996,
        3904.0400000000004
      ],
      [
        -1177600.5499999963,
        3893.3700000000003
      ],
      [
        -1148995.8999999966,
        3617.5699999999997
      ]
    ]
  },
  "solutions_count": 22,
  "solutions_directory": "../results/SPEA2\\solutions\\users3\\npoint_inversion_low_mutation\\run1"
}