{
  "run_info": {
    "dataset": "users5.json",
    "config": "uniform_inversion_high_mutation",
    "run": 4,
    "execution_time": 8147.810573101044,
    "generations": 199,
    "pareto_size": 20,
    "pareto_points": [
      [
        -3361947.2399999914,
        7309.2800000000025
      ],
      [
        -3416732.409999988,
        7522.250000000001
      ],
      [
        -3314792.629999997,
        7239.49
      ],
      [
        -3321519.4499999867,
        7261.830000000001
      ],
      [
        -3353482.85999999,
        7287.490000000001
      ],
      [
        -3407841.3599999887,
        7398.350000000001
      ],
      [
        -3397229.2899999917,
        7363.790000000001
      ],
      [
        -3381938.8399999905,
        7343.3200000000015
      ],
      [
        -3340168.7599999933,
        7287.390000000001
      ],
      [
        -3413942.0499999877,
        7493.230000000001
      ],
      [
        -3415576.389999989,
        7498.760000000002
      ],
      [
        -3429254.0099999877,
        7648.240000000002
      ],
      [
        -3239205.49999999,
        7222.4000000000015
      ],
      [
        -3381512.1799999885,
        7313.910000000001
      ],
      [
        -3419342.10999999,
        7537.72
      ],
      [
        -3428392.819999989,
        7592.68
      ],
      [
        -3328518.929999993,
        7276.31
      ],
      [
        -3409059.389999989,
        7468.75
      ],
      [
        -3410634.9599999925,
        7474.8200000000015
      ],
      [
        -3413006.6399999913,
        7480.790000000003
      ]
    ]
  },
  "solutions_count": 20,
  "solutions_directory": "../results/NSGA2\\solutions\\users5\\uniform_inversion_high_mutation\\run4"
}