{
  "run_info": {
    "dataset": "users1.json",
    "config": "high_pheromone_influence",
    "run": 9,
    "execution_time": 1091.788779258728,
    "iterations_completed": 65,
    "max_iterations": 200,
    "terminated_early": true,
    "generations_without_improvement": 12,
    "pareto_size": 8,
    "pareto_points": [
      [
        444308.1999999995,
        975.6800000000001
      ],
      [
        438844.6999999993,
        964.1100000000001
      ],
      [
        431004.2399999996,
        951.6400000000001
      ],
      [
        449716.9899999991,
        1016.06
      ],
      [
        428907.71999999933,
        943.1200000000001
      ],
      [
        436247.49999999907,
        961.1400000000001
      ],
      [
        449718.02999999886,
        1114.67
      ],
      [
        435956.5699999991,
        952.6000000000001
      ]
    ],
    "solutions_evaluated": 1625,
    "config_params": {
      "n_ants": 25,
      "rho": 0.3,
      "alpha": 3.0,
      "beta": 2.0,
      "archive_size": 100,
      "no_improvement_generations": 12
    }
  },
  "solutions_count": 8,
  "solutions_directory": "C:\\Users\\hctr0\\PycharmProjects\\TFG_Hector\\31Executions\\PACO\\solutions\\users1\\high_pheromone_influence\\run9",
  "objective_statistics": {
    "cost_range": {
      "min": 943.1200000000001,
      "max": 1114.67
    },
    "minutes_range": {
      "min": 428907.71999999933,
      "max": 449718.02999999886
    }
  },
  "algorithm_info": {
    "archive_history_length": 65,
    "max_archive_size_reached": 12
  }
}