{
  "solution": [
    5,
    17,
    17,
    17,
    17,
    16,
    7,
    17,
    17,
    17,
    8,
    17,
    17,
    8,
    17,
    5,
    2,
    1,
    17,
    8,
    6,
    17,
    17,
    17,
    17,
    17,
    16,
    8,
    17,
    17,
    17,
    16,
    17,
    8,
    17,
    17,
    17,
    8,
    17,
    17,
    17,
    4,
    16,
    17,
    8,
    17,
    17,
    17,
    17,
    17,
    17,
    17,
    3,
    3,
    6,
    17,
    17,
    4,
    8,
    17,
    17,
    3,
    2,
    8,
    17,
    17,
    17,
    16,
    17,
    17,
    7,
    16,
    17,
    17,
    17,
    5,
    8,
    17,
    17,
    17,
    16,
    17,
    4,
    2,
    17,
    17,
    8,
    17,
    7,
    17,
    17,
    17,
    17,
    8,
    17,
    16,
    17,
    2,
    8,
    17,
    5,
    5,
    17,
    17,
    17,
    16,
    17,
    17,
    17,
    17,
    17,
    4,
    17,
    15,
    8,
    17,
    5,
    17,
    16,
    17,
    5,
    17,
    8,
    4,
    4,
    8,
    5,
    17,
    17,
    8,
    4,
    8,
    17,
    17,
    17,
    17,
    8,
    17,
    4,
    2,
    8,
    2,
    17,
    17,
    8,
    5,
    8,
    17,
    17,
    6,
    17,
    17,
    15,
    17,
    4,
    17,
    8,
    17,
    8,
    17,
    5,
    16,
    17,
    8,
    17,
    17,
    7,
    8,
    2,
    17,
    17,
    8,
    4,
    6,
    8,
    9,
    5,
    17,
    17,
    17,
    5,
    17,
    17,
    17,
    17,
    17,
    5,
    17,
    17,
    17,
    17,
    17,
    6,
    8,
    8,
    5,
    17,
    5,
    17,
    7,
    17,
    5,
    17,
    2,
    5,
    17,
    17,
    2,
    16,
    8,
    8,
    6,
    17,
    17,
    16,
    8,
    5,
    6,
    2,
    16,
    17,
    10,
    5,
    2,
    17,
    17,
    17,
    17,
    17,
    8,
    17,
    17,
    17,
    15,
    16,
    16,
    17,
    16,
    17,
    16,
    15,
    9,
    8,
    17,
    17,
    17,
    8,
    5,
    17,
    17,
    17,
    8,
    17,
    17,
    16,
    17,
    17,
    17,
    17,
    16,
    2,
    17,
    2,
    17,
    17,
    8,
    17,
    17,
    5,
    16,
    17,
    8,
    17,
    8,
    10,
    17,
    5,
    12,
    16,
    2,
    5,
    2,
    17,
    17,
    7,
    5,
    18,
    17,
    17,
    4,
    17,
    8,
    17,
    7,
    8,
    6,
    6,
    15,
    2,
    17
  ],
  "objectives": [
    444308.1999999995,
    975.6800000000001
  ],
  "fitness": {
    "minutos_ponderados": 444308.1999999995,
    "costo_total": 975.6800000000001
  }
}