{
  "solution": [
    5,
    17,
    17,
    17,
    18,
    16,
    17,
    16,
    17,
    17,
    8,
    17,
    17,
    8,
    17,
    17,
    2,
    17,
    17,
    8,
    17,
    17,
    17,
    17,
    17,
    17,
    16,
    8,
    17,
    17,
    17,
    11,
    17,
    8,
    17,
    17,
    6,
    8,
    17,
    17,
    17,
    4,
    17,
    17,
    6,
    17,
    17,
    17,
    17,
    17,
    17,
    17,
    2,
    17,
    17,
    17,
    17,
    8,
    8,
    17,
    17,
    6,
    8,
    8,
    17,
    17,
    3,
    17,
    17,
    9,
    17,
    16,
    17,
    17,
    17,
    5,
    8,
    17,
    17,
    17,
    16,
    17,
    4,
    2,
    17,
    17,
    8,
    17,
    17,
    17,
    17,
    17,
    17,
    17,
    17,
    16,
    17,
    7,
    8,
    17,
    5,
    5,
    17,
    17,
    17,
    16,
    17,
    17,
    17,
    17,
    17,
    16,
    17,
    14,
    8,
    17,
    5,
    17,
    16,
    16,
    5,
    17,
    8,
    17,
    4,
    8,
    5,
    17,
    17,
    8,
    4,
    14,
    3,
    17,
    17,
    17,
    8,
    11,
    4,
    2,
    8,
    2,
    17,
    17,
    4,
    5,
    8,
    17,
    17,
    6,
    17,
    17,
    17,
    17,
    4,
    2,
    8,
    17,
    17,
    17,
    5,
    17,
    17,
    8,
    17,
    17,
    17,
    8,
    3,
    17,
    17,
    8,
    4,
    6,
    8,
    17,
    5,
    17,
    17,
    5,
    14,
    17,
    17,
    17,
    17,
    17,
    5,
    17,
    17,
    17,
    17,
    17,
    6,
    8,
    1,
    17,
    17,
    5,
    17,
    17,
    17,
    5,
    17,
    2,
    5,
    17,
    2,
    2,
    15,
    8,
    8,
    17,
    17,
    17,
    16,
    8,
    17,
    17,
    2,
    16,
    17,
    2,
    5,
    8,
    17,
    17,
    17,
    17,
    10,
    8,
    17,
    17,
    17,
    15,
    11,
    2,
    17,
    16,
    17,
    16,
    15,
    17,
    8,
    17,
    17,
    17,
    8,
    5,
    17,
    17,
    17,
    8,
    17,
    18,
    16,
    17,
    17,
    17,
    17,
    16,
    2,
    17,
    2,
    17,
    17,
    7,
    17,
    17,
    5,
    16,
    17,
    8,
    17,
    8,
    17,
    10,
    16,
    17,
    16,
    16,
    5,
    2,
    17,
    17,
    8,
    5,
    1,
    17,
    17,
    4,
    17,
    2,
    17,
    17,
    8,
    17,
    6,
    15,
    2,
    17
  ],
  "objectives": [
    449716.9899999991,
    1016.06
  ],
  "fitness": {
    "minutos_ponderados": 449716.9899999991,
    "costo_total": 1016.06
  }
}