{
  "solution": [
    2,
    8,
    5,
    17,
    8,
    17,
    8,
    17,
    17,
    17,
    17,
    15,
    2,
    17,
    17,
    17,
    6,
    17,
    17,
    4,
    8,
    11,
    6,
    17,
    10,
    17,
    5,
    17,
    17,
    6,
    17,
    17,
    2,
    17,
    17,
    16,
    10,
    17,
    17,
    15,
    6,
    17,
    8,
    16,
    2,
    5,
    4,
    17,
    17,
    17,
    7,
    17,
    8,
    17,
    8,
    2,
    17,
    8,
    10,
    17,
    8,
    17,
    5,
    17,
    17,
    11,
    5,
    5,
    17,
    17,
    9,
    2,
    3,
    5,
    17,
    2,
    17,
    5,
    17,
    17,
    16,
    17,
    2,
    17,
    16,
    4,
    8,
    17,
    17,
    15,
    17,
    2,
    10,
    17,
    9,
    8,
    17,
    17,
    2,
    4,
    17,
    17,
    6,
    17,
    17,
    16,
    17,
    17,
    16,
    16,
    17,
    17,
    17,
    8,
    8,
    17,
    5,
    16,
    9,
    2,
    17,
    5,
    2,
    17,
    17,
    17,
    6,
    2,
    17,
    15,
    2,
    17,
    17,
    17,
    9,
    16,
    6,
    17,
    17,
    17,
    17,
    2,
    8,
    8,
    17,
    17,
    17,
    17,
    3,
    17,
    17,
    2,
    5,
    17,
    8,
    15,
    17,
    15,
    8,
    17,
    17,
    6,
    17,
    15,
    4,
    17,
    9,
    2,
    17,
    17,
    8,
    9,
    15,
    16,
    17,
    17,
    17,
    10,
    17,
    17,
    18,
    6,
    8,
    17,
    17,
    8,
    2,
    17,
    17,
    17,
    9,
    2,
    17,
    17,
    5,
    6,
    16,
    8,
    4,
    17,
    17,
    17,
    17,
    5,
    17,
    6,
    14,
    17,
    17,
    10,
    17,
    10,
    17,
    17,
    17,
    8,
    17,
    17,
    8,
    2,
    17,
    6,
    8,
    17,
    17,
    17,
    17,
    8,
    17,
    9,
    5,
    8,
    9,
    17,
    2,
    4,
    8,
    17,
    8,
    17,
    17,
    8,
    8,
    9,
    17,
    17,
    8,
    17,
    7,
    4,
    5,
    6,
    17,
    9,
    8,
    8,
    6,
    9,
    17,
    8,
    6,
    8,
    17,
    17,
    17,
    17,
    8,
    4,
    1,
    3,
    8,
    17,
    17,
    16,
    17,
    8,
    17,
    17,
    17,
    17,
    8,
    4,
    17,
    15,
    17,
    4,
    17,
    17,
    2,
    4,
    8,
    17,
    16,
    2,
    16,
    8,
    17,
    17,
    5,
    8
  ],
  "objectives": [
    449969.56999999937,
    1022.1700000000001
  ],
  "fitness": {
    "minutos_ponderados": 449969.56999999937,
    "costo_total": 1022.1700000000001
  }
}