{
  "solution": [
    2,
    14,
    5,
    17,
    8,
    17,
    8,
    17,
    17,
    17,
    17,
    15,
    2,
    17,
    14,
    17,
    6,
    5,
    17,
    4,
    9,
    17,
    6,
    17,
    17,
    17,
    5,
    17,
    17,
    17,
    17,
    17,
    6,
    17,
    17,
    16,
    17,
    15,
    17,
    15,
    6,
    17,
    8,
    16,
    2,
    4,
    17,
    17,
    17,
    5,
    8,
    16,
    8,
    17,
    12,
    17,
    17,
    17,
    8,
    17,
    8,
    17,
    5,
    17,
    14,
    17,
    5,
    5,
    17,
    17,
    5,
    17,
    17,
    17,
    5,
    17,
    17,
    17,
    11,
    17,
    14,
    17,
    2,
    17,
    17,
    4,
    8,
    17,
    17,
    8,
    17,
    2,
    16,
    17,
    15,
    13,
    17,
    17,
    17,
    17,
    1,
    17,
    6,
    17,
    17,
    17,
    17,
    17,
    2,
    16,
    17,
    8,
    2,
    8,
    8,
    17,
    5,
    17,
    17,
    17,
    17,
    5,
    4,
    17,
    17,
    17,
    6,
    5,
    17,
    17,
    2,
    10,
    17,
    17,
    17,
    17,
    6,
    17,
    17,
    17,
    17,
    2,
    8,
    8,
    17,
    17,
    17,
    17,
    5,
    8,
    17,
    4,
    17,
    2,
    17,
    15,
    17,
    5,
    8,
    17,
    17,
    6,
    17,
    17,
    4,
    14,
    9,
    2,
    17,
    17,
    8,
    17,
    17,
    16,
    17,
    17,
    17,
    17,
    17,
    17,
    17,
    17,
    8,
    17,
    17,
    8,
    17,
    17,
    17,
    12,
    17,
    2,
    17,
    17,
    2,
    8,
    16,
    8,
    4,
    17,
    12,
    17,
    17,
    7,
    17,
    17,
    16,
    17,
    17,
    2,
    17,
    18,
    17,
    17,
    17,
    17,
    12,
    17,
    13,
    2,
    17,
    6,
    17,
    17,
    17,
    17,
    17,
    8,
    17,
    9,
    5,
    17,
    9,
    17,
    17,
    4,
    8,
    15,
    16,
    5,
    17,
    17,
    8,
    17,
    17,
    17,
    8,
    17,
    9,
    8,
    5,
    4,
    17,
    17,
    8,
    8,
    6,
    16,
    17,
    17,
    6,
    8,
    17,
    17,
    17,
    5,
    8,
    4,
    8,
    10,
    8,
    17,
    17,
    8,
    17,
    17,
    17,
    17,
    17,
    17,
    2,
    17,
    17,
    2,
    1,
    4,
    17,
    11,
    2,
    8,
    17,
    8,
    16,
    2,
    17,
    8,
    7,
    17,
    17,
    8
  ],
  "objectives": [
    452452.6799999999,
    1058.0800000000002
  ],
  "fitness": {
    "minutos_ponderados": 452452.6799999999,
    "costo_total": 1058.0800000000002
  }
}