{
  "solution": [
    2,
    4,
    5,
    17,
    8,
    17,
    8,
    17,
    17,
    17,
    17,
    15,
    2,
    17,
    17,
    17,
    6,
    17,
    4,
    4,
    8,
    17,
    6,
    17,
    17,
    17,
    5,
    17,
    17,
    17,
    17,
    17,
    5,
    17,
    17,
    16,
    17,
    17,
    17,
    15,
    6,
    17,
    8,
    16,
    2,
    5,
    10,
    17,
    17,
    17,
    8,
    18,
    8,
    17,
    11,
    17,
    17,
    17,
    8,
    17,
    8,
    17,
    5,
    17,
    17,
    17,
    5,
    17,
    17,
    17,
    5,
    17,
    17,
    17,
    17,
    2,
    17,
    17,
    17,
    17,
    2,
    17,
    2,
    17,
    17,
    4,
    8,
    17,
    17,
    15,
    17,
    2,
    16,
    17,
    17,
    7,
    17,
    17,
    17,
    17,
    7,
    17,
    6,
    17,
    17,
    17,
    5,
    17,
    9,
    16,
    17,
    8,
    17,
    8,
    8,
    17,
    5,
    17,
    1,
    5,
    17,
    5,
    5,
    17,
    17,
    17,
    2,
    17,
    16,
    17,
    2,
    17,
    17,
    17,
    17,
    17,
    6,
    17,
    17,
    17,
    17,
    2,
    8,
    8,
    17,
    17,
    17,
    17,
    5,
    9,
    17,
    4,
    17,
    17,
    17,
    15,
    17,
    5,
    8,
    17,
    17,
    6,
    17,
    17,
    2,
    4,
    9,
    2,
    17,
    4,
    13,
    15,
    1,
    16,
    17,
    17,
    17,
    17,
    17,
    17,
    17,
    17,
    9,
    17,
    17,
    8,
    17,
    2,
    17,
    17,
    17,
    2,
    17,
    17,
    2,
    8,
    16,
    8,
    4,
    17,
    17,
    17,
    17,
    5,
    17,
    17,
    17,
    17,
    17,
    2,
    17,
    15,
    17,
    17,
    17,
    11,
    17,
    17,
    8,
    2,
    17,
    6,
    17,
    17,
    17,
    17,
    17,
    8,
    17,
    9,
    5,
    17,
    13,
    17,
    2,
    4,
    3,
    17,
    16,
    13,
    17,
    8,
    8,
    17,
    2,
    17,
    8,
    17,
    9,
    8,
    5,
    4,
    17,
    3,
    18,
    8,
    6,
    16,
    17,
    17,
    6,
    8,
    17,
    4,
    17,
    16,
    8,
    4,
    8,
    17,
    8,
    7,
    17,
    8,
    17,
    17,
    17,
    17,
    17,
    17,
    2,
    17,
    17,
    2,
    17,
    4,
    17,
    17,
    2,
    8,
    17,
    8,
    16,
    2,
    17,
    8,
    17,
    17,
    17,
    8
  ],
  "objectives": [
    448508.38000000006,
    995.0400000000001
  ],
  "fitness": {
    "minutos_ponderados": 448508.38000000006,
    "costo_total": 995.0400000000001
  }
}