{
  "solution": [
    8,
    17,
    6,
    16,
    17,
    17,
    16,
    17,
    17,
    17,
    17,
    15,
    17,
    5,
    8,
    8,
    12,
    17,
    17,
    16,
    17,
    6,
    17,
    17,
    15,
    17,
    2,
    4,
    17,
    17,
    17,
    17,
    17,
    6,
    17,
    1,
    6,
    8,
    15,
    5,
    2,
    8,
    17,
    17,
    17,
    17,
    8,
    17,
    17,
    16,
    17,
    17,
    9,
    17,
    17,
    17,
    17,
    17,
    7,
    17,
    16,
    17,
    17,
    2,
    17,
    6,
    4,
    17,
    2,
    1,
    2,
    5,
    17,
    17,
    17,
    5,
    15,
    16,
    17,
    6,
    4,
    17,
    17,
    10,
    17,
    17,
    8,
    16,
    17,
    17,
    16,
    17,
    8,
    3,
    8,
    2,
    17,
    17,
    17,
    17,
    6,
    17,
    8,
    5,
    17,
    4,
    17,
    5,
    17,
    16,
    8,
    8,
    18,
    17,
    17,
    8,
    17,
    17,
    17,
    17,
    18,
    17,
    8,
    16,
    8,
    17,
    8,
    17,
    5,
    17,
    17,
    17,
    8,
    17,
    17,
    7,
    4,
    17,
    9,
    17,
    8,
    5,
    17,
    8,
    17,
    17,
    17,
    5,
    17,
    4,
    8,
    5,
    17,
    9,
    17,
    17,
    2,
    17,
    4,
    11,
    17,
    15,
    17,
    17,
    17,
    17,
    17,
    17,
    16,
    8,
    15,
    17,
    6,
    5,
    15,
    17,
    5,
    17,
    17,
    17,
    16,
    17,
    2,
    17,
    8,
    17,
    8,
    17,
    17,
    6,
    11,
    8,
    17,
    5,
    6,
    17,
    17,
    5,
    5,
    6,
    8,
    8,
    4,
    17,
    17,
    6,
    17,
    8,
    5,
    17,
    17,
    17,
    5,
    8,
    4,
    17,
    10,
    17,
    17,
    17,
    5,
    17,
    5,
    17,
    17,
    5,
    4,
    8,
    4,
    17,
    2,
    5,
    8,
    6,
    17,
    2,
    16,
    17,
    2,
    17,
    2,
    10,
    17,
    17,
    17,
    17,
    16,
    17,
    17,
    17,
    4,
    5,
    6,
    17,
    17,
    6,
    17,
    17,
    17,
    2,
    8,
    17,
    4,
    17,
    7,
    17,
    17,
    17,
    17,
    13,
    5,
    2,
    17,
    17,
    6,
    4,
    17,
    17,
    17,
    17,
    17,
    17,
    17,
    17,
    9,
    15,
    17,
    6,
    17,
    17,
    17,
    17,
    17,
    17,
    17,
    2,
    17,
    4,
    17,
    16
  ],
  "objectives": [
    336534.93000000034,
    1043.0600000000002
  ],
  "fitness": {
    "minutos_ponderados": 336534.93000000034,
    "costo_total": 1043.0600000000002
  }
}