{
  "run_info": {
    "dataset": "users5.json",
    "config": "uniform_inversion_high_mutation",
    "run": 17,
    "execution_time": 8556.794014692307,
    "generations": 296,
    "pareto_size": 20,
    "pareto_points": [
      [
        -3457638.150000003,
        6760.4
      ],
      [
        -3474564.500000001,
        6783.85
      ],
      [
        -3473368.960000005,
        6769.950000000001
      ],
      [
        -3500776.8200000036,
        6815.880000000001
      ],
      [
        -3528414.230000003,
        6929.760000000003
      ],
      [
        -3531288.8,
        6947.28
      ],
      [
        -3515995.8400000054,
        6865.340000000001
      ],
      [
        -3546327.42,
        7052.6900000000005
      ],
      [
        -3515057.0800000005,
        6839.330000000001
      ],
      [
        -3541356.0500000007,
        6982.270000000001
      ],
      [
        -3527489.2400000007,
        6900.83
      ],
      [
        -3525819.880000003,
        6898.820000000002
      ],
      [
        -3515785.3600000036,
        6844.410000000001
      ],
      [
        -3505464.930000004,
        6835.87
      ],
      [
        -3487320.1400000015,
        6788.410000000001
      ],
      [
        -3537425.2899999986,
        6948.310000000001
      ],
      [
        -3523860.260000001,
        6878.840000000001
      ],
      [
        -3518787.1700000023,
        6876.280000000002
      ],
      [
        -3521302.2300000032,
        6877.330000000001
      ],
      [
        -3504756.7400000035,
        6825.8200000000015
      ]
    ]
  },
  "solutions_count": 20,
  "solutions_directory": "C:\\Users\\hctr0\\PycharmProjects\\TFG_Hector\\31Executions\\NSGA2\\solutions\\users5\\uniform_inversion_high_mutation\\run17"
}