{
  "solution": [
    5,
    17,
    18,
    17,
    13,
    17,
    8,
    8,
    16,
    17,
    17,
    17,
    17,
    8,
    17,
    5,
    16,
    17,
    5,
    17,
    17,
    17,
    2,
    17,
    9,
    8,
    17,
    16,
    17,
    15,
    17,
    17,
    5,
    8,
    17,
    6,
    16,
    17,
    17,
    17,
    3,
    17,
    17,
    17,
    2,
    17,
    3,
    17,
    16,
    17,
    17,
    16,
    17,
    17,
    7,
    17,
    8,
    5,
    17,
    17,
    4,
    13,
    17,
    17,
    17,
    8,
    17,
    4,
    8,
    17,
    5,
    2,
    17,
    5,
    17,
    5,
    16,
    8,
    8,
    17,
    2,
    5,
    17,
    17,
    17,
    2,
    17,
    17,
    17,
    17,
    6,
    18,
    5,
    17,
    17,
    8,
    17,
    17,
    17,
    1,
    8,
    17,
    17,
    8,
    17,
    2,
    17,
    11,
    5,
    17,
    16,
    17,
    17,
    17,
    17,
    17,
    8,
    8,
    2,
    16,
    17,
    17,
    17,
    17,
    17,
    16,
    4,
    17,
    17,
    5,
    17,
    17,
    17,
    17,
    5,
    5,
    4,
    8,
    17,
    17,
    17,
    4,
    8,
    17,
    17,
    8,
    16,
    8,
    4,
    17,
    2,
    17,
    8,
    15,
    17,
    17,
    9,
    9,
    8,
    16,
    17,
    8,
    2,
    17,
    17,
    8,
    17,
    17,
    17,
    4,
    6,
    16,
    17,
    17,
    8,
    4,
    17,
    5,
    8,
    8,
    5,
    8,
    8,
    8,
    5,
    17,
    5,
    15,
    8,
    10,
    8,
    15,
    17,
    2,
    17,
    17,
    12,
    4,
    2,
    6,
    17,
    1,
    1,
    2,
    17,
    1,
    2,
    17,
    3,
    8,
    17,
    17,
    17,
    17,
    17,
    17,
    8,
    11,
    17,
    16,
    17,
    17,
    17,
    17,
    6,
    17,
    17,
    5,
    17,
    17,
    13,
    5,
    17,
    5,
    17,
    17,
    1,
    2,
    17,
    8,
    17,
    8,
    17,
    8,
    17,
    8,
    17,
    8,
    17,
    17,
    8,
    6,
    17,
    2,
    4,
    10,
    17,
    8,
    17,
    2,
    9,
    8,
    17,
    8,
    13,
    13,
    17,
    4,
    8,
    17,
    8,
    17,
    17,
    17,
    17,
    17,
    17,
    17,
    8,
    17,
    5,
    17,
    8,
    17,
    17,
    17,
    17,
    8,
    8,
    17,
    8,
    17,
    16,
    16,
    17,
    17,
    17,
    18,
    17,
    16
  ],
  "objectives": [
    407896.32,
    993.6900000000003
  ],
  "fitness": {
    "minutos_ponderados": 407896.32,
    "costo_total": 993.6900000000003
  }
}