{
  "run_info": {
    "dataset": "users4.json",
    "config": "high_heuristic_influence",
    "run": 16,
    "execution_time": 3804.5516612529755,
    "iterations_completed": 68,
    "max_iterations": 200,
    "terminated_early": true,
    "generations_without_improvement": 12,
    "pareto_size": 19,
    "pareto_points": [
      [
        1802747.8700000213,
        4566.010000000003
      ],
      [
        1811123.8000000133,
        4570.790000000002
      ],
      [
        1770761.8800000148,
        4439.260000000002
      ],
      [
        1782151.970000009,
        4561.760000000002
      ],
      [
        1778887.8900000125,
        4490.000000000003
      ],
      [
        1838433.3600000213,
        4800.840000000004
      ],
      [
        1819746.460000023,
        4762.090000000005
      ],
      [
        1848022.8200000266,
        4815.680000000005
      ],
      [
        1853998.7400000233,
        4890.440000000004
      ],
      [
        1854540.010000024,
        4911.980000000005
      ],
      [
        1858838.4000000274,
        4923.450000000006
      ],
      [
        1863002.0500000196,
        4964.260000000006
      ],
      [
        1865955.2600000286,
        4966.350000000006
      ],
      [
        1888301.4800000337,
        5021.110000000006
      ],
      [
        1867214.0700000294,
        4969.280000000005
      ],
      [
        1888886.7300000298,
        5123.620000000006
      ],
      [
        1869624.0300000275,
        4978.230000000006
      ],
      [
        1875024.9100000295,
        4992.190000000005
      ],
      [
        1871805.20000003,
        4987.090000000005
      ]
    ],
    "solutions_evaluated": 1360,
    "config_params": {
      "n_ants": 20,
      "rho": 0.4,
      "alpha": 0.5,
      "beta": 5.0,
      "archive_size": 100,
      "no_improvement_generations": 12
    }
  },
  "solutions_count": 19,
  "solutions_directory": "C:\\Users\\hctr0\\PycharmProjects\\TFG_Hector\\31Executions\\PACO\\solutions\\users4\\high_heuristic_influence\\run16",
  "objective_statistics": {
    "cost_range": {
      "min": 4439.260000000002,
      "max": 5123.620000000006
    },
    "minutes_range": {
      "min": 1770761.8800000148,
      "max": 1888886.7300000298
    }
  },
  "algorithm_info": {
    "archive_history_length": 68,
    "max_archive_size_reached": 20
  }
}