{
  "run_info": {
    "dataset": "users3.json",
    "config": "uniform_inversion_high_mutation",
    "run": 26,
    "execution_time": 831.2670102119446,
    "generations": 109,
    "pareto_size": 16,
    "pareto_points": [
      [
        -1267060.2999999973,
        3244.5600000000004
      ],
      [
        -1256360.6099999954,
        3200.6600000000003
      ],
      [
        -1264905.4099999943,
        3233.61
      ],
      [
        -1262031.6799999971,
        3224.09
      ],
      [
        -1261735.8299999959,
        3222.13
      ],
      [
        -1290901.4099999943,
        3360.0200000000004
      ],
      [
        -1288192.2199999962,
        3311.1
      ],
      [
        -1281408.4699999967,
        3301.0300000000007
      ],
      [
        -1258370.3999999948,
        3219.12
      ],
      [
        -1278701.2699999968,
        3276.0299999999997
      ],
      [
        -1283514.679999997,
        3311.08
      ],
      [
        -1273168.1399999943,
        3245.62
      ],
      [
        -1288216.3199999973,
        3326.5199999999995
      ],
      [
        -1281091.0999999968,
        3295.0199999999995
      ],
      [
        -1235260.8599999973,
        3196.1000000000004
      ],
      [
        -1289935.0499999954,
        3358.9500000000007
      ]
    ]
  },
  "solutions_count": 16,
  "solutions_directory": "C:\\Users\\hctr0\\PycharmProjects\\TFG_Hector\\31Executions\\NSGA2\\solutions\\users3\\uniform_inversion_high_mutation\\run26"
}