{
  "solution": [
    12,
    17,
    17,
    6,
    8,
    11,
    17,
    17,
    17,
    8,
    5,
    2,
    17,
    17,
    2,
    17,
    8,
    17,
    8,
    15,
    17,
    2,
    17,
    17,
    8,
    8,
    8,
    5,
    17,
    17,
    17,
    17,
    17,
    16,
    11,
    17,
    17,
    17,
    15,
    17,
    5,
    17,
    8,
    17,
    12,
    4,
    17,
    17,
    17,
    8,
    17,
    17,
    17,
    17,
    17,
    17,
    17,
    17,
    17,
    17,
    2,
    8,
    17,
    17,
    17,
    17,
    17,
    17,
    17,
    15,
    17,
    17,
    16,
    16,
    17,
    17,
    16,
    8,
    17,
    17,
    17,
    17,
    17,
    17,
    17,
    8,
    2,
    8,
    17,
    17,
    5,
    17,
    17,
    17,
    2,
    16,
    17,
    17,
    16,
    17,
    17,
    17,
    17,
    16,
    8,
    8,
    6,
    17,
    17,
    17,
    5,
    17,
    17,
    16,
    17,
    8,
    17,
    11,
    17,
    4,
    17,
    8,
    17,
    2,
    17,
    2,
    2,
    16,
    9,
    17,
    17,
    16,
    17,
    9,
    5,
    17,
    17,
    8,
    8,
    8,
    17,
    17,
    5,
    5,
    17,
    2,
    7,
    7,
    17,
    18,
    1,
    17,
    17,
    17,
    17,
    17,
    17,
    17,
    17,
    6,
    17,
    17,
    5,
    15,
    9,
    17,
    3,
    17,
    17,
    17,
    17,
    8,
    6,
    17,
    2,
    17,
    17,
    17,
    17,
    17,
    17,
    17,
    17,
    17,
    17,
    8,
    5,
    17,
    17,
    2,
    8,
    17,
    17,
    5,
    17,
    6,
    17,
    17,
    17,
    17,
    17,
    2,
    6,
    17,
    4,
    4,
    17,
    17,
    5,
    17,
    17,
    2,
    5,
    17,
    16,
    17,
    17,
    8,
    8,
    16,
    17,
    8,
    17,
    17,
    17,
    17,
    17,
    17,
    17,
    17,
    5,
    17,
    5,
    17,
    17,
    17,
    17,
    8,
    17,
    8,
    17,
    8,
    8,
    4,
    17,
    17,
    18,
    17,
    4,
    17,
    8,
    17,
    17,
    17,
    17,
    2,
    17,
    17,
    2,
    17,
    4,
    17,
    6,
    17,
    17,
    17,
    8,
    8,
    8,
    2,
    17,
    6,
    17,
    17,
    17,
    17,
    8,
    5,
    17,
    17,
    17,
    5,
    16,
    17,
    5,
    4,
    5,
    17,
    15,
    17,
    17,
    17,
    8,
    4,
    8,
    4,
    17,
    15,
    5,
    7
  ],
  "objectives": [
    453214.0099999997,
    996.5600000000002
  ],
  "fitness": {
    "minutos_ponderados": 453214.0099999997,
    "costo_total": 996.5600000000002
  }
}