{
  "solution": [
    5,
    17,
    17,
    17,
    8,
    3,
    17,
    17,
    17,
    16,
    5,
    2,
    17,
    17,
    2,
    17,
    8,
    17,
    8,
    7,
    17,
    2,
    17,
    17,
    8,
    2,
    8,
    5,
    17,
    17,
    2,
    17,
    5,
    16,
    17,
    17,
    2,
    17,
    17,
    17,
    17,
    17,
    8,
    17,
    5,
    4,
    17,
    17,
    17,
    8,
    17,
    17,
    17,
    17,
    17,
    17,
    17,
    17,
    17,
    17,
    2,
    16,
    17,
    17,
    17,
    17,
    17,
    17,
    17,
    17,
    17,
    17,
    16,
    16,
    17,
    17,
    5,
    8,
    17,
    17,
    17,
    17,
    17,
    17,
    17,
    8,
    2,
    8,
    8,
    17,
    5,
    3,
    17,
    17,
    2,
    17,
    10,
    17,
    16,
    10,
    17,
    11,
    17,
    16,
    8,
    6,
    17,
    17,
    17,
    17,
    5,
    16,
    17,
    16,
    17,
    8,
    17,
    17,
    5,
    4,
    3,
    8,
    17,
    2,
    17,
    2,
    2,
    16,
    17,
    6,
    17,
    16,
    17,
    17,
    5,
    17,
    17,
    8,
    8,
    8,
    17,
    17,
    5,
    5,
    17,
    15,
    16,
    17,
    17,
    2,
    17,
    7,
    17,
    11,
    17,
    17,
    17,
    17,
    17,
    17,
    17,
    17,
    5,
    14,
    17,
    17,
    8,
    17,
    17,
    17,
    17,
    6,
    17,
    17,
    2,
    17,
    17,
    17,
    17,
    17,
    17,
    17,
    17,
    17,
    17,
    8,
    5,
    17,
    17,
    16,
    8,
    12,
    17,
    5,
    17,
    6,
    17,
    17,
    17,
    17,
    17,
    2,
    8,
    12,
    4,
    4,
    17,
    17,
    5,
    17,
    17,
    17,
    5,
    17,
    16,
    6,
    17,
    8,
    8,
    16,
    17,
    8,
    17,
    17,
    17,
    17,
    17,
    17,
    17,
    4,
    5,
    17,
    5,
    17,
    17,
    17,
    17,
    8,
    17,
    8,
    14,
    5,
    8,
    8,
    17,
    17,
    8,
    17,
    4,
    17,
    8,
    17,
    17,
    17,
    17,
    4,
    17,
    11,
    2,
    17,
    17,
    3,
    16,
    17,
    17,
    17,
    8,
    8,
    8,
    2,
    17,
    6,
    17,
    17,
    17,
    17,
    12,
    5,
    10,
    17,
    17,
    5,
    7,
    17,
    5,
    4,
    5,
    18,
    15,
    17,
    17,
    17,
    8,
    4,
    8,
    4,
    17,
    17,
    17,
    17
  ],
  "objectives": [
    457319.95999999996,
    1043.07
  ],
  "fitness": {
    "minutos_ponderados": 457319.95999999996,
    "costo_total": 1043.07
  }
}