{
  "solution": [
    5,
    15,
    17,
    17,
    11,
    17,
    17,
    4,
    17,
    8,
    5,
    2,
    17,
    12,
    2,
    17,
    8,
    17,
    8,
    17,
    17,
    2,
    12,
    17,
    8,
    8,
    15,
    5,
    17,
    12,
    10,
    17,
    17,
    16,
    17,
    11,
    17,
    17,
    17,
    17,
    17,
    17,
    11,
    17,
    5,
    4,
    17,
    17,
    17,
    8,
    17,
    17,
    17,
    17,
    17,
    17,
    16,
    17,
    17,
    17,
    2,
    12,
    17,
    17,
    17,
    17,
    17,
    17,
    17,
    17,
    17,
    17,
    6,
    16,
    4,
    17,
    5,
    8,
    17,
    17,
    17,
    17,
    17,
    17,
    17,
    2,
    2,
    7,
    18,
    17,
    14,
    17,
    17,
    17,
    2,
    17,
    17,
    17,
    16,
    17,
    17,
    17,
    17,
    16,
    8,
    9,
    17,
    17,
    17,
    17,
    2,
    17,
    17,
    16,
    17,
    8,
    17,
    17,
    9,
    4,
    17,
    8,
    17,
    2,
    8,
    2,
    2,
    16,
    9,
    17,
    17,
    16,
    17,
    17,
    5,
    17,
    17,
    8,
    8,
    8,
    17,
    17,
    5,
    5,
    17,
    2,
    17,
    17,
    6,
    4,
    17,
    17,
    17,
    17,
    17,
    17,
    17,
    17,
    17,
    17,
    17,
    17,
    5,
    8,
    17,
    17,
    17,
    17,
    17,
    17,
    17,
    8,
    17,
    17,
    2,
    17,
    17,
    17,
    17,
    17,
    17,
    8,
    17,
    17,
    17,
    8,
    5,
    17,
    17,
    2,
    8,
    17,
    17,
    5,
    17,
    6,
    15,
    17,
    17,
    17,
    17,
    2,
    6,
    17,
    4,
    4,
    11,
    17,
    5,
    17,
    17,
    17,
    5,
    17,
    16,
    17,
    17,
    2,
    8,
    2,
    17,
    8,
    17,
    17,
    17,
    17,
    17,
    17,
    17,
    17,
    5,
    17,
    5,
    8,
    17,
    17,
    17,
    8,
    17,
    8,
    17,
    8,
    8,
    8,
    5,
    17,
    8,
    17,
    2,
    17,
    8,
    17,
    17,
    17,
    6,
    2,
    17,
    17,
    2,
    9,
    17,
    11,
    16,
    17,
    17,
    17,
    8,
    8,
    8,
    2,
    17,
    6,
    17,
    17,
    17,
    17,
    11,
    5,
    17,
    16,
    17,
    5,
    16,
    17,
    5,
    4,
    5,
    17,
    15,
    17,
    17,
    17,
    8,
    4,
    8,
    4,
    17,
    17,
    17,
    17
  ],
  "objectives": [
    453708.31999999966,
    1000.0800000000002
  ],
  "fitness": {
    "minutos_ponderados": 453708.31999999966,
    "costo_total": 1000.0800000000002
  }
}