{
  "run_info": {
    "dataset": "users4.json",
    "config": "uniform_reset_high_crossover",
    "run": 3,
    "execution_time": 1256.675139427185,
    "generations": 86,
    "pareto_size": 25,
    "pareto_points": [
      [
        -1868195.300000001,
        5897.270000000001
      ],
      [
        -1866795.6200000008,
        5861.860000000001
      ],
      [
        -1825697.7100000014,
        5615.389999999999
      ],
      [
        -1826898.520000001,
        5617.389999999999
      ],
      [
        -1867148.6000000008,
        5862.33
      ],
      [
        -1865860.9700000007,
        5843.310000000001
      ],
      [
        -1861906.6300000015,
        5758.410000000001
      ],
      [
        -1853800.7100000002,
        5656.38
      ],
      [
        -1866213.9500000007,
        5854.280000000001
      ],
      [
        -1868065.120000001,
        5877.31
      ],
      [
        -1852599.9000000006,
        5636.390000000001
      ],
      [
        -1861193.820000001,
        5740.39
      ],
      [
        -1861023.910000001,
        5725.92
      ],
      [
        -1858901.770000001,
        5701.91
      ],
      [
        -1863107.440000001,
        5762.400000000001
      ],
      [
        -1857034.2300000007,
        5687.4
      ],
      [
        -1849922.9500000007,
        5629.889999999999
      ],
      [
        -1864056.4500000011,
        5801.3600000000015
      ],
      [
        -1855833.420000001,
        5677.4
      ],
      [
        -1863711.150000001,
        5798.37
      ],
      [
        -1864911.9600000007,
        5814.340000000001
      ],
      [
        -1866037.8000000014,
        5851.850000000001
      ],
      [
        -1865264.9400000006,
        5821.3099999999995
      ],
      [
        -1863460.420000001,
        5793.350000000001
      ],
      [
        -1863139.9300000009,
        5789.38
      ]
    ]
  },
  "solutions_count": 25,
  "solutions_directory": "../results/SPEA2\\solutions\\users4\\uniform_reset_high_crossover\\run3"
}