{
  "run_info": {
    "dataset": "users3.json",
    "config": "uniform_reset_low_mutation",
    "run": 2,
    "execution_time": 740.4986972808838,
    "generations": 122,
    "pareto_size": 37,
    "pareto_points": [
      [
        -1146237.289999997,
        3606.65
      ],
      [
        -1179879.9599999967,
        3789.0500000000006
      ],
      [
        -1160467.6199999964,
        3647.620000000001
      ],
      [
        -1155646.5599999968,
        3642.1100000000006
      ],
      [
        -1156191.3099999963,
        3647.6000000000004
      ],
      [
        -1167366.0199999968,
        3683.1500000000005
      ],
      [
        -1168534.509999998,
        3696.65
      ],
      [
        -1148274.9799999965,
        3614.6300000000006
      ],
      [
        -1163297.729999996,
        3652.1400000000003
      ],
      [
        -1166445.859999997,
        3675.1600000000003
      ],
      [
        -1153236.3499999966,
        3625.1600000000003
      ],
      [
        -1145692.5399999975,
        3601.160000000001
      ],
      [
        -1172051.6299999973,
        3733.150000000001
      ],
      [
        -1170572.1999999974,
        3712.6199999999994
      ],
      [
        -1169400.8199999968,
        3712.5900000000006
      ],
      [
        -1178959.799999997,
        3789.04
      ],
      [
        -1177939.2299999972,
        3773.55
      ],
      [
        -1174510.6099999973,
        3751.03
      ],
      [
        -1174698.5599999973,
        3757.1200000000003
      ],
      [
        -1174278.069999997,
        3750.6400000000012
      ],
      [
        -1175040.4299999967,
        3763.120000000001
      ],
      [
        -1174120.2699999975,
        3745.1400000000003
      ],
      [
        -1171928.2999999975,
        3732.5500000000006
      ],
      [
        -1168725.539999997,
        3708.1
      ],
      [
        -1181441.6999999965,
        3818.520000000001
      ],
      [
        -1173774.9599999974,
        3738.080000000001
      ],
      [
        -1180458.2499999967,
        3792.05
      ],
      [
        -1176583.1299999969,
        3769.5900000000006
      ],
      [
        -1171555.6499999973,
        3722.5800000000004
      ],
      [
        -1178859.3899999966,
        3778.55
      ],
      [
        -1152691.599999997,
        3623.67
      ],
      [
        -1154695.7499999963,
        3627.1400000000003
      ],
      [
        -1170977.3599999975,
        3718.5900000000006
      ],
      [
        -1155274.039999996,
        3627.15
      ],
      [
        -1180706.0499999968,
        3799.58
      ],
      [
        -1176004.839999997,
        3764.6000000000004
      ],
      [
        -1173932.3199999975,
        3739.0400000000013
      ]
    ]
  },
  "solutions_count": 37,
  "solutions_directory": "../results/SPEA2\\solutions\\users3\\uniform_reset_low_mutation\\run2"
}