{
  "run_info": {
    "dataset": "users3.json",
    "config": "uniform_reset_low_mutation",
    "run": 2,
    "execution_time": 410.5054039955139,
    "generations": 83,
    "pareto_size": 26,
    "pareto_points": [
      [
        -1197655.9799999965,
        3542.0800000000004
      ],
      [
        -1185860.2299999965,
        3381.2099999999996
      ],
      [
        -1191237.939999997,
        3421.2000000000007
      ],
      [
        -1183058.6099999973,
        3354.1899999999996
      ],
      [
        -1188071.7899999968,
        3382.2200000000003
      ],
      [
        -1194003.6799999967,
        3445.6700000000005
      ],
      [
        -1184085.379999997,
        3357.21
      ],
      [
        -1180951.639999997,
        3324.71
      ],
      [
        -1197970.2699999965,
        3544.0800000000004
      ],
      [
        -1189566.489999997,
        3402.68
      ],
      [
        -1198927.0199999965,
        3556.0700000000006
      ],
      [
        -1181978.409999997,
        3331.7300000000005
      ],
      [
        -1189342.8299999968,
        3390.2200000000003
      ],
      [
        -1192508.979999997,
        3424.210000000001
      ],
      [
        -1190837.5299999968,
        3409.690000000001
      ],
      [
        -1198427.5499999968,
        3551.0800000000004
      ],
      [
        -1182222.6799999971,
        3352.6900000000005
      ],
      [
        -1197452.9499999967,
        3505.130000000001
      ],
      [
        -1196235.1499999969,
        3492.140000000001
      ],
      [
        -1196181.9099999967,
        3486.13
      ],
      [
        -1193015.7599999967,
        3442.1400000000003
      ],
      [
        -1195018.3199999966,
        3467.1500000000005
      ],
      [
        -1198409.699999997,
        3546.1100000000006
      ],
      [
        -1185144.5599999973,
        3373.71
      ],
      [
        -1199384.2999999966,
        3566.07
      ],
      [
        -1194286.7999999968,
        3466.1300000000006
      ]
    ]
  },
  "solutions_count": 26,
  "solutions_directory": "../results/SPEA2\\solutions\\users3\\uniform_reset_low_mutation\\run2"
}