{
  "run_info": {
    "dataset": "users5.json",
    "config": "uniform_inversion_high_mutation",
    "run": 10,
    "execution_time": 4805.070225954056,
    "generations": 181,
    "pareto_size": 22,
    "pareto_points": [
      [
        -3385213.610000009,
        7449.730000000001
      ],
      [
        -3385435.5400000024,
        7456.14
      ],
      [
        -3395547.920000007,
        7456.670000000002
      ],
      [
        -3444306.2000000016,
        7579.680000000001
      ],
      [
        -3360639.4900000053,
        7436.6900000000005
      ],
      [
        -3427017.520000007,
        7490.710000000001
      ],
      [
        -3429337.080000004,
        7522.2300000000005
      ],
      [
        -3439200.2300000004,
        7575.200000000001
      ],
      [
        -3403749.700000008,
        7459.1500000000015
      ],
      [
        -3408591.6200000066,
        7479.670000000001
      ],
      [
        -3451834.670000001,
        7600.680000000001
      ],
      [
        -3469080.929999998,
        7719.5199999999995
      ],
      [
        -3464113.480000001,
        7682.610000000001
      ],
      [
        -3355283.570000009,
        7388.18
      ],
      [
        -3458173.0200000014,
        7601.18
      ],
      [
        -3450185.35,
        7598.6900000000005
      ],
      [
        -3450111.010000001,
        7595.160000000002
      ],
      [
        -3430737.520000005,
        7548.660000000002
      ],
      [
        -3438523.3700000034,
        7550.17
      ],
      [
        -3449346.36,
        7583.170000000002
      ],
      [
        -3461705.37,
        7668.09
      ],
      [
        -3459210.229999998,
        7647.080000000002
      ]
    ]
  },
  "solutions_count": 22,
  "solutions_directory": "C:\\Users\\hctr0\\PycharmProjects\\TFG_Hector\\31Executions\\NSGA2\\solutions\\users5\\uniform_inversion_high_mutation\\run10"
}