{
  "solution": [
    16,
    4,
    16,
    17,
    17,
    17,
    16,
    17,
    8,
    13,
    6,
    15,
    2,
    9,
    17,
    8,
    8,
    17,
    6,
    17,
    17,
    2,
    17,
    15,
    6,
    16,
    5,
    17,
    17,
    13,
    5,
    17,
    17,
    17,
    8,
    5,
    8,
    5,
    17,
    17,
    2,
    16,
    4,
    16,
    17,
    17,
    17,
    17,
    2,
    17,
    5,
    17,
    5,
    17,
    12,
    17,
    9,
    8,
    8,
    1,
    15,
    17,
    15,
    17,
    17,
    6,
    2,
    17,
    17,
    4,
    5,
    17,
    7,
    6,
    1,
    17,
    8,
    17,
    4,
    8,
    9,
    9,
    8,
    16,
    17,
    5,
    17,
    17,
    17,
    6,
    8,
    3,
    17,
    17,
    17,
    18,
    18,
    17,
    11,
    16,
    17,
    16,
    15,
    17,
    17,
    8,
    17,
    5,
    17,
    5,
    8,
    17,
    17,
    14,
    1,
    15,
    4,
    8,
    17,
    9,
    17,
    5,
    17,
    8,
    17,
    5,
    17,
    9,
    17,
    5,
    4,
    17,
    17,
    17,
    17,
    1,
    15,
    8,
    18,
    11,
    3,
    17,
    4,
    17,
    2,
    4,
    7,
    4,
    8,
    5,
    2,
    17,
    6,
    17,
    8,
    2,
    8,
    17,
    17,
    16,
    17,
    8,
    5,
    8,
    2,
    5,
    4,
    16,
    2,
    1,
    17,
    16,
    2,
    17,
    17,
    5,
    17,
    18,
    1,
    5,
    8,
    5,
    17,
    17,
    17,
    17,
    9,
    17,
    17,
    17,
    17,
    17,
    11,
    17,
    5,
    9,
    8,
    4,
    8,
    17,
    2,
    9,
    16,
    7,
    9,
    5,
    17,
    17,
    8,
    1,
    17,
    6,
    2,
    3,
    17,
    2,
    8,
    17,
    16,
    8,
    5,
    17,
    2,
    4,
    17,
    8,
    8,
    6,
    17,
    17,
    2,
    13,
    5,
    17,
    15,
    8,
    6,
    11,
    17,
    8,
    8,
    16,
    6,
    17,
    17,
    17,
    17,
    17,
    8,
    17,
    17,
    7,
    17,
    17,
    17,
    2,
    16,
    4,
    5,
    9,
    16,
    17,
    17,
    17,
    8,
    2,
    2,
    17,
    8,
    9,
    17,
    8,
    17,
    8,
    17,
    14,
    11,
    8,
    5,
    17,
    17,
    2,
    8,
    8,
    17,
    17,
    17,
    5,
    9,
    17,
    16,
    16,
    13,
    7,
    2,
    12,
    1,
    2,
    5,
    4
  ],
  "objectives": [
    343064.9199999997,
    1116.7900000000002
  ],
  "fitness": {
    "minutos_ponderados": 343064.9199999997,
    "costo_total": 1116.7900000000002
  }
}