{
  "solution": [
    17,
    2,
    6,
    17,
    17,
    8,
    17,
    17,
    17,
    2,
    16,
    5,
    17,
    1,
    17,
    17,
    9,
    16,
    16,
    17,
    8,
    8,
    17,
    12,
    11,
    17,
    17,
    17,
    13,
    17,
    2,
    17,
    17,
    17,
    17,
    17,
    17,
    17,
    8,
    17,
    17,
    8,
    4,
    16,
    17,
    14,
    17,
    8,
    17,
    17,
    17,
    17,
    17,
    17,
    17,
    2,
    17,
    17,
    17,
    17,
    8,
    17,
    4,
    17,
    17,
    17,
    17,
    7,
    8,
    17,
    17,
    17,
    5,
    17,
    17,
    17,
    7,
    17,
    1,
    17,
    2,
    15,
    17,
    17,
    17,
    17,
    14,
    17,
    17,
    17,
    17,
    17,
    17,
    3,
    17,
    17,
    17,
    17,
    17,
    17,
    10,
    17,
    8,
    2,
    17,
    16,
    17,
    17,
    17,
    17,
    8,
    17,
    17,
    8,
    17,
    17,
    17,
    17,
    2,
    17,
    17,
    17,
    17,
    8,
    17,
    5,
    17,
    17,
    17,
    2,
    17,
    17,
    5,
    17,
    17,
    17,
    17,
    17,
    17,
    17,
    17,
    17,
    17,
    17,
    17,
    17,
    17,
    10,
    2,
    2,
    17,
    17,
    9,
    3,
    17,
    2,
    17,
    17,
    15,
    17,
    17,
    17,
    17,
    17,
    17,
    2,
    8,
    17,
    12,
    4,
    4,
    2,
    5,
    15,
    9,
    17,
    2,
    17,
    17,
    17,
    17,
    17,
    17,
    17,
    17,
    17,
    17,
    17,
    17,
    17,
    8,
    17,
    8,
    17,
    17,
    17,
    17,
    17,
    2,
    2,
    17,
    17,
    17,
    17,
    11,
    17,
    17,
    17,
    17,
    17,
    17,
    18,
    17,
    17,
    17,
    17,
    8,
    17,
    17,
    17,
    17,
    8,
    17,
    6,
    5,
    8,
    17,
    17,
    17,
    17,
    17,
    8,
    17,
    17,
    4,
    17,
    17,
    17,
    17,
    17,
    16,
    17,
    17,
    17,
    4,
    17,
    8,
    17,
    16,
    8,
    17,
    16,
    17,
    17,
    17,
    6,
    16,
    17,
    6,
    17,
    8,
    17,
    17,
    17,
    17,
    17,
    17,
    17,
    8,
    1,
    17,
    17,
    8,
    8,
    17,
    17,
    8,
    5,
    17,
    17,
    9,
    17,
    17,
    8,
    17,
    17,
    17,
    9,
    16,
    17,
    16,
    8,
    8,
    17,
    17,
    17,
    17,
    17,
    13,
    2
  ],
  "objectives": [
    302724.9300000003,
    1041.9000000000003
  ],
  "fitness": {
    "minutos_ponderados": 302724.9300000003,
    "costo_total": 1041.9000000000003
  }
}