{
  "solution": [
    4,
    4,
    17,
    11,
    8,
    17,
    17,
    15,
    17,
    2,
    1,
    17,
    2,
    11,
    8,
    17,
    8,
    4,
    5,
    8,
    8,
    17,
    8,
    5,
    17,
    8,
    9,
    16,
    17,
    9,
    8,
    17,
    16,
    5,
    10,
    17,
    17,
    17,
    16,
    11,
    17,
    17,
    8,
    17,
    5,
    4,
    17,
    13,
    17,
    8,
    17,
    7,
    17,
    2,
    2,
    17,
    2,
    2,
    8,
    16,
    8,
    17,
    16,
    4,
    4,
    8,
    16,
    16,
    17,
    16,
    2,
    15,
    15,
    13,
    4,
    17,
    5,
    17,
    17,
    8,
    17,
    17,
    17,
    17,
    5,
    8,
    18,
    17,
    17,
    15,
    4,
    15,
    16,
    17,
    8,
    13,
    2,
    17,
    4,
    17,
    2,
    17,
    17,
    17,
    6,
    6,
    17,
    8,
    17,
    17,
    8,
    17,
    17,
    8,
    5,
    17,
    2,
    8,
    9,
    4,
    5,
    17,
    17,
    17,
    5,
    18,
    2,
    16,
    17,
    17,
    10,
    8,
    17,
    17,
    17,
    17,
    8,
    8,
    4,
    17,
    13,
    6,
    17,
    17,
    10,
    2,
    17,
    15,
    17,
    8,
    17,
    14,
    17,
    15,
    17,
    17,
    2,
    16,
    17,
    4,
    6,
    13,
    17,
    17,
    17,
    17,
    5,
    16,
    17,
    17,
    16,
    6,
    9,
    17,
    17,
    5,
    17,
    8,
    5,
    17,
    17,
    17,
    17,
    7,
    17,
    4,
    17,
    17,
    17,
    5,
    18,
    17,
    9,
    8,
    2,
    5,
    17,
    5,
    17,
    17,
    17,
    4,
    17,
    17,
    17,
    17,
    8,
    4,
    6,
    2,
    12,
    16,
    8,
    8,
    14,
    17,
    17,
    5,
    8,
    2,
    13,
    4,
    5,
    17,
    6,
    8,
    17,
    8,
    14,
    2,
    17,
    16,
    17,
    17,
    16,
    17,
    15,
    5,
    8,
    16,
    17,
    5,
    5,
    6,
    2,
    17,
    4,
    17,
    17,
    17,
    17,
    17,
    2,
    2,
    2,
    15,
    16,
    4,
    17,
    17,
    8,
    17,
    17,
    17,
    17,
    8,
    5,
    17,
    17,
    6,
    2,
    8,
    17,
    17,
    17,
    17,
    5,
    2,
    16,
    11,
    1,
    17,
    2,
    17,
    18,
    18,
    17,
    8,
    2,
    7,
    3,
    8,
    8,
    8,
    15,
    17,
    16,
    8,
    17,
    17
  ],
  "objectives": [
    345769.8299999999,
    1071.28
  ],
  "fitness": {
    "minutos_ponderados": 345769.8299999999,
    "costo_total": 1071.28
  }
}