{
  "solution": [
    2,
    17,
    17,
    9,
    17,
    16,
    17,
    15,
    17,
    17,
    17,
    2,
    17,
    8,
    16,
    8,
    5,
    17,
    17,
    8,
    17,
    4,
    17,
    17,
    2,
    5,
    8,
    17,
    8,
    8,
    5,
    17,
    7,
    3,
    17,
    5,
    8,
    16,
    6,
    17,
    2,
    17,
    5,
    17,
    16,
    17,
    6,
    12,
    17,
    8,
    17,
    17,
    2,
    17,
    2,
    8,
    17,
    17,
    2,
    17,
    10,
    17,
    17,
    17,
    2,
    1,
    17,
    5,
    16,
    5,
    10,
    16,
    17,
    15,
    17,
    4,
    5,
    17,
    8,
    2,
    17,
    17,
    3,
    7,
    5,
    17,
    2,
    17,
    17,
    17,
    8,
    8,
    8,
    8,
    17,
    4,
    17,
    13,
    2,
    17,
    17,
    17,
    17,
    16,
    17,
    5,
    17,
    17,
    17,
    17,
    5,
    16,
    17,
    8,
    17,
    5,
    8,
    18,
    17,
    17,
    8,
    17,
    17,
    18,
    17,
    17,
    17,
    2,
    2,
    5,
    5,
    17,
    17,
    5,
    8,
    16,
    17,
    16,
    17,
    17,
    17,
    8,
    17,
    17,
    2,
    4,
    6,
    16,
    17,
    17,
    2,
    17,
    17,
    5,
    8,
    16,
    17,
    17,
    4,
    17,
    17,
    17,
    2,
    8,
    17,
    17,
    17,
    17,
    17,
    8,
    12,
    5,
    8,
    5,
    17,
    2,
    5,
    2,
    17,
    5,
    8,
    17,
    2,
    16,
    17,
    16,
    2,
    17,
    17,
    8,
    17,
    16,
    17,
    17,
    16,
    1,
    2,
    17,
    1,
    17,
    17,
    4,
    17,
    17,
    17,
    17,
    16,
    17,
    17,
    17,
    17,
    17,
    2,
    13,
    16,
    6,
    17,
    6,
    17,
    8,
    17,
    11,
    17,
    2,
    17,
    17,
    8,
    17,
    5,
    17,
    8,
    4,
    17,
    8,
    17,
    2,
    4,
    4,
    17,
    17,
    5,
    8,
    17,
    1,
    8,
    8,
    8,
    17,
    17,
    17,
    17,
    17,
    17,
    8,
    2,
    5,
    4,
    17,
    15,
    4,
    4,
    17,
    8,
    17,
    17,
    17,
    8,
    17,
    17,
    8,
    17,
    17,
    17,
    5,
    17,
    2,
    17,
    2,
    8,
    2,
    17,
    17,
    8,
    17,
    6,
    17,
    17,
    8,
    17,
    5,
    16,
    8,
    17,
    5,
    2,
    6,
    8,
    17,
    5,
    17
  ],
  "objectives": [
    344873.66000000015,
    939.8200000000003
  ],
  "fitness": {
    "minutos_ponderados": 344873.66000000015,
    "costo_total": 939.8200000000003
  }
}