{
  "solution": [
    17,
    17,
    17,
    4,
    17,
    16,
    17,
    15,
    17,
    17,
    17,
    2,
    17,
    14,
    16,
    11,
    5,
    17,
    17,
    6,
    17,
    4,
    14,
    17,
    17,
    5,
    8,
    17,
    8,
    8,
    5,
    15,
    17,
    8,
    17,
    5,
    8,
    16,
    6,
    17,
    2,
    14,
    5,
    8,
    16,
    17,
    6,
    4,
    1,
    8,
    17,
    4,
    2,
    14,
    5,
    8,
    17,
    12,
    2,
    17,
    6,
    17,
    17,
    17,
    2,
    4,
    7,
    5,
    16,
    5,
    10,
    16,
    10,
    17,
    17,
    4,
    1,
    17,
    8,
    2,
    17,
    17,
    9,
    17,
    5,
    17,
    2,
    10,
    17,
    17,
    8,
    8,
    8,
    8,
    6,
    11,
    17,
    8,
    2,
    17,
    17,
    17,
    17,
    16,
    17,
    5,
    17,
    6,
    17,
    17,
    5,
    16,
    17,
    12,
    17,
    12,
    11,
    13,
    17,
    3,
    8,
    17,
    17,
    17,
    17,
    17,
    17,
    2,
    2,
    5,
    5,
    17,
    17,
    5,
    8,
    16,
    3,
    16,
    17,
    7,
    17,
    12,
    17,
    17,
    17,
    4,
    6,
    16,
    17,
    17,
    4,
    17,
    17,
    3,
    8,
    16,
    17,
    17,
    16,
    17,
    17,
    17,
    2,
    8,
    17,
    17,
    17,
    17,
    17,
    8,
    17,
    18,
    8,
    5,
    17,
    2,
    5,
    4,
    9,
    2,
    8,
    17,
    2,
    16,
    17,
    16,
    17,
    17,
    18,
    8,
    17,
    16,
    17,
    17,
    4,
    17,
    5,
    16,
    17,
    17,
    17,
    17,
    17,
    17,
    17,
    17,
    16,
    17,
    17,
    17,
    17,
    17,
    7,
    5,
    16,
    6,
    17,
    16,
    17,
    4,
    17,
    17,
    17,
    2,
    17,
    17,
    8,
    17,
    10,
    17,
    8,
    6,
    17,
    11,
    10,
    2,
    4,
    4,
    17,
    17,
    5,
    8,
    17,
    6,
    8,
    8,
    8,
    17,
    17,
    17,
    17,
    17,
    17,
    7,
    2,
    3,
    4,
    17,
    1,
    4,
    4,
    17,
    8,
    2,
    10,
    17,
    7,
    17,
    17,
    8,
    5,
    17,
    17,
    5,
    17,
    2,
    17,
    2,
    8,
    2,
    17,
    17,
    1,
    17,
    6,
    17,
    15,
    8,
    17,
    5,
    16,
    8,
    17,
    5,
    2,
    6,
    8,
    17,
    5,
    17
  ],
  "objectives": [
    372694.11999999965,
    1140.1999999999998
  ],
  "fitness": {
    "minutos_ponderados": 372694.11999999965,
    "costo_total": 1140.1999999999998
  }
}