{
  "solution": [
    17,
    17,
    17,
    4,
    17,
    17,
    10,
    8,
    17,
    5,
    17,
    7,
    17,
    1,
    16,
    8,
    17,
    6,
    17,
    8,
    17,
    4,
    16,
    6,
    17,
    5,
    16,
    17,
    8,
    8,
    5,
    8,
    9,
    8,
    10,
    11,
    8,
    16,
    6,
    17,
    4,
    4,
    5,
    4,
    3,
    17,
    6,
    4,
    17,
    18,
    17,
    17,
    6,
    16,
    5,
    1,
    3,
    4,
    2,
    17,
    6,
    17,
    17,
    2,
    3,
    11,
    12,
    5,
    8,
    2,
    10,
    6,
    8,
    8,
    17,
    2,
    5,
    17,
    14,
    2,
    15,
    17,
    9,
    5,
    5,
    17,
    2,
    13,
    17,
    9,
    8,
    17,
    3,
    8,
    4,
    15,
    7,
    8,
    2,
    17,
    17,
    17,
    17,
    16,
    1,
    10,
    17,
    9,
    17,
    13,
    17,
    9,
    8,
    2,
    11,
    8,
    2,
    16,
    17,
    17,
    5,
    8,
    10,
    17,
    17,
    2,
    17,
    2,
    2,
    5,
    18,
    17,
    2,
    5,
    6,
    16,
    17,
    16,
    15,
    17,
    17,
    5,
    15,
    17,
    2,
    4,
    16,
    15,
    17,
    17,
    18,
    10,
    17,
    9,
    8,
    16,
    1,
    17,
    2,
    17,
    8,
    17,
    2,
    8,
    3,
    17,
    17,
    17,
    4,
    8,
    17,
    1,
    7,
    5,
    17,
    8,
    7,
    10,
    17,
    2,
    15,
    17,
    18,
    2,
    17,
    16,
    17,
    17,
    12,
    12,
    8,
    6,
    17,
    17,
    2,
    17,
    17,
    11,
    9,
    8,
    9,
    17,
    4,
    7,
    18,
    17,
    10,
    17,
    4,
    17,
    11,
    17,
    2,
    3,
    18,
    5,
    17,
    6,
    5,
    18,
    3,
    17,
    16,
    2,
    17,
    16,
    16,
    17,
    9,
    17,
    2,
    8,
    17,
    4,
    17,
    2,
    16,
    4,
    17,
    17,
    8,
    9,
    8,
    4,
    8,
    6,
    8,
    17,
    17,
    5,
    17,
    3,
    17,
    17,
    16,
    13,
    8,
    5,
    8,
    2,
    17,
    3,
    17,
    10,
    17,
    1,
    15,
    2,
    17,
    1,
    2,
    5,
    17,
    5,
    11,
    17,
    9,
    16,
    5,
    2,
    17,
    2,
    8,
    5,
    9,
    1,
    17,
    2,
    17,
    15,
    6,
    8,
    17,
    2,
    2,
    5,
    2,
    4,
    5,
    17
  ],
  "objectives": [
    375481.78000000026,
    1181.36
  ],
  "fitness": {
    "minutos_ponderados": 375481.78000000026,
    "costo_total": 1181.36
  }
}