{
  "solution": [
    17,
    17,
    17,
    4,
    17,
    16,
    17,
    15,
    17,
    17,
    17,
    2,
    17,
    11,
    8,
    8,
    5,
    17,
    16,
    14,
    17,
    4,
    17,
    17,
    17,
    5,
    8,
    17,
    8,
    8,
    5,
    17,
    17,
    8,
    17,
    5,
    8,
    16,
    6,
    17,
    2,
    17,
    5,
    17,
    16,
    17,
    6,
    4,
    17,
    8,
    17,
    17,
    2,
    6,
    5,
    8,
    17,
    17,
    2,
    17,
    6,
    17,
    17,
    17,
    2,
    4,
    17,
    5,
    16,
    5,
    10,
    16,
    17,
    17,
    17,
    4,
    15,
    17,
    8,
    2,
    17,
    17,
    17,
    17,
    5,
    17,
    2,
    17,
    17,
    17,
    9,
    8,
    8,
    8,
    17,
    10,
    17,
    8,
    2,
    17,
    17,
    6,
    17,
    16,
    17,
    16,
    17,
    7,
    17,
    17,
    5,
    16,
    17,
    8,
    17,
    8,
    5,
    8,
    17,
    7,
    8,
    17,
    17,
    17,
    15,
    17,
    17,
    2,
    2,
    5,
    5,
    17,
    17,
    5,
    8,
    16,
    17,
    16,
    18,
    17,
    17,
    8,
    17,
    17,
    17,
    4,
    6,
    6,
    17,
    17,
    5,
    17,
    17,
    5,
    13,
    16,
    17,
    17,
    16,
    5,
    17,
    17,
    2,
    7,
    17,
    17,
    17,
    17,
    17,
    8,
    17,
    5,
    8,
    5,
    17,
    2,
    5,
    4,
    17,
    2,
    8,
    17,
    2,
    16,
    17,
    16,
    3,
    17,
    17,
    8,
    17,
    16,
    17,
    17,
    4,
    12,
    2,
    17,
    2,
    17,
    17,
    15,
    17,
    17,
    17,
    17,
    16,
    17,
    17,
    17,
    17,
    4,
    2,
    5,
    16,
    6,
    17,
    16,
    17,
    4,
    8,
    5,
    17,
    2,
    17,
    17,
    8,
    17,
    5,
    17,
    8,
    6,
    17,
    8,
    17,
    2,
    5,
    4,
    17,
    15,
    5,
    3,
    17,
    5,
    8,
    8,
    4,
    17,
    13,
    17,
    6,
    17,
    17,
    8,
    2,
    5,
    4,
    10,
    16,
    4,
    4,
    17,
    8,
    17,
    17,
    17,
    8,
    17,
    17,
    8,
    17,
    17,
    17,
    5,
    17,
    2,
    17,
    2,
    8,
    2,
    17,
    17,
    10,
    17,
    6,
    17,
    17,
    8,
    17,
    5,
    16,
    8,
    17,
    5,
    2,
    6,
    8,
    4,
    5,
    17
  ],
  "objectives": [
    357468.04000000015,
    1009.2300000000002
  ],
  "fitness": {
    "minutos_ponderados": 357468.04000000015,
    "costo_total": 1009.2300000000002
  }
}