{
  "solution": [
    17,
    8,
    17,
    4,
    18,
    16,
    17,
    15,
    2,
    5,
    17,
    2,
    17,
    8,
    16,
    8,
    5,
    17,
    17,
    8,
    17,
    4,
    8,
    17,
    17,
    5,
    8,
    17,
    8,
    8,
    5,
    17,
    17,
    8,
    17,
    6,
    8,
    16,
    6,
    11,
    2,
    17,
    10,
    17,
    16,
    17,
    6,
    4,
    17,
    8,
    17,
    11,
    2,
    17,
    5,
    3,
    17,
    17,
    2,
    17,
    6,
    17,
    17,
    17,
    2,
    4,
    17,
    5,
    16,
    5,
    10,
    16,
    17,
    17,
    17,
    10,
    5,
    17,
    6,
    2,
    14,
    17,
    17,
    16,
    5,
    17,
    2,
    17,
    12,
    17,
    8,
    12,
    8,
    8,
    17,
    4,
    17,
    8,
    2,
    17,
    17,
    17,
    17,
    16,
    4,
    5,
    17,
    17,
    17,
    17,
    5,
    16,
    17,
    8,
    17,
    8,
    8,
    8,
    17,
    10,
    8,
    17,
    17,
    17,
    17,
    17,
    17,
    2,
    2,
    5,
    5,
    4,
    17,
    5,
    14,
    16,
    16,
    2,
    17,
    17,
    17,
    8,
    17,
    17,
    17,
    4,
    6,
    16,
    17,
    16,
    12,
    11,
    17,
    5,
    8,
    16,
    17,
    17,
    16,
    17,
    17,
    17,
    2,
    8,
    17,
    17,
    17,
    17,
    17,
    8,
    1,
    5,
    12,
    5,
    17,
    2,
    5,
    4,
    17,
    2,
    8,
    17,
    2,
    16,
    17,
    16,
    17,
    17,
    17,
    8,
    17,
    14,
    17,
    17,
    4,
    17,
    2,
    17,
    17,
    17,
    17,
    17,
    17,
    13,
    13,
    17,
    7,
    17,
    17,
    17,
    17,
    17,
    2,
    3,
    6,
    6,
    17,
    10,
    17,
    4,
    17,
    5,
    17,
    15,
    12,
    17,
    7,
    17,
    5,
    17,
    1,
    6,
    17,
    8,
    17,
    2,
    4,
    4,
    17,
    17,
    5,
    8,
    17,
    5,
    11,
    8,
    8,
    10,
    17,
    2,
    17,
    17,
    17,
    8,
    2,
    5,
    8,
    11,
    16,
    4,
    4,
    17,
    8,
    17,
    17,
    17,
    8,
    17,
    17,
    8,
    11,
    17,
    17,
    5,
    3,
    2,
    17,
    14,
    8,
    11,
    17,
    17,
    8,
    17,
    6,
    17,
    5,
    5,
    17,
    5,
    16,
    8,
    17,
    5,
    2,
    6,
    8,
    17,
    5,
    17
  ],
  "objectives": [
    369048.0400000004,
    1100.7700000000002
  ],
  "fitness": {
    "minutos_ponderados": 369048.0400000004,
    "costo_total": 1100.7700000000002
  }
}