{
  "run_info": {
    "dataset": "users5.json",
    "config": "uniform_reset_low_mutation",
    "run": 3,
    "execution_time": 2107.28573012352,
    "generations": 74,
    "pareto_size": 31,
    "pareto_points": [
      [
        -3078178.689999992,
        9242.770000000002
      ],
      [
        -3058494.5299999933,
        9148.820000000003
      ],
      [
        -3060952.9899999923,
        9149.820000000003
      ],
      [
        -3067527.759999992,
        9167.800000000003
      ],
      [
        -3076475.279999992,
        9229.790000000003
      ],
      [
        -3080791.7999999914,
        9256.760000000002
      ],
      [
        -3070520.099999992,
        9196.770000000002
      ],
      [
        -3052958.3899999936,
        9133.850000000002
      ],
      [
        -3061991.619999992,
        9160.830000000002
      ],
      [
        -3075916.539999992,
        9228.750000000002
      ],
      [
        -3051919.759999994,
        9119.840000000002
      ],
      [
        -3078908.8799999915,
        9248.750000000002
      ],
      [
        -3068254.1099999915,
        9177.780000000002
      ],
      [
        -3083222.819999991,
        9281.750000000002
      ],
      [
        -3038919.409999995,
        9118.320000000002
      ],
      [
        -3069958.7799999923,
        9190.79
      ],
      [
        -3074900.7999999924,
        9224.810000000003
      ],
      [
        -3083855.7099999883,
        9319.240000000002
      ],
      [
        -3074592.3599999915,
        9216.77
      ],
      [
        -3077799.459999992,
        9230.770000000002
      ],
      [
        -3084253.5699999905,
        9324.730000000001
      ],
      [
        -3075254.5599999926,
        9225.800000000003
      ],
      [
        -3085248.099999989,
        9345.190000000002
      ],
      [
        -3073862.169999992,
        9210.79
      ],
      [
        -3056236.2799999933,
        9140.840000000002
      ],
      [
        -3070773.9099999918,
        9199.78
      ],
      [
        -3081830.4299999904,
        9265.770000000002
      ],
      [
        -3068566.3899999917,
        9181.810000000001
      ],
      [
        -3072098.0899999924,
        9206.780000000002
      ],
      [
        -3071558.7299999925,
        9200.800000000001
      ],
      [
        -3083591.3699999894,
        9300.750000000002
      ]
    ]
  },
  "solutions_count": 31,
  "solutions_directory": "../results/SPEA2\\solutions\\users5\\uniform_reset_low_mutation\\run3"
}