{
  "run_info": {
    "dataset": "users2.json",
    "config": "npoint_inversion_high_all",
    "run": 4,
    "execution_time": 1098.8937356472015,
    "generations": 170,
    "pareto_size": 21,
    "pareto_points": [
      [
        -808752.510000001,
        2214.92
      ],
      [
        -835418.3600000013,
        2247.85
      ],
      [
        -813025.6800000012,
        2223.9
      ],
      [
        -852508.9700000018,
        2260.87
      ],
      [
        -799968.8400000016,
        2183.94
      ],
      [
        -852718.8100000015,
        2261.88
      ],
      [
        -816084.1300000012,
        2224.84
      ],
      [
        -806952.6200000012,
        2196.44
      ],
      [
        -859027.7900000025,
        2314.28
      ],
      [
        -826532.9400000008,
        2229.8399999999997
      ],
      [
        -858787.3500000015,
        2295.33
      ],
      [
        -827069.3600000007,
        2244.3199999999997
      ],
      [
        -822891.9800000023,
        2227.35
      ],
      [
        -799432.4200000017,
        2172.93
      ],
      [
        -857752.8200000015,
        2282.36
      ],
      [
        -809341.570000001,
        2219.42
      ],
      [
        -859116.2300000025,
        2327.79
      ],
      [
        -855202.3200000016,
        2265.38
      ],
      [
        -857193.1300000014,
        2280.3900000000003
      ],
      [
        -860083.0900000018,
        2361.25
      ],
      [
        -856281.5900000014,
        2280.36
      ]
    ]
  },
  "solutions_count": 21,
  "solutions_directory": "../results/NSGA2\\solutions\\users2\\npoint_inversion_high_all\\run4"
}