{
  "run_info": {
    "dataset": "users5.json",
    "config": "fast_evaporation_explorative",
    "run": 5,
    "execution_time": 1432.469671010971,
    "iterations_completed": 16,
    "max_iterations": 200,
    "terminated_early": true,
    "generations_without_improvement": 12,
    "pareto_size": 7,
    "pareto_points": [
      [
        2496868.6900000037,
        6962.870000000001
      ],
      [
        2588246.0100000002,
        6978.000000000002
      ],
      [
        2357017.5399999996,
        6892.510000000004
      ],
      [
        2341736.8999999966,
        6873.470000000005
      ],
      [
        2414673.7,
        6893.460000000005
      ],
      [
        2354762.31000001,
        6876.010000000004
      ],
      [
        2142738.8,
        6820.700000000006
      ]
    ],
    "solutions_evaluated": 320,
    "config_params": {
      "n_ants": 20,
      "rho": 0.7,
      "alpha": 1.0,
      "beta": 2.5,
      "archive_size": 100,
      "no_improvement_generations": 12
    }
  },
  "solutions_count": 7,
  "solutions_directory": "../results/PACO\\solutions\\users5\\fast_evaporation_explorative\\run5",
  "objective_statistics": {
    "cost_range": {
      "min": 6820.700000000006,
      "max": 6978.000000000002
    },
    "minutes_range": {
      "min": 2142738.8,
      "max": 2588246.0100000002
    }
  },
  "algorithm_info": {
    "archive_history_length": 16,
    "max_archive_size_reached": 7
  }
}