{
  "run_info": {
    "dataset": "users4.json",
    "config": "npoint_inversion_low_mutation",
    "run": 1,
    "execution_time": 1638.0552043914795,
    "generations": 74,
    "pareto_size": 32,
    "pareto_points": [
      [
        -1764406.589999997,
        5853.16
      ],
      [
        -1727342.1699999978,
        5720.7699999999995
      ],
      [
        -1783766.2900000021,
        5958.959999999999
      ],
      [
        -1736157.899999996,
        5761.210000000001
      ],
      [
        -1731366.429999998,
        5758.2
      ],
      [
        -1769998.5699999973,
        5858.129999999999
      ],
      [
        -1731169.6499999978,
        5739.75
      ],
      [
        -1804097.1199999999,
        6154.89
      ],
      [
        -1819477.1400000015,
        6223.91
      ],
      [
        -1819519.150000001,
        6237.909999999999
      ],
      [
        -1802714.2200000011,
        6149.83
      ],
      [
        -1805014.4400000016,
        6171.359999999999
      ],
      [
        -1816224.0500000012,
        6188.870000000001
      ],
      [
        -1791429.3600000031,
        5985.400000000001
      ],
      [
        -1756391.3899999964,
        5792.680000000001
      ],
      [
        -1727665.9799999986,
        5729.72
      ],
      [
        -1760154.509999996,
        5823.17
      ],
      [
        -1804274.9299999967,
        6168.359999999999
      ],
      [
        -1821885.1300000008,
        6276.83
      ],
      [
        -1823202.030000001,
        6290.29
      ],
      [
        -1815209.3300000012,
        6178.879999999999
      ],
      [
        -1782280.0499999968,
        5953.58
      ],
      [
        -1759247.5299999958,
        5810.180000000001
      ],
      [
        -1800857.5500000021,
        6033.889999999999
      ],
      [
        -1820752.3200000012,
        6240.860000000001
      ],
      [
        -1751829.169999997,
        5763.7
      ],
      [
        -1791920.030000001,
        5986.35
      ],
      [
        -1777874.4799999981,
        5885.63
      ],
      [
        -1792209.8200000033,
        6018.36
      ],
      [
        -1777946.019999998,
        5922.070000000001
      ],
      [
        -1820941.7300000004,
        6274.840000000001
      ],
      [
        -1802066.0500000012,
        6144.83
      ]
    ]
  },
  "solutions_count": 32,
  "solutions_directory": "../results/NSGA2\\solutions\\users4\\npoint_inversion_low_mutation\\run1"
}