{
  "run_info": {
    "dataset": "users2.json",
    "config": "uniform_reset_high_crossover",
    "run": 5,
    "execution_time": 481.60768723487854,
    "generations": 82,
    "pareto_size": 44,
    "pareto_points": [
      [
        -832790.3200000009,
        2469.74
      ],
      [
        -822927.8300000011,
        2387.7400000000002
      ],
      [
        -830940.7600000009,
        2446.77
      ],
      [
        -833182.380000001,
        2478.73
      ],
      [
        -816762.7300000009,
        2368.8
      ],
      [
        -824790.6100000009,
        2389.7200000000003
      ],
      [
        -821628.8500000009,
        2377.7799999999997
      ],
      [
        -834984.4200000011,
        2513.7200000000003
      ],
      [
        -828208.3400000012,
        2418.18
      ],
      [
        -790968.310000001,
        2268.81
      ],
      [
        -831483.2200000013,
        2460.73
      ],
      [
        -833570.4900000012,
        2493.7
      ],
      [
        -828809.6000000006,
        2422.77
      ],
      [
        -834967.5200000014,
        2510.68
      ],
      [
        -826640.1700000009,
        2406.7
      ],
      [
        -831939.7000000009,
        2466.73
      ],
      [
        -803273.3700000013,
        2333.24
      ],
      [
        -809369.2100000009,
        2342.2699999999995
      ],
      [
        -791848.130000001,
        2283.76
      ],
      [
        -837178.4800000009,
        2548.2000000000003
      ],
      [
        -790087.4000000008,
        2268.78
      ],
      [
        -831547.6400000008,
        2462.73
      ],
      [
        -829089.2500000014,
        2430.2
      ],
      [
        -822046.920000001,
        2379.7200000000003
      ],
      [
        -820747.9400000008,
        2370.75
      ],
      [
        -837815.3400000009,
        2584.1699999999996
      ],
      [
        -833591.3400000008,
        2493.76
      ],
      [
        -807430.7500000009,
        2335.25
      ],
      [
        -831622.0800000012,
        2463.76
      ],
      [
        -835130.5700000012,
        2516.22
      ],
      [
        -833494.4900000009,
        2488.7100000000005
      ],
      [
        -803172.3400000017,
        2321.75
      ],
      [
        -802421.0900000015,
        2295.79
      ],
      [
        -834949.9300000012,
        2501.6900000000005
      ],
      [
        -836619.1600000011,
        2527.71
      ],
      [
        -811764.250000001,
        2359.7799999999997
      ],
      [
        -835344.0500000009,
        2522.67
      ],
      [
        -826033.290000001,
        2391.73
      ],
      [
        -827882.8500000009,
        2408.71
      ],
      [
        -835526.840000001,
        2524.18
      ],
      [
        -830938.8100000013,
        2437.19
      ],
      [
        -837568.3900000007,
        2552.69
      ],
      [
        -834744.6100000013,
        2496.7200000000003
      ],
      [
        -831456.880000001,
        2453.73
      ]
    ]
  },
  "solutions_count": 44,
  "solutions_directory": "../results/NSGA2\\solutions\\users2\\uniform_reset_high_crossover\\run5"
}