{
  "run_info": {
    "dataset": "users3.json",
    "config": "npoint_reset_low_crossover",
    "run": 5,
    "execution_time": 688.1450939178467,
    "generations": 63,
    "pareto_size": 16,
    "pareto_points": [
      [
        -1124547.939999998,
        3588.08
      ],
      [
        -1098323.7700000014,
        3554.08
      ],
      [
        -1125384.5999999978,
        3609.5199999999995
      ],
      [
        -1126460.959999998,
        3610.05
      ],
      [
        -1147023.9099999983,
        3718.09
      ],
      [
        -1159247.1999999988,
        3919.9
      ],
      [
        -1137497.6999999983,
        3627.07
      ],
      [
        -1146356.4899999974,
        3686.500000000001
      ],
      [
        -1061993.5500000014,
        3514.1
      ],
      [
        -1152533.109999998,
        3748.0200000000004
      ],
      [
        -1161522.3199999984,
        3997.84
      ],
      [
        -1143490.199999999,
        3667.54
      ],
      [
        -1071563.6300000008,
        3526.59
      ],
      [
        -1107519.92,
        3556.0999999999995
      ],
      [
        -1140870.0399999986,
        3637.04
      ],
      [
        -1151705.6199999982,
        3733.580000000001
      ]
    ]
  },
  "solutions_count": 16,
  "solutions_directory": "../results/NSGA2\\solutions\\users3\\npoint_reset_low_crossover\\run5"
}