{
  "run_info": {
    "dataset": "users1.json",
    "config": "high_pheromone_influence",
    "run": 16,
    "execution_time": 577.6735010147095,
    "iterations_completed": 34,
    "max_iterations": 200,
    "terminated_early": true,
    "generations_without_improvement": 12,
    "pareto_size": 7,
    "pareto_points": [
      [
        458489.3799999988,
        1040.58
      ],
      [
        450688.34999999945,
        958.69
      ],
      [
        442456.51999999915,
        929.6900000000003
      ],
      [
        453463.0699999989,
        1039.62
      ],
      [
        451267.669999999,
        998.1
      ],
      [
        451093.37999999896,
        997.64
      ],
      [
        453114.7499999993,
        1003.0799999999999
      ]
    ],
    "solutions_evaluated": 850,
    "config_params": {
      "n_ants": 25,
      "rho": 0.3,
      "alpha": 3.0,
      "beta": 2.0,
      "archive_size": 100,
      "no_improvement_generations": 12
    }
  },
  "solutions_count": 7,
  "solutions_directory": "C:\\Users\\hctr0\\PycharmProjects\\TFG_Hector\\31Executions\\PACO\\solutions\\users1\\high_pheromone_influence\\run16",
  "objective_statistics": {
    "cost_range": {
      "min": 929.6900000000003,
      "max": 1040.58
    },
    "minutes_range": {
      "min": 442456.51999999915,
      "max": 458489.3799999988
    }
  },
  "algorithm_info": {
    "archive_history_length": 34,
    "max_archive_size_reached": 8
  }
}