{
  "solution": [
    17,
    17,
    16,
    2,
    17,
    8,
    17,
    17,
    17,
    17,
    17,
    6,
    17,
    14,
    4,
    5,
    16,
    6,
    17,
    5,
    17,
    18,
    17,
    17,
    5,
    2,
    16,
    17,
    2,
    2,
    17,
    17,
    17,
    17,
    17,
    16,
    8,
    17,
    8,
    8,
    8,
    17,
    5,
    17,
    17,
    10,
    17,
    17,
    17,
    17,
    2,
    17,
    6,
    17,
    17,
    2,
    17,
    17,
    17,
    17,
    17,
    7,
    2,
    17,
    8,
    8,
    17,
    7,
    15,
    17,
    17,
    17,
    11,
    6,
    17,
    8,
    16,
    17,
    17,
    5,
    17,
    17,
    17,
    17,
    17,
    17,
    11,
    6,
    8,
    2,
    17,
    17,
    13,
    8,
    5,
    8,
    5,
    4,
    17,
    2,
    17,
    17,
    17,
    2,
    17,
    17,
    17,
    15,
    7,
    8,
    17,
    17,
    17,
    17,
    17,
    17,
    5,
    17,
    17,
    4,
    5,
    8,
    17,
    17,
    5,
    17,
    17,
    17,
    17,
    17,
    8,
    7,
    17,
    17,
    8,
    17,
    16,
    17,
    17,
    17,
    15,
    8,
    2,
    16,
    16,
    17,
    17,
    17,
    13,
    18,
    17,
    5,
    8,
    17,
    17,
    16,
    17,
    17,
    17,
    8,
    17,
    7,
    16,
    17,
    17,
    17,
    17,
    17,
    17,
    8,
    1,
    10,
    9,
    16,
    17,
    8,
    5,
    17,
    1,
    17,
    16,
    5,
    17,
    17,
    17,
    17,
    17,
    2,
    17,
    17,
    17,
    8,
    5,
    16,
    17,
    17,
    17,
    8,
    5,
    8,
    16,
    6,
    5,
    17,
    5,
    1,
    8,
    17,
    17,
    8,
    8,
    2,
    17,
    17,
    17,
    17,
    17,
    2,
    17,
    17,
    17,
    17,
    4,
    17,
    17,
    17,
    17,
    5,
    17,
    6,
    11,
    8,
    17,
    5,
    8,
    5,
    17,
    17,
    16,
    16,
    17,
    2,
    4,
    17,
    17,
    17,
    17,
    17,
    5,
    17,
    4,
    9,
    14,
    17,
    4,
    17,
    8,
    17,
    17,
    17,
    17,
    1,
    17,
    8,
    16,
    16,
    5,
    17,
    8,
    17,
    6,
    8,
    17,
    17,
    17,
    17,
    2,
    9,
    17,
    9,
    17,
    2,
    17,
    16,
    17,
    17,
    17,
    6,
    17,
    17,
    8,
    8,
    16,
    17,
    4,
    8,
    16,
    5,
    8,
    16
  ],
  "objectives": [
    458489.3799999988,
    1040.58
  ],
  "fitness": {
    "minutos_ponderados": 458489.3799999988,
    "costo_total": 1040.58
  }
}