{
  "run_info": {
    "dataset": "users1.json",
    "config": "uniform_reset_low_mutation",
    "run": 5,
    "execution_time": 61.57907176017761,
    "generations": 33,
    "pareto_size": 12,
    "pareto_points": [
      [
        -447331.3299999997,
        1420.3399999999997
      ],
      [
        -445499.02999999974,
        1417.7699999999995
      ],
      [
        -442618.6999999997,
        1410.3499999999997
      ],
      [
        -440779.84999999957,
        1391.3199999999997
      ],
      [
        -457568.8099999994,
        1498.2899999999997
      ],
      [
        -458045.5499999993,
        1499.81
      ],
      [
        -457366.22999999946,
        1489.8499999999997
      ],
      [
        -437899.5199999995,
        1389.8799999999997
      ],
      [
        -457229.04999999946,
        1449.3099999999997
      ],
      [
        -454069.6299999996,
        1440.2599999999998
      ],
      [
        -452280.0,
        1423.8099999999995
      ],
      [
        -446819.7299999998,
        1419.3299999999997
      ]
    ]
  },
  "solutions_count": 12,
  "solutions_directory": "../results/SPEA2\\solutions\\users1\\uniform_reset_low_mutation\\run5"
}