{
  "run_info": {
    "dataset": "users3.json",
    "config": "uniform_inversion_high_mutation",
    "run": 19,
    "execution_time": 991.6387393474579,
    "generations": 100,
    "pareto_size": 9,
    "pareto_points": [
      [
        -1274631.6499999985,
        3096.6900000000005
      ],
      [
        -1285530.3699999976,
        3112.1800000000007
      ],
      [
        -1291140.639999998,
        3120.2000000000003
      ],
      [
        -1269233.7399999988,
        3052.7200000000003
      ],
      [
        -1273117.7899999989,
        3069.7499999999995
      ],
      [
        -1298065.7099999967,
        3256.1000000000004
      ],
      [
        -1294606.229999998,
        3151.1200000000003
      ],
      [
        -1297717.709999997,
        3174.140000000001
      ],
      [
        -1284790.6199999978,
        3099.1900000000005
      ]
    ]
  },
  "solutions_count": 9,
  "solutions_directory": "C:\\Users\\hctr0\\PycharmProjects\\TFG_Hector\\31Executions\\NSGA2\\solutions\\users3\\uniform_inversion_high_mutation\\run19"
}