{
  "run_info": {
    "dataset": "users2.json",
    "config": "uniform_inversion_high_mutation",
    "run": 3,
    "execution_time": 1730.2057404518127,
    "generations": 300,
    "pareto_size": 18,
    "pareto_points": [
      [
        -841596.2400000008,
        2058.75
      ],
      [
        -852821.95,
        2090.72
      ],
      [
        -854199.2300000006,
        2117.16
      ],
      [
        -849720.6900000006,
        2080.19
      ],
      [
        -839675.4200000012,
        2056.79
      ],
      [
        -854585.0199999999,
        2128.64
      ],
      [
        -846189.8600000014,
        2078.73
      ],
      [
        -837275.8100000015,
        2043.7599999999998
      ],
      [
        -853322.8300000007,
        2116.22
      ],
      [
        -834610.6700000012,
        2026.8299999999997
      ],
      [
        -838251.5300000013,
        2046.7999999999997
      ],
      [
        -858503.8200000005,
        2129.72
      ],
      [
        -860001.4,
        2160.66
      ],
      [
        -861059.3800000005,
        2161.15
      ],
      [
        -865316.5700000003,
        2221.6
      ],
      [
        -864746.0900000003,
        2175.65
      ],
      [
        -867268.4600000001,
        2231.6
      ],
      [
        -863769.0400000003,
        2161.66
      ]
    ]
  },
  "solutions_count": 18,
  "solutions_directory": "../results/SPEA2\\solutions\\users2\\uniform_inversion_high_mutation\\run3"
}