{
  "run_info": {
    "dataset": "users3.json",
    "config": "uniform_inversion_high_mutation",
    "run": 23,
    "execution_time": 1132.1796126365662,
    "generations": 102,
    "pareto_size": 20,
    "pareto_points": [
      [
        -1246020.4899999988,
        3334.1
      ],
      [
        -1254617.6099999999,
        3342.0800000000004
      ],
      [
        -1240336.539999999,
        3330.1300000000006
      ],
      [
        -1265265.9699999979,
        3391.02
      ],
      [
        -1276318.2099999979,
        3542.4300000000007
      ],
      [
        -1256956.599999999,
        3354.61
      ],
      [
        -1267924.409999998,
        3439.080000000001
      ],
      [
        -1250924.2800000003,
        3335.53
      ],
      [
        -1256723.73,
        3353.0600000000004
      ],
      [
        -1267455.5199999989,
        3413.5000000000005
      ],
      [
        -1272666.1799999988,
        3473.4700000000003
      ],
      [
        -1263838.6299999983,
        3377.04
      ],
      [
        -1245636.9199999992,
        3333.6000000000004
      ],
      [
        -1257513.0399999993,
        3356.5300000000007
      ],
      [
        -1274461.9499999986,
        3511.4500000000007
      ],
      [
        -1236591.3299999987,
        3329.620000000001
      ],
      [
        -1270301.5299999989,
        3446.9700000000007
      ],
      [
        -1267683.3299999987,
        3416.5700000000006
      ],
      [
        -1268558.5499999986,
        3439.6000000000004
      ],
      [
        -1271767.9299999978,
        3459.0400000000004
      ]
    ]
  },
  "solutions_count": 20,
  "solutions_directory": "C:\\Users\\hctr0\\PycharmProjects\\TFG_Hector\\31Executions\\NSGA2\\solutions\\users3\\uniform_inversion_high_mutation\\run23"
}