{
  "run_info": {
    "dataset": "users3.json",
    "config": "high_pheromone_influence",
    "run": 9,
    "execution_time": 1872.3106174468994,
    "iterations_completed": 24,
    "max_iterations": 200,
    "terminated_early": true,
    "generations_without_improvement": 12,
    "pareto_size": 6,
    "pareto_points": [
      [
        1222360.1299999964,
        2849.32
      ],
      [
        1204287.4999999946,
        2740.43
      ],
      [
        1215859.8499999954,
        2809.7999999999993
      ],
      [
        1198550.5299999935,
        2729.83
      ],
      [
        1214127.6599999953,
        2783.2999999999997
      ],
      [
        1189453.339999994,
        2668.41
      ]
    ],
    "solutions_evaluated": 600,
    "config_params": {
      "n_ants": 25,
      "rho": 0.3,
      "alpha": 3.0,
      "beta": 2.0,
      "archive_size": 100,
      "no_improvement_generations": 12
    }
  },
  "solutions_count": 6,
  "solutions_directory": "C:\\Users\\hctr0\\PycharmProjects\\TFG_Hector\\31Executions\\PACO\\solutions\\users3\\high_pheromone_influence\\run9",
  "objective_statistics": {
    "cost_range": {
      "min": 2668.41,
      "max": 2849.32
    },
    "minutes_range": {
      "min": 1189453.339999994,
      "max": 1222360.1299999964
    }
  },
  "algorithm_info": {
    "archive_history_length": 24,
    "max_archive_size_reached": 8
  }
}