{
  "solution": [
    17,
    17,
    2,
    17,
    17,
    17,
    2,
    5,
    17,
    17,
    17,
    5,
    2,
    17,
    17,
    17,
    2,
    17,
    17,
    17,
    2,
    5,
    8,
    7,
    16,
    17,
    17,
    17,
    17,
    17,
    8,
    17,
    16,
    17,
    9,
    8,
    2,
    4,
    17,
    17,
    17,
    17,
    17,
    2,
    2,
    17,
    17,
    17,
    2,
    17,
    17,
    17,
    17,
    17,
    17,
    5,
    5,
    17,
    16,
    17,
    4,
    1,
    2,
    8,
    8,
    17,
    17,
    4,
    2,
    17,
    17,
    17,
    17,
    17,
    17,
    2,
    17,
    17,
    17,
    17,
    8,
    2,
    17,
    17,
    17,
    17,
    17,
    8,
    17,
    8,
    17,
    17,
    8,
    4,
    4,
    17,
    9,
    17,
    17,
    17,
    5,
    17,
    8,
    17,
    2,
    17,
    17,
    17,
    17,
    17,
    17,
    5,
    8,
    4,
    17,
    17,
    17,
    17,
    3,
    8,
    17,
    4,
    17,
    17,
    4,
    18,
    9,
    8,
    15,
    17,
    7,
    13,
    17,
    17,
    17,
    4,
    5,
    17,
    2,
    17,
    17,
    8,
    8,
    7,
    2,
    16,
    17,
    18,
    17,
    16,
    17,
    16,
    5,
    17,
    17,
    17,
    2,
    17,
    17,
    17,
    8,
    17,
    17,
    17,
    17,
    8,
    17,
    18,
    5,
    17,
    4,
    18,
    17,
    17,
    17,
    17,
    17,
    17,
    17,
    17,
    6,
    17,
    17,
    8,
    17,
    17,
    8,
    17,
    8,
    17,
    17,
    17,
    8,
    17,
    17,
    17,
    8,
    17,
    5,
    6,
    8,
    17,
    17,
    2,
    17,
    8,
    5,
    17,
    16,
    4,
    8,
    2,
    2,
    8,
    17,
    17,
    17,
    17,
    4,
    4,
    4,
    8,
    8,
    5,
    17,
    8,
    17,
    17,
    17,
    14,
    17,
    17,
    17,
    8,
    17,
    17,
    5,
    17,
    17,
    8,
    17,
    16,
    5,
    17,
    16,
    17,
    17,
    8,
    17,
    17,
    17,
    17,
    17,
    17,
    17,
    8,
    17,
    5,
    5,
    7,
    17,
    17,
    17,
    16,
    13,
    17,
    7,
    17,
    17,
    17,
    8,
    17,
    5,
    17,
    17,
    17,
    8,
    16,
    2,
    17,
    2,
    17,
    8,
    2,
    17,
    5,
    16,
    17,
    17,
    17,
    8,
    17,
    4,
    16,
    8,
    8,
    17,
    17,
    17,
    17
  ],
  "objectives": [
    435341.59999999974,
    948.0900000000001
  ],
  "fitness": {
    "minutos_ponderados": 435341.59999999974,
    "costo_total": 948.0900000000001
  }
}