{
  "solution": [
    17,
    17,
    2,
    17,
    17,
    17,
    2,
    6,
    17,
    17,
    17,
    18,
    11,
    17,
    17,
    17,
    2,
    17,
    17,
    17,
    2,
    5,
    8,
    17,
    16,
    2,
    17,
    17,
    17,
    17,
    3,
    17,
    16,
    17,
    9,
    8,
    2,
    17,
    16,
    17,
    17,
    17,
    17,
    2,
    2,
    17,
    17,
    17,
    2,
    17,
    17,
    17,
    17,
    17,
    17,
    5,
    8,
    17,
    2,
    8,
    4,
    17,
    2,
    8,
    8,
    17,
    17,
    17,
    2,
    17,
    17,
    17,
    17,
    17,
    17,
    18,
    17,
    17,
    17,
    17,
    8,
    2,
    17,
    17,
    17,
    17,
    17,
    13,
    17,
    8,
    17,
    17,
    8,
    4,
    15,
    17,
    5,
    17,
    17,
    17,
    5,
    17,
    8,
    17,
    2,
    17,
    17,
    17,
    17,
    17,
    17,
    16,
    8,
    4,
    17,
    17,
    17,
    18,
    17,
    8,
    17,
    8,
    17,
    17,
    2,
    2,
    9,
    8,
    17,
    17,
    8,
    16,
    17,
    17,
    17,
    8,
    5,
    17,
    2,
    17,
    16,
    8,
    8,
    17,
    2,
    16,
    17,
    5,
    17,
    16,
    17,
    16,
    17,
    17,
    17,
    8,
    2,
    17,
    17,
    17,
    8,
    17,
    17,
    17,
    17,
    15,
    5,
    2,
    5,
    17,
    4,
    17,
    17,
    17,
    17,
    17,
    17,
    17,
    17,
    17,
    6,
    17,
    17,
    8,
    17,
    17,
    8,
    17,
    8,
    11,
    17,
    17,
    17,
    5,
    17,
    4,
    8,
    17,
    5,
    17,
    8,
    17,
    17,
    2,
    17,
    8,
    5,
    17,
    16,
    4,
    10,
    2,
    2,
    8,
    17,
    17,
    15,
    17,
    4,
    4,
    4,
    8,
    8,
    5,
    17,
    3,
    8,
    17,
    17,
    1,
    17,
    17,
    17,
    8,
    17,
    17,
    5,
    17,
    17,
    8,
    14,
    16,
    4,
    17,
    4,
    17,
    17,
    17,
    17,
    17,
    17,
    17,
    17,
    17,
    17,
    8,
    17,
    5,
    5,
    2,
    17,
    17,
    17,
    16,
    2,
    17,
    7,
    17,
    17,
    17,
    8,
    17,
    5,
    17,
    17,
    17,
    8,
    16,
    2,
    17,
    8,
    17,
    8,
    17,
    17,
    5,
    16,
    17,
    17,
    17,
    8,
    17,
    4,
    16,
    8,
    8,
    9,
    17,
    17,
    17
  ],
  "objectives": [
    444604.68999999994,
    971.05
  ],
  "fitness": {
    "minutos_ponderados": 444604.68999999994,
    "costo_total": 971.05
  }
}