{
  "solution": [
    17,
    17,
    2,
    17,
    9,
    17,
    2,
    5,
    17,
    17,
    17,
    5,
    11,
    17,
    17,
    17,
    2,
    17,
    17,
    17,
    2,
    5,
    8,
    17,
    16,
    17,
    17,
    17,
    17,
    10,
    1,
    17,
    16,
    17,
    9,
    8,
    2,
    17,
    17,
    17,
    17,
    17,
    17,
    2,
    2,
    17,
    17,
    17,
    2,
    17,
    17,
    14,
    17,
    17,
    17,
    5,
    6,
    17,
    2,
    17,
    4,
    17,
    2,
    8,
    8,
    17,
    17,
    17,
    2,
    17,
    17,
    17,
    17,
    17,
    17,
    2,
    17,
    17,
    17,
    9,
    8,
    2,
    17,
    5,
    17,
    17,
    17,
    8,
    17,
    8,
    17,
    17,
    8,
    4,
    2,
    17,
    5,
    17,
    17,
    17,
    5,
    17,
    8,
    17,
    2,
    17,
    17,
    17,
    13,
    17,
    11,
    16,
    1,
    4,
    17,
    17,
    17,
    17,
    17,
    8,
    17,
    9,
    17,
    17,
    4,
    2,
    9,
    17,
    17,
    17,
    8,
    16,
    17,
    17,
    17,
    8,
    5,
    17,
    2,
    17,
    17,
    8,
    8,
    17,
    2,
    16,
    17,
    5,
    17,
    7,
    17,
    16,
    17,
    17,
    17,
    17,
    2,
    17,
    17,
    17,
    9,
    17,
    17,
    17,
    18,
    8,
    17,
    4,
    5,
    4,
    4,
    17,
    17,
    17,
    17,
    17,
    17,
    4,
    17,
    17,
    6,
    17,
    17,
    8,
    17,
    10,
    8,
    17,
    8,
    17,
    17,
    17,
    17,
    17,
    17,
    17,
    8,
    17,
    5,
    17,
    8,
    10,
    17,
    2,
    17,
    8,
    5,
    3,
    16,
    4,
    7,
    2,
    2,
    18,
    17,
    17,
    17,
    17,
    4,
    4,
    10,
    8,
    4,
    5,
    4,
    8,
    17,
    17,
    17,
    17,
    3,
    17,
    17,
    8,
    17,
    17,
    12,
    17,
    17,
    8,
    15,
    16,
    4,
    17,
    16,
    17,
    17,
    17,
    17,
    17,
    17,
    17,
    17,
    17,
    15,
    7,
    17,
    5,
    5,
    2,
    17,
    2,
    17,
    6,
    12,
    17,
    7,
    17,
    17,
    2,
    8,
    11,
    5,
    17,
    17,
    1,
    8,
    16,
    2,
    17,
    8,
    17,
    8,
    17,
    9,
    5,
    16,
    17,
    17,
    15,
    8,
    17,
    4,
    16,
    15,
    8,
    17,
    17,
    10,
    17
  ],
  "objectives": [
    456143.3499999998,
    1078.04
  ],
  "fitness": {
    "minutos_ponderados": 456143.3499999998,
    "costo_total": 1078.04
  }
}