{
  "solution": [
    17,
    17,
    2,
    15,
    17,
    17,
    2,
    5,
    17,
    17,
    17,
    5,
    11,
    15,
    17,
    17,
    6,
    17,
    17,
    17,
    2,
    5,
    17,
    1,
    16,
    11,
    17,
    17,
    17,
    4,
    8,
    17,
    4,
    17,
    13,
    8,
    2,
    17,
    17,
    17,
    17,
    17,
    17,
    2,
    2,
    17,
    17,
    17,
    2,
    17,
    17,
    17,
    17,
    17,
    17,
    5,
    7,
    9,
    2,
    17,
    4,
    3,
    17,
    8,
    8,
    11,
    17,
    9,
    2,
    17,
    17,
    17,
    17,
    17,
    5,
    2,
    17,
    17,
    17,
    17,
    8,
    2,
    17,
    17,
    17,
    17,
    17,
    8,
    17,
    8,
    17,
    17,
    8,
    4,
    2,
    17,
    5,
    15,
    17,
    1,
    5,
    17,
    8,
    17,
    2,
    4,
    17,
    17,
    17,
    17,
    17,
    16,
    11,
    11,
    11,
    17,
    9,
    17,
    17,
    3,
    17,
    8,
    17,
    9,
    4,
    2,
    11,
    8,
    17,
    17,
    8,
    16,
    17,
    17,
    14,
    8,
    5,
    17,
    2,
    17,
    17,
    8,
    8,
    17,
    2,
    16,
    17,
    5,
    17,
    16,
    13,
    16,
    17,
    17,
    17,
    5,
    2,
    9,
    17,
    17,
    8,
    17,
    17,
    17,
    17,
    8,
    17,
    4,
    5,
    17,
    5,
    5,
    17,
    17,
    17,
    17,
    17,
    17,
    17,
    17,
    18,
    17,
    17,
    8,
    17,
    17,
    8,
    17,
    8,
    17,
    17,
    17,
    17,
    17,
    15,
    17,
    8,
    17,
    15,
    17,
    8,
    17,
    17,
    16,
    17,
    8,
    5,
    17,
    16,
    4,
    8,
    2,
    2,
    8,
    17,
    2,
    17,
    8,
    4,
    15,
    4,
    2,
    8,
    4,
    17,
    8,
    17,
    17,
    17,
    17,
    17,
    17,
    17,
    10,
    17,
    17,
    5,
    17,
    17,
    8,
    5,
    16,
    4,
    17,
    10,
    17,
    17,
    17,
    17,
    16,
    17,
    17,
    17,
    17,
    17,
    8,
    12,
    5,
    6,
    2,
    17,
    17,
    17,
    16,
    2,
    17,
    7,
    13,
    1,
    16,
    8,
    17,
    5,
    17,
    14,
    17,
    8,
    16,
    2,
    17,
    8,
    17,
    8,
    17,
    17,
    5,
    16,
    17,
    17,
    17,
    15,
    17,
    4,
    16,
    8,
    8,
    15,
    17,
    17,
    17
  ],
  "objectives": [
    453856.49,
    1037.6200000000001
  ],
  "fitness": {
    "minutos_ponderados": 453856.49,
    "costo_total": 1037.6200000000001
  }
}