{
  "solution": [
    16,
    16,
    17,
    17,
    17,
    6,
    11,
    17,
    17,
    17,
    17,
    16,
    17,
    1,
    8,
    17,
    18,
    17,
    4,
    17,
    6,
    4,
    4,
    17,
    1,
    8,
    17,
    13,
    5,
    17,
    4,
    17,
    14,
    4,
    17,
    17,
    2,
    17,
    17,
    17,
    4,
    4,
    17,
    15,
    17,
    17,
    8,
    16,
    16,
    6,
    4,
    8,
    16,
    5,
    17,
    17,
    6,
    17,
    17,
    1,
    17,
    16,
    16,
    18,
    6,
    5,
    17,
    17,
    4,
    5,
    17,
    17,
    8,
    11,
    8,
    3,
    7,
    17,
    8,
    1,
    17,
    17,
    17,
    17,
    17,
    16,
    8,
    17,
    17,
    17,
    16,
    17,
    17,
    5,
    2,
    8,
    9,
    10,
    8,
    6,
    5,
    17,
    17,
    17,
    17,
    17,
    5,
    17,
    5,
    17,
    17,
    17,
    4,
    8,
    17,
    17,
    17,
    8,
    8,
    17,
    2,
    17,
    17,
    17,
    17,
    9,
    17,
    17,
    18,
    17,
    10,
    8,
    8,
    8,
    17,
    17,
    17,
    17,
    8,
    8,
    17,
    8,
    17,
    8,
    8,
    17,
    4,
    15,
    8,
    17,
    17,
    17,
    17,
    17,
    5,
    17,
    17,
    16,
    2,
    17,
    17,
    10,
    6,
    4,
    5,
    4,
    4,
    8,
    8,
    8,
    17,
    17,
    2,
    5,
    5,
    17,
    17,
    2,
    16,
    17,
    17,
    2,
    17,
    17,
    17,
    17,
    2,
    17,
    4,
    17,
    17,
    17,
    17,
    4,
    17,
    12,
    17,
    9,
    2,
    17,
    4,
    8,
    4,
    16,
    2,
    5,
    17,
    17,
    17,
    17,
    17,
    17,
    17,
    17,
    17,
    8,
    5,
    17,
    5,
    17,
    16,
    5,
    17,
    17,
    5,
    8,
    17,
    17,
    17,
    17,
    17,
    4,
    2,
    8,
    17,
    17,
    17,
    17,
    4,
    17,
    5,
    17,
    8,
    17,
    8,
    9,
    2,
    17,
    17,
    17,
    6,
    17,
    17,
    17,
    1,
    17,
    17,
    8,
    2,
    17,
    17,
    8,
    17,
    2,
    17,
    8,
    17,
    8,
    17,
    2,
    4,
    4,
    17,
    16,
    17,
    17,
    2,
    17,
    2,
    9,
    9,
    13,
    17,
    17,
    17,
    17,
    16,
    17,
    4,
    17,
    17,
    2,
    6,
    8,
    5,
    17,
    4,
    17,
    16,
    2
  ],
  "objectives": [
    328023.04000000004,
    1029.6600000000003
  ],
  "fitness": {
    "minutos_ponderados": 328023.04000000004,
    "costo_total": 1029.6600000000003
  }
}