{
  "solution": [
    5,
    17,
    16,
    17,
    8,
    17,
    17,
    17,
    17,
    17,
    13,
    6,
    8,
    8,
    17,
    17,
    8,
    8,
    7,
    8,
    17,
    8,
    17,
    17,
    17,
    11,
    17,
    4,
    4,
    8,
    17,
    17,
    4,
    13,
    13,
    4,
    17,
    10,
    6,
    6,
    8,
    15,
    12,
    6,
    8,
    5,
    4,
    8,
    8,
    8,
    2,
    8,
    16,
    17,
    8,
    17,
    17,
    17,
    13,
    6,
    4,
    17,
    17,
    5,
    18,
    17,
    4,
    5,
    5,
    4,
    1,
    5,
    8,
    8,
    17,
    8,
    17,
    17,
    17,
    17,
    4,
    5,
    16,
    8,
    6,
    5,
    17,
    17,
    8,
    17,
    15,
    17,
    8,
    8,
    4,
    17,
    5,
    17,
    17,
    17,
    17,
    8,
    17,
    16,
    5,
    7,
    7,
    2,
    5,
    2,
    17,
    17,
    17,
    17,
    5,
    17,
    17,
    6,
    4,
    6,
    8,
    17,
    8,
    5,
    4,
    16,
    17,
    2,
    17,
    9,
    1,
    17,
    8,
    1,
    18,
    17,
    3,
    17,
    17,
    8,
    11,
    17,
    8,
    2,
    8,
    2,
    17,
    16,
    17,
    4,
    17,
    2,
    17,
    17,
    8,
    17,
    17,
    17,
    17,
    17,
    17,
    4,
    17,
    10,
    17,
    8,
    17,
    13,
    13,
    17,
    17,
    17,
    2,
    2,
    6,
    17,
    2,
    2,
    5,
    9,
    14,
    13,
    17,
    17,
    4,
    17,
    17,
    6,
    8,
    8,
    8,
    6,
    17,
    4,
    17,
    8,
    18,
    16,
    4,
    6,
    17,
    6,
    17,
    2,
    5,
    8,
    5,
    17,
    17,
    17,
    16,
    17,
    8,
    9,
    17,
    17,
    17,
    18,
    6,
    6,
    17,
    17,
    4,
    17,
    2,
    17,
    17,
    8,
    8,
    8,
    2,
    17,
    2,
    17,
    17,
    16,
    18,
    17,
    10,
    17,
    9,
    6,
    4,
    17,
    2,
    18,
    17,
    1,
    17,
    17,
    17,
    7,
    1,
    17,
    9,
    2,
    17,
    2,
    16,
    2,
    5,
    17,
    17,
    8,
    8,
    17,
    2,
    5,
    17,
    4,
    17,
    17,
    4,
    17,
    17,
    17,
    17,
    6,
    17,
    17,
    15,
    17,
    4,
    14,
    17,
    1,
    2,
    17,
    17,
    6,
    4,
    15,
    11,
    17,
    8,
    17,
    17,
    17,
    17,
    2
  ],
  "objectives": [
    322708.86999999994,
    1085.2400000000002
  ],
  "fitness": {
    "minutos_ponderados": 322708.86999999994,
    "costo_total": 1085.2400000000002
  }
}