{
  "run_info": {
    "dataset": "users4.json",
    "config": "uniform_inversion_high_mutation",
    "run": 24,
    "execution_time": 7864.860779047012,
    "generations": 304,
    "pareto_size": 17,
    "pareto_points": [
      [
        -2052393.3700000013,
        4637.6900000000005
      ],
      [
        -2046233.0800000012,
        4636.24
      ],
      [
        -2070893.1099999987,
        4712.18
      ],
      [
        -2070914.4399999983,
        4731.1500000000015
      ],
      [
        -2059752.1500000013,
        4664.71
      ],
      [
        -2055709.600000001,
        4656.700000000001
      ],
      [
        -2082719.3299999982,
        4804.570000000001
      ],
      [
        -2037232.300000001,
        4594.29
      ],
      [
        -2055684.3500000013,
        4655.160000000001
      ],
      [
        -2068402.5500000003,
        4708.1
      ],
      [
        -2045004.3600000008,
        4606.26
      ],
      [
        -2076537.1999999983,
        4741.6
      ],
      [
        -2074184.9799999993,
        4740.61
      ],
      [
        -2078829.7999999973,
        4763.1
      ],
      [
        -2063917.4700000011,
        4680.670000000001
      ],
      [
        -2062454.4899999998,
        4675.190000000001
      ],
      [
        -2055871.2100000004,
        4658.190000000001
      ]
    ]
  },
  "solutions_count": 17,
  "solutions_directory": "C:\\Users\\hctr0\\PycharmProjects\\TFG_Hector\\31Executions\\NSGA2\\solutions\\users4\\uniform_inversion_high_mutation\\run24"
}