{
  "run_info": {
    "dataset": "users3.json",
    "config": "npoint_reset_low_crossover",
    "run": 4,
    "execution_time": 820.4611580371857,
    "generations": 73,
    "pareto_size": 15,
    "pareto_points": [
      [
        -1147924.9699999983,
        3643.4899999999993
      ],
      [
        -1152522.9999999986,
        3663.51
      ],
      [
        -1153181.0899999987,
        3676.9599999999996
      ],
      [
        -1149389.929999999,
        3658.03
      ],
      [
        -1151260.5899999987,
        3658.5200000000004
      ],
      [
        -1145119.7599999986,
        3600.03
      ],
      [
        -1160542.5699999954,
        3869.3900000000003
      ],
      [
        -1133061.5499999996,
        3540.61
      ],
      [
        -1142921.5699999987,
        3597.03
      ],
      [
        -1145662.5099999984,
        3631.5
      ],
      [
        -1133751.4800000004,
        3592.5400000000004
      ],
      [
        -1132163.4,
        3521.6000000000004
      ],
      [
        -1159325.7999999966,
        3773.4100000000003
      ],
      [
        -1158929.4899999963,
        3741.9500000000003
      ],
      [
        -1163150.639999996,
        3874.4100000000003
      ]
    ]
  },
  "solutions_count": 15,
  "solutions_directory": "../results/NSGA2\\solutions\\users3\\npoint_reset_low_crossover\\run4"
}