{
  "run_info": {
    "dataset": "users5.json",
    "config": "npoint_inversion_low_mutation",
    "run": 3,
    "execution_time": 6090.73193025589,
    "generations": 144,
    "pareto_size": 47,
    "pareto_points": [
      [
        -3012054.349999989,
        9276.680000000002
      ],
      [
        -2854812.6599999918,
        8864.310000000001
      ],
      [
        -2905440.41999999,
        8880.750000000002
      ],
      [
        -3048672.5199999837,
        9403.130000000001
      ],
      [
        -2979271.410000008,
        9153.570000000002
      ],
      [
        -2906367.4399999897,
        8887.740000000002
      ],
      [
        -2974516.1500000022,
        9116.560000000001
      ],
      [
        -2978491.560000009,
        9129.590000000002
      ],
      [
        -3028645.439999986,
        9299.12
      ],
      [
        -3052184.72999999,
        9423.61
      ],
      [
        -2996341.790000009,
        9154.01
      ],
      [
        -2912995.3099999875,
        8973.210000000003
      ],
      [
        -3056292.0199999865,
        9430.070000000002
      ],
      [
        -2942394.8399999845,
        9040.28
      ],
      [
        -2971625.1100000027,
        9093.590000000004
      ],
      [
        -3009894.770000005,
        9198.519999999999
      ],
      [
        -3039797.3899999936,
        9331.700000000003
      ],
      [
        -3042478.599999992,
        9333.680000000002
      ],
      [
        -2972493.00000001,
        9111.640000000001
      ],
      [
        -3045054.3999999864,
        9386.12
      ],
      [
        -2944688.3399999836,
        9089.22
      ],
      [
        -3087409.849999977,
        9639.970000000001
      ],
      [
        -3049442.4799999897,
        9418.580000000002
      ],
      [
        -2939544.459999984,
        9013.27
      ],
      [
        -3011675.3700000043,
        9212.500000000002
      ],
      [
        -2908420.629999991,
        8904.740000000002
      ],
      [
        -3079438.9399999776,
        9615.060000000001
      ],
      [
        -2911989.51999999,
        8926.220000000001
      ],
      [
        -3006265.740000007,
        9168.53
      ],
      [
        -3084740.6099999775,
        9639.460000000001
      ],
      [
        -2856640.2399999914,
        8873.27
      ],
      [
        -3053128.6099999906,
        9424.61
      ],
      [
        -3010609.5200000056,
        9198.52
      ],
      [
        -2909913.519999991,
        8910.730000000001
      ],
      [
        -2976743.8600000027,
        9122.580000000002
      ],
      [
        -3019789.519999988,
        9287.670000000002
      ],
      [
        -3080187.219999975,
        9630.460000000001
      ],
      [
        -3051044.9599999897,
        9423.590000000002
      ],
      [
        -2944526.0099999844,
        9048.28
      ],
      [
        -3070882.8799999896,
        9490.070000000002
      ],
      [
        -3029755.159999986,
        9300.13
      ],
      [
        -3007219.6100000073,
        9185.54
      ],
      [
        -3069542.669999985,
        9440.560000000001
      ],
      [
        -3099945.2799999756,
        9781.830000000002
      ],
      [
        -2918241.079999987,
        8987.210000000003
      ],
      [
        -3044880.309999985,
        9373.140000000001
      ],
      [
        -3015101.3399999877,
        9282.690000000002
      ]
    ]
  },
  "solutions_count": 47,
  "solutions_directory": "../results/NSGA2\\solutions\\users5\\npoint_inversion_low_mutation\\run3"
}