{
  "solution": [
    17,
    17,
    17,
    16,
    10,
    17,
    17,
    6,
    17,
    5,
    17,
    17,
    17,
    17,
    17,
    17,
    17,
    9,
    17,
    17,
    17,
    4,
    17,
    8,
    8,
    8,
    17,
    17,
    17,
    17,
    17,
    17,
    15,
    8,
    5,
    17,
    2,
    16,
    17,
    17,
    10,
    17,
    5,
    17,
    17,
    17,
    3,
    16,
    8,
    17,
    17,
    17,
    10,
    6,
    17,
    17,
    17,
    17,
    5,
    17,
    17,
    17,
    17,
    1,
    11,
    2,
    17,
    16,
    2,
    17,
    8,
    4,
    8,
    4,
    4,
    4,
    17,
    17,
    4,
    17,
    7,
    15,
    16,
    17,
    15,
    17,
    17,
    17,
    17,
    8,
    16,
    17,
    8,
    17,
    17,
    17,
    5,
    17,
    17,
    5,
    17,
    16,
    17,
    17,
    17,
    17,
    17,
    17,
    17,
    5,
    17,
    15,
    7,
    17,
    17,
    6,
    17,
    8,
    17,
    8,
    10,
    17,
    16,
    17,
    13,
    17,
    5,
    10,
    17,
    17,
    3,
    15,
    17,
    8,
    17,
    1,
    2,
    8,
    17,
    17,
    17,
    2,
    5,
    17,
    5,
    17,
    17,
    16,
    17,
    6,
    17,
    2,
    17,
    8,
    17,
    17,
    6,
    4,
    8,
    17,
    5,
    17,
    8,
    8,
    17,
    6,
    4,
    6,
    17,
    5,
    17,
    8,
    8,
    17,
    17,
    17,
    8,
    4,
    17,
    17,
    8,
    17,
    8,
    17,
    8,
    17,
    17,
    16,
    16,
    17,
    8,
    17,
    17,
    4,
    4,
    17,
    6,
    17,
    5,
    8,
    17,
    17,
    17,
    5,
    2,
    17,
    17,
    8,
    2,
    17,
    18,
    3,
    17,
    11,
    17,
    17,
    17,
    2,
    16,
    17,
    17,
    3,
    17,
    8,
    2,
    17,
    15,
    17,
    17,
    17,
    17,
    17,
    5,
    17,
    3,
    4,
    14,
    17,
    17,
    17,
    17,
    15,
    2,
    17,
    17,
    15,
    17,
    17,
    2,
    17,
    2,
    17,
    17,
    6,
    17,
    17,
    4,
    17,
    5,
    16,
    4,
    17,
    16,
    16,
    17,
    6,
    5,
    17,
    8,
    17,
    2,
    2,
    16,
    17,
    17,
    16,
    4,
    5,
    12,
    13,
    5,
    9,
    5,
    5,
    6,
    8,
    8,
    16,
    17,
    17,
    17,
    17,
    2,
    5,
    13,
    17,
    17,
    17,
    17,
    2
  ],
  "objectives": [
    325195.4700000001,
    1075.5700000000002
  ],
  "fitness": {
    "minutos_ponderados": 325195.4700000001,
    "costo_total": 1075.5700000000002
  }
}