{
  "solution": [
    17,
    17,
    6,
    17,
    17,
    16,
    17,
    2,
    1,
    17,
    17,
    17,
    17,
    17,
    17,
    17,
    17,
    16,
    17,
    5,
    8,
    17,
    17,
    8,
    6,
    17,
    8,
    2,
    17,
    17,
    17,
    17,
    17,
    17,
    2,
    17,
    2,
    16,
    17,
    17,
    8,
    17,
    17,
    7,
    15,
    17,
    6,
    8,
    17,
    4,
    17,
    17,
    17,
    8,
    17,
    17,
    17,
    17,
    17,
    4,
    3,
    16,
    4,
    17,
    17,
    16,
    8,
    17,
    17,
    17,
    17,
    17,
    17,
    4,
    17,
    4,
    17,
    17,
    8,
    17,
    17,
    14,
    17,
    5,
    17,
    16,
    16,
    17,
    17,
    8,
    17,
    17,
    8,
    17,
    1,
    17,
    5,
    8,
    17,
    18,
    17,
    17,
    17,
    17,
    17,
    8,
    14,
    17,
    8,
    17,
    17,
    17,
    10,
    18,
    17,
    17,
    17,
    17,
    9,
    2,
    17,
    5,
    16,
    17,
    17,
    17,
    17,
    1,
    1,
    17,
    8,
    17,
    17,
    8,
    17,
    17,
    2,
    17,
    17,
    18,
    8,
    8,
    8,
    17,
    17,
    17,
    9,
    17,
    17,
    17,
    9,
    17,
    17,
    1,
    17,
    2,
    14,
    17,
    8,
    17,
    17,
    17,
    8,
    4,
    17,
    6,
    6,
    16,
    17,
    17,
    17,
    8,
    8,
    5,
    17,
    17,
    4,
    8,
    17,
    17,
    17,
    17,
    8,
    17,
    5,
    17,
    17,
    2,
    17,
    17,
    17,
    17,
    5,
    17,
    17,
    17,
    17,
    17,
    16,
    9,
    17,
    17,
    17,
    9,
    8,
    17,
    2,
    8,
    2,
    17,
    17,
    5,
    17,
    5,
    17,
    17,
    17,
    17,
    5,
    2,
    17,
    8,
    4,
    17,
    8,
    17,
    17,
    17,
    17,
    2,
    17,
    9,
    17,
    17,
    6,
    2,
    17,
    5,
    17,
    17,
    17,
    17,
    17,
    17,
    4,
    17,
    9,
    13,
    17,
    17,
    8,
    17,
    17,
    14,
    9,
    17,
    17,
    6,
    17,
    5,
    17,
    17,
    5,
    8,
    17,
    17,
    17,
    17,
    8,
    4,
    17,
    14,
    17,
    17,
    17,
    16,
    17,
    17,
    17,
    17,
    5,
    17,
    17,
    2,
    17,
    17,
    17,
    17,
    8,
    17,
    17,
    6,
    2,
    8,
    17,
    17,
    17,
    17,
    17,
    17
  ],
  "objectives": [
    300723.34000000014,
    1033.42
  ],
  "fitness": {
    "minutos_ponderados": 300723.34000000014,
    "costo_total": 1033.42
  }
}