{
  "solution": [
    17,
    17,
    17,
    13,
    17,
    8,
    17,
    8,
    8,
    6,
    17,
    17,
    17,
    17,
    17,
    17,
    16,
    17,
    8,
    17,
    5,
    17,
    17,
    17,
    4,
    17,
    17,
    17,
    17,
    17,
    17,
    17,
    17,
    17,
    2,
    17,
    17,
    8,
    17,
    16,
    8,
    17,
    4,
    17,
    17,
    17,
    17,
    17,
    17,
    17,
    17,
    17,
    17,
    5,
    17,
    6,
    17,
    17,
    4,
    15,
    17,
    17,
    17,
    17,
    11,
    15,
    8,
    16,
    17,
    17,
    8,
    17,
    3,
    4,
    17,
    17,
    17,
    17,
    8,
    17,
    5,
    4,
    17,
    17,
    8,
    2,
    17,
    17,
    18,
    8,
    17,
    17,
    8,
    17,
    17,
    17,
    17,
    2,
    17,
    2,
    4,
    17,
    17,
    17,
    17,
    17,
    8,
    17,
    17,
    17,
    17,
    17,
    8,
    17,
    17,
    17,
    17,
    17,
    17,
    17,
    17,
    17,
    17,
    17,
    17,
    17,
    17,
    15,
    11,
    17,
    8,
    17,
    17,
    8,
    17,
    17,
    2,
    6,
    18,
    17,
    17,
    17,
    6,
    12,
    17,
    17,
    17,
    17,
    17,
    17,
    17,
    17,
    17,
    17,
    11,
    17,
    17,
    17,
    8,
    17,
    17,
    17,
    17,
    17,
    17,
    17,
    17,
    17,
    17,
    17,
    17,
    8,
    5,
    5,
    17,
    17,
    8,
    4,
    17,
    17,
    17,
    17,
    17,
    17,
    8,
    17,
    17,
    5,
    2,
    8,
    8,
    4,
    1,
    17,
    16,
    17,
    17,
    17,
    5,
    9,
    17,
    17,
    17,
    5,
    4,
    17,
    17,
    10,
    17,
    17,
    17,
    5,
    17,
    17,
    17,
    17,
    17,
    8,
    16,
    17,
    17,
    16,
    17,
    5,
    8,
    17,
    17,
    8,
    17,
    6,
    17,
    17,
    17,
    17,
    17,
    8,
    17,
    5,
    17,
    17,
    17,
    17,
    10,
    17,
    17,
    17,
    17,
    17,
    2,
    8,
    17,
    2,
    17,
    11,
    8,
    17,
    17,
    17,
    2,
    8,
    15,
    15,
    5,
    4,
    17,
    17,
    17,
    17,
    17,
    11,
    4,
    1,
    17,
    8,
    16,
    17,
    17,
    10,
    7,
    10,
    5,
    17,
    17,
    2,
    17,
    17,
    8,
    17,
    17,
    17,
    17,
    17,
    17,
    8,
    17,
    17,
    17,
    17,
    17,
    17
  ],
  "objectives": [
    282591.2500000007,
    1015.87
  ],
  "fitness": {
    "minutos_ponderados": 282591.2500000007,
    "costo_total": 1015.87
  }
}