{
  "run_info": {
    "dataset": "users2.json",
    "config": "uniform_reset_low_mutation",
    "run": 2,
    "execution_time": 556.233793258667,
    "generations": 96,
    "pareto_size": 31,
    "pareto_points": [
      [
        -773908.2000000016,
        2320.7499999999995
      ],
      [
        -773493.8100000015,
        2320.35
      ],
      [
        -804996.9300000007,
        2456.72
      ],
      [
        -770731.4700000013,
        2317.35
      ],
      [
        -808386.7200000009,
        2500.7200000000003
      ],
      [
        -805132.9800000014,
        2461.25
      ],
      [
        -806757.520000001,
        2477.73
      ],
      [
        -808102.350000001,
        2478.2300000000005
      ],
      [
        -759529.3600000015,
        2272.3199999999997
      ],
      [
        -774728.5600000012,
        2328.83
      ],
      [
        -797741.8100000015,
        2391.7799999999997
      ],
      [
        -803653.3800000013,
        2451.26
      ],
      [
        -784304.3100000017,
        2342.84
      ],
      [
        -805448.2300000008,
        2473.75
      ],
      [
        -794117.0200000015,
        2356.8199999999997
      ],
      [
        -783011.0200000016,
        2335.8399999999997
      ],
      [
        -809731.550000001,
        2503.21
      ],
      [
        -794145.5900000015,
        2364.7999999999997
      ],
      [
        -768309.0000000012,
        2314.36
      ],
      [
        -803264.8200000013,
        2447.2300000000005
      ],
      [
        -802024.1800000011,
        2421.28
      ],
      [
        -796501.1700000013,
        2376.8399999999997
      ],
      [
        -800526.7000000012,
        2411.25
      ],
      [
        -802609.4000000006,
        2423.27
      ],
      [
        -805648.9700000015,
        2475.2300000000005
      ],
      [
        -797217.5600000015,
        2390.2999999999997
      ],
      [
        -779947.6100000016,
        2330.86
      ],
      [
        -789954.6500000019,
        2355.81
      ],
      [
        -799640.0300000012,
        2398.26
      ],
      [
        -783503.2200000016,
        2337.84
      ],
      [
        -778353.3500000013,
        2330.81
      ]
    ]
  },
  "solutions_count": 31,
  "solutions_directory": "../results/NSGA2\\solutions\\users2\\uniform_reset_low_mutation\\run2"
}