{
  "run_info": {
    "dataset": "users1.json",
    "config": "uniform_inversion_high_mutation",
    "run": 2,
    "execution_time": 244.8651351928711,
    "generations": 110,
    "pareto_size": 17,
    "pareto_points": [
      [
        -496775.44000000024,
        1101.54
      ],
      [
        -494554.0700000004,
        1092.55
      ],
      [
        -505586.1200000001,
        1127.4999999999998
      ],
      [
        -510480.81000000023,
        1154.9799999999998
      ],
      [
        -503021.17000000033,
        1114.5299999999997
      ],
      [
        -511657.1999999999,
        1169.4799999999998
      ],
      [
        -509032.67999999993,
        1129.5199999999998
      ],
      [
        -501605.7400000002,
        1109.5199999999998
      ],
      [
        -487247.2500000003,
        1077.55
      ],
      [
        -503155.9000000001,
        1121.5099999999998
      ],
      [
        -503545.93000000005,
        1121.5299999999997
      ],
      [
        -496794.29,
        1103.51
      ],
      [
        -510048.51999999984,
        1132.04
      ],
      [
        -508031.84,
        1129.5099999999998
      ],
      [
        -516673.20999999996,
        1175.9699999999998
      ],
      [
        -519050.97000000003,
        1242.8899999999999
      ],
      [
        -499095.1600000001,
        1108.5299999999997
      ]
    ]
  },
  "solutions_count": 17,
  "solutions_directory": "C:\\Users\\hctr0\\PycharmProjects\\TFG_Hector\\31Executions\\NSGA2\\solutions\\users1\\uniform_inversion_high_mutation\\run2"
}