{
  "run_info": {
    "dataset": "users4.json",
    "config": "uniform_inversion_high_mutation",
    "run": 7,
    "execution_time": 1920.4185435771942,
    "generations": 145,
    "pareto_size": 13,
    "pareto_points": [
      [
        -1984381.650000003,
        4599.43
      ],
      [
        -1993546.5900000022,
        4599.549999999999
      ],
      [
        -1980024.4400000018,
        4567.570000000001
      ],
      [
        -1995113.150000003,
        4632.02
      ],
      [
        -2005922.9400000023,
        4635.02
      ],
      [
        -2011801.980000003,
        4691.960000000001
      ],
      [
        -2013889.820000003,
        4716.430000000001
      ],
      [
        -2011948.5300000028,
        4696.990000000001
      ],
      [
        -2032396.160000003,
        4878.43
      ],
      [
        -1990791.8200000026,
        4599.450000000001
      ],
      [
        -2006389.0800000057,
        4685.500000000001
      ],
      [
        -2029073.9900000026,
        4735.490000000001
      ],
      [
        -2023241.3100000026,
        4725.99
      ]
    ]
  },
  "solutions_count": 13,
  "solutions_directory": "C:\\Users\\hctr0\\PycharmProjects\\TFG_Hector\\31Executions\\NSGA2\\solutions\\users4\\uniform_inversion_high_mutation\\run7"
}