{
  "run_info": {
    "dataset": "users5.json",
    "config": "uniform_inversion_high_mutation",
    "run": 16,
    "execution_time": 3542.934910058975,
    "generations": 123,
    "pareto_size": 17,
    "pareto_points": [
      [
        -3278795.2800000017,
        7925.000000000001
      ],
      [
        -3345761.059999997,
        8069.860000000002
      ],
      [
        -3304928.0100000063,
        7958.020000000001
      ],
      [
        -3383944.580000003,
        8226.420000000002
      ],
      [
        -3349024.8800000018,
        8071.4400000000005
      ],
      [
        -3301158.4599999967,
        7929.410000000002
      ],
      [
        -3303847.000000003,
        7936.030000000002
      ],
      [
        -3311960.159999995,
        7976.550000000002
      ],
      [
        -3224383.519999999,
        7898.620000000002
      ],
      [
        -3305502.6800000034,
        7964.560000000002
      ],
      [
        -3309107.909999995,
        7968.54
      ],
      [
        -3386341.299999994,
        8246.850000000002
      ],
      [
        -3256947.16,
        7907.630000000002
      ],
      [
        -3376467.179999997,
        8201.900000000001
      ],
      [
        -3343300.6999999955,
        7981.450000000002
      ],
      [
        -3363499.509999995,
        8079.360000000002
      ],
      [
        -3375390.3099999963,
        8098.880000000002
      ]
    ]
  },
  "solutions_count": 17,
  "solutions_directory": "C:\\Users\\hctr0\\PycharmProjects\\TFG_Hector\\31Executions\\NSGA2\\solutions\\users5\\uniform_inversion_high_mutation\\run16"
}