{
  "run_info": {
    "dataset": "users3.json",
    "config": "high_pheromone_influence",
    "run": 25,
    "execution_time": 1652.9127867221832,
    "iterations_completed": 40,
    "max_iterations": 200,
    "terminated_early": true,
    "generations_without_improvement": 12,
    "pareto_size": 8,
    "pareto_points": [
      [
        1223393.6499999973,
        2784.1099999999997
      ],
      [
        1204392.7099999972,
        2673.0799999999995
      ],
      [
        1210587.1599999978,
        2715.98
      ],
      [
        1219133.419999998,
        2750.06
      ],
      [
        1191671.4799999944,
        2660.4599999999996
      ],
      [
        1218775.7999999975,
        2742.9900000000002
      ],
      [
        1229674.2999999959,
        2801.8899999999994
      ],
      [
        1217505.9499999967,
        2718.4799999999996
      ]
    ],
    "solutions_evaluated": 1000,
    "config_params": {
      "n_ants": 25,
      "rho": 0.3,
      "alpha": 3.0,
      "beta": 2.0,
      "archive_size": 100,
      "no_improvement_generations": 12
    }
  },
  "solutions_count": 8,
  "solutions_directory": "C:\\Users\\hctr0\\PycharmProjects\\TFG_Hector\\31Executions\\PACO\\solutions\\users3\\high_pheromone_influence\\run25",
  "objective_statistics": {
    "cost_range": {
      "min": 2660.4599999999996,
      "max": 2801.8899999999994
    },
    "minutes_range": {
      "min": 1191671.4799999944,
      "max": 1229674.2999999959
    }
  },
  "algorithm_info": {
    "archive_history_length": 40,
    "max_archive_size_reached": 9
  }
}