{
  "run_info": {
    "dataset": "users2.json",
    "config": "npoint_reset_low_crossover",
    "run": 3,
    "execution_time": 262.3626606464386,
    "generations": 67,
    "pareto_size": 23,
    "pareto_points": [
      [
        -746578.0400000006,
        2815.5000000000005
      ],
      [
        -728761.270000003,
        2631.63
      ],
      [
        -733486.7800000032,
        2644.62
      ],
      [
        -713791.6400000016,
        2533.14
      ],
      [
        -729311.5400000031,
        2632.63
      ],
      [
        -747746.5500000005,
        2824.01
      ],
      [
        -718269.5900000023,
        2539.0900000000006
      ],
      [
        -727191.3200000022,
        2594.05
      ],
      [
        -744568.6100000006,
        2796.000000000001
      ],
      [
        -742443.9800000006,
        2763.53
      ],
      [
        -722729.4500000022,
        2548.11
      ],
      [
        -736009.0600000003,
        2700.6000000000004
      ],
      [
        -725576.400000002,
        2554.1200000000003
      ],
      [
        -743969.6800000004,
        2776.56
      ],
      [
        -720318.1700000021,
        2547.100000000001
      ],
      [
        -736044.3100000004,
        2732.5600000000004
      ],
      [
        -742085.0500000013,
        2740.0
      ],
      [
        -758865.6700000009,
        2857.4300000000003
      ],
      [
        -761587.9600000009,
        2892.390000000001
      ],
      [
        -756257.3100000006,
        2833.4700000000003
      ],
      [
        -748125.3600000009,
        2832.4800000000005
      ],
      [
        -735218.9500000033,
        2679.06
      ],
      [
        -743532.480000001,
        2774.4900000000007
      ]
    ]
  },
  "solutions_count": 23,
  "solutions_directory": "../results/SPEA2\\solutions\\users2\\npoint_reset_low_crossover\\run3"
}