{
  "run_info": {
    "dataset": "users5.json",
    "config": "high_heuristic_influence",
    "run": 7,
    "execution_time": 4683.923394203186,
    "iterations_completed": 54,
    "max_iterations": 200,
    "terminated_early": true,
    "generations_without_improvement": 12,
    "pareto_size": 25,
    "pareto_points": [
      [
        2988066.9599999986,
        7012.450000000009
      ],
      [
        3004028.080000013,
        7013.300000000008
      ],
      [
        2962136.789999997,
        6852.7200000000075
      ],
      [
        2966363.910000011,
        6953.6800000000085
      ],
      [
        3011685.7300000093,
        7051.600000000008
      ],
      [
        3071684.960000009,
        7269.89000000001
      ],
      [
        3070915.0200000084,
        7255.290000000011
      ],
      [
        3051606.1000000057,
        7149.820000000009
      ],
      [
        3072747.4000000004,
        7395.090000000011
      ],
      [
        3117070.4400000186,
        7495.060000000011
      ],
      [
        3085292.1900000367,
        7464.690000000012
      ],
      [
        3083039.800000004,
        7420.640000000012
      ],
      [
        3121915.9600000195,
        7532.040000000014
      ],
      [
        3130138.550000018,
        7608.080000000013
      ],
      [
        3122213.570000017,
        7582.330000000012
      ],
      [
        3162195.620000011,
        7645.970000000013
      ],
      [
        3125262.4000000237,
        7585.160000000013
      ],
      [
        3128326.5300000054,
        7605.930000000012
      ],
      [
        3143922.430000025,
        7629.970000000013
      ],
      [
        3130797.7500000154,
        7614.170000000015
      ],
      [
        3179310.5400000266,
        7660.960000000015
      ],
      [
        3200595.120000026,
        7776.600000000015
      ],
      [
        3200899.2600000296,
        7955.560000000014
      ],
      [
        3200793.9600000177,
        7901.380000000015
      ],
      [
        3190893.110000017,
        7742.880000000014
      ]
    ],
    "solutions_evaluated": 1080,
    "config_params": {
      "n_ants": 20,
      "rho": 0.4,
      "alpha": 0.5,
      "beta": 5.0,
      "archive_size": 100,
      "no_improvement_generations": 12
    }
  },
  "solutions_count": 25,
  "solutions_directory": "C:\\Users\\hctr0\\PycharmProjects\\TFG_Hector\\31Executions\\PACO\\solutions\\users5\\high_heuristic_influence\\run7",
  "objective_statistics": {
    "cost_range": {
      "min": 6852.7200000000075,
      "max": 7955.560000000014
    },
    "minutes_range": {
      "min": 2962136.789999997,
      "max": 3200899.2600000296
    }
  },
  "algorithm_info": {
    "archive_history_length": 54,
    "max_archive_size_reached": 26
  }
}