{
  "run_info": {
    "dataset": "users4.json",
    "config": "npoint_inversion_high_all",
    "run": 3,
    "execution_time": 6037.705078125,
    "generations": 300,
    "pareto_size": 35,
    "pareto_points": [
      [
        -1877537.0499999998,
        5546.7400000000025
      ],
      [
        -1982892.9800000002,
        5873.120000000001
      ],
      [
        -1969039.5800000005,
        5740.700000000001
      ],
      [
        -1867214.9500000014,
        5494.82
      ],
      [
        -1981648.8700000003,
        5856.110000000001
      ],
      [
        -1904018.7000000025,
        5615.180000000001
      ],
      [
        -1972437.9200000006,
        5785.17
      ],
      [
        -1979505.28,
        5841.640000000001
      ],
      [
        -1856248.280000001,
        5486.3
      ],
      [
        -1846981.3400000015,
        5415.3
      ],
      [
        -1876047.3700000008,
        5525.300000000001
      ],
      [
        -1849659.6000000015,
        5434.82
      ],
      [
        -1968288.2500000002,
        5725.700000000001
      ],
      [
        -1925285.43,
        5665.950000000001
      ],
      [
        -1914908.290000001,
        5665.650000000001
      ],
      [
        -1889706.650000002,
        5549.210000000001
      ],
      [
        -1854624.3900000001,
        5438.860000000002
      ],
      [
        -1895407.1900000004,
        5597.670000000002
      ],
      [
        -1982571.32,
        5859.620000000001
      ],
      [
        -1860696.0800000012,
        5494.800000000001
      ],
      [
        -1912430.9500000007,
        5654.170000000001
      ],
      [
        -1892424.2000000007,
        5575.6900000000005
      ],
      [
        -1909099.7100000014,
        5623.170000000001
      ],
      [
        -1927218.0900000003,
        5688.860000000001
      ],
      [
        -1909420.0300000021,
        5649.68
      ],
      [
        -1930249.1700000009,
        5691.91
      ],
      [
        -1970348.2300000002,
        5776.18
      ],
      [
        -1926100.5299999998,
        5685.930000000001
      ],
      [
        -1914520.6400000008,
        5660.16
      ],
      [
        -1978779.3400000005,
        5825.640000000001
      ],
      [
        -1925961.3699999996,
        5677.910000000001
      ],
      [
        -1978893.77,
        5827.64
      ],
      [
        -1978303.6099999999,
        5791.1900000000005
      ],
      [
        -1979827.4500000004,
        5848.6100000000015
      ],
      [
        -1980713.74,
        5855.660000000001
      ]
    ]
  },
  "solutions_count": 35,
  "solutions_directory": "../results/SPEA2\\solutions\\users4\\npoint_inversion_high_all\\run3"
}