{
  "run_info": {
    "dataset": "users2.json",
    "config": "uniform_inversion_high_mutation",
    "run": 3,
    "execution_time": 331.5377149581909,
    "generations": 101,
    "pareto_size": 16,
    "pareto_points": [
      [
        -798867.6200000017,
        2213.33
      ],
      [
        -799800.6600000019,
        2220.35
      ],
      [
        -801187.4900000017,
        2227.33
      ],
      [
        -810459.7400000019,
        2246.83
      ],
      [
        -787840.780000002,
        2199.86
      ],
      [
        -809480.2700000022,
        2227.82
      ],
      [
        -818032.750000002,
        2253.81
      ],
      [
        -796609.2800000017,
        2208.33
      ],
      [
        -810901.2300000023,
        2251.81
      ],
      [
        -825957.0600000018,
        2355.72
      ],
      [
        -821372.0000000016,
        2282.7899999999995
      ],
      [
        -819344.5100000025,
        2254.88
      ],
      [
        -809624.3500000022,
        2245.82
      ],
      [
        -825817.0600000019,
        2291.81
      ],
      [
        -790369.230000002,
        2204.32
      ],
      [
        -821918.080000002,
        2286.34
      ]
    ]
  },
  "solutions_count": 16,
  "solutions_directory": "../results/SPEA2\\solutions\\users2\\uniform_inversion_high_mutation\\run3"
}