{
  "run_info": {
    "dataset": "users4.json",
    "config": "npoint_reset_low_crossover",
    "run": 2,
    "execution_time": 1165.967737197876,
    "generations": 54,
    "pareto_size": 21,
    "pareto_points": [
      [
        -1760793.4800000023,
        5974.150000000001
      ],
      [
        -1695927.6400000004,
        5840.66
      ],
      [
        -1757049.6500000008,
        5944.17
      ],
      [
        -1756656.060000001,
        5934.1900000000005
      ],
      [
        -1733756.7799999956,
        5879.09
      ],
      [
        -1754975.4200000013,
        5932.1900000000005
      ],
      [
        -1760683.340000003,
        5953.1399999999985
      ],
      [
        -1802128.8500000013,
        6218.450000000001
      ],
      [
        -1792913.8800000034,
        6046.12
      ],
      [
        -1808991.310000002,
        6339.85
      ],
      [
        -1797855.3500000006,
        6203.949999999999
      ],
      [
        -1750479.8000000017,
        5908.219999999999
      ],
      [
        -1737213.3299999954,
        5885.07
      ],
      [
        -1733449.9799999953,
        5850.62
      ],
      [
        -1808545.5400000021,
        6302.900000000001
      ],
      [
        -1806422.1700000013,
        6296.870000000001
      ],
      [
        -1775163.2300000032,
        5976.100000000001
      ],
      [
        -1792886.9500000023,
        6015.1
      ],
      [
        -1736675.099999996,
        5879.62
      ],
      [
        -1752843.040000002,
        5928.18
      ],
      [
        -1795840.850000001,
        6188.9800000000005
      ]
    ]
  },
  "solutions_count": 21,
  "solutions_directory": "../results/NSGA2\\solutions\\users4\\npoint_reset_low_crossover\\run2"
}