{
  "solution": [
    14,
    17,
    17,
    5,
    4,
    16,
    4,
    2,
    14,
    17,
    17,
    3,
    17,
    9,
    9,
    2,
    17,
    2,
    2,
    4,
    17,
    17,
    17,
    2,
    17,
    8,
    8,
    5,
    17,
    5,
    17,
    8,
    16,
    17,
    15,
    16,
    17,
    17,
    17,
    4,
    17,
    17,
    4,
    17,
    17,
    17,
    17,
    17,
    2,
    17,
    17,
    4,
    16,
    17,
    1,
    5,
    2,
    16,
    5,
    17,
    17,
    12,
    17,
    17,
    4,
    17,
    17,
    17,
    17,
    17,
    17,
    17,
    17,
    17,
    17,
    6,
    17,
    17,
    17,
    17,
    17,
    8,
    5,
    17,
    10,
    15,
    4,
    17,
    15,
    17,
    17,
    17,
    17,
    17,
    17,
    17,
    17,
    17,
    17,
    16,
    4,
    8,
    6,
    17,
    17,
    17,
    17,
    17,
    17,
    2,
    17,
    17,
    4,
    8,
    17,
    17,
    8,
    17,
    8,
    17,
    17,
    6,
    3,
    17,
    17,
    8,
    2,
    17,
    8,
    17,
    17,
    18,
    15,
    17,
    2,
    17,
    15,
    17,
    17,
    8,
    17,
    4,
    6,
    5,
    17,
    17,
    17,
    8,
    2,
    17,
    17,
    17,
    8,
    8,
    8,
    15,
    2,
    17,
    17,
    2,
    17,
    17,
    5,
    17,
    17,
    4,
    5,
    17,
    17,
    17,
    8,
    16,
    3,
    4,
    17,
    17,
    17,
    17,
    17,
    17,
    17,
    2,
    5,
    6,
    4,
    5,
    16,
    17,
    2,
    17,
    4,
    17,
    17,
    17,
    10,
    2,
    2,
    17,
    17,
    4,
    17,
    17,
    3,
    5,
    5,
    17,
    17,
    8,
    8,
    17,
    14,
    16,
    9,
    8,
    11,
    17,
    17,
    17,
    17,
    8,
    2,
    17,
    17,
    17,
    17,
    8,
    8,
    17,
    17,
    16,
    17,
    8,
    17,
    17,
    17,
    8,
    17,
    17,
    17,
    8,
    17,
    17,
    17,
    8,
    6,
    17,
    17,
    15,
    17,
    17,
    14,
    17,
    17,
    17,
    17,
    17,
    8,
    17,
    17,
    17,
    17,
    17,
    17,
    17,
    8,
    17,
    5,
    17,
    17,
    8,
    4,
    17,
    17,
    15,
    17,
    17,
    17,
    17,
    17,
    13,
    17,
    4,
    17,
    17,
    4,
    17,
    5,
    17,
    8,
    17,
    6,
    6,
    17,
    18,
    2,
    5,
    17,
    17,
    17,
    8
  ],
  "objectives": [
    307841.45000000054,
    1030.5500000000002
  ],
  "fitness": {
    "minutos_ponderados": 307841.45000000054,
    "costo_total": 1030.5500000000002
  }
}