{
  "run_info": {
    "dataset": "users2.json",
    "config": "npoint_inversion_high_all",
    "run": 5,
    "execution_time": 1231.697381734848,
    "generations": 300,
    "pareto_size": 24,
    "pareto_points": [
      [
        -856305.2700000006,
        2019.0499999999997
      ],
      [
        -866908.1400000002,
        2226.8999999999996
      ],
      [
        -852227.5300000007,
        1948.0999999999997
      ],
      [
        -867772.6500000004,
        2243.9
      ],
      [
        -854966.5600000009,
        2006.5499999999997
      ],
      [
        -852753.6400000006,
        1967.0799999999997
      ],
      [
        -866372.5200000003,
        2197.9399999999996
      ],
      [
        -860617.66,
        2046.9999999999998
      ],
      [
        -835804.1999999996,
        1901.6399999999999
      ],
      [
        -865650.2200000007,
        2186.9599999999996
      ],
      [
        -865543.2600000002,
        2171.94
      ],
      [
        -862504.9000000001,
        2088.99
      ],
      [
        -836159.8300000001,
        1916.12
      ],
      [
        -865764.1400000001,
        2196.93
      ],
      [
        -864440.11,
        2114.49
      ],
      [
        -857937.18,
        2042.0299999999997
      ],
      [
        -865122.4400000002,
        2142.4999999999995
      ],
      [
        -837796.93,
        1922.12
      ],
      [
        -853485.4500000003,
        1987.5399999999997
      ],
      [
        -838059.4699999997,
        1932.61
      ],
      [
        -853851.4000000008,
        1998.0699999999997
      ],
      [
        -857302.1800000003,
        2021.0499999999997
      ],
      [
        -853107.5600000004,
        1974.0699999999997
      ],
      [
        -853800.0900000004,
        1995.0499999999997
      ]
    ]
  },
  "solutions_count": 24,
  "solutions_directory": "../results/SPEA2\\solutions\\users2\\npoint_inversion_high_all\\run5"
}