{
  "run_info": {
    "dataset": "users4.json",
    "config": "high_pheromone_influence",
    "run": 2,
    "execution_time": 1165.0704555511475,
    "iterations_completed": 21,
    "max_iterations": 200,
    "terminated_early": true,
    "generations_without_improvement": 12,
    "pareto_size": 17,
    "pareto_points": [
      [
        1600345.5099999928,
        4749.450000000001
      ],
      [
        1570670.3499999964,
        4712.870000000001
      ],
      [
        1524344.0899999964,
        4610.38
      ],
      [
        1566569.7699999982,
        4614.14
      ],
      [
        1594799.1199999982,
        4712.960000000001
      ],
      [
        1509257.229999994,
        4533.2
      ],
      [
        1469373.4399999974,
        4499.8
      ],
      [
        1471545.1699999939,
        4503.749999999999
      ],
      [
        1474880.049999996,
        4511.24
      ],
      [
        1391820.7899999933,
        4407.340000000001
      ],
      [
        1437096.9599999941,
        4434.610000000001
      ],
      [
        1413116.2699999954,
        4417.230000000001
      ],
      [
        1348878.6999999948,
        4361.050000000001
      ],
      [
        1353624.3799999934,
        4363.470000000001
      ],
      [
        1318729.1499999948,
        4274.920000000001
      ],
      [
        1345839.139999993,
        4278.790000000002
      ],
      [
        1363329.9599999934,
        4378.840000000001
      ]
    ],
    "solutions_evaluated": 420,
    "config_params": {
      "n_ants": 20,
      "rho": 0.3,
      "alpha": 3.0,
      "beta": 2.0,
      "archive_size": 100,
      "no_improvement_generations": 12
    }
  },
  "solutions_count": 17,
  "solutions_directory": "../results/PACO\\solutions\\users4\\high_pheromone_influence\\run2",
  "objective_statistics": {
    "cost_range": {
      "min": 4274.920000000001,
      "max": 4749.450000000001
    },
    "minutes_range": {
      "min": 1318729.1499999948,
      "max": 1600345.5099999928
    }
  },
  "algorithm_info": {
    "archive_history_length": 21,
    "max_archive_size_reached": 17
  }
}