{
  "run_info": {
    "dataset": "users5.json",
    "config": "high_pheromone_influence",
    "run": 12,
    "execution_time": 1794.6524729728699,
    "iterations_completed": 16,
    "max_iterations": 200,
    "terminated_early": true,
    "generations_without_improvement": 12,
    "pareto_size": 8,
    "pareto_points": [
      [
        3010542.4800000167,
        7284.93
      ],
      [
        2989361.860000029,
        7178.289999999999
      ],
      [
        2966437.780000019,
        6996.760000000004
      ],
      [
        2921789.1000000136,
        6813.810000000003
      ],
      [
        2905240.320000002,
        6784.840000000003
      ],
      [
        2905768.1600000113,
        6801.820000000005
      ],
      [
        2889561.8600000143,
        6782.370000000005
      ],
      [
        2950243.630000017,
        6813.810000000006
      ]
    ],
    "solutions_evaluated": 400,
    "config_params": {
      "n_ants": 25,
      "rho": 0.3,
      "alpha": 3.0,
      "beta": 2.0,
      "archive_size": 100,
      "no_improvement_generations": 12
    }
  },
  "solutions_count": 8,
  "solutions_directory": "C:\\Users\\hctr0\\PycharmProjects\\TFG_Hector\\31Executions\\PACO\\solutions\\users5\\high_pheromone_influence\\run12",
  "objective_statistics": {
    "cost_range": {
      "min": 6782.370000000005,
      "max": 7284.93
    },
    "minutes_range": {
      "min": 2889561.8600000143,
      "max": 3010542.4800000167
    }
  },
  "algorithm_info": {
    "archive_history_length": 16,
    "max_archive_size_reached": 8
  }
}