{
  "run_info": {
    "dataset": "users1.json",
    "config": "npoint_reset_low_crossover",
    "run": 3,
    "execution_time": 75.18212294578552,
    "generations": 22,
    "pareto_size": 13,
    "pareto_points": [
      [
        -389886.3200000001,
        1502.28
      ],
      [
        -445808.7800000003,
        1647.1999999999998
      ],
      [
        -434261.76000000024,
        1590.23
      ],
      [
        -414566.9300000002,
        1539.7
      ],
      [
        -443218.31000000035,
        1638.1999999999998
      ],
      [
        -394473.4099999999,
        1505.27
      ],
      [
        -425925.09000000055,
        1546.2899999999997
      ],
      [
        -448152.40000000043,
        1647.6999999999998
      ],
      [
        -441729.90000000026,
        1600.25
      ],
      [
        -438861.2400000002,
        1597.2599999999998
      ],
      [
        -416110.8700000003,
        1541.7199999999998
      ],
      [
        -412520.78000000026,
        1515.74
      ],
      [
        -433212.3500000005,
        1557.7699999999998
      ]
    ]
  },
  "solutions_count": 13,
  "solutions_directory": "../results/NSGA2\\solutions\\users1\\npoint_reset_low_crossover\\run3"
}