{
  "run_info": {
    "dataset": "users5.json",
    "config": "npoint_reset_low_crossover",
    "run": 1,
    "execution_time": 7586.506138086319,
    "generations": 300,
    "pareto_size": 33,
    "pareto_points": [
      [
        -3088072.749999982,
        9267.83
      ],
      [
        -3093053.8599999812,
        9270.840000000002
      ],
      [
        -2941286.9199999887,
        8865.630000000001
      ],
      [
        -3056871.18999998,
        8999.570000000002
      ],
      [
        -3079290.949999979,
        9169.020000000002
      ],
      [
        -3066147.6699999776,
        9029.580000000002
      ],
      [
        -3073934.04999998,
        9125.01
      ],
      [
        -3095320.5499999817,
        9296.35
      ],
      [
        -3072166.8199999807,
        9111.53
      ],
      [
        -2962171.999999989,
        8865.710000000003
      ],
      [
        -3072746.58999998,
        9116.54
      ],
      [
        -3047937.629999978,
        8931.640000000001
      ],
      [
        -2968715.2499999893,
        8884.640000000001
      ],
      [
        -2937425.4699999886,
        8857.630000000001
      ],
      [
        -3054537.4799999804,
        8987.570000000002
      ],
      [
        -3082517.00999998,
        9207.020000000002
      ],
      [
        -2931713.489999989,
        8815.18
      ],
      [
        -2932441.739999989,
        8821.17
      ],
      [
        -2973922.1999999913,
        8921.710000000001
      ],
      [
        -3065663.4699999774,
        9004.61
      ],
      [
        -2975170.8299999917,
        8928.670000000004
      ],
      [
        -3074861.9899999793,
        9156.030000000002
      ],
      [
        -2935788.3199999896,
        8850.640000000003
      ],
      [
        -3067958.279999978,
        9041.570000000003
      ],
      [
        -2970880.6199999917,
        8916.7
      ],
      [
        -2933408.819999989,
        8826.18
      ],
      [
        -2969101.3499999903,
        8903.640000000003
      ],
      [
        -2934245.8399999887,
        8831.160000000002
      ],
      [
        -2963308.8499999894,
        8877.190000000002
      ],
      [
        -3059357.329999978,
        8999.61
      ],
      [
        -3055486.6799999806,
        8993.550000000001
      ],
      [
        -2974128.9599999916,
        8921.710000000003
      ],
      [
        -2934457.8199999887,
        8836.150000000001
      ]
    ]
  },
  "solutions_count": 33,
  "solutions_directory": "../results/SPEA2\\solutions\\users5\\npoint_reset_low_crossover\\run1"
}