{
  "run_info": {
    "dataset": "users5.json",
    "config": "npoint_reset_low_crossover",
    "run": 1,
    "execution_time": 523.7860517501831,
    "generations": 31,
    "pareto_size": 30,
    "pareto_points": [
      [
        -2804193.1199999964,
        9392.140000000001
      ],
      [
        -2804724.5099999965,
        9407.140000000001
      ],
      [
        -2756584.3000000026,
        9250.640000000003
      ],
      [
        -2759697.4200000037,
        9261.170000000002
      ],
      [
        -2769353.5200000033,
        9300.640000000001
      ],
      [
        -2761129.670000003,
        9261.19
      ],
      [
        -2777354.3699999927,
        9333.120000000003
      ],
      [
        -2825282.799999999,
        9505.580000000004
      ],
      [
        -2767133.670000001,
        9287.17
      ],
      [
        -2831956.5499999984,
        9530.050000000001
      ],
      [
        -2842407.420000007,
        9561.050000000001
      ],
      [
        -2824092.399999998,
        9468.140000000001
      ],
      [
        -2787378.839999993,
        9361.610000000004
      ],
      [
        -2851798.210000003,
        9585.560000000001
      ],
      [
        -2839139.810000007,
        9539.04
      ],
      [
        -2812660.839999996,
        9409.609999999999
      ],
      [
        -2758279.780000003,
        9255.180000000002
      ],
      [
        -2777382.8799999924,
        9342.130000000003
      ],
      [
        -2868774.160000007,
        9603.900000000003
      ],
      [
        -2790571.4799999935,
        9379.640000000001
      ],
      [
        -2818566.1599999988,
        9415.64
      ],
      [
        -2828151.5999999987,
        9511.060000000001
      ],
      [
        -2774155.850000003,
        9304.62
      ],
      [
        -2783352.1799999936,
        9357.610000000002
      ],
      [
        -2832178.259999998,
        9532.040000000003
      ],
      [
        -2824055.559999998,
        9432.640000000001
      ],
      [
        -2839639.170000007,
        9555.050000000001
      ],
      [
        -2851461.160000005,
        9565.050000000001
      ],
      [
        -2765338.0900000036,
        9262.11
      ],
      [
        -2781553.5099999914,
        9343.120000000003
      ]
    ]
  },
  "solutions_count": 30,
  "solutions_directory": "../results/SPEA2\\solutions\\users5\\npoint_reset_low_crossover\\run1"
}