{
  "solution": [
    10,
    16,
    17,
    4,
    10,
    8,
    17,
    17,
    17,
    17,
    15,
    8,
    2,
    17,
    2,
    17,
    17,
    16,
    17,
    16,
    17,
    17,
    17,
    16,
    9,
    6,
    17,
    17,
    17,
    6,
    16,
    17,
    17,
    5,
    8,
    17,
    6,
    2,
    17,
    17,
    17,
    2,
    16,
    8,
    17,
    8,
    6,
    5,
    17,
    17,
    17,
    8,
    4,
    17,
    8,
    17,
    17,
    17,
    17,
    17,
    17,
    17,
    8,
    2,
    17,
    17,
    2,
    5,
    7,
    7,
    17,
    5,
    17,
    17,
    17,
    17,
    17,
    17,
    8,
    2,
    15,
    17,
    15,
    6,
    5,
    2,
    5,
    17,
    17,
    8,
    17,
    17,
    17,
    17,
    16,
    17,
    8,
    17,
    17,
    4,
    17,
    16,
    17,
    2,
    4,
    8,
    8,
    17,
    9,
    5,
    17,
    17,
    17,
    17,
    8,
    16,
    17,
    6,
    17,
    5,
    17,
    8,
    17,
    17,
    17,
    16,
    17,
    17,
    6,
    17,
    8,
    2,
    17,
    17,
    16,
    4,
    17,
    16,
    5,
    17,
    15,
    17,
    8,
    17,
    4,
    17,
    8,
    4,
    8,
    17,
    17,
    17,
    17,
    17,
    15,
    17,
    4,
    17,
    17,
    17,
    17,
    17,
    5,
    17,
    8,
    4,
    17,
    8,
    8,
    17,
    12,
    17,
    8,
    17,
    17,
    16,
    11,
    16,
    17,
    2,
    8,
    17,
    17,
    17,
    17,
    17,
    17,
    17,
    17,
    1,
    17,
    9,
    4,
    17,
    4,
    17,
    16,
    15,
    4,
    17,
    2,
    17,
    17,
    16,
    17,
    17,
    11,
    8,
    8,
    17,
    17,
    17,
    17,
    8,
    16,
    4,
    17,
    8,
    17,
    13,
    6,
    17,
    6,
    17,
    11,
    16,
    8,
    17,
    5,
    17,
    4,
    17,
    15,
    5,
    17,
    17,
    17,
    17,
    17,
    17,
    17,
    17,
    17,
    8,
    12,
    5,
    17,
    6,
    17,
    16,
    17,
    17,
    17,
    17,
    17,
    8,
    8,
    17,
    16,
    17,
    17,
    2,
    17,
    17,
    6,
    17,
    17,
    17,
    17,
    2,
    17,
    17,
    17,
    5,
    17,
    17,
    17,
    4,
    17,
    8,
    17,
    11,
    16,
    3,
    17,
    17,
    17,
    17,
    8,
    16,
    17,
    8,
    17,
    17,
    5,
    17,
    17,
    17,
    17,
    17
  ],
  "objectives": [
    448120.54999999976,
    1023.0700000000002
  ],
  "fitness": {
    "minutos_ponderados": 448120.54999999976,
    "costo_total": 1023.0700000000002
  }
}