{
  "solution": [
    8,
    16,
    17,
    4,
    17,
    8,
    17,
    17,
    17,
    5,
    17,
    8,
    2,
    17,
    2,
    17,
    17,
    16,
    17,
    16,
    17,
    17,
    17,
    12,
    6,
    2,
    17,
    17,
    17,
    6,
    17,
    17,
    17,
    5,
    8,
    3,
    6,
    2,
    17,
    17,
    17,
    2,
    16,
    8,
    17,
    6,
    6,
    17,
    17,
    10,
    17,
    8,
    16,
    8,
    8,
    17,
    7,
    17,
    17,
    16,
    1,
    17,
    8,
    2,
    17,
    17,
    2,
    5,
    8,
    6,
    17,
    5,
    17,
    17,
    17,
    17,
    17,
    17,
    8,
    2,
    15,
    17,
    15,
    6,
    5,
    6,
    5,
    17,
    17,
    8,
    17,
    17,
    17,
    17,
    16,
    17,
    3,
    17,
    17,
    18,
    17,
    16,
    17,
    2,
    8,
    8,
    8,
    17,
    17,
    5,
    17,
    17,
    17,
    17,
    8,
    16,
    7,
    6,
    1,
    5,
    17,
    10,
    17,
    17,
    17,
    16,
    17,
    17,
    6,
    17,
    8,
    2,
    17,
    17,
    16,
    4,
    17,
    6,
    5,
    17,
    17,
    17,
    8,
    17,
    4,
    17,
    8,
    4,
    8,
    17,
    16,
    17,
    17,
    17,
    17,
    17,
    4,
    17,
    17,
    17,
    17,
    17,
    5,
    17,
    8,
    4,
    17,
    8,
    8,
    17,
    4,
    17,
    8,
    17,
    17,
    16,
    17,
    16,
    17,
    2,
    17,
    17,
    11,
    17,
    17,
    11,
    17,
    17,
    17,
    17,
    17,
    17,
    4,
    17,
    4,
    17,
    16,
    17,
    17,
    17,
    2,
    17,
    17,
    16,
    17,
    17,
    17,
    8,
    8,
    17,
    6,
    2,
    17,
    8,
    16,
    3,
    17,
    2,
    17,
    17,
    17,
    5,
    6,
    17,
    16,
    16,
    17,
    17,
    2,
    3,
    4,
    17,
    17,
    5,
    17,
    17,
    17,
    17,
    17,
    10,
    3,
    17,
    17,
    8,
    17,
    5,
    3,
    6,
    17,
    16,
    17,
    16,
    17,
    17,
    17,
    8,
    8,
    17,
    16,
    17,
    17,
    2,
    5,
    8,
    6,
    17,
    17,
    17,
    17,
    17,
    17,
    17,
    5,
    17,
    17,
    17,
    17,
    4,
    17,
    17,
    17,
    8,
    16,
    9,
    17,
    17,
    17,
    17,
    8,
    5,
    17,
    8,
    17,
    17,
    5,
    17,
    9,
    17,
    17,
    17
  ],
  "objectives": [
    446448.8600000002,
    1006.5799999999999
  ],
  "fitness": {
    "minutos_ponderados": 446448.8600000002,
    "costo_total": 1006.5799999999999
  }
}