{
  "run_info": {
    "dataset": "users4.json",
    "config": "npoint_inversion_high_all",
    "run": 3,
    "execution_time": 1147.0155732631683,
    "generations": 112,
    "pareto_size": 26,
    "pareto_points": [
      [
        -1762089.0699999975,
        5608.7300000000005
      ],
      [
        -1773953.2299999981,
        5657.780000000001
      ],
      [
        -1807576.9900000026,
        5847.100000000001
      ],
      [
        -1781651.6699999985,
        5692.260000000001
      ],
      [
        -1834689.3200000026,
        5925.720000000002
      ],
      [
        -1765087.3499999973,
        5619.710000000001
      ],
      [
        -1784491.8799999987,
        5700.750000000002
      ],
      [
        -1787209.1500000053,
        5727.700000000002
      ],
      [
        -1767896.1899999967,
        5633.210000000003
      ],
      [
        -1809860.430000003,
        5866.56
      ],
      [
        -1802682.2300000049,
        5796.200000000001
      ],
      [
        -1795229.380000005,
        5778.14
      ],
      [
        -1779153.7699999984,
        5662.3
      ],
      [
        -1845847.0000000019,
        6033.14
      ],
      [
        -1793154.9499999988,
        5743.24
      ],
      [
        -1803060.8700000027,
        5805.62
      ],
      [
        -1790189.76,
        5732.800000000001
      ],
      [
        -1797309.5200000063,
        5781.17
      ],
      [
        -1834853.2700000019,
        5930.240000000001
      ],
      [
        -1845464.3600000022,
        5941.71
      ],
      [
        -1826587.0300000021,
        5874.240000000002
      ],
      [
        -1834474.9600000018,
        5881.200000000001
      ],
      [
        -1797694.690000004,
        5792.160000000001
      ],
      [
        -1741910.5999999994,
        5590.240000000001
      ],
      [
        -1835578.5300000003,
        5937.690000000001
      ],
      [
        -1780827.1199999985,
        5670.300000000001
      ]
    ]
  },
  "solutions_count": 26,
  "solutions_directory": "../results/SPEA2\\solutions\\users4\\npoint_inversion_high_all\\run3"
}