{
  "run_info": {
    "dataset": "users4.json",
    "config": "high_heuristic_influence",
    "run": 18,
    "execution_time": 2438.274742603302,
    "iterations_completed": 45,
    "max_iterations": 200,
    "terminated_early": true,
    "generations_without_improvement": 12,
    "pareto_size": 14,
    "pareto_points": [
      [
        1775574.2700000077,
        4505.890000000001
      ],
      [
        1798294.1500000174,
        4594.100000000002
      ],
      [
        1766714.9800000128,
        4498.320000000002
      ],
      [
        1779597.0900000164,
        4582.4900000000025
      ],
      [
        1807397.0100000156,
        4657.830000000004
      ],
      [
        1831563.3000000196,
        4714.070000000003
      ],
      [
        1839400.7700000184,
        4773.630000000004
      ],
      [
        1854681.0800000248,
        4885.770000000005
      ],
      [
        1864222.9800000251,
        4979.910000000005
      ],
      [
        1879009.8000000252,
        5088.280000000006
      ],
      [
        1880054.2800000256,
        5093.7900000000045
      ],
      [
        1890558.3000000305,
        5145.590000000006
      ],
      [
        1877316.900000032,
        4980.430000000005
      ],
      [
        1861711.700000025,
        4938.680000000006
      ]
    ],
    "solutions_evaluated": 900,
    "config_params": {
      "n_ants": 20,
      "rho": 0.4,
      "alpha": 0.5,
      "beta": 5.0,
      "archive_size": 100,
      "no_improvement_generations": 12
    }
  },
  "solutions_count": 14,
  "solutions_directory": "C:\\Users\\hctr0\\PycharmProjects\\TFG_Hector\\31Executions\\PACO\\solutions\\users4\\high_heuristic_influence\\run18",
  "objective_statistics": {
    "cost_range": {
      "min": 4498.320000000002,
      "max": 5145.590000000006
    },
    "minutes_range": {
      "min": 1766714.9800000128,
      "max": 1890558.3000000305
    }
  },
  "algorithm_info": {
    "archive_history_length": 45,
    "max_archive_size_reached": 18
  }
}