{
  "solution": [
    17,
    17,
    17,
    4,
    17,
    2,
    17,
    15,
    17,
    17,
    17,
    2,
    17,
    8,
    16,
    8,
    5,
    17,
    17,
    8,
    17,
    4,
    17,
    17,
    17,
    5,
    8,
    17,
    8,
    4,
    5,
    17,
    17,
    8,
    17,
    5,
    8,
    16,
    6,
    17,
    2,
    17,
    5,
    17,
    16,
    17,
    16,
    4,
    17,
    8,
    17,
    17,
    2,
    17,
    5,
    8,
    17,
    17,
    2,
    17,
    6,
    17,
    17,
    17,
    2,
    4,
    17,
    7,
    16,
    5,
    10,
    16,
    17,
    17,
    17,
    4,
    5,
    17,
    8,
    2,
    17,
    17,
    17,
    17,
    5,
    17,
    2,
    17,
    5,
    17,
    8,
    8,
    8,
    8,
    17,
    4,
    17,
    8,
    2,
    4,
    17,
    17,
    18,
    16,
    17,
    11,
    17,
    5,
    17,
    17,
    5,
    13,
    11,
    8,
    17,
    8,
    8,
    8,
    17,
    17,
    8,
    17,
    17,
    17,
    17,
    17,
    2,
    2,
    2,
    5,
    5,
    6,
    17,
    5,
    8,
    16,
    17,
    16,
    17,
    17,
    17,
    8,
    17,
    17,
    17,
    4,
    6,
    16,
    17,
    17,
    4,
    17,
    17,
    5,
    8,
    16,
    17,
    17,
    16,
    17,
    17,
    17,
    2,
    8,
    8,
    17,
    17,
    17,
    17,
    8,
    17,
    5,
    3,
    5,
    17,
    2,
    5,
    17,
    17,
    2,
    8,
    17,
    15,
    16,
    17,
    16,
    17,
    17,
    17,
    8,
    14,
    16,
    17,
    17,
    8,
    17,
    2,
    17,
    17,
    17,
    16,
    17,
    17,
    17,
    17,
    17,
    18,
    17,
    17,
    17,
    17,
    17,
    2,
    5,
    3,
    6,
    17,
    16,
    17,
    4,
    17,
    4,
    17,
    2,
    18,
    17,
    8,
    17,
    5,
    17,
    8,
    2,
    17,
    8,
    17,
    2,
    15,
    4,
    17,
    17,
    5,
    8,
    17,
    5,
    8,
    8,
    8,
    17,
    17,
    17,
    17,
    17,
    17,
    8,
    2,
    5,
    4,
    17,
    16,
    4,
    4,
    17,
    8,
    17,
    17,
    18,
    8,
    17,
    17,
    8,
    7,
    17,
    17,
    5,
    17,
    2,
    17,
    2,
    8,
    9,
    4,
    17,
    8,
    17,
    6,
    17,
    17,
    8,
    17,
    5,
    16,
    8,
    17,
    5,
    2,
    6,
    8,
    17,
    5,
    17
  ],
  "objectives": [
    335018.8000000004,
    939.2500000000001
  ],
  "fitness": {
    "minutos_ponderados": 335018.8000000004,
    "costo_total": 939.2500000000001
  }
}