{
  "solution": [
    6,
    17,
    12,
    4,
    17,
    16,
    17,
    15,
    14,
    17,
    17,
    2,
    12,
    8,
    16,
    8,
    5,
    17,
    17,
    8,
    17,
    4,
    17,
    17,
    17,
    5,
    8,
    17,
    8,
    8,
    5,
    8,
    17,
    14,
    17,
    5,
    8,
    16,
    2,
    17,
    2,
    14,
    5,
    17,
    16,
    17,
    6,
    4,
    17,
    8,
    17,
    17,
    2,
    17,
    5,
    4,
    17,
    17,
    2,
    17,
    6,
    15,
    17,
    2,
    2,
    4,
    17,
    5,
    16,
    16,
    10,
    16,
    8,
    17,
    17,
    4,
    5,
    16,
    8,
    2,
    17,
    3,
    17,
    2,
    5,
    17,
    9,
    15,
    14,
    17,
    8,
    8,
    8,
    8,
    17,
    4,
    17,
    8,
    2,
    17,
    17,
    17,
    17,
    16,
    17,
    5,
    2,
    17,
    17,
    17,
    5,
    16,
    17,
    8,
    17,
    10,
    8,
    8,
    17,
    17,
    6,
    17,
    17,
    17,
    17,
    17,
    17,
    3,
    2,
    5,
    5,
    17,
    17,
    5,
    13,
    9,
    17,
    16,
    17,
    17,
    17,
    8,
    17,
    17,
    16,
    4,
    6,
    16,
    17,
    11,
    4,
    17,
    17,
    5,
    8,
    16,
    17,
    17,
    16,
    7,
    17,
    2,
    10,
    8,
    17,
    17,
    17,
    17,
    6,
    8,
    17,
    5,
    8,
    5,
    17,
    2,
    5,
    11,
    17,
    2,
    8,
    17,
    2,
    16,
    17,
    12,
    17,
    17,
    14,
    8,
    17,
    16,
    17,
    17,
    4,
    15,
    1,
    10,
    16,
    17,
    17,
    17,
    17,
    17,
    17,
    17,
    16,
    1,
    17,
    13,
    17,
    17,
    2,
    5,
    10,
    6,
    17,
    16,
    17,
    4,
    17,
    17,
    16,
    2,
    17,
    17,
    12,
    17,
    5,
    17,
    8,
    6,
    15,
    8,
    17,
    8,
    1,
    4,
    17,
    17,
    5,
    8,
    17,
    5,
    8,
    8,
    8,
    17,
    17,
    17,
    17,
    9,
    17,
    8,
    2,
    5,
    4,
    17,
    16,
    4,
    4,
    17,
    8,
    17,
    12,
    17,
    8,
    17,
    17,
    8,
    17,
    17,
    17,
    5,
    17,
    2,
    17,
    2,
    8,
    2,
    17,
    17,
    8,
    17,
    6,
    17,
    18,
    8,
    17,
    5,
    16,
    8,
    17,
    5,
    2,
    6,
    8,
    17,
    5,
    16
  ],
  "objectives": [
    369177.2299999997,
    1121.25
  ],
  "fitness": {
    "minutos_ponderados": 369177.2299999997,
    "costo_total": 1121.25
  }
}