{
  "solution": [
    17,
    5,
    17,
    4,
    17,
    16,
    17,
    15,
    17,
    17,
    17,
    2,
    17,
    8,
    5,
    8,
    5,
    17,
    17,
    14,
    7,
    4,
    17,
    17,
    16,
    10,
    8,
    17,
    8,
    8,
    5,
    17,
    17,
    8,
    17,
    5,
    8,
    16,
    6,
    17,
    2,
    13,
    5,
    17,
    16,
    17,
    2,
    4,
    17,
    8,
    17,
    5,
    2,
    17,
    5,
    8,
    17,
    17,
    2,
    17,
    6,
    17,
    17,
    17,
    2,
    4,
    17,
    5,
    16,
    5,
    10,
    16,
    17,
    13,
    17,
    4,
    5,
    12,
    8,
    2,
    17,
    17,
    17,
    3,
    5,
    17,
    2,
    17,
    17,
    17,
    8,
    8,
    8,
    8,
    17,
    4,
    17,
    8,
    2,
    17,
    17,
    17,
    17,
    16,
    17,
    5,
    3,
    17,
    17,
    17,
    5,
    16,
    17,
    8,
    17,
    8,
    8,
    8,
    17,
    10,
    8,
    17,
    17,
    17,
    17,
    17,
    17,
    2,
    2,
    5,
    5,
    17,
    17,
    5,
    8,
    16,
    17,
    16,
    17,
    17,
    17,
    8,
    17,
    17,
    17,
    4,
    6,
    16,
    7,
    6,
    4,
    17,
    17,
    5,
    8,
    16,
    17,
    17,
    17,
    16,
    17,
    4,
    2,
    8,
    17,
    17,
    17,
    17,
    17,
    8,
    17,
    5,
    8,
    5,
    17,
    2,
    10,
    4,
    17,
    2,
    8,
    17,
    2,
    16,
    17,
    16,
    17,
    16,
    17,
    7,
    5,
    16,
    17,
    4,
    4,
    17,
    17,
    17,
    17,
    17,
    10,
    17,
    17,
    17,
    17,
    17,
    16,
    17,
    17,
    17,
    17,
    17,
    2,
    5,
    16,
    6,
    5,
    16,
    17,
    4,
    17,
    17,
    17,
    2,
    15,
    17,
    8,
    17,
    5,
    2,
    8,
    6,
    17,
    8,
    17,
    2,
    4,
    4,
    17,
    17,
    5,
    8,
    17,
    5,
    8,
    8,
    8,
    17,
    17,
    17,
    17,
    17,
    17,
    8,
    2,
    5,
    4,
    17,
    16,
    4,
    4,
    17,
    8,
    17,
    17,
    17,
    5,
    17,
    17,
    8,
    17,
    17,
    6,
    5,
    17,
    2,
    17,
    2,
    8,
    17,
    17,
    17,
    8,
    17,
    6,
    1,
    1,
    8,
    17,
    5,
    16,
    9,
    17,
    1,
    2,
    6,
    15,
    17,
    6,
    17
  ],
  "objectives": [
    353882.8700000001,
    989.7800000000002
  ],
  "fitness": {
    "minutos_ponderados": 353882.8700000001,
    "costo_total": 989.7800000000002
  }
}