{
  "solution": [
    17,
    17,
    17,
    4,
    17,
    16,
    17,
    15,
    17,
    17,
    17,
    2,
    17,
    8,
    16,
    8,
    5,
    6,
    17,
    8,
    17,
    4,
    17,
    17,
    17,
    1,
    8,
    17,
    17,
    8,
    5,
    17,
    17,
    8,
    17,
    5,
    11,
    16,
    6,
    17,
    2,
    4,
    5,
    17,
    1,
    17,
    6,
    4,
    17,
    8,
    17,
    17,
    2,
    17,
    5,
    8,
    17,
    17,
    2,
    17,
    6,
    17,
    17,
    17,
    2,
    9,
    17,
    5,
    16,
    5,
    10,
    16,
    18,
    17,
    4,
    4,
    6,
    17,
    8,
    2,
    17,
    17,
    17,
    17,
    5,
    17,
    2,
    17,
    17,
    8,
    8,
    8,
    8,
    3,
    17,
    4,
    17,
    1,
    2,
    17,
    17,
    17,
    17,
    16,
    17,
    5,
    17,
    17,
    17,
    17,
    5,
    16,
    17,
    8,
    17,
    8,
    9,
    8,
    17,
    7,
    8,
    17,
    17,
    3,
    17,
    17,
    10,
    2,
    2,
    5,
    5,
    17,
    17,
    5,
    8,
    16,
    17,
    16,
    17,
    17,
    17,
    8,
    17,
    17,
    16,
    4,
    6,
    16,
    17,
    17,
    4,
    17,
    17,
    5,
    2,
    16,
    17,
    17,
    16,
    17,
    7,
    17,
    2,
    8,
    17,
    17,
    17,
    17,
    16,
    8,
    17,
    9,
    8,
    5,
    17,
    2,
    5,
    4,
    11,
    2,
    8,
    17,
    2,
    16,
    7,
    16,
    17,
    11,
    17,
    12,
    11,
    16,
    17,
    17,
    14,
    17,
    2,
    17,
    17,
    17,
    17,
    6,
    17,
    15,
    17,
    17,
    16,
    17,
    17,
    17,
    17,
    17,
    2,
    5,
    16,
    5,
    17,
    16,
    17,
    4,
    17,
    17,
    17,
    2,
    17,
    17,
    8,
    17,
    5,
    17,
    2,
    6,
    17,
    16,
    17,
    2,
    4,
    4,
    17,
    17,
    5,
    8,
    4,
    5,
    8,
    8,
    8,
    6,
    17,
    17,
    2,
    17,
    16,
    8,
    2,
    5,
    4,
    17,
    16,
    4,
    4,
    17,
    4,
    5,
    17,
    17,
    8,
    17,
    17,
    8,
    17,
    17,
    17,
    5,
    17,
    2,
    2,
    2,
    8,
    2,
    17,
    2,
    8,
    17,
    6,
    15,
    17,
    8,
    17,
    5,
    16,
    8,
    17,
    5,
    9,
    6,
    8,
    12,
    5,
    8
  ],
  "objectives": [
    360339.64999999997,
    1019.2800000000001
  ],
  "fitness": {
    "minutos_ponderados": 360339.64999999997,
    "costo_total": 1019.2800000000001
  }
}