{
  "run_info": {
    "dataset": "users3.json",
    "config": "npoint_reset_low_crossover",
    "run": 1,
    "execution_time": 1915.7014575004578,
    "generations": 300,
    "pareto_size": 33,
    "pareto_points": [
      [
        -1180383.5999999975,
        3663.91
      ],
      [
        -1160744.9999999986,
        3509.5099999999993
      ],
      [
        -1139579.5699999994,
        3439.42
      ],
      [
        -1162870.2399999984,
        3524.48
      ],
      [
        -1177746.7799999975,
        3617.42
      ],
      [
        -1181646.8099999975,
        3675.9
      ],
      [
        -1179196.6099999975,
        3660.8900000000003
      ],
      [
        -1167628.4699999988,
        3544.4800000000005
      ],
      [
        -1178039.299999998,
        3650.91
      ],
      [
        -1173112.309999998,
        3584.4700000000003
      ],
      [
        -1160917.0199999982,
        3524.4400000000005
      ],
      [
        -1141628.7299999993,
        3448.4499999999994
      ],
      [
        -1157318.1999999983,
        3490.99
      ],
      [
        -1147238.8499999985,
        3475.43
      ],
      [
        -1170629.8699999978,
        3569.4800000000005
      ],
      [
        -1146072.2399999986,
        3472.4399999999996
      ],
      [
        -1175052.849999998,
        3584.9300000000003
      ],
      [
        -1157260.1199999987,
        3485.5000000000005
      ],
      [
        -1159189.2699999984,
        3497.48
      ],
      [
        -1184253.6699999974,
        3732.3300000000004
      ],
      [
        -1175999.9999999984,
        3615.97
      ],
      [
        -1184604.2699999972,
        3747.3300000000004
      ],
      [
        -1175264.3399999973,
        3592.4399999999996
      ],
      [
        -1143499.7999999989,
        3461.43
      ],
      [
        -1172570.409999998,
        3574.93
      ],
      [
        -1182908.859999998,
        3705.8500000000004
      ],
      [
        -1140157.0799999994,
        3444.4
      ],
      [
        -1169200.4199999983,
        3560.4399999999996
      ],
      [
        -1181803.4699999974,
        3692.3299999999995
      ],
      [
        -1183393.1899999972,
        3728.86
      ],
      [
        -1183521.8799999973,
        3731.82
      ],
      [
        -1182750.7799999972,
        3699.3299999999995
      ],
      [
        -1182331.349999998,
        3693.37
      ]
    ]
  },
  "solutions_count": 33,
  "solutions_directory": "../results/SPEA2\\solutions\\users3\\npoint_reset_low_crossover\\run1"
}