{
  "run_info": {
    "dataset": "users3.json",
    "config": "npoint_inversion_low_mutation",
    "run": 4,
    "execution_time": 478.6637592315674,
    "generations": 85,
    "pareto_size": 19,
    "pareto_points": [
      [
        -1139971.2599999988,
        3764.4900000000002
      ],
      [
        -1135869.2399999988,
        3731.4900000000007
      ],
      [
        -1098501.4200000009,
        3599.470000000001
      ],
      [
        -1129576.2199999983,
        3674.55
      ],
      [
        -1151288.4499999986,
        3807.8700000000003
      ],
      [
        -1177310.9299999995,
        3987.93
      ],
      [
        -1102929.3900000006,
        3612.9700000000003
      ],
      [
        -1174802.7399999993,
        3953.46
      ],
      [
        -1068877.3000000017,
        3599.4700000000003
      ],
      [
        -1133588.339999999,
        3685.5200000000004
      ],
      [
        -1165449.4699999986,
        3810.8700000000003
      ],
      [
        -1109009.970000001,
        3628.4900000000002
      ],
      [
        -1114655.780000001,
        3662.960000000001
      ],
      [
        -1150734.0799999987,
        3767.9000000000005
      ],
      [
        -1139599.1999999979,
        3747.4300000000003
      ],
      [
        -1165658.069999999,
        3863.8300000000004
      ],
      [
        -1172354.2899999993,
        3946.9500000000003
      ],
      [
        -1177393.509999999,
        4011.91
      ],
      [
        -1171501.0799999991,
        3909.96
      ]
    ]
  },
  "solutions_count": 19,
  "solutions_directory": "../results/SPEA2\\solutions\\users3\\npoint_inversion_low_mutation\\run4"
}