{
  "run_info": {
    "dataset": "users3.json",
    "config": "npoint_reset_low_crossover",
    "run": 5,
    "execution_time": 1956.8521220684052,
    "generations": 300,
    "pareto_size": 33,
    "pareto_points": [
      [
        -1134263.2299999977,
        3346.58
      ],
      [
        -1129332.109999997,
        3318.62
      ],
      [
        -1162837.6699999983,
        3487.0700000000006
      ],
      [
        -1149167.6999999972,
        3413.0299999999997
      ],
      [
        -1204289.259999997,
        3610.0500000000006
      ],
      [
        -1120514.9599999979,
        3299.6400000000003
      ],
      [
        -1174809.9999999965,
        3526.4900000000007
      ],
      [
        -1138630.5999999975,
        3353.5699999999997
      ],
      [
        -1175807.5999999975,
        3545.51
      ],
      [
        -1173377.2299999977,
        3519.52
      ],
      [
        -1140143.799999997,
        3388.0599999999995
      ],
      [
        -1210692.849999997,
        3636.5300000000007
      ],
      [
        -1194467.4799999972,
        3552.61
      ],
      [
        -1139094.8699999976,
        3383.5699999999993
      ],
      [
        -1217217.4399999972,
        3681.0200000000004
      ],
      [
        -1205240.0899999973,
        3632.0100000000007
      ],
      [
        -1212340.5199999968,
        3637.5199999999995
      ],
      [
        -1162319.9099999971,
        3475.58
      ],
      [
        -1173923.8599999975,
        3523.5
      ],
      [
        -1214699.7499999967,
        3640.49
      ],
      [
        -1202464.879999997,
        3602.5299999999997
      ],
      [
        -1171799.2199999976,
        3496.040000000001
      ],
      [
        -1219914.2399999974,
        3715.970000000001
      ],
      [
        -1216271.5799999954,
        3642.000000000001
      ],
      [
        -1218806.2299999974,
        3705.0000000000005
      ],
      [
        -1161235.7599999974,
        3475.5700000000006
      ],
      [
        -1141995.4499999993,
        3402.5200000000004
      ],
      [
        -1161219.2499999974,
        3459.59
      ],
      [
        -1219270.4999999974,
        3707.010000000001
      ],
      [
        -1159646.9699999974,
        3440.6100000000006
      ],
      [
        -1220852.8099999977,
        3748.9400000000005
      ],
      [
        -1218095.5199999956,
        3688.9900000000007
      ],
      [
        -1160754.9799999974,
        3452.59
      ]
    ]
  },
  "solutions_count": 33,
  "solutions_directory": "../results/SPEA2\\solutions\\users3\\npoint_reset_low_crossover\\run5"
}