{
  "run_info": {
    "dataset": "users4.json",
    "config": "uniform_inversion_high_mutation",
    "run": 1,
    "execution_time": 1170.4952011108398,
    "generations": 124,
    "pareto_size": 15,
    "pareto_points": [
      [
        -1952682.970000004,
        5045.620000000001
      ],
      [
        -1949161.410000005,
        5044.15
      ],
      [
        -1960570.1600000039,
        5051.100000000001
      ],
      [
        -1963084.950000004,
        5072.140000000001
      ],
      [
        -1968405.3000000045,
        5098.210000000001
      ],
      [
        -1986397.3100000028,
        5219.14
      ],
      [
        -1965245.0200000037,
        5074.660000000002
      ],
      [
        -1992488.7200000025,
        5220.1100000000015
      ],
      [
        -1961726.7700000035,
        5054.620000000001
      ],
      [
        -1984008.110000004,
        5115.160000000001
      ],
      [
        -1967648.4100000034,
        5090.1
      ],
      [
        -1966162.3900000032,
        5078.6900000000005
      ],
      [
        -1981188.9600000046,
        5099.690000000002
      ],
      [
        -1963315.5400000038,
        5073.630000000001
      ],
      [
        -1984960.2900000028,
        5148.110000000001
      ]
    ]
  },
  "solutions_count": 15,
  "solutions_directory": "../results/SPEA2\\solutions\\users4\\uniform_inversion_high_mutation\\run1"
}