{
  "run_info": {
    "dataset": "users3.json",
    "config": "uniform_reset_low_mutation",
    "run": 4,
    "execution_time": 171.7227008342743,
    "generations": 28,
    "pareto_size": 13,
    "pareto_points": [
      [
        -1112232.2399999993,
        3521.5299999999997
      ],
      [
        -1161664.8699999976,
        3584.99
      ],
      [
        -1209047.2999999966,
        3761.5099999999998
      ],
      [
        -1153071.239999999,
        3567.9300000000003
      ],
      [
        -1165772.359999997,
        3586.9900000000002
      ],
      [
        -1198131.6599999978,
        3748.9300000000007
      ],
      [
        -1181623.8299999984,
        3596.4900000000002
      ],
      [
        -1180309.499999997,
        3591.0400000000004
      ],
      [
        -1193770.1499999985,
        3684.5
      ],
      [
        -1189640.2299999986,
        3607.9900000000002
      ],
      [
        -1190851.8799999966,
        3650.4600000000005
      ],
      [
        -1197486.1899999974,
        3715.540000000001
      ],
      [
        -1174893.1699999974,
        3588.4800000000005
      ]
    ]
  },
  "solutions_count": 13,
  "solutions_directory": "../results/SPEA2\\solutions\\users3\\uniform_reset_low_mutation\\run4"
}