{
  "run_info": {
    "dataset": "users2.json",
    "config": "uniform_inversion_high_mutation",
    "run": 1,
    "execution_time": 353.64802050590515,
    "generations": 92,
    "pareto_size": 20,
    "pareto_points": [
      [
        -771082.4300000011,
        2224.7599999999998
      ],
      [
        -798246.5200000007,
        2250.25
      ],
      [
        -817590.8900000006,
        2314.19
      ],
      [
        -842761.6400000008,
        2438.18
      ],
      [
        -826836.9700000003,
        2360.2400000000002
      ],
      [
        -786543.6600000018,
        2229.2599999999998
      ],
      [
        -793279.8100000011,
        2238.77
      ],
      [
        -802300.7600000015,
        2263.29
      ],
      [
        -814178.5600000009,
        2313.74
      ],
      [
        -839213.7100000011,
        2420.75
      ],
      [
        -825220.0400000004,
        2346.2
      ],
      [
        -808532.3100000005,
        2285.21
      ],
      [
        -812861.3900000008,
        2313.24
      ],
      [
        -820810.640000001,
        2324.7400000000002
      ],
      [
        -826575.4300000005,
        2356.2400000000002
      ],
      [
        -845248.4300000009,
        2477.2400000000002
      ],
      [
        -838593.810000001,
        2392.24
      ],
      [
        -838146.0100000009,
        2377.21
      ],
      [
        -830688.6600000008,
        2364.67
      ],
      [
        -804185.0300000003,
        2277.22
      ]
    ]
  },
  "solutions_count": 20,
  "solutions_directory": "C:\\Users\\hctr0\\PycharmProjects\\TFG_Hector\\31Executions\\NSGA2\\solutions\\users2\\uniform_inversion_high_mutation\\run1"
}