{
  "run_info": {
    "dataset": "users4.json",
    "config": "high_pheromone_influence",
    "run": 19,
    "execution_time": 1718.723556280136,
    "iterations_completed": 24,
    "max_iterations": 200,
    "terminated_early": true,
    "generations_without_improvement": 12,
    "pareto_size": 10,
    "pareto_points": [
      [
        1836534.5600000143,
        4708.89
      ],
      [
        1827040.7000000153,
        4673.040000000001
      ],
      [
        1814805.5000000154,
        4460.4400000000005
      ],
      [
        1815750.1400000092,
        4471.08
      ],
      [
        1826949.5100000137,
        4537.879999999999
      ],
      [
        1822720.7400000081,
        4486.100000000001
      ],
      [
        1794326.820000016,
        4354.310000000002
      ],
      [
        1810437.8100000194,
        4399.880000000003
      ],
      [
        1798524.750000019,
        4388.700000000003
      ],
      [
        1784223.1400000209,
        4322.820000000003
      ]
    ],
    "solutions_evaluated": 600,
    "config_params": {
      "n_ants": 25,
      "rho": 0.3,
      "alpha": 3.0,
      "beta": 2.0,
      "archive_size": 100,
      "no_improvement_generations": 12
    }
  },
  "solutions_count": 10,
  "solutions_directory": "C:\\Users\\hctr0\\PycharmProjects\\TFG_Hector\\31Executions\\PACO\\solutions\\users4\\high_pheromone_influence\\run19",
  "objective_statistics": {
    "cost_range": {
      "min": 4322.820000000003,
      "max": 4708.89
    },
    "minutes_range": {
      "min": 1784223.1400000209,
      "max": 1836534.5600000143
    }
  },
  "algorithm_info": {
    "archive_history_length": 24,
    "max_archive_size_reached": 11
  }
}