{
  "run_info": {
    "dataset": "users1.json",
    "config": "npoint_inversion_low_mutation",
    "run": 2,
    "execution_time": 227.0007359981537,
    "generations": 68,
    "pareto_size": 15,
    "pareto_points": [
      [
        -410959.22999999934,
        1313.45
      ],
      [
        -414789.95999999903,
        1317.95
      ],
      [
        -459522.9499999995,
        1571.7999999999997
      ],
      [
        -435222.97999999934,
        1353.8599999999997
      ],
      [
        -451666.8399999993,
        1467.28
      ],
      [
        -436846.42999999947,
        1396.33
      ],
      [
        -449028.9699999995,
        1447.2700000000002
      ],
      [
        -441217.67999999935,
        1417.31
      ],
      [
        -455085.20999999944,
        1522.7600000000002
      ],
      [
        -455870.7499999993,
        1558.8100000000002
      ],
      [
        -439990.7999999995,
        1403.8399999999997
      ],
      [
        -441686.5299999992,
        1434.3400000000001
      ],
      [
        -439766.9099999996,
        1403.34
      ],
      [
        -447838.16999999946,
        1438.28
      ],
      [
        -433608.74999999953,
        1326.3799999999999
      ]
    ]
  },
  "solutions_count": 15,
  "solutions_directory": "../results/NSGA2\\solutions\\users1\\npoint_inversion_low_mutation\\run2"
}