{
  "run_info": {
    "dataset": "users4.json",
    "config": "uniform_inversion_high_mutation",
    "run": 22,
    "execution_time": 1301.0784373283386,
    "generations": 88,
    "pareto_size": 15,
    "pareto_points": [
      [
        -1893855.3400000047,
        5268.9000000000015
      ],
      [
        -1904441.9900000042,
        5280.400000000001
      ],
      [
        -1942514.9100000057,
        5371.8200000000015
      ],
      [
        -1961615.4700000053,
        5468.690000000001
      ],
      [
        -1928754.890000004,
        5284.300000000001
      ],
      [
        -1940151.8400000033,
        5353.830000000001
      ],
      [
        -1935585.700000004,
        5285.370000000001
      ],
      [
        -1946562.700000005,
        5389.750000000001
      ],
      [
        -1950035.4600000037,
        5404.2300000000005
      ],
      [
        -1961289.120000004,
        5441.26
      ],
      [
        -1935997.9700000063,
        5323.81
      ],
      [
        -1941593.8200000036,
        5367.720000000001
      ],
      [
        -1954268.550000006,
        5435.740000000001
      ],
      [
        -1951241.1600000032,
        5431.780000000001
      ],
      [
        -1955134.2000000058,
        5439.71
      ]
    ]
  },
  "solutions_count": 15,
  "solutions_directory": "C:\\Users\\hctr0\\PycharmProjects\\TFG_Hector\\31Executions\\NSGA2\\solutions\\users4\\uniform_inversion_high_mutation\\run22"
}