{
  "run_info": {
    "dataset": "users2.json",
    "config": "npoint_inversion_high_all",
    "run": 5,
    "execution_time": 303.3679139614105,
    "generations": 97,
    "pareto_size": 23,
    "pareto_points": [
      [
        -780505.6400000015,
        2639.6400000000003
      ],
      [
        -786161.8800000012,
        2651.0900000000006
      ],
      [
        -724482.9000000004,
        2391.62
      ],
      [
        -789592.6500000013,
        2661.0800000000004
      ],
      [
        -782874.2500000017,
        2650.6600000000003
      ],
      [
        -755085.0599999994,
        2544.55
      ],
      [
        -804767.7100000001,
        2717.0000000000005
      ],
      [
        -766192.0000000012,
        2574.1700000000005
      ],
      [
        -779016.8800000015,
        2636.1500000000005
      ],
      [
        -753472.6899999992,
        2536.55
      ],
      [
        -746665.1200000022,
        2429.5600000000004
      ],
      [
        -751264.5899999993,
        2526.57
      ],
      [
        -747562.3900000019,
        2467.0299999999997
      ],
      [
        -764605.3300000015,
        2547.7000000000003
      ],
      [
        -750591.9000000017,
        2484.51
      ],
      [
        -806186.0200000003,
        2736.0000000000005
      ],
      [
        -792650.6000000009,
        2666.0200000000004
      ],
      [
        -772802.3200000016,
        2584.1500000000005
      ],
      [
        -803091.8500000004,
        2695.000000000001
      ],
      [
        -773524.6200000024,
        2629.1400000000003
      ],
      [
        -723948.1700000005,
        2388.64
      ],
      [
        -737112.5600000004,
        2394.6400000000003
      ],
      [
        -800441.7400000003,
        2681.0400000000004
      ]
    ]
  },
  "solutions_count": 23,
  "solutions_directory": "../results/SPEA2\\solutions\\users2\\npoint_inversion_high_all\\run5"
}