{
  "run_info": {
    "dataset": "users5.json",
    "config": "uniform_inversion_high_mutation",
    "run": 1,
    "execution_time": 2072.814976453781,
    "generations": 128,
    "pareto_size": 13,
    "pareto_points": [
      [
        -3079909.5400000187,
        8081.02
      ],
      [
        -3107871.51000002,
        8083.130000000001
      ],
      [
        -3150221.9800000163,
        8139.200000000001
      ],
      [
        -3151443.8500000117,
        8172.250000000002
      ],
      [
        -3107906.380000021,
        8097.580000000003
      ],
      [
        -3140926.8600000152,
        8107.1500000000015
      ],
      [
        -3176625.410000011,
        8363.17
      ],
      [
        -3171797.770000011,
        8249.61
      ],
      [
        -3163589.1800000113,
        8179.690000000001
      ],
      [
        -3174144.080000008,
        8321.660000000002
      ],
      [
        -3165523.1200000118,
        8218.670000000002
      ],
      [
        -3173230.6800000123,
        8296.150000000001
      ],
      [
        -3178006.24000001,
        8365.640000000001
      ]
    ]
  },
  "solutions_count": 13,
  "solutions_directory": "../results/SPEA2\\solutions\\users5\\uniform_inversion_high_mutation\\run1"
}