{
  "run_info": {
    "dataset": "users4.json",
    "config": "high_heuristic_influence",
    "run": 17,
    "execution_time": 3931.3855817317963,
    "iterations_completed": 70,
    "max_iterations": 200,
    "terminated_early": true,
    "generations_without_improvement": 12,
    "pareto_size": 18,
    "pareto_points": [
      [
        1782641.3100000096,
        4473.390000000002
      ],
      [
        1786252.0500000154,
        4573.190000000002
      ],
      [
        1810840.4800000112,
        4626.710000000002
      ],
      [
        1823070.6300000283,
        4757.380000000003
      ],
      [
        1819921.3100000191,
        4753.570000000004
      ],
      [
        1811087.7700000172,
        4660.480000000004
      ],
      [
        1838270.3600000257,
        4792.150000000005
      ],
      [
        1848887.550000031,
        4899.870000000004
      ],
      [
        1872159.2600000252,
        4956.880000000006
      ],
      [
        1846722.5300000247,
        4892.200000000005
      ],
      [
        1886140.510000029,
        5223.670000000006
      ],
      [
        1876585.0900000255,
        4974.260000000006
      ],
      [
        1857733.3300000296,
        4921.140000000006
      ],
      [
        1862776.3700000274,
        4925.260000000007
      ],
      [
        1865254.0800000269,
        4950.150000000006
      ],
      [
        1885727.65000003,
        5038.230000000005
      ],
      [
        1876655.5800000313,
        5023.530000000007
      ],
      [
        1877043.7200000288,
        5031.470000000005
      ]
    ],
    "solutions_evaluated": 1400,
    "config_params": {
      "n_ants": 20,
      "rho": 0.4,
      "alpha": 0.5,
      "beta": 5.0,
      "archive_size": 100,
      "no_improvement_generations": 12
    }
  },
  "solutions_count": 18,
  "solutions_directory": "C:\\Users\\hctr0\\PycharmProjects\\TFG_Hector\\31Executions\\PACO\\solutions\\users4\\high_heuristic_influence\\run17",
  "objective_statistics": {
    "cost_range": {
      "min": 4473.390000000002,
      "max": 5223.670000000006
    },
    "minutes_range": {
      "min": 1782641.3100000096,
      "max": 1886140.510000029
    }
  },
  "algorithm_info": {
    "archive_history_length": 70,
    "max_archive_size_reached": 18
  }
}