{
  "solution": [
    17,
    6,
    17,
    17,
    17,
    4,
    17,
    17,
    8,
    8,
    8,
    8,
    17,
    8,
    2,
    6,
    17,
    17,
    17,
    17,
    17,
    4,
    17,
    4,
    16,
    4,
    17,
    17,
    16,
    17,
    17,
    17,
    17,
    17,
    17,
    4,
    2,
    2,
    8,
    5,
    16,
    17,
    17,
    17,
    2,
    17,
    17,
    17,
    17,
    17,
    17,
    17,
    17,
    5,
    17,
    17,
    2,
    17,
    17,
    17,
    17,
    17,
    17,
    17,
    8,
    16,
    6,
    2,
    17,
    17,
    4,
    5,
    17,
    17,
    17,
    17,
    17,
    17,
    8,
    17,
    17,
    2,
    17,
    17,
    8,
    17,
    17,
    17,
    16,
    18,
    17,
    6,
    17,
    17,
    17,
    17,
    5,
    17,
    17,
    2,
    17,
    4,
    17,
    5,
    18,
    17,
    17,
    2,
    17,
    17,
    17,
    17,
    17,
    18,
    17,
    8,
    17,
    17,
    16,
    15,
    17,
    8,
    6,
    17,
    4,
    17,
    17,
    2,
    6,
    17,
    8,
    2,
    17,
    17,
    17,
    17,
    6,
    5,
    17,
    17,
    5,
    17,
    8,
    17,
    6,
    17,
    17,
    17,
    17,
    17,
    17,
    17,
    7,
    16,
    12,
    17,
    17,
    17,
    17,
    17,
    17,
    17,
    5,
    6,
    8,
    11,
    17,
    11,
    2,
    2,
    17,
    17,
    7,
    17,
    8,
    17,
    17,
    17,
    8,
    2,
    16,
    17,
    17,
    17,
    17,
    17,
    8,
    17,
    17,
    17,
    9,
    16,
    17,
    17,
    17,
    17,
    17,
    17,
    13,
    4,
    2,
    16,
    17,
    17,
    17,
    17,
    5,
    17,
    5,
    17,
    17,
    17,
    17,
    17,
    17,
    17,
    8,
    4,
    17,
    17,
    17,
    17,
    8,
    8,
    17,
    8,
    17,
    17,
    17,
    17,
    17,
    17,
    17,
    17,
    15,
    3,
    17,
    17,
    17,
    17,
    17,
    17,
    17,
    5,
    17,
    17,
    16,
    17,
    5,
    17,
    8,
    17,
    17,
    17,
    17,
    6,
    6,
    5,
    17,
    17,
    5,
    4,
    17,
    17,
    8,
    17,
    17,
    8,
    17,
    10,
    17,
    17,
    17,
    5,
    4,
    3,
    17,
    17,
    17,
    16,
    5,
    2,
    17,
    17,
    8,
    8,
    17,
    5,
    14,
    17,
    17,
    5,
    8,
    2,
    2,
    17,
    2,
    4,
    17,
    17
  ],
  "objectives": [
    451943.8199999997,
    1010.4400000000002
  ],
  "fitness": {
    "minutos_ponderados": 451943.8199999997,
    "costo_total": 1010.4400000000002
  }
}