{
  "solution": [
    17,
    6,
    17,
    17,
    17,
    3,
    15,
    17,
    8,
    8,
    8,
    8,
    17,
    8,
    2,
    15,
    17,
    17,
    17,
    17,
    17,
    4,
    9,
    4,
    16,
    4,
    17,
    17,
    16,
    17,
    17,
    17,
    17,
    17,
    17,
    4,
    6,
    2,
    8,
    5,
    9,
    17,
    13,
    17,
    2,
    17,
    17,
    17,
    17,
    17,
    2,
    17,
    17,
    5,
    17,
    17,
    12,
    17,
    12,
    17,
    17,
    17,
    17,
    10,
    2,
    16,
    6,
    17,
    17,
    17,
    4,
    3,
    17,
    17,
    17,
    17,
    17,
    17,
    3,
    4,
    17,
    2,
    17,
    17,
    8,
    12,
    17,
    17,
    16,
    4,
    17,
    17,
    17,
    9,
    17,
    17,
    5,
    17,
    17,
    2,
    17,
    17,
    17,
    5,
    17,
    17,
    17,
    2,
    17,
    17,
    17,
    17,
    17,
    8,
    17,
    8,
    17,
    17,
    16,
    6,
    17,
    8,
    6,
    17,
    17,
    17,
    17,
    2,
    8,
    17,
    1,
    2,
    17,
    17,
    17,
    17,
    6,
    5,
    17,
    17,
    5,
    15,
    15,
    17,
    6,
    17,
    4,
    17,
    17,
    17,
    17,
    17,
    16,
    16,
    8,
    17,
    17,
    17,
    1,
    5,
    17,
    17,
    5,
    17,
    8,
    6,
    17,
    16,
    2,
    17,
    17,
    11,
    17,
    17,
    8,
    17,
    17,
    17,
    8,
    2,
    16,
    2,
    17,
    15,
    17,
    17,
    8,
    17,
    15,
    17,
    16,
    16,
    17,
    17,
    17,
    5,
    17,
    17,
    16,
    5,
    2,
    16,
    17,
    17,
    17,
    17,
    5,
    17,
    5,
    17,
    18,
    17,
    17,
    17,
    17,
    17,
    15,
    4,
    17,
    17,
    6,
    17,
    8,
    8,
    17,
    8,
    17,
    17,
    17,
    17,
    17,
    17,
    17,
    17,
    17,
    17,
    17,
    17,
    17,
    10,
    17,
    17,
    17,
    5,
    17,
    17,
    16,
    17,
    5,
    17,
    8,
    17,
    17,
    17,
    17,
    6,
    6,
    15,
    17,
    17,
    5,
    4,
    17,
    17,
    15,
    17,
    5,
    8,
    17,
    8,
    17,
    17,
    17,
    5,
    4,
    7,
    17,
    17,
    17,
    16,
    5,
    2,
    17,
    17,
    8,
    8,
    17,
    5,
    17,
    17,
    17,
    5,
    8,
    2,
    2,
    17,
    2,
    4,
    17,
    17
  ],
  "objectives": [
    455138.4199999993,
    1045.98
  ],
  "fitness": {
    "minutos_ponderados": 455138.4199999993,
    "costo_total": 1045.98
  }
}