{
  "solution": [
    7,
    6,
    17,
    17,
    4,
    4,
    17,
    7,
    8,
    8,
    16,
    8,
    12,
    8,
    2,
    17,
    6,
    3,
    17,
    17,
    17,
    4,
    17,
    4,
    16,
    4,
    17,
    17,
    16,
    17,
    17,
    17,
    17,
    17,
    17,
    4,
    2,
    2,
    8,
    17,
    2,
    17,
    17,
    17,
    2,
    17,
    17,
    17,
    17,
    17,
    17,
    17,
    17,
    5,
    10,
    16,
    2,
    17,
    17,
    17,
    17,
    17,
    17,
    17,
    8,
    16,
    6,
    17,
    17,
    17,
    4,
    5,
    17,
    17,
    17,
    17,
    17,
    6,
    8,
    4,
    17,
    14,
    17,
    17,
    8,
    17,
    11,
    17,
    16,
    18,
    17,
    17,
    17,
    17,
    15,
    17,
    5,
    17,
    17,
    5,
    17,
    17,
    17,
    5,
    17,
    17,
    17,
    2,
    17,
    17,
    17,
    17,
    17,
    8,
    17,
    8,
    16,
    17,
    16,
    15,
    17,
    8,
    6,
    17,
    4,
    15,
    17,
    2,
    8,
    17,
    8,
    2,
    17,
    17,
    17,
    17,
    6,
    5,
    6,
    17,
    5,
    17,
    8,
    8,
    6,
    17,
    17,
    17,
    17,
    17,
    17,
    17,
    16,
    16,
    8,
    1,
    17,
    17,
    17,
    6,
    7,
    17,
    5,
    17,
    6,
    7,
    17,
    16,
    1,
    17,
    17,
    17,
    17,
    17,
    8,
    17,
    17,
    17,
    8,
    2,
    16,
    17,
    17,
    17,
    17,
    17,
    8,
    8,
    17,
    17,
    16,
    16,
    17,
    17,
    17,
    17,
    17,
    17,
    16,
    4,
    2,
    1,
    16,
    5,
    17,
    17,
    5,
    15,
    5,
    17,
    17,
    17,
    17,
    17,
    17,
    17,
    8,
    4,
    17,
    17,
    17,
    17,
    8,
    8,
    14,
    8,
    17,
    17,
    17,
    17,
    17,
    17,
    17,
    17,
    17,
    17,
    17,
    17,
    17,
    17,
    17,
    17,
    17,
    5,
    17,
    17,
    16,
    17,
    6,
    17,
    10,
    17,
    17,
    17,
    17,
    6,
    6,
    5,
    2,
    17,
    15,
    4,
    17,
    17,
    8,
    17,
    17,
    8,
    17,
    8,
    17,
    17,
    17,
    17,
    4,
    17,
    17,
    17,
    17,
    16,
    5,
    2,
    1,
    17,
    8,
    8,
    17,
    5,
    17,
    17,
    17,
    5,
    8,
    2,
    2,
    17,
    2,
    4,
    16,
    17
  ],
  "objectives": [
    454114.1700000001,
    1042.9999999999998
  ],
  "fitness": {
    "minutos_ponderados": 454114.1700000001,
    "costo_total": 1042.9999999999998
  }
}