{
  "solution": [
    17,
    16,
    17,
    14,
    17,
    4,
    17,
    11,
    8,
    15,
    8,
    14,
    17,
    8,
    2,
    17,
    17,
    17,
    17,
    17,
    17,
    4,
    7,
    4,
    16,
    2,
    17,
    17,
    16,
    17,
    17,
    17,
    5,
    17,
    17,
    3,
    2,
    2,
    8,
    5,
    16,
    17,
    17,
    17,
    2,
    17,
    17,
    17,
    17,
    17,
    17,
    17,
    17,
    16,
    17,
    17,
    2,
    17,
    17,
    17,
    17,
    17,
    7,
    9,
    8,
    16,
    6,
    17,
    17,
    8,
    4,
    5,
    17,
    17,
    17,
    1,
    17,
    17,
    8,
    4,
    17,
    2,
    17,
    17,
    8,
    17,
    17,
    17,
    16,
    4,
    17,
    17,
    17,
    17,
    17,
    17,
    5,
    17,
    17,
    2,
    17,
    17,
    17,
    5,
    10,
    17,
    17,
    2,
    17,
    17,
    17,
    17,
    17,
    1,
    17,
    15,
    17,
    17,
    16,
    15,
    17,
    8,
    6,
    17,
    4,
    17,
    17,
    2,
    8,
    12,
    8,
    2,
    17,
    17,
    17,
    17,
    6,
    9,
    17,
    17,
    5,
    17,
    2,
    17,
    6,
    17,
    17,
    17,
    17,
    17,
    15,
    17,
    16,
    16,
    8,
    17,
    17,
    17,
    17,
    4,
    17,
    17,
    5,
    17,
    8,
    6,
    17,
    16,
    2,
    17,
    5,
    17,
    17,
    17,
    8,
    17,
    17,
    17,
    8,
    3,
    16,
    17,
    17,
    17,
    17,
    17,
    8,
    17,
    17,
    17,
    16,
    16,
    4,
    17,
    17,
    17,
    16,
    17,
    4,
    4,
    2,
    16,
    17,
    17,
    17,
    17,
    5,
    6,
    5,
    17,
    17,
    17,
    17,
    17,
    7,
    17,
    8,
    4,
    17,
    8,
    17,
    17,
    8,
    8,
    17,
    12,
    17,
    17,
    17,
    17,
    17,
    17,
    10,
    17,
    6,
    17,
    17,
    17,
    17,
    17,
    17,
    17,
    17,
    5,
    17,
    11,
    16,
    5,
    5,
    17,
    8,
    17,
    17,
    17,
    17,
    6,
    6,
    5,
    17,
    17,
    5,
    4,
    17,
    17,
    2,
    17,
    17,
    8,
    17,
    8,
    17,
    17,
    7,
    5,
    2,
    17,
    17,
    17,
    17,
    16,
    5,
    2,
    17,
    17,
    8,
    8,
    17,
    5,
    17,
    1,
    17,
    5,
    8,
    2,
    2,
    17,
    2,
    4,
    17,
    11
  ],
  "objectives": [
    456154.48999999976,
    1052.52
  ],
  "fitness": {
    "minutos_ponderados": 456154.48999999976,
    "costo_total": 1052.52
  }
}