{
  "run_info": {
    "dataset": "users5.json",
    "config": "uniform_reset_low_mutation",
    "run": 4,
    "execution_time": 1077.6838855743408,
    "generations": 68,
    "pareto_size": 13,
    "pareto_points": [
      [
        -2989816.300000012,
        8579.94
      ],
      [
        -3039529.740000018,
        8651.440000000002
      ],
      [
        -3022879.670000016,
        8597.930000000002
      ],
      [
        -3014167.230000016,
        8580.940000000002
      ],
      [
        -3024865.170000017,
        8604.420000000002
      ],
      [
        -3052065.730000018,
        8741.860000000002
      ],
      [
        -3049554.3900000183,
        8674.870000000003
      ],
      [
        -3046835.5000000177,
        8655.870000000003
      ],
      [
        -3037801.3000000156,
        8627.380000000003
      ],
      [
        -3044920.3000000166,
        8653.920000000002
      ],
      [
        -3039577.130000016,
        8651.480000000003
      ],
      [
        -3019066.370000015,
        8591.930000000002
      ],
      [
        -3055051.8000000194,
        8747.850000000002
      ]
    ]
  },
  "solutions_count": 13,
  "solutions_directory": "../results/SPEA2\\solutions\\users5\\uniform_reset_low_mutation\\run4"
}