{
  "run_info": {
    "dataset": "users1.json",
    "config": "uniform_reset_high_crossover",
    "run": 3,
    "execution_time": 54.36568880081177,
    "generations": 23,
    "pareto_size": 16,
    "pareto_points": [
      [
        -445730.5499999999,
        1494.7399999999998
      ],
      [
        -435159.0399999998,
        1482.7499999999995
      ],
      [
        -419001.23,
        1446.2599999999998
      ],
      [
        -424587.43000000005,
        1449.2399999999998
      ],
      [
        -447729.07,
        1503.7199999999998
      ],
      [
        -434014.3900000001,
        1467.2399999999998
      ],
      [
        -440745.2399999999,
        1485.7299999999996
      ],
      [
        -449204.41,
        1515.72
      ],
      [
        -434792.13999999984,
        1481.2099999999998
      ],
      [
        -444219.1,
        1492.7199999999998
      ],
      [
        -452714.38,
        1532.7099999999998
      ],
      [
        -449240.5199999999,
        1531.7099999999998
      ],
      [
        -438973.05999999994,
        1482.7499999999998
      ],
      [
        -417475.14,
        1438.2699999999998
      ],
      [
        -426656.00999999995,
        1453.2899999999997
      ],
      [
        -432242.21,
        1456.2699999999998
      ]
    ]
  },
  "solutions_count": 16,
  "solutions_directory": "../results/SPEA2\\solutions\\users1\\uniform_reset_high_crossover\\run3"
}