{
  "run_info": {
    "dataset": "users2.json",
    "config": "uniform_inversion_high_mutation",
    "run": 30,
    "execution_time": 554.0865159034729,
    "generations": 130,
    "pareto_size": 15,
    "pareto_points": [
      [
        -830692.3600000009,
        2050.47
      ],
      [
        -831170.8499999996,
        2052.41
      ],
      [
        -865868.0100000009,
        2065.54
      ],
      [
        -869536.6600000005,
        2176.9
      ],
      [
        -852628.9600000002,
        2056.4799999999996
      ],
      [
        -871202.1600000005,
        2244.82
      ],
      [
        -826881.2200000011,
        2037.9999999999998
      ],
      [
        -822900.9800000002,
        2035.9799999999998
      ],
      [
        -868957.850000001,
        2120.47
      ],
      [
        -818828.4300000012,
        2017.4799999999998
      ],
      [
        -869300.8700000009,
        2147.45
      ],
      [
        -870770.1900000009,
        2181.42
      ],
      [
        -867018.4300000003,
        2111.43
      ],
      [
        -866801.6400000008,
        2081.5199999999995
      ],
      [
        -865670.4600000009,
        2059.5499999999997
      ]
    ]
  },
  "solutions_count": 15,
  "solutions_directory": "C:\\Users\\hctr0\\PycharmProjects\\TFG_Hector\\31Executions\\NSGA2\\solutions\\users2\\uniform_inversion_high_mutation\\run30"
}