{
  "solution": [
    17,
    6,
    13,
    14,
    17,
    8,
    4,
    17,
    17,
    17,
    15,
    17,
    17,
    8,
    17,
    17,
    6,
    17,
    4,
    17,
    8,
    4,
    6,
    17,
    16,
    16,
    17,
    16,
    17,
    2,
    17,
    15,
    17,
    15,
    16,
    2,
    17,
    3,
    2,
    17,
    6,
    8,
    17,
    17,
    8,
    17,
    9,
    6,
    6,
    2,
    2,
    8,
    17,
    17,
    17,
    17,
    17,
    17,
    8,
    16,
    8,
    16,
    8,
    2,
    17,
    17,
    8,
    17,
    9,
    17,
    4,
    4,
    4,
    8,
    17,
    8,
    15,
    7,
    8,
    17,
    2,
    16,
    15,
    17,
    16,
    9,
    2,
    7,
    8,
    17,
    1,
    1,
    1,
    4,
    3,
    2,
    16,
    6,
    8,
    18,
    2,
    14,
    17,
    4,
    2,
    17,
    2,
    5,
    8,
    4,
    8,
    2,
    17,
    18,
    17,
    17,
    7,
    4,
    17,
    17,
    6,
    17,
    9,
    5,
    13,
    17,
    17,
    2,
    8,
    8,
    17,
    2,
    4,
    8,
    3,
    13,
    17,
    17,
    8,
    17,
    4,
    8,
    16,
    1,
    11,
    9,
    13,
    15,
    10,
    6,
    17,
    4,
    11,
    17,
    11,
    1,
    4,
    2,
    17,
    17,
    17,
    6,
    2,
    4,
    17,
    17,
    8,
    2,
    17,
    6,
    8,
    8,
    17,
    4,
    2,
    14,
    17,
    17,
    7,
    17,
    16,
    17,
    2,
    17,
    17,
    16,
    8,
    17,
    17,
    11,
    15,
    17,
    8,
    16,
    17,
    17,
    9,
    13,
    16,
    17,
    8,
    9,
    17,
    5,
    17,
    9,
    17,
    8,
    17,
    17,
    8,
    17,
    17,
    9,
    17,
    2,
    17,
    16,
    14,
    8,
    5,
    8,
    5,
    2,
    17,
    8,
    16,
    6,
    5,
    15,
    5,
    17,
    17,
    4,
    8,
    5,
    9,
    8,
    2,
    17,
    13,
    8,
    17,
    5,
    8,
    8,
    17,
    17,
    17,
    9,
    8,
    17,
    8,
    8,
    2,
    5,
    17,
    15,
    5,
    17,
    8,
    2,
    17,
    16,
    5,
    11,
    15,
    17,
    4,
    6,
    17,
    2,
    6,
    17,
    14,
    4,
    16,
    17,
    2,
    17,
    17,
    17,
    8,
    17,
    17,
    8,
    4,
    17,
    5,
    8,
    17,
    17,
    17,
    6,
    9,
    8,
    8,
    17,
    6,
    17
  ],
  "objectives": [
    346791.8199999994,
    1078.8500000000001
  ],
  "fitness": {
    "minutos_ponderados": 346791.8199999994,
    "costo_total": 1078.8500000000001
  }
}