{
  "solution": [
    17,
    17,
    17,
    17,
    4,
    4,
    8,
    17,
    17,
    9,
    8,
    8,
    17,
    17,
    17,
    5,
    17,
    17,
    4,
    5,
    17,
    8,
    18,
    17,
    17,
    7,
    17,
    16,
    17,
    4,
    8,
    16,
    1,
    2,
    8,
    14,
    17,
    11,
    8,
    17,
    17,
    17,
    17,
    17,
    8,
    17,
    2,
    8,
    5,
    17,
    2,
    17,
    16,
    16,
    17,
    15,
    17,
    15,
    5,
    2,
    17,
    7,
    8,
    15,
    17,
    17,
    17,
    17,
    17,
    16,
    17,
    2,
    2,
    8,
    17,
    5,
    17,
    16,
    17,
    17,
    2,
    17,
    17,
    3,
    17,
    2,
    17,
    17,
    5,
    17,
    8,
    4,
    17,
    17,
    8,
    3,
    8,
    4,
    8,
    5,
    17,
    6,
    4,
    4,
    2,
    17,
    16,
    17,
    17,
    4,
    8,
    16,
    17,
    5,
    17,
    17,
    17,
    16,
    16,
    5,
    17,
    7,
    17,
    17,
    8,
    17,
    18,
    17,
    18,
    17,
    17,
    2,
    5,
    17,
    4,
    17,
    17,
    17,
    17,
    17,
    17,
    17,
    16,
    2,
    5,
    3,
    2,
    16,
    6,
    2,
    4,
    17,
    17,
    2,
    2,
    1,
    5,
    17,
    8,
    2,
    17,
    12,
    8,
    16,
    16,
    16,
    17,
    4,
    17,
    17,
    8,
    5,
    17,
    4,
    5,
    17,
    17,
    17,
    16,
    17,
    16,
    8,
    4,
    17,
    17,
    17,
    16,
    17,
    16,
    17,
    17,
    17,
    8,
    17,
    17,
    8,
    17,
    5,
    17,
    17,
    8,
    17,
    17,
    9,
    17,
    17,
    17,
    9,
    10,
    6,
    4,
    10,
    17,
    2,
    17,
    17,
    2,
    17,
    17,
    8,
    6,
    2,
    4,
    5,
    17,
    8,
    5,
    2,
    2,
    15,
    11,
    17,
    8,
    4,
    17,
    18,
    17,
    8,
    2,
    17,
    17,
    17,
    8,
    17,
    17,
    3,
    17,
    17,
    17,
    5,
    17,
    4,
    2,
    10,
    17,
    5,
    1,
    17,
    5,
    17,
    17,
    17,
    17,
    16,
    17,
    16,
    8,
    4,
    8,
    17,
    8,
    2,
    17,
    17,
    17,
    4,
    17,
    3,
    8,
    13,
    17,
    17,
    8,
    8,
    8,
    17,
    17,
    5,
    16,
    17,
    17,
    17,
    17,
    10,
    18,
    2,
    17,
    2,
    17,
    17
  ],
  "objectives": [
    335962.78,
    1023.2600000000001
  ],
  "fitness": {
    "minutos_ponderados": 335962.78,
    "costo_total": 1023.2600000000001
  }
}