{
  "solution": [
    3,
    7,
    8,
    11,
    11,
    17,
    4,
    9,
    9,
    8,
    3,
    8,
    8,
    17,
    6,
    17,
    10,
    2,
    17,
    17,
    5,
    8,
    7,
    17,
    8,
    17,
    8,
    8,
    17,
    6,
    5,
    6,
    10,
    8,
    16,
    10,
    17,
    5,
    3,
    17,
    12,
    1,
    2,
    17,
    18,
    17,
    2,
    12,
    9,
    17,
    17,
    16,
    13,
    11,
    2,
    17,
    17,
    6,
    5,
    5,
    13,
    8,
    4,
    17,
    15,
    17,
    17,
    17,
    8,
    8,
    5,
    16,
    7,
    17,
    4,
    16,
    10,
    15,
    6,
    9,
    4,
    5,
    4,
    7,
    17,
    17,
    4,
    4,
    17,
    9,
    17,
    5,
    17,
    4,
    2,
    4,
    5,
    5,
    2,
    9,
    4,
    16,
    4,
    17,
    6,
    5,
    15,
    5,
    4,
    5,
    16,
    9,
    16,
    12,
    8,
    17,
    5,
    2,
    17,
    1,
    8,
    4,
    2,
    8,
    2,
    16,
    2,
    4,
    8,
    3,
    17,
    17,
    3,
    1,
    4,
    17,
    13,
    17,
    8,
    10,
    1,
    16,
    17,
    17,
    5,
    10,
    12,
    15,
    2,
    17,
    17,
    11,
    8,
    5,
    17,
    2,
    4,
    6,
    8,
    9,
    17,
    17,
    6,
    16,
    18,
    5,
    8,
    8,
    2,
    5,
    11,
    17,
    17,
    17,
    8,
    5,
    17,
    16,
    2,
    9,
    9,
    17,
    17,
    3,
    8,
    8,
    17,
    15,
    8,
    2,
    15,
    16,
    16,
    17,
    2,
    9,
    17,
    2,
    5,
    8,
    14,
    17,
    1,
    17,
    10,
    17,
    17,
    14,
    15,
    10,
    5,
    4,
    4,
    18,
    17,
    8,
    8,
    2,
    10,
    2,
    1,
    8,
    17,
    10,
    11,
    8,
    5,
    4,
    11,
    16,
    17,
    8,
    4,
    4,
    8,
    17,
    9,
    17,
    17,
    7,
    8,
    17,
    4,
    14,
    15,
    17,
    15,
    17,
    4,
    4,
    8,
    3,
    17,
    15,
    16,
    4,
    4,
    17,
    5,
    16,
    17,
    5,
    15,
    17,
    6,
    17,
    9,
    8,
    9,
    17,
    4,
    5,
    4,
    5,
    8,
    4,
    17,
    8,
    16,
    17,
    4,
    2,
    4,
    4,
    17,
    8,
    16,
    16,
    6,
    8,
    8,
    6,
    17,
    9,
    2,
    3,
    17,
    17,
    8,
    5
  ],
  "objectives": [
    360720.4699999998,
    1142.54
  ],
  "fitness": {
    "minutos_ponderados": 360720.4699999998,
    "costo_total": 1142.54
  }
}