{
  "solution": [
    18,
    8,
    17,
    17,
    17,
    17,
    17,
    17,
    15,
    17,
    2,
    8,
    17,
    8,
    8,
    17,
    17,
    17,
    8,
    17,
    8,
    17,
    18,
    17,
    17,
    17,
    8,
    17,
    17,
    8,
    7,
    8,
    17,
    17,
    17,
    17,
    17,
    17,
    2,
    8,
    17,
    18,
    8,
    17,
    17,
    17,
    17,
    8,
    17,
    17,
    17,
    17,
    17,
    4,
    17,
    17,
    17,
    17,
    8,
    17,
    15,
    14,
    17,
    4,
    16,
    17,
    17,
    16,
    17,
    17,
    17,
    16,
    17,
    4,
    17,
    17,
    14,
    8,
    8,
    17,
    17,
    13,
    17,
    5,
    17,
    1,
    17,
    8,
    17,
    17,
    17,
    17,
    1,
    17,
    17,
    4,
    17,
    17,
    17,
    9,
    17,
    2,
    17,
    5,
    17,
    17,
    17,
    14,
    17,
    17,
    17,
    1,
    17,
    8,
    5,
    17,
    8,
    1,
    2,
    17,
    17,
    2,
    8,
    17,
    17,
    17,
    17,
    8,
    8,
    17,
    2,
    17,
    17,
    17,
    17,
    17,
    17,
    6,
    17,
    17,
    17,
    17,
    4,
    2,
    4,
    1,
    17,
    8,
    17,
    17,
    6,
    2,
    3,
    17,
    16,
    17,
    17,
    9,
    8,
    17,
    17,
    17,
    9,
    8,
    17,
    17,
    6,
    17,
    1,
    8,
    8,
    17,
    11,
    17,
    8,
    17,
    17,
    14,
    17,
    8,
    17,
    17,
    17,
    8,
    17,
    6,
    8,
    17,
    4,
    16,
    8,
    6,
    17,
    17,
    17,
    2,
    5,
    17,
    17,
    6,
    8,
    7,
    2,
    5,
    16,
    16,
    5,
    17,
    5,
    17,
    17,
    17,
    17,
    17,
    4,
    2,
    17,
    17,
    17,
    17,
    8,
    4,
    16,
    16,
    17,
    2,
    5,
    8,
    6,
    17,
    17,
    17,
    4,
    2,
    17,
    17,
    17,
    17,
    16,
    8,
    3,
    17,
    17,
    4,
    2,
    17,
    8,
    17,
    17,
    16,
    17,
    17,
    17,
    17,
    17,
    17,
    17,
    17,
    17,
    5,
    17,
    17,
    17,
    16,
    17,
    5,
    8,
    17,
    17,
    14,
    3,
    7,
    17,
    17,
    5,
    9,
    8,
    17,
    2,
    10,
    10,
    5,
    17,
    16,
    16,
    8,
    8,
    17,
    2,
    8,
    17,
    17,
    1,
    17,
    8,
    17,
    2,
    17,
    17,
    17
  ],
  "objectives": [
    309322.2000000004,
    1029.0700000000002
  ],
  "fitness": {
    "minutos_ponderados": 309322.2000000004,
    "costo_total": 1029.0700000000002
  }
}