{
  "solution": [
    18,
    15,
    17,
    5,
    16,
    17,
    2,
    12,
    1,
    8,
    5,
    17,
    17,
    17,
    3,
    18,
    16,
    5,
    4,
    13,
    17,
    9,
    2,
    17,
    16,
    4,
    17,
    2,
    17,
    4,
    5,
    8,
    8,
    17,
    11,
    10,
    8,
    17,
    17,
    13,
    2,
    6,
    17,
    8,
    2,
    8,
    1,
    17,
    8,
    6,
    2,
    2,
    17,
    16,
    5,
    4,
    2,
    4,
    8,
    17,
    6,
    8,
    17,
    8,
    16,
    13,
    15,
    17,
    4,
    17,
    8,
    13,
    10,
    8,
    11,
    17,
    6,
    17,
    17,
    6,
    2,
    3,
    17,
    17,
    4,
    17,
    17,
    2,
    6,
    18,
    5,
    13,
    12,
    2,
    16,
    17,
    16,
    2,
    16,
    17,
    17,
    8,
    2,
    17,
    15,
    17,
    8,
    15,
    18,
    17,
    17,
    17,
    16,
    17,
    17,
    17,
    17,
    17,
    17,
    16,
    17,
    4,
    15,
    17,
    17,
    15,
    8,
    8,
    15,
    2,
    16,
    16,
    2,
    8,
    11,
    16,
    10,
    15,
    10,
    17,
    17,
    5,
    17,
    8,
    17,
    17,
    15,
    17,
    17,
    15,
    2,
    2,
    17,
    15,
    5,
    18,
    17,
    7,
    17,
    10,
    6,
    4,
    16,
    11,
    16,
    4,
    8,
    17,
    6,
    5,
    17,
    11,
    17,
    9,
    8,
    17,
    8,
    4,
    6,
    17,
    4,
    4,
    11,
    17,
    17,
    4,
    5,
    9,
    4,
    5,
    17,
    17,
    11,
    17,
    2,
    14,
    17,
    17,
    9,
    5,
    8,
    11,
    11,
    2,
    8,
    5,
    17,
    17,
    6,
    8,
    8,
    2,
    4,
    8,
    12,
    8,
    9,
    17,
    17,
    8,
    17,
    17,
    6,
    4,
    4,
    5,
    17,
    17,
    2,
    17,
    17,
    5,
    17,
    2,
    17,
    17,
    16,
    11,
    10,
    8,
    17,
    5,
    17,
    16,
    5,
    4,
    17,
    13,
    8,
    2,
    6,
    5,
    18,
    1,
    16,
    17,
    8,
    8,
    15,
    4,
    10,
    17,
    17,
    8,
    8,
    4,
    2,
    17,
    8,
    10,
    17,
    17,
    8,
    6,
    2,
    17,
    17,
    13,
    17,
    5,
    16,
    17,
    8,
    4,
    10,
    6,
    16,
    17,
    17,
    2,
    7,
    5,
    4,
    17,
    1,
    5,
    17,
    17,
    2,
    17
  ],
  "objectives": [
    367193.4099999997,
    1178.35
  ],
  "fitness": {
    "minutos_ponderados": 367193.4099999997,
    "costo_total": 1178.35
  }
}