{
  "solution": [
    17,
    16,
    17,
    17,
    4,
    17,
    4,
    16,
    8,
    5,
    1,
    17,
    17,
    17,
    8,
    5,
    1,
    8,
    4,
    5,
    16,
    8,
    2,
    8,
    14,
    4,
    17,
    2,
    3,
    8,
    3,
    8,
    8,
    17,
    12,
    6,
    2,
    17,
    16,
    8,
    2,
    15,
    18,
    8,
    18,
    15,
    2,
    8,
    8,
    6,
    9,
    17,
    16,
    8,
    4,
    11,
    5,
    10,
    17,
    17,
    17,
    17,
    17,
    8,
    17,
    17,
    16,
    17,
    2,
    17,
    6,
    8,
    17,
    8,
    4,
    9,
    1,
    17,
    9,
    17,
    4,
    8,
    18,
    17,
    17,
    18,
    15,
    2,
    6,
    6,
    6,
    17,
    6,
    2,
    8,
    17,
    16,
    16,
    16,
    17,
    2,
    8,
    16,
    17,
    15,
    17,
    8,
    15,
    13,
    8,
    17,
    5,
    2,
    17,
    12,
    17,
    4,
    12,
    2,
    4,
    6,
    8,
    6,
    1,
    17,
    17,
    8,
    17,
    12,
    17,
    9,
    4,
    2,
    2,
    17,
    17,
    4,
    18,
    8,
    2,
    15,
    5,
    8,
    2,
    4,
    4,
    17,
    17,
    17,
    12,
    5,
    2,
    4,
    17,
    5,
    17,
    17,
    17,
    17,
    17,
    6,
    17,
    17,
    8,
    13,
    17,
    8,
    17,
    8,
    17,
    5,
    17,
    17,
    15,
    8,
    17,
    17,
    17,
    10,
    8,
    4,
    17,
    4,
    17,
    17,
    8,
    17,
    17,
    4,
    17,
    17,
    17,
    3,
    17,
    5,
    17,
    17,
    9,
    4,
    6,
    11,
    15,
    10,
    11,
    8,
    17,
    17,
    17,
    2,
    8,
    17,
    3,
    8,
    9,
    15,
    17,
    2,
    16,
    17,
    6,
    2,
    8,
    6,
    4,
    12,
    15,
    8,
    6,
    2,
    15,
    17,
    8,
    17,
    5,
    16,
    17,
    5,
    17,
    8,
    17,
    15,
    2,
    9,
    7,
    5,
    17,
    17,
    2,
    6,
    2,
    4,
    5,
    5,
    8,
    14,
    17,
    17,
    3,
    17,
    15,
    16,
    17,
    17,
    7,
    2,
    6,
    5,
    16,
    17,
    8,
    2,
    16,
    8,
    8,
    4,
    16,
    9,
    5,
    17,
    8,
    16,
    17,
    8,
    4,
    5,
    17,
    18,
    9,
    4,
    17,
    16,
    5,
    4,
    17,
    16,
    4,
    17,
    9,
    5,
    17
  ],
  "objectives": [
    363424.5299999999,
    1084.48
  ],
  "fitness": {
    "minutos_ponderados": 363424.5299999999,
    "costo_total": 1084.48
  }
}