{
  "solution": [
    17,
    16,
    17,
    9,
    15,
    17,
    2,
    17,
    8,
    5,
    15,
    17,
    17,
    17,
    1,
    5,
    17,
    6,
    4,
    5,
    17,
    8,
    2,
    17,
    11,
    6,
    17,
    2,
    17,
    8,
    10,
    8,
    8,
    17,
    8,
    17,
    2,
    17,
    13,
    16,
    2,
    17,
    16,
    17,
    3,
    8,
    2,
    6,
    8,
    6,
    2,
    17,
    17,
    17,
    4,
    4,
    5,
    4,
    10,
    7,
    17,
    17,
    17,
    11,
    17,
    17,
    16,
    17,
    6,
    8,
    8,
    8,
    17,
    8,
    4,
    7,
    18,
    17,
    17,
    17,
    17,
    8,
    17,
    17,
    17,
    4,
    17,
    2,
    8,
    10,
    17,
    14,
    6,
    2,
    8,
    17,
    17,
    4,
    16,
    17,
    17,
    1,
    16,
    15,
    15,
    10,
    8,
    15,
    1,
    17,
    17,
    4,
    16,
    17,
    16,
    17,
    16,
    15,
    2,
    16,
    16,
    4,
    16,
    17,
    2,
    17,
    8,
    17,
    4,
    17,
    9,
    11,
    17,
    5,
    17,
    17,
    4,
    17,
    8,
    17,
    17,
    17,
    17,
    8,
    4,
    17,
    17,
    17,
    17,
    4,
    5,
    2,
    17,
    17,
    17,
    17,
    16,
    3,
    8,
    17,
    4,
    4,
    17,
    17,
    17,
    17,
    9,
    17,
    3,
    17,
    17,
    17,
    17,
    16,
    8,
    17,
    17,
    17,
    5,
    8,
    17,
    4,
    8,
    17,
    17,
    2,
    5,
    17,
    4,
    17,
    6,
    17,
    4,
    8,
    5,
    16,
    17,
    17,
    8,
    17,
    3,
    8,
    17,
    11,
    13,
    17,
    17,
    17,
    2,
    8,
    17,
    17,
    8,
    8,
    2,
    17,
    17,
    8,
    17,
    8,
    17,
    5,
    17,
    17,
    4,
    8,
    8,
    17,
    6,
    17,
    8,
    16,
    17,
    17,
    17,
    17,
    1,
    17,
    8,
    8,
    9,
    4,
    17,
    17,
    10,
    17,
    17,
    17,
    5,
    3,
    2,
    5,
    4,
    2,
    17,
    17,
    6,
    17,
    2,
    4,
    9,
    17,
    17,
    8,
    8,
    4,
    11,
    6,
    1,
    17,
    17,
    16,
    8,
    8,
    5,
    16,
    4,
    9,
    17,
    6,
    16,
    6,
    8,
    6,
    16,
    17,
    2,
    17,
    10,
    6,
    16,
    5,
    8,
    17,
    16,
    5,
    11,
    2,
    17,
    17
  ],
  "objectives": [
    343666.6100000001,
    1072.7400000000002
  ],
  "fitness": {
    "minutos_ponderados": 343666.6100000001,
    "costo_total": 1072.7400000000002
  }
}