{
  "run_info": {
    "dataset": "users5.json",
    "config": "uniform_inversion_high_mutation",
    "run": 5,
    "execution_time": 5668.9612238407135,
    "generations": 137,
    "pareto_size": 19,
    "pareto_points": [
      [
        -3146848.9999999884,
        7618.690000000002
      ],
      [
        -3298104.1999999937,
        7847.59
      ],
      [
        -3230583.589999994,
        7659.260000000002
      ],
      [
        -3307344.1100000017,
        7864.090000000001
      ],
      [
        -3256351.7099999953,
        7707.27
      ],
      [
        -3316725.0799999936,
        7866.59
      ],
      [
        -3301439.909999995,
        7850.64
      ],
      [
        -3328497.169999994,
        7945.560000000002
      ],
      [
        -3307032.429999989,
        7863.650000000001
      ],
      [
        -3341387.6599999913,
        8002.1
      ],
      [
        -3326952.659999993,
        7887.120000000003
      ],
      [
        -3292322.5199999874,
        7751.170000000002
      ],
      [
        -3253437.5099999905,
        7703.73
      ],
      [
        -3293549.630000003,
        7835.650000000001
      ],
      [
        -3257886.5800000015,
        7722.110000000002
      ],
      [
        -3261590.18999999,
        7730.240000000002
      ],
      [
        -3242968.3299999903,
        7700.120000000001
      ],
      [
        -3257942.4799999907,
        7730.200000000001
      ],
      [
        -3312883.219999999,
        7864.59
      ]
    ]
  },
  "solutions_count": 19,
  "solutions_directory": "../results/NSGA2\\solutions\\users5\\uniform_inversion_high_mutation\\run5"
}