{
  "run_info": {
    "dataset": "users1.json",
    "config": "npoint_inversion_high_all",
    "run": 1,
    "execution_time": 734.6874556541443,
    "generations": 229,
    "pareto_size": 14,
    "pareto_points": [
      [
        -489015.89000000036,
        1283.24
      ],
      [
        -489479.30000000034,
        1327.19
      ],
      [
        -483822.89000000036,
        1238.77
      ],
      [
        -479358.3800000002,
        1186.31
      ],
      [
        -485402.0800000003,
        1245.2600000000002
      ],
      [
        -474544.0500000002,
        1145.33
      ],
      [
        -479766.8100000004,
        1186.8
      ],
      [
        -477008.34000000026,
        1150.33
      ],
      [
        -481595.4700000005,
        1210.26
      ],
      [
        -482116.85000000044,
        1221.77
      ],
      [
        -477383.6400000004,
        1164.8
      ],
      [
        -482251.4000000005,
        1234.25
      ],
      [
        -486616.9500000005,
        1268.72
      ],
      [
        -486241.6500000003,
        1256.26
      ]
    ]
  },
  "solutions_count": 14,
  "solutions_directory": "../results/SPEA2\\solutions\\users1\\npoint_inversion_high_all\\run1"
}