{
  "run_info": {
    "dataset": "users1.json",
    "config": "npoint_inversion_high_all",
    "run": 1,
    "execution_time": 79.47485089302063,
    "generations": 43,
    "pareto_size": 13,
    "pareto_points": [
      [
        -424300.0699999994,
        1408.8299999999995
      ],
      [
        -420809.13999999943,
        1394.3399999999995
      ],
      [
        -415415.60000000003,
        1376.8299999999997
      ],
      [
        -432149.7399999997,
        1428.33
      ],
      [
        -429151.7599999996,
        1419.8299999999997
      ],
      [
        -443122.5500000002,
        1433.74
      ],
      [
        -459062.63999999943,
        1499.2699999999998
      ],
      [
        -465971.6399999999,
        1514.32
      ],
      [
        -420860.6499999996,
        1405.8399999999997
      ],
      [
        -445593.5300000003,
        1484.6999999999998
      ],
      [
        -438504.9199999997,
        1428.8499999999997
      ],
      [
        -417132.43999999977,
        1380.3799999999999
      ],
      [
        -466922.40999999986,
        1515.3199999999997
      ]
    ]
  },
  "solutions_count": 13,
  "solutions_directory": "../results/SPEA2\\solutions\\users1\\npoint_inversion_high_all\\run1"
}