{
  "run_info": {
    "dataset": "users5.json",
    "config": "npoint_reset_low_crossover",
    "run": 4,
    "execution_time": 451.21795082092285,
    "generations": 26,
    "pareto_size": 18,
    "pareto_points": [
      [
        -2825492.7600000156,
        9327.060000000001
      ],
      [
        -2837017.910000016,
        9432.420000000002
      ],
      [
        -2827027.2900000163,
        9346.02
      ],
      [
        -2831491.850000017,
        9356.000000000002
      ],
      [
        -2835530.350000015,
        9406.45
      ],
      [
        -2821911.390000017,
        9318.550000000001
      ],
      [
        -2835444.4400000162,
        9400.400000000001
      ],
      [
        -2820113.4300000165,
        9315.060000000001
      ],
      [
        -2874040.7500000084,
        9441.610000000002
      ],
      [
        -2825643.390000016,
        9343.960000000003
      ],
      [
        -2823219.6300000157,
        9323.03
      ],
      [
        -2873082.63000001,
        9432.640000000003
      ],
      [
        -2824110.290000015,
        9325.050000000001
      ],
      [
        -2878259.770000009,
        9486.070000000003
      ],
      [
        -2819785.880000016,
        9313.040000000003
      ],
      [
        -2723599.2900000033,
        9299.190000000002
      ],
      [
        -2832461.620000016,
        9357.930000000004
      ],
      [
        -2833109.1800000155,
        9362.940000000002
      ]
    ]
  },
  "solutions_count": 18,
  "solutions_directory": "../results/SPEA2\\solutions\\users5\\npoint_reset_low_crossover\\run4"
}