{
  "run_info": {
    "dataset": "users4.json",
    "config": "high_heuristic_influence",
    "run": 20,
    "execution_time": 3623.6243319511414,
    "iterations_completed": 67,
    "max_iterations": 200,
    "terminated_early": true,
    "generations_without_improvement": 12,
    "pareto_size": 18,
    "pareto_points": [
      [
        1791236.0000000154,
        4535.9900000000025
      ],
      [
        1771695.1200000015,
        4429.730000000002
      ],
      [
        1803151.4600000205,
        4578.500000000002
      ],
      [
        1788425.320000009,
        4478.0300000000025
      ],
      [
        1789862.1900000167,
        4492.220000000002
      ],
      [
        1809021.5800000255,
        4630.130000000004
      ],
      [
        1818085.7600000224,
        4748.990000000004
      ],
      [
        1832354.2400000256,
        4791.610000000004
      ],
      [
        1828914.310000024,
        4790.830000000004
      ],
      [
        1855514.2000000253,
        4911.910000000004
      ],
      [
        1876294.9400000283,
        5047.270000000006
      ],
      [
        1876156.6500000264,
        5041.320000000005
      ],
      [
        1868881.5500000226,
        4955.250000000006
      ],
      [
        1850985.7100000307,
        4823.860000000005
      ],
      [
        1876952.1500000267,
        5049.770000000005
      ],
      [
        1864385.930000029,
        4920.180000000006
      ],
      [
        1874337.7600000335,
        5011.230000000005
      ],
      [
        1883096.7700000266,
        5061.2100000000055
      ]
    ],
    "solutions_evaluated": 1340,
    "config_params": {
      "n_ants": 20,
      "rho": 0.4,
      "alpha": 0.5,
      "beta": 5.0,
      "archive_size": 100,
      "no_improvement_generations": 12
    }
  },
  "solutions_count": 18,
  "solutions_directory": "C:\\Users\\hctr0\\PycharmProjects\\TFG_Hector\\31Executions\\PACO\\solutions\\users4\\high_heuristic_influence\\run20",
  "objective_statistics": {
    "cost_range": {
      "min": 4429.730000000002,
      "max": 5061.2100000000055
    },
    "minutes_range": {
      "min": 1771695.1200000015,
      "max": 1883096.7700000266
    }
  },
  "algorithm_info": {
    "archive_history_length": 67,
    "max_archive_size_reached": 21
  }
}