{
  "run_info": {
    "dataset": "users1.json",
    "config": "uniform_inversion_high_mutation",
    "run": 22,
    "execution_time": 208.93458700180054,
    "generations": 89,
    "pareto_size": 12,
    "pareto_points": [
      [
        -495860.57,
        1065.3300000000002
      ],
      [
        -486166.44,
        1012.8499999999998
      ],
      [
        -493616.5800000001,
        1045.33
      ],
      [
        -494291.77000000014,
        1053.3199999999997
      ],
      [
        -492612.55999999994,
        1043.3
      ],
      [
        -492159.48000000004,
        1041.34
      ],
      [
        -495674.56,
        1054.3600000000001
      ],
      [
        -497194.51,
        1107.2799999999997
      ],
      [
        -496434.07999999996,
        1071.31
      ],
      [
        -496532.25,
        1092.32
      ],
      [
        -489115.7899999999,
        1040.82
      ],
      [
        -497419.9,
        1131.26
      ]
    ]
  },
  "solutions_count": 12,
  "solutions_directory": "C:\\Users\\hctr0\\PycharmProjects\\TFG_Hector\\31Executions\\NSGA2\\solutions\\users1\\uniform_inversion_high_mutation\\run22"
}