{
  "run_info": {
    "dataset": "users5.json",
    "config": "uniform_reset_low_mutation",
    "run": 3,
    "execution_time": 3851.7310893535614,
    "generations": 103,
    "pareto_size": 18,
    "pareto_points": [
      [
        -3151050.229999978,
        8339.350000000002
      ],
      [
        -3162990.1899999804,
        8373.870000000003
      ],
      [
        -3128208.709999991,
        8317.380000000003
      ],
      [
        -3119828.02999999,
        8315.350000000002
      ],
      [
        -3150758.359999981,
        8338.870000000003
      ],
      [
        -3201654.839999976,
        8463.270000000002
      ],
      [
        -3154685.6099999784,
        8340.380000000001
      ],
      [
        -3220904.019999973,
        8551.69
      ],
      [
        -3221819.369999977,
        8584.680000000002
      ],
      [
        -3206146.1599999755,
        8466.280000000002
      ],
      [
        -3226432.279999974,
        8597.69
      ],
      [
        -3221718.0699999733,
        8557.720000000001
      ],
      [
        -3201240.949999976,
        8426.79
      ],
      [
        -3162043.079999977,
        8351.390000000001
      ],
      [
        -3168118.599999979,
        8388.270000000002
      ],
      [
        -3220278.8399999766,
        8478.310000000001
      ],
      [
        -3148674.409999979,
        8331.400000000001
      ],
      [
        -3186208.579999977,
        8388.800000000001
      ]
    ]
  },
  "solutions_count": 18,
  "solutions_directory": "../results/NSGA2\\solutions\\users5\\uniform_reset_low_mutation\\run3"
}