{
  "solution": [
    17,
    17,
    17,
    2,
    8,
    17,
    17,
    5,
    5,
    8,
    16,
    17,
    12,
    9,
    17,
    5,
    8,
    16,
    6,
    8,
    5,
    6,
    5,
    2,
    8,
    4,
    17,
    4,
    5,
    1,
    17,
    15,
    8,
    17,
    18,
    16,
    5,
    13,
    17,
    8,
    17,
    17,
    8,
    17,
    2,
    17,
    15,
    16,
    17,
    2,
    6,
    17,
    4,
    2,
    3,
    4,
    17,
    16,
    1,
    3,
    4,
    17,
    8,
    5,
    17,
    8,
    17,
    17,
    2,
    5,
    5,
    4,
    4,
    17,
    17,
    17,
    14,
    3,
    4,
    17,
    6,
    5,
    5,
    2,
    4,
    17,
    2,
    17,
    5,
    17,
    5,
    8,
    17,
    2,
    17,
    17,
    2,
    16,
    4,
    4,
    8,
    17,
    4,
    17,
    17,
    5,
    17,
    17,
    4,
    17,
    17,
    18,
    17,
    9,
    17,
    4,
    5,
    17,
    17,
    17,
    8,
    17,
    11,
    17,
    17,
    17,
    17,
    17,
    11,
    6,
    17,
    8,
    16,
    16,
    17,
    8,
    7,
    5,
    11,
    17,
    16,
    17,
    17,
    17,
    3,
    17,
    9,
    8,
    16,
    5,
    16,
    16,
    5,
    17,
    5,
    4,
    17,
    8,
    7,
    2,
    17,
    17,
    17,
    8,
    17,
    17,
    6,
    2,
    4,
    16,
    17,
    16,
    4,
    8,
    2,
    8,
    6,
    2,
    13,
    7,
    7,
    17,
    8,
    8,
    2,
    17,
    17,
    13,
    17,
    17,
    8,
    8,
    8,
    4,
    7,
    17,
    17,
    17,
    8,
    8,
    17,
    8,
    17,
    6,
    17,
    2,
    16,
    9,
    8,
    6,
    17,
    17,
    4,
    16,
    17,
    17,
    17,
    10,
    17,
    16,
    8,
    17,
    4,
    4,
    3,
    17,
    8,
    17,
    17,
    14,
    8,
    17,
    3,
    16,
    17,
    2,
    6,
    17,
    4,
    17,
    16,
    17,
    4,
    17,
    13,
    4,
    17,
    14,
    14,
    1,
    5,
    5,
    8,
    17,
    17,
    6,
    4,
    8,
    8,
    17,
    17,
    6,
    16,
    2,
    9,
    8,
    6,
    1,
    15,
    2,
    17,
    2,
    8,
    5,
    11,
    17,
    1,
    5,
    2,
    8,
    5,
    17,
    8,
    16,
    2,
    17,
    4,
    9,
    2,
    1,
    8,
    17,
    4,
    8,
    2,
    17,
    3,
    17,
    6,
    17
  ],
  "objectives": [
    343452.63,
    1071.4100000000003
  ],
  "fitness": {
    "minutos_ponderados": 343452.63,
    "costo_total": 1071.4100000000003
  }
}