{
  "solution": [
    7,
    8,
    17,
    5,
    2,
    4,
    8,
    4,
    2,
    8,
    17,
    17,
    6,
    2,
    17,
    2,
    8,
    16,
    15,
    17,
    17,
    5,
    16,
    16,
    15,
    17,
    17,
    17,
    17,
    2,
    5,
    17,
    2,
    14,
    17,
    2,
    8,
    17,
    16,
    4,
    2,
    4,
    4,
    8,
    16,
    5,
    3,
    17,
    17,
    17,
    4,
    17,
    7,
    17,
    17,
    17,
    6,
    17,
    8,
    17,
    17,
    8,
    6,
    8,
    8,
    5,
    17,
    9,
    5,
    15,
    3,
    5,
    17,
    17,
    17,
    8,
    11,
    5,
    13,
    2,
    17,
    6,
    18,
    1,
    6,
    16,
    4,
    9,
    6,
    16,
    8,
    17,
    17,
    16,
    16,
    5,
    17,
    17,
    17,
    5,
    8,
    2,
    17,
    18,
    16,
    10,
    11,
    11,
    8,
    1,
    17,
    5,
    4,
    18,
    16,
    3,
    6,
    17,
    15,
    2,
    8,
    5,
    8,
    17,
    17,
    17,
    17,
    16,
    7,
    9,
    8,
    17,
    17,
    17,
    17,
    8,
    8,
    16,
    5,
    2,
    1,
    15,
    17,
    8,
    2,
    5,
    17,
    10,
    8,
    6,
    8,
    17,
    3,
    11,
    17,
    5,
    17,
    5,
    17,
    17,
    17,
    6,
    17,
    17,
    3,
    8,
    3,
    17,
    5,
    17,
    15,
    6,
    11,
    2,
    4,
    6,
    16,
    5,
    6,
    4,
    15,
    2,
    8,
    17,
    17,
    2,
    17,
    2,
    17,
    5,
    5,
    16,
    17,
    17,
    17,
    8,
    4,
    15,
    8,
    8,
    2,
    8,
    17,
    4,
    17,
    17,
    5,
    16,
    17,
    16,
    5,
    17,
    17,
    4,
    5,
    8,
    18,
    17,
    5,
    4,
    2,
    17,
    5,
    17,
    6,
    8,
    4,
    17,
    17,
    4,
    8,
    8,
    2,
    5,
    17,
    1,
    17,
    17,
    4,
    13,
    8,
    17,
    17,
    2,
    9,
    7,
    17,
    12,
    5,
    17,
    17,
    17,
    8,
    4,
    9,
    17,
    8,
    16,
    17,
    8,
    6,
    15,
    16,
    17,
    17,
    2,
    17,
    17,
    2,
    6,
    11,
    8,
    17,
    8,
    15,
    17,
    8,
    8,
    6,
    17,
    8,
    17,
    16,
    18,
    17,
    17,
    8,
    1,
    2,
    2,
    8,
    17,
    17,
    16,
    11,
    16,
    3,
    4,
    17,
    2
  ],
  "objectives": [
    364498.43000000017,
    1076.92
  ],
  "fitness": {
    "minutos_ponderados": 364498.43000000017,
    "costo_total": 1076.92
  }
}