{
  "solution": [
    16,
    15,
    17,
    14,
    5,
    16,
    2,
    17,
    16,
    2,
    3,
    15,
    2,
    3,
    2,
    15,
    12,
    6,
    16,
    17,
    16,
    6,
    16,
    5,
    15,
    2,
    5,
    17,
    5,
    6,
    16,
    17,
    8,
    9,
    6,
    17,
    17,
    16,
    17,
    8,
    17,
    17,
    3,
    13,
    18,
    8,
    10,
    17,
    9,
    5,
    15,
    11,
    18,
    18,
    16,
    16,
    17,
    17,
    2,
    2,
    8,
    3,
    8,
    2,
    15,
    6,
    15,
    12,
    16,
    10,
    16,
    3,
    4,
    2,
    15,
    16,
    16,
    2,
    5,
    5,
    16,
    3,
    8,
    17,
    14,
    18,
    8,
    16,
    16,
    18,
    4,
    4,
    13,
    5,
    10,
    17,
    2,
    5,
    11,
    11,
    9,
    8,
    2,
    2,
    8,
    2,
    6,
    6,
    6,
    4,
    5,
    16,
    6,
    17,
    5,
    17,
    6,
    6,
    1,
    9,
    15,
    10,
    4,
    16,
    16,
    7,
    8,
    6,
    2,
    8,
    3,
    6,
    16,
    3,
    15,
    4,
    9,
    1,
    1,
    1,
    9,
    2,
    17,
    8,
    16,
    8,
    7,
    10,
    17,
    5,
    6,
    8,
    5,
    11,
    17,
    8,
    8,
    2,
    8,
    5,
    15,
    17,
    2,
    2,
    17,
    17,
    11,
    17,
    17,
    16,
    11,
    17,
    16,
    7,
    5,
    14,
    9,
    6,
    15,
    17,
    11,
    5,
    2,
    16,
    8,
    2,
    2,
    5,
    1,
    2,
    17,
    12,
    13,
    6,
    8,
    14,
    2,
    4,
    11,
    5,
    4,
    6,
    17,
    2,
    11,
    5,
    18,
    18,
    15,
    17,
    1,
    8,
    4,
    4,
    15,
    5,
    8,
    17,
    5,
    2,
    9,
    15,
    4,
    5,
    2,
    4,
    17,
    2,
    5,
    8,
    17,
    5,
    16,
    16,
    12,
    5,
    1,
    11,
    2,
    5,
    1,
    9,
    8,
    10,
    17,
    15,
    2,
    3,
    5,
    5,
    15,
    4,
    4,
    1,
    8,
    6,
    17,
    4,
    15,
    16,
    8,
    13,
    1,
    15,
    6,
    9,
    9,
    6,
    17,
    3,
    2,
    15,
    8,
    2,
    8,
    11,
    9,
    15,
    16,
    4,
    6,
    16,
    3,
    8,
    1,
    12,
    7,
    17,
    4,
    18,
    14,
    8,
    5,
    8,
    2,
    15,
    2,
    17,
    17,
    15
  ],
  "objectives": [
    410624.9600000002,
    1259.72
  ],
  "fitness": {
    "minutos_ponderados": 410624.9600000002,
    "costo_total": 1259.72
  }
}