{
  "solution": [
    16,
    17,
    5,
    3,
    8,
    6,
    17,
    17,
    6,
    14,
    9,
    16,
    15,
    14,
    12,
    5,
    16,
    15,
    3,
    17,
    8,
    8,
    8,
    17,
    16,
    18,
    8,
    5,
    18,
    10,
    9,
    8,
    5,
    8,
    16,
    17,
    15,
    5,
    2,
    17,
    9,
    4,
    12,
    8,
    8,
    17,
    8,
    10,
    8,
    8,
    1,
    8,
    15,
    2,
    15,
    8,
    13,
    3,
    18,
    1,
    8,
    16,
    2,
    9,
    9,
    11,
    14,
    2,
    4,
    1,
    8,
    11,
    8,
    6,
    4,
    8,
    8,
    8,
    17,
    3,
    4,
    17,
    11,
    1,
    2,
    4,
    17,
    5,
    4,
    16,
    12,
    4,
    15,
    2,
    17,
    17,
    7,
    1,
    4,
    4,
    13,
    12,
    13,
    5,
    5,
    8,
    5,
    12,
    17,
    2,
    5,
    6,
    9,
    8,
    17,
    17,
    1,
    6,
    17,
    11,
    16,
    5,
    3,
    5,
    5,
    17,
    16,
    8,
    8,
    7,
    16,
    11,
    17,
    16,
    11,
    15,
    5,
    6,
    15,
    8,
    2,
    6,
    5,
    8,
    13,
    6,
    5,
    12,
    6,
    17,
    17,
    17,
    4,
    4,
    6,
    2,
    8,
    2,
    6,
    17,
    6,
    4,
    2,
    8,
    8,
    17,
    8,
    16,
    16,
    10,
    5,
    2,
    6,
    9,
    18,
    3,
    2,
    3,
    17,
    8,
    2,
    4,
    15,
    17,
    11,
    13,
    3,
    4,
    6,
    1,
    10,
    17,
    4,
    17,
    8,
    8,
    16,
    15,
    7,
    2,
    10,
    10,
    17,
    2,
    5,
    10,
    15,
    17,
    1,
    7,
    5,
    2,
    5,
    7,
    1,
    17,
    9,
    2,
    6,
    2,
    16,
    17,
    5,
    8,
    4,
    16,
    1,
    11,
    11,
    11,
    15,
    8,
    5,
    8,
    9,
    16,
    8,
    7,
    3,
    10,
    17,
    17,
    8,
    15,
    17,
    3,
    14,
    2,
    2,
    9,
    4,
    7,
    2,
    6,
    17,
    17,
    17,
    17,
    5,
    15,
    16,
    14,
    17,
    17,
    17,
    11,
    17,
    6,
    4,
    5,
    15,
    16,
    6,
    4,
    5,
    4,
    13,
    17,
    2,
    2,
    17,
    9,
    2,
    2,
    4,
    18,
    5,
    6,
    11,
    15,
    5,
    8,
    2,
    2,
    9,
    17,
    13,
    6,
    15,
    8
  ],
  "objectives": [
    395683.6099999995,
    1227.21
  ],
  "fitness": {
    "minutos_ponderados": 395683.6099999995,
    "costo_total": 1227.21
  }
}