{
  "solution": [
    6,
    11,
    5,
    13,
    5,
    2,
    2,
    1,
    1,
    4,
    2,
    18,
    18,
    2,
    16,
    8,
    16,
    18,
    5,
    4,
    5,
    5,
    17,
    4,
    17,
    4,
    8,
    8,
    2,
    6,
    2,
    5,
    16,
    5,
    8,
    17,
    8,
    14,
    5,
    5,
    4,
    9,
    17,
    9,
    2,
    16,
    2,
    17,
    6,
    5,
    5,
    14,
    2,
    9,
    9,
    16,
    17,
    1,
    13,
    8,
    5,
    3,
    2,
    2,
    13,
    2,
    16,
    5,
    1,
    5,
    1,
    2,
    1,
    6,
    1,
    8,
    11,
    8,
    4,
    17,
    16,
    8,
    12,
    3,
    4,
    8,
    8,
    16,
    17,
    8,
    8,
    3,
    8,
    17,
    5,
    16,
    9,
    8,
    8,
    9,
    6,
    15,
    5,
    8,
    2,
    4,
    2,
    17,
    3,
    9,
    18,
    6,
    17,
    16,
    16,
    14,
    3,
    1,
    11,
    2,
    17,
    1,
    11,
    18,
    15,
    17,
    2,
    17,
    9,
    5,
    2,
    4,
    17,
    14,
    5,
    12,
    9,
    15,
    14,
    5,
    2,
    8,
    8,
    12,
    14,
    16,
    8,
    2,
    4,
    6,
    1,
    17,
    5,
    17,
    4,
    10,
    6,
    5,
    5,
    7,
    16,
    16,
    11,
    2,
    8,
    2,
    18,
    2,
    14,
    4,
    2,
    15,
    17,
    2,
    17,
    16,
    13,
    8,
    5,
    17,
    11,
    14,
    18,
    16,
    17,
    5,
    3,
    16,
    2,
    17,
    17,
    17,
    12,
    3,
    11,
    18,
    9,
    6,
    18,
    13,
    2,
    4,
    4,
    1,
    4,
    5,
    14,
    1,
    3,
    17,
    16,
    2,
    14,
    6,
    9,
    1,
    2,
    10,
    11,
    17,
    16,
    2,
    5,
    4,
    10,
    4,
    3,
    2,
    16,
    13,
    6,
    15,
    16,
    16,
    8,
    2,
    8,
    15,
    13,
    14,
    5,
    17,
    17,
    5,
    15,
    5,
    16,
    14,
    17,
    8,
    15,
    5,
    14,
    18,
    3,
    17,
    4,
    15,
    1,
    4,
    1,
    17,
    6,
    2,
    18,
    2,
    2,
    2,
    13,
    6,
    8,
    14,
    8,
    16,
    10,
    6,
    7,
    4,
    14,
    17,
    16,
    5,
    4,
    1,
    15,
    8,
    8,
    15,
    2,
    8,
    2,
    13,
    17,
    6,
    17,
    5,
    8,
    10,
    17,
    17
  ],
  "objectives": [
    395644.1599999994,
    1224.77
  ],
  "fitness": {
    "minutos_ponderados": 395644.1599999994,
    "costo_total": 1224.77
  }
}