{
  "solution": [
    9,
    4,
    8,
    17,
    16,
    4,
    5,
    17,
    6,
    8,
    16,
    16,
    17,
    9,
    16,
    17,
    11,
    14,
    4,
    2,
    6,
    8,
    7,
    11,
    3,
    6,
    15,
    3,
    5,
    14,
    16,
    16,
    9,
    2,
    17,
    7,
    17,
    13,
    3,
    16,
    17,
    9,
    17,
    10,
    11,
    6,
    16,
    6,
    15,
    8,
    17,
    6,
    8,
    17,
    16,
    10,
    17,
    15,
    5,
    18,
    16,
    16,
    2,
    6,
    5,
    2,
    15,
    2,
    17,
    15,
    16,
    18,
    8,
    2,
    17,
    17,
    1,
    9,
    6,
    6,
    2,
    14,
    7,
    16,
    10,
    18,
    16,
    16,
    9,
    9,
    16,
    3,
    6,
    5,
    6,
    14,
    10,
    8,
    8,
    8,
    16,
    2,
    17,
    6,
    16,
    15,
    3,
    5,
    16,
    9,
    16,
    17,
    1,
    4,
    16,
    14,
    17,
    6,
    10,
    10,
    5,
    18,
    6,
    10,
    7,
    2,
    12,
    17,
    3,
    18,
    11,
    6,
    17,
    16,
    16,
    17,
    17,
    17,
    17,
    3,
    17,
    2,
    17,
    8,
    9,
    8,
    7,
    2,
    17,
    4,
    8,
    4,
    5,
    17,
    2,
    8,
    6,
    10,
    7,
    9,
    6,
    16,
    16,
    1,
    15,
    16,
    16,
    6,
    16,
    2,
    3,
    9,
    8,
    8,
    6,
    17,
    16,
    6,
    3,
    17,
    9,
    15,
    14,
    8,
    2,
    16,
    18,
    2,
    2,
    4,
    18,
    17,
    4,
    17,
    8,
    2,
    2,
    2,
    4,
    16,
    4,
    17,
    15,
    15,
    2,
    17,
    6,
    4,
    15,
    1,
    4,
    17,
    4,
    14,
    9,
    9,
    4,
    11,
    5,
    17,
    5,
    16,
    17,
    5,
    4,
    17,
    5,
    7,
    17,
    17,
    16,
    8,
    18,
    17,
    17,
    2,
    9,
    11,
    9,
    7,
    16,
    5,
    17,
    15,
    8,
    15,
    9,
    18,
    13,
    16,
    14,
    2,
    8,
    4,
    2,
    17,
    7,
    5,
    6,
    6,
    10,
    5,
    15,
    17,
    11,
    17,
    8,
    17,
    6,
    6,
    2,
    5,
    5,
    17,
    2,
    3,
    15,
    11,
    8,
    17,
    10,
    1,
    17,
    2,
    17,
    17,
    16,
    15,
    4,
    15,
    3,
    6,
    16,
    8,
    6,
    15,
    16,
    16,
    16,
    18
  ],
  "objectives": [
    417494.3700000001,
    1306.5599999999997
  ],
  "fitness": {
    "minutos_ponderados": 417494.3700000001,
    "costo_total": 1306.5599999999997
  }
}