{
  "run_info": {
    "dataset": "users2.json",
    "config": "npoint_reset_low_crossover",
    "run": 3,
    "execution_time": 291.6789586544037,
    "generations": 50,
    "pareto_size": 19,
    "pareto_points": [
      [
        -695273.8099999999,
        2526.6600000000003
      ],
      [
        -724918.6500000005,
        2540.6099999999997
      ],
      [
        -748098.9900000012,
        2683.12
      ],
      [
        -746147.1100000001,
        2641.6399999999994
      ],
      [
        -687959.5599999998,
        2523.6400000000003
      ],
      [
        -756562.8600000015,
        2763.94
      ],
      [
        -739507.8500000015,
        2580.15
      ],
      [
        -743328.0600000011,
        2608.07
      ],
      [
        -737768.3700000001,
        2569.0599999999995
      ],
      [
        -698046.29,
        2530.12
      ],
      [
        -750351.2500000003,
        2684.5899999999997
      ],
      [
        -753385.6100000016,
        2756.52
      ],
      [
        -751804.7700000014,
        2714.1
      ],
      [
        -753810.3500000017,
        2758.9500000000003
      ],
      [
        -756815.0300000013,
        2774.97
      ],
      [
        -721959.8400000005,
        2536.6099999999997
      ],
      [
        -760281.2700000014,
        2799.9500000000003
      ],
      [
        -740603.7100000011,
        2607.0699999999997
      ],
      [
        -750998.8900000012,
        2713.1000000000004
      ]
    ]
  },
  "solutions_count": 19,
  "solutions_directory": "../results/NSGA2\\solutions\\users2\\npoint_reset_low_crossover\\run3"
}