{
  "solution": [
    9,
    9,
    5,
    2,
    4,
    16,
    5,
    5,
    16,
    17,
    8,
    6,
    9,
    16,
    6,
    13,
    2,
    6,
    4,
    5,
    13,
    17,
    2,
    13,
    7,
    9,
    8,
    5,
    16,
    8,
    8,
    9,
    10,
    16,
    9,
    9,
    14,
    9,
    15,
    17,
    8,
    9,
    5,
    15,
    14,
    2,
    6,
    2,
    17,
    5,
    11,
    5,
    8,
    3,
    9,
    1,
    9,
    8,
    17,
    15,
    8,
    6,
    14,
    1,
    15,
    14,
    17,
    9,
    5,
    1,
    16,
    15,
    16,
    10,
    11,
    8,
    15,
    2,
    6,
    2,
    16,
    2,
    15,
    5,
    3,
    2,
    11,
    5,
    4,
    17,
    15,
    6,
    17,
    6,
    17,
    15,
    13,
    16,
    4,
    15,
    15,
    8,
    15,
    6,
    7,
    8,
    5,
    2,
    6,
    2,
    8,
    6,
    17,
    9,
    17,
    16,
    4,
    10,
    8,
    5,
    2,
    15,
    6,
    8,
    2,
    8,
    4,
    15,
    14,
    15,
    13,
    13,
    8,
    4,
    8,
    6,
    17,
    17,
    18,
    16,
    8,
    17,
    6,
    5,
    5,
    5,
    9,
    6,
    16,
    9,
    2,
    2,
    18,
    11,
    1,
    17,
    7,
    18,
    14,
    17,
    4,
    8,
    15,
    9,
    4,
    15,
    13,
    8,
    18,
    15,
    2,
    17,
    16,
    2,
    2,
    15,
    8,
    9,
    3,
    8,
    8,
    15,
    1,
    4,
    17,
    17,
    15,
    8,
    15,
    2,
    6,
    17,
    16,
    16,
    8,
    12,
    15,
    2,
    9,
    17,
    17,
    9,
    17,
    10,
    5,
    13,
    8,
    9,
    5,
    6,
    13,
    17,
    15,
    9,
    8,
    17,
    15,
    5,
    17,
    5,
    8,
    10,
    11,
    16,
    17,
    15,
    1,
    8,
    17,
    8,
    2,
    5,
    8,
    15,
    5,
    1,
    2,
    1,
    5,
    11,
    17,
    17,
    16,
    4,
    1,
    4,
    8,
    18,
    1,
    16,
    18,
    6,
    5,
    17,
    6,
    17,
    4,
    7,
    17,
    8,
    10,
    11,
    8,
    4,
    17,
    6,
    5,
    16,
    3,
    16,
    4,
    18,
    9,
    4,
    4,
    4,
    17,
    2,
    16,
    8,
    2,
    18,
    15,
    17,
    2,
    3,
    4,
    18,
    18,
    6,
    16,
    16,
    4,
    16,
    4,
    17,
    17,
    17,
    18,
    5
  ],
  "objectives": [
    377089.55999999976,
    1173.72
  ],
  "fitness": {
    "minutos_ponderados": 377089.55999999976,
    "costo_total": 1173.72
  }
}