{
  "solution": [
    2,
    17,
    1,
    6,
    8,
    5,
    1,
    17,
    16,
    9,
    11,
    17,
    5,
    4,
    15,
    6,
    17,
    8,
    2,
    8,
    4,
    17,
    16,
    2,
    16,
    16,
    16,
    2,
    4,
    17,
    5,
    6,
    2,
    16,
    9,
    17,
    4,
    16,
    6,
    2,
    10,
    10,
    2,
    15,
    7,
    3,
    5,
    15,
    15,
    2,
    17,
    8,
    14,
    6,
    13,
    8,
    6,
    17,
    5,
    15,
    16,
    16,
    4,
    2,
    7,
    16,
    17,
    16,
    16,
    17,
    5,
    15,
    6,
    3,
    11,
    17,
    1,
    16,
    15,
    10,
    2,
    7,
    18,
    6,
    16,
    5,
    18,
    16,
    14,
    5,
    17,
    15,
    6,
    11,
    16,
    2,
    2,
    2,
    5,
    8,
    2,
    4,
    17,
    18,
    5,
    9,
    8,
    2,
    1,
    5,
    4,
    2,
    17,
    3,
    16,
    4,
    1,
    17,
    17,
    4,
    9,
    8,
    10,
    10,
    17,
    10,
    2,
    14,
    11,
    15,
    13,
    16,
    14,
    5,
    1,
    3,
    9,
    1,
    7,
    9,
    17,
    14,
    5,
    3,
    2,
    8,
    16,
    5,
    11,
    17,
    14,
    7,
    6,
    2,
    3,
    16,
    2,
    2,
    7,
    17,
    8,
    9,
    9,
    6,
    8,
    9,
    7,
    10,
    17,
    17,
    2,
    6,
    17,
    16,
    9,
    2,
    2,
    3,
    5,
    10,
    17,
    5,
    8,
    17,
    1,
    2,
    13,
    2,
    5,
    6,
    4,
    2,
    9,
    17,
    8,
    6,
    4,
    17,
    2,
    6,
    2,
    2,
    17,
    17,
    17,
    4,
    5,
    6,
    18,
    5,
    5,
    17,
    6,
    11,
    17,
    9,
    8,
    5,
    6,
    5,
    8,
    10,
    6,
    5,
    5,
    2,
    18,
    5,
    10,
    6,
    16,
    2,
    9,
    5,
    9,
    6,
    12,
    18,
    8,
    17,
    8,
    7,
    17,
    8,
    17,
    17,
    5,
    17,
    2,
    18,
    8,
    5,
    14,
    5,
    17,
    1,
    5,
    17,
    2,
    17,
    12,
    3,
    8,
    8,
    6,
    17,
    1,
    2,
    4,
    5,
    16,
    8,
    16,
    17,
    17,
    7,
    2,
    16,
    17,
    8,
    13,
    8,
    17,
    17,
    1,
    5,
    9,
    15,
    16,
    8,
    9,
    2,
    1,
    16,
    4,
    8,
    17,
    5,
    1,
    5
  ],
  "objectives": [
    415698.38000000006,
    1225.1699999999998
  ],
  "fitness": {
    "minutos_ponderados": 415698.38000000006,
    "costo_total": 1225.1699999999998
  }
}