{
  "solution": [
    17,
    1,
    17,
    17,
    11,
    17,
    17,
    17,
    17,
    17,
    17,
    8,
    17,
    17,
    17,
    8,
    17,
    8,
    17,
    17,
    17,
    6,
    17,
    16,
    17,
    17,
    2,
    5,
    17,
    17,
    17,
    17,
    4,
    17,
    17,
    7,
    6,
    6,
    6,
    17,
    16,
    8,
    17,
    17,
    17,
    16,
    8,
    2,
    14,
    5,
    17,
    12,
    17,
    17,
    5,
    4,
    8,
    17,
    8,
    17,
    8,
    5,
    17,
    7,
    17,
    17,
    17,
    17,
    17,
    17,
    4,
    17,
    17,
    2,
    8,
    17,
    17,
    5,
    17,
    17,
    8,
    2,
    2,
    2,
    17,
    17,
    6,
    17,
    17,
    17,
    17,
    17,
    17,
    17,
    17,
    17,
    8,
    8,
    17,
    17,
    17,
    8,
    17,
    16,
    17,
    17,
    16,
    17,
    8,
    8,
    2,
    17,
    17,
    6,
    17,
    5,
    17,
    17,
    10,
    6,
    17,
    17,
    17,
    8,
    17,
    16,
    8,
    16,
    8,
    17,
    17,
    17,
    17,
    17,
    8,
    17,
    6,
    17,
    17,
    13,
    17,
    8,
    17,
    17,
    15,
    2,
    17,
    17,
    17,
    17,
    2,
    17,
    16,
    17,
    16,
    17,
    17,
    2,
    7,
    17,
    5,
    17,
    17,
    8,
    17,
    17,
    16,
    5,
    16,
    17,
    5,
    17,
    17,
    17,
    11,
    8,
    14,
    17,
    17,
    10,
    2,
    8,
    2,
    17,
    17,
    17,
    17,
    17,
    2,
    18,
    17,
    17,
    8,
    17,
    17,
    8,
    17,
    11,
    17,
    17,
    17,
    14,
    17,
    17,
    17,
    17,
    17,
    6,
    17,
    17,
    17,
    5,
    8,
    2,
    17,
    17,
    5,
    17,
    17,
    10,
    17,
    16,
    14,
    17,
    4,
    17,
    17,
    17,
    17,
    17,
    5,
    5,
    16,
    17,
    5,
    8,
    5,
    8,
    17,
    8,
    17,
    8,
    8,
    17,
    5,
    17,
    17,
    5,
    5,
    17,
    8,
    17,
    17,
    8,
    17,
    17,
    5,
    17,
    7,
    1,
    17,
    4,
    17,
    17,
    17,
    17,
    1,
    17,
    18,
    6,
    8,
    17,
    1,
    17,
    5,
    17,
    14,
    17,
    4,
    17,
    2,
    17,
    17,
    9,
    17,
    2,
    17,
    5,
    17,
    2,
    17,
    17,
    8,
    17,
    17,
    9,
    9,
    2,
    17,
    5
  ],
  "objectives": [
    445281.49999999866,
    1027.5800000000002
  ],
  "fitness": {
    "minutos_ponderados": 445281.49999999866,
    "costo_total": 1027.5800000000002
  }
}