{
  "solution": [
    17,
    1,
    17,
    17,
    17,
    17,
    17,
    17,
    17,
    17,
    17,
    17,
    17,
    17,
    17,
    8,
    17,
    8,
    17,
    17,
    3,
    6,
    17,
    16,
    17,
    17,
    2,
    5,
    17,
    17,
    17,
    17,
    17,
    12,
    17,
    17,
    17,
    17,
    17,
    17,
    17,
    8,
    14,
    17,
    17,
    16,
    8,
    2,
    5,
    8,
    17,
    17,
    17,
    17,
    17,
    4,
    8,
    17,
    17,
    10,
    8,
    5,
    17,
    17,
    17,
    17,
    17,
    17,
    17,
    17,
    4,
    17,
    4,
    5,
    8,
    17,
    17,
    5,
    5,
    17,
    8,
    17,
    2,
    17,
    17,
    17,
    17,
    6,
    17,
    17,
    17,
    17,
    17,
    17,
    17,
    17,
    8,
    8,
    17,
    17,
    17,
    16,
    17,
    15,
    17,
    17,
    16,
    17,
    8,
    8,
    15,
    17,
    17,
    16,
    17,
    5,
    17,
    17,
    8,
    6,
    17,
    17,
    17,
    8,
    17,
    16,
    5,
    16,
    8,
    17,
    17,
    17,
    17,
    17,
    8,
    17,
    6,
    17,
    17,
    8,
    17,
    8,
    17,
    17,
    17,
    5,
    17,
    17,
    17,
    18,
    2,
    17,
    16,
    17,
    16,
    17,
    17,
    2,
    8,
    4,
    5,
    17,
    17,
    17,
    17,
    17,
    16,
    5,
    5,
    17,
    5,
    17,
    17,
    17,
    17,
    8,
    17,
    17,
    17,
    16,
    2,
    8,
    2,
    17,
    17,
    17,
    17,
    12,
    2,
    2,
    17,
    17,
    8,
    17,
    17,
    1,
    17,
    5,
    17,
    17,
    17,
    17,
    17,
    6,
    6,
    2,
    17,
    6,
    17,
    17,
    17,
    5,
    2,
    2,
    17,
    17,
    5,
    17,
    17,
    14,
    8,
    16,
    17,
    17,
    4,
    17,
    17,
    17,
    17,
    17,
    5,
    5,
    8,
    17,
    17,
    8,
    5,
    5,
    17,
    3,
    17,
    8,
    8,
    5,
    16,
    17,
    17,
    5,
    17,
    17,
    10,
    17,
    17,
    8,
    17,
    17,
    17,
    17,
    17,
    1,
    17,
    8,
    18,
    17,
    17,
    15,
    17,
    17,
    17,
    2,
    8,
    17,
    8,
    17,
    5,
    3,
    16,
    17,
    11,
    17,
    2,
    9,
    17,
    17,
    18,
    2,
    12,
    5,
    17,
    14,
    18,
    8,
    8,
    17,
    17,
    17,
    6,
    2,
    17,
    5
  ],
  "objectives": [
    445547.77999999904,
    1037.0500000000002
  ],
  "fitness": {
    "minutos_ponderados": 445547.77999999904,
    "costo_total": 1037.0500000000002
  }
}