{
  "run_info": {
    "dataset": "users2.json",
    "config": "uniform_reset_low_mutation",
    "run": 5,
    "execution_time": 230.7172086238861,
    "generations": 77,
    "pareto_size": 18,
    "pareto_points": [
      [
        -786435.6500000007,
        2498.7400000000007
      ],
      [
        -773234.9000000006,
        2453.24
      ],
      [
        -756237.8099999999,
        2430.2
      ],
      [
        -781763.1000000007,
        2482.7400000000002
      ],
      [
        -772392.0800000007,
        2446.2400000000002
      ],
      [
        -748860.8500000004,
        2392.69
      ],
      [
        -776679.7300000003,
        2467.2200000000003
      ],
      [
        -774808.0700000009,
        2455.7400000000002
      ],
      [
        -789975.4600000009,
        2532.2200000000007
      ],
      [
        -767214.4900000006,
        2430.21
      ],
      [
        -793382.9700000011,
        2604.1600000000003
      ],
      [
        -792536.370000001,
        2558.2
      ],
      [
        -788075.1400000007,
        2514.2200000000007
      ],
      [
        -790636.0500000009,
        2536.2000000000003
      ],
      [
        -779962.5500000013,
        2475.2400000000002
      ],
      [
        -754985.0,
        2408.72
      ],
      [
        -788335.9700000009,
        2526.7300000000005
      ],
      [
        -777096.1100000013,
        2471.2200000000003
      ]
    ]
  },
  "solutions_count": 18,
  "solutions_directory": "../results/SPEA2\\solutions\\users2\\uniform_reset_low_mutation\\run5"
}