{
  "run_info": {
    "dataset": "users3.json",
    "config": "npoint_inversion_high_all",
    "run": 2,
    "execution_time": 930.8649618625641,
    "generations": 81,
    "pareto_size": 43,
    "pareto_points": [
      [
        -1096153.810000001,
        3459.98
      ],
      [
        -1115566.969999998,
        3497.47
      ],
      [
        -1076864.4000000006,
        3420.9800000000005
      ],
      [
        -1171154.229999999,
        3653.45
      ],
      [
        -1113015.0099999977,
        3496.4200000000005
      ],
      [
        -1122540.4399999992,
        3526.3800000000006
      ],
      [
        -1189682.7099999972,
        3704.94
      ],
      [
        -1185774.069999995,
        3700.4400000000005
      ],
      [
        -1190652.889999997,
        3725.93
      ],
      [
        -1080012.72,
        3435.95
      ],
      [
        -1207693.7999999977,
        3864.8
      ],
      [
        -1149605.6499999983,
        3622.95
      ],
      [
        -1209279.6199999976,
        3903.7599999999998
      ],
      [
        -1176945.2899999993,
        3663.4300000000003
      ],
      [
        -1122316.1699999976,
        3514.46
      ],
      [
        -1084345.7,
        3446.9300000000003
      ],
      [
        -1131036.269999998,
        3531.9100000000003
      ],
      [
        -1167642.189999999,
        3640.5600000000004
      ],
      [
        -1184851.9999999963,
        3686.4299999999994
      ],
      [
        -1147777.4899999993,
        3602.84
      ],
      [
        -1166718.8999999987,
        3629.4500000000007
      ],
      [
        -1209051.6699999976,
        3886.7999999999997
      ],
      [
        -1215336.7299999974,
        3954.6800000000003
      ],
      [
        -1195674.1499999985,
        3728.3599999999997
      ],
      [
        -1212395.6199999978,
        3939.2000000000007
      ],
      [
        -1133752.3399999968,
        3552.9100000000003
      ],
      [
        -1118962.639999998,
        3500.9699999999993
      ],
      [
        -1223797.8199999975,
        3972.17
      ],
      [
        -1149800.3399999992,
        3623.37
      ],
      [
        -1189825.1699999955,
        3716.9499999999994
      ],
      [
        -1214485.6099999978,
        3954.17
      ],
      [
        -1175666.9599999995,
        3659.4100000000003
      ],
      [
        -1196842.6999999967,
        3862.7900000000004
      ],
      [
        -1146380.6199999976,
        3577.9399999999996
      ],
      [
        -1186916.2199999953,
        3700.9100000000008
      ],
      [
        -1149108.2499999995,
        3622.8100000000004
      ],
      [
        -1211064.8599999975,
        3934.210000000001
      ],
      [
        -1099304.6700000009,
        3462.98
      ],
      [
        -1112500.0899999982,
        3467.45
      ],
      [
        -1145456.8499999992,
        3559.8800000000006
      ],
      [
        -1189918.5999999973,
        3721.96
      ],
      [
        -1129647.839999998,
        3530.9000000000005
      ],
      [
        -1147598.069999999,
        3589.8700000000003
      ]
    ]
  },
  "solutions_count": 43,
  "solutions_directory": "../results/NSGA2\\solutions\\users3\\npoint_inversion_high_all\\run2"
}