{
  "solution": [
    16,
    1,
    17,
    17,
    17,
    17,
    17,
    17,
    17,
    17,
    17,
    17,
    17,
    17,
    17,
    5,
    17,
    8,
    17,
    6,
    17,
    6,
    17,
    16,
    17,
    17,
    2,
    5,
    16,
    17,
    17,
    17,
    17,
    17,
    17,
    17,
    17,
    17,
    17,
    17,
    17,
    8,
    17,
    17,
    17,
    18,
    10,
    2,
    5,
    8,
    17,
    17,
    17,
    17,
    17,
    4,
    8,
    17,
    17,
    17,
    8,
    5,
    17,
    17,
    17,
    17,
    17,
    17,
    17,
    17,
    4,
    17,
    17,
    5,
    8,
    17,
    17,
    10,
    17,
    17,
    8,
    17,
    2,
    17,
    17,
    17,
    5,
    6,
    4,
    17,
    17,
    17,
    17,
    17,
    17,
    17,
    8,
    8,
    17,
    17,
    17,
    9,
    17,
    16,
    2,
    17,
    16,
    17,
    8,
    8,
    15,
    17,
    17,
    16,
    17,
    5,
    17,
    17,
    8,
    6,
    17,
    17,
    17,
    8,
    17,
    16,
    8,
    14,
    8,
    17,
    17,
    17,
    17,
    17,
    8,
    17,
    6,
    17,
    17,
    8,
    17,
    8,
    18,
    17,
    15,
    5,
    17,
    17,
    17,
    17,
    6,
    17,
    16,
    17,
    16,
    17,
    17,
    2,
    8,
    13,
    5,
    12,
    17,
    17,
    6,
    17,
    16,
    5,
    5,
    6,
    5,
    17,
    17,
    17,
    17,
    8,
    17,
    17,
    17,
    16,
    2,
    8,
    16,
    17,
    17,
    17,
    17,
    17,
    2,
    2,
    17,
    17,
    8,
    17,
    17,
    8,
    17,
    11,
    17,
    17,
    6,
    17,
    17,
    17,
    17,
    10,
    17,
    6,
    17,
    17,
    17,
    5,
    8,
    2,
    17,
    17,
    5,
    17,
    9,
    8,
    17,
    16,
    4,
    2,
    6,
    17,
    17,
    17,
    17,
    17,
    5,
    5,
    17,
    17,
    17,
    8,
    5,
    8,
    17,
    8,
    6,
    12,
    8,
    15,
    16,
    17,
    16,
    5,
    17,
    17,
    8,
    17,
    17,
    9,
    11,
    17,
    5,
    17,
    3,
    1,
    17,
    4,
    17,
    17,
    17,
    17,
    17,
    17,
    17,
    6,
    8,
    17,
    8,
    17,
    5,
    9,
    17,
    17,
    4,
    17,
    2,
    17,
    17,
    17,
    17,
    15,
    17,
    5,
    17,
    2,
    17,
    17,
    8,
    17,
    17,
    17,
    8,
    2,
    17,
    5
  ],
  "objectives": [
    447460.6399999986,
    1041.99
  ],
  "fitness": {
    "minutos_ponderados": 447460.6399999986,
    "costo_total": 1041.99
  }
}