{
  "solution": [
    17,
    1,
    17,
    17,
    17,
    17,
    9,
    17,
    17,
    17,
    17,
    7,
    17,
    17,
    17,
    8,
    17,
    8,
    17,
    10,
    17,
    6,
    17,
    16,
    17,
    17,
    2,
    5,
    17,
    17,
    17,
    17,
    17,
    17,
    8,
    17,
    17,
    17,
    17,
    17,
    17,
    9,
    17,
    17,
    17,
    16,
    7,
    2,
    5,
    8,
    17,
    17,
    17,
    17,
    17,
    4,
    8,
    17,
    17,
    17,
    8,
    6,
    17,
    17,
    17,
    17,
    17,
    17,
    17,
    17,
    4,
    17,
    17,
    5,
    8,
    17,
    17,
    5,
    17,
    17,
    16,
    17,
    2,
    15,
    11,
    17,
    7,
    6,
    17,
    3,
    17,
    17,
    3,
    17,
    17,
    17,
    8,
    8,
    17,
    17,
    17,
    8,
    17,
    16,
    17,
    17,
    16,
    17,
    8,
    8,
    15,
    17,
    17,
    16,
    17,
    5,
    17,
    17,
    8,
    6,
    17,
    17,
    17,
    8,
    17,
    16,
    10,
    16,
    8,
    17,
    17,
    17,
    17,
    17,
    8,
    17,
    6,
    17,
    17,
    8,
    17,
    8,
    4,
    17,
    17,
    5,
    17,
    17,
    7,
    17,
    2,
    10,
    16,
    17,
    16,
    17,
    17,
    2,
    8,
    17,
    5,
    17,
    17,
    17,
    17,
    17,
    16,
    5,
    5,
    4,
    5,
    9,
    7,
    17,
    17,
    1,
    17,
    17,
    17,
    16,
    2,
    6,
    2,
    17,
    17,
    17,
    17,
    17,
    2,
    2,
    17,
    17,
    2,
    17,
    17,
    8,
    17,
    11,
    17,
    17,
    17,
    17,
    17,
    3,
    17,
    2,
    16,
    6,
    17,
    17,
    17,
    14,
    8,
    2,
    17,
    17,
    5,
    17,
    17,
    8,
    17,
    16,
    17,
    17,
    4,
    17,
    17,
    17,
    17,
    17,
    5,
    5,
    17,
    17,
    2,
    12,
    5,
    8,
    17,
    8,
    1,
    8,
    4,
    17,
    16,
    17,
    17,
    5,
    17,
    17,
    8,
    17,
    17,
    8,
    17,
    17,
    5,
    17,
    17,
    1,
    17,
    4,
    5,
    17,
    17,
    17,
    4,
    17,
    17,
    6,
    8,
    17,
    8,
    17,
    5,
    14,
    17,
    17,
    4,
    17,
    7,
    17,
    17,
    17,
    17,
    2,
    17,
    5,
    17,
    2,
    17,
    17,
    8,
    18,
    17,
    17,
    8,
    2,
    14,
    6
  ],
  "objectives": [
    451745.7399999988,
    1075.45
  ],
  "fitness": {
    "minutos_ponderados": 451745.7399999988,
    "costo_total": 1075.45
  }
}