{
  "solution": [
    17,
    1,
    17,
    17,
    17,
    17,
    17,
    17,
    17,
    17,
    17,
    17,
    17,
    17,
    17,
    8,
    3,
    8,
    17,
    17,
    17,
    11,
    17,
    16,
    17,
    8,
    2,
    5,
    17,
    17,
    16,
    17,
    17,
    17,
    17,
    17,
    17,
    9,
    5,
    17,
    17,
    8,
    17,
    17,
    17,
    17,
    8,
    2,
    5,
    8,
    8,
    5,
    17,
    5,
    17,
    7,
    8,
    17,
    17,
    2,
    8,
    5,
    17,
    17,
    17,
    17,
    17,
    17,
    17,
    17,
    4,
    17,
    17,
    5,
    8,
    17,
    17,
    9,
    17,
    17,
    8,
    17,
    2,
    17,
    17,
    17,
    16,
    6,
    17,
    17,
    17,
    17,
    4,
    5,
    9,
    17,
    16,
    8,
    17,
    17,
    1,
    8,
    17,
    16,
    2,
    17,
    16,
    17,
    11,
    8,
    15,
    17,
    17,
    18,
    17,
    5,
    11,
    17,
    8,
    6,
    17,
    17,
    17,
    8,
    17,
    16,
    8,
    16,
    8,
    16,
    17,
    17,
    17,
    17,
    8,
    17,
    6,
    17,
    17,
    8,
    17,
    8,
    17,
    17,
    17,
    5,
    17,
    17,
    17,
    17,
    2,
    17,
    16,
    17,
    16,
    17,
    17,
    2,
    8,
    17,
    5,
    17,
    17,
    17,
    17,
    17,
    16,
    5,
    5,
    17,
    16,
    17,
    17,
    17,
    17,
    8,
    17,
    17,
    17,
    16,
    2,
    8,
    2,
    6,
    17,
    17,
    17,
    17,
    2,
    2,
    17,
    17,
    8,
    17,
    17,
    8,
    17,
    11,
    17,
    17,
    1,
    17,
    13,
    17,
    16,
    17,
    17,
    6,
    17,
    10,
    5,
    5,
    8,
    2,
    17,
    17,
    5,
    17,
    17,
    8,
    17,
    16,
    17,
    16,
    4,
    9,
    17,
    17,
    12,
    17,
    5,
    5,
    17,
    17,
    17,
    8,
    5,
    8,
    17,
    8,
    17,
    8,
    8,
    17,
    16,
    2,
    17,
    5,
    17,
    2,
    8,
    17,
    17,
    8,
    17,
    17,
    5,
    17,
    17,
    1,
    16,
    6,
    17,
    17,
    17,
    5,
    17,
    17,
    17,
    6,
    8,
    17,
    8,
    17,
    5,
    17,
    17,
    17,
    4,
    17,
    2,
    17,
    17,
    17,
    17,
    2,
    17,
    5,
    17,
    2,
    17,
    17,
    2,
    17,
    17,
    17,
    8,
    2,
    17,
    5
  ],
  "objectives": [
    439066.28999999916,
    962.1000000000004
  ],
  "fitness": {
    "minutos_ponderados": 439066.28999999916,
    "costo_total": 962.1000000000004
  }
}