{
  "solution": [
    17,
    16,
    17,
    17,
    17,
    17,
    17,
    17,
    16,
    5,
    17,
    17,
    17,
    17,
    17,
    8,
    17,
    8,
    17,
    17,
    17,
    6,
    17,
    16,
    17,
    17,
    2,
    5,
    17,
    17,
    17,
    17,
    17,
    17,
    17,
    17,
    17,
    17,
    17,
    17,
    16,
    8,
    17,
    17,
    17,
    16,
    8,
    2,
    15,
    8,
    17,
    17,
    17,
    2,
    17,
    4,
    8,
    17,
    17,
    17,
    8,
    5,
    17,
    17,
    17,
    17,
    8,
    17,
    17,
    17,
    4,
    17,
    17,
    5,
    17,
    17,
    17,
    5,
    17,
    17,
    8,
    17,
    2,
    17,
    17,
    17,
    3,
    6,
    17,
    4,
    17,
    10,
    17,
    17,
    17,
    17,
    15,
    8,
    17,
    17,
    17,
    8,
    17,
    16,
    17,
    17,
    16,
    17,
    8,
    8,
    15,
    17,
    17,
    16,
    17,
    5,
    17,
    17,
    15,
    6,
    17,
    17,
    17,
    8,
    17,
    16,
    8,
    16,
    5,
    17,
    17,
    17,
    17,
    4,
    8,
    17,
    6,
    17,
    17,
    8,
    17,
    8,
    17,
    17,
    4,
    5,
    15,
    17,
    17,
    17,
    2,
    17,
    16,
    17,
    16,
    17,
    17,
    2,
    7,
    17,
    5,
    17,
    17,
    17,
    3,
    17,
    16,
    10,
    5,
    17,
    5,
    17,
    17,
    17,
    17,
    8,
    17,
    17,
    11,
    16,
    2,
    8,
    2,
    17,
    17,
    4,
    17,
    17,
    2,
    2,
    17,
    17,
    8,
    17,
    17,
    8,
    17,
    11,
    17,
    17,
    17,
    17,
    17,
    17,
    17,
    17,
    9,
    6,
    17,
    17,
    17,
    5,
    8,
    2,
    17,
    17,
    18,
    18,
    15,
    8,
    17,
    16,
    17,
    17,
    7,
    17,
    17,
    17,
    17,
    17,
    5,
    5,
    17,
    17,
    17,
    8,
    5,
    8,
    17,
    8,
    17,
    8,
    8,
    17,
    16,
    17,
    17,
    5,
    17,
    17,
    8,
    17,
    17,
    8,
    17,
    17,
    5,
    17,
    17,
    1,
    17,
    10,
    10,
    17,
    17,
    17,
    17,
    17,
    17,
    6,
    8,
    17,
    8,
    17,
    5,
    17,
    8,
    18,
    4,
    17,
    2,
    17,
    17,
    5,
    17,
    17,
    17,
    5,
    17,
    2,
    17,
    17,
    8,
    17,
    2,
    17,
    8,
    2,
    17,
    2
  ],
  "objectives": [
    442037.66999999917,
    965.5300000000001
  ],
  "fitness": {
    "minutos_ponderados": 442037.66999999917,
    "costo_total": 965.5300000000001
  }
}