{
  "run_info": {
    "dataset": "users4.json",
    "config": "uniform_inversion_high_mutation",
    "run": 6,
    "execution_time": 3881.2719447612762,
    "generations": 238,
    "pareto_size": 29,
    "pareto_points": [
      [
        -2050557.580000002,
        4683.410000000001
      ],
      [
        -2069307.9600000025,
        4808.8
      ],
      [
        -2070796.3800000022,
        4809.35
      ],
      [
        -2056510.5700000015,
        4715.880000000001
      ],
      [
        -2025496.1900000013,
        4600.450000000001
      ],
      [
        -2039359.6200000015,
        4647.89
      ],
      [
        -2058013.5600000017,
        4722.430000000001
      ],
      [
        -2066372.1900000018,
        4774.92
      ],
      [
        -2075963.1500000022,
        4840.31
      ],
      [
        -2059469.4300000023,
        4724.9400000000005
      ],
      [
        -2065412.9000000032,
        4750.4000000000015
      ],
      [
        -2069142.9900000028,
        4794.380000000001
      ],
      [
        -2063480.2100000028,
        4740.910000000001
      ],
      [
        -2063899.3900000027,
        4746.910000000001
      ],
      [
        -2074846.0100000014,
        4836.290000000001
      ],
      [
        -2068807.570000003,
        4793.85
      ],
      [
        -2046238.6500000022,
        4677.96
      ],
      [
        -2079933.0900000026,
        4928.22
      ],
      [
        -2033743.5100000012,
        4629.96
      ],
      [
        -2067290.9300000027,
        4776.870000000001
      ],
      [
        -2072313.020000002,
        4817.35
      ],
      [
        -2051500.4200000018,
        4695.49
      ],
      [
        -2082038.3200000008,
        4969.21
      ],
      [
        -2076403.1600000015,
        4886.750000000001
      ],
      [
        -2063400.1500000032,
        4733.92
      ],
      [
        -2044796.180000002,
        4657.410000000001
      ],
      [
        -2067862.5700000026,
        4786.890000000001
      ],
      [
        -2065414.350000003,
        4773.940000000001
      ],
      [
        -2057114.3300000012,
        4722.38
      ]
    ]
  },
  "solutions_count": 29,
  "solutions_directory": "C:\\Users\\hctr0\\PycharmProjects\\TFG_Hector\\31Executions\\NSGA2\\solutions\\users4\\uniform_inversion_high_mutation\\run6"
}