{
  "solution": [
    8,
    5,
    2,
    17,
    2,
    4,
    5,
    2,
    17,
    17,
    17,
    17,
    17,
    17,
    8,
    17,
    17,
    17,
    14,
    5,
    17,
    4,
    17,
    17,
    2,
    17,
    17,
    17,
    17,
    17,
    17,
    17,
    4,
    17,
    3,
    2,
    16,
    10,
    2,
    17,
    17,
    12,
    4,
    17,
    8,
    8,
    8,
    5,
    17,
    17,
    17,
    7,
    8,
    17,
    2,
    17,
    17,
    17,
    17,
    17,
    17,
    17,
    17,
    17,
    17,
    17,
    17,
    17,
    17,
    2,
    17,
    17,
    17,
    17,
    8,
    17,
    6,
    17,
    17,
    17,
    17,
    4,
    8,
    17,
    6,
    16,
    16,
    17,
    17,
    17,
    5,
    17,
    17,
    8,
    17,
    17,
    15,
    17,
    17,
    8,
    16,
    5,
    4,
    17,
    6,
    8,
    5,
    4,
    16,
    5,
    17,
    8,
    17,
    17,
    17,
    2,
    16,
    2,
    17,
    17,
    9,
    17,
    17,
    8,
    17,
    3,
    8,
    5,
    17,
    5,
    17,
    17,
    10,
    17,
    8,
    17,
    17,
    17,
    17,
    17,
    5,
    6,
    6,
    17,
    10,
    8,
    17,
    15,
    17,
    17,
    4,
    17,
    3,
    16,
    17,
    17,
    17,
    9,
    2,
    8,
    17,
    8,
    12,
    2,
    17,
    17,
    17,
    4,
    8,
    16,
    5,
    9,
    17,
    17,
    8,
    17,
    17,
    17,
    12,
    17,
    17,
    8,
    17,
    8,
    17,
    8,
    17,
    17,
    2,
    3,
    17,
    13,
    7,
    17,
    5,
    2,
    17,
    8,
    17,
    14,
    5,
    8,
    17,
    5,
    17,
    17,
    17,
    17,
    5,
    17,
    8,
    6,
    17,
    17,
    8,
    16,
    17,
    6,
    8,
    15,
    17,
    2,
    8,
    16,
    5,
    17,
    17,
    16,
    6,
    8,
    4,
    17,
    17,
    17,
    5,
    8,
    8,
    17,
    4,
    17,
    16,
    8,
    17,
    5,
    17,
    5,
    11,
    17,
    5,
    17,
    5,
    8,
    16,
    5,
    8,
    17,
    8,
    17,
    17,
    8,
    2,
    17,
    17,
    17,
    8,
    17,
    16,
    17,
    8,
    4,
    17,
    8,
    17,
    16,
    17,
    17,
    17,
    16,
    6,
    16,
    5,
    17,
    17,
    2,
    17,
    17,
    1,
    6,
    2,
    17,
    17,
    17,
    17,
    5,
    4,
    16,
    9,
    17,
    17,
    17
  ],
  "objectives": [
    454168.5799999994,
    1019.2100000000002
  ],
  "fitness": {
    "minutos_ponderados": 454168.5799999994,
    "costo_total": 1019.2100000000002
  }
}