{
  "solution": [
    8,
    4,
    17,
    17,
    2,
    15,
    5,
    2,
    10,
    17,
    17,
    17,
    17,
    10,
    8,
    8,
    14,
    17,
    16,
    4,
    17,
    4,
    17,
    17,
    16,
    17,
    17,
    17,
    17,
    17,
    14,
    5,
    8,
    17,
    17,
    2,
    16,
    17,
    2,
    17,
    17,
    8,
    4,
    5,
    8,
    6,
    8,
    5,
    17,
    17,
    17,
    17,
    6,
    18,
    2,
    17,
    17,
    17,
    17,
    17,
    17,
    17,
    2,
    17,
    17,
    5,
    16,
    17,
    17,
    2,
    17,
    17,
    17,
    4,
    8,
    17,
    6,
    17,
    17,
    17,
    17,
    17,
    8,
    17,
    17,
    16,
    16,
    17,
    17,
    17,
    5,
    15,
    17,
    17,
    17,
    17,
    15,
    17,
    8,
    8,
    16,
    8,
    4,
    17,
    6,
    10,
    5,
    4,
    16,
    2,
    17,
    8,
    17,
    17,
    17,
    2,
    4,
    16,
    18,
    17,
    16,
    17,
    17,
    8,
    17,
    17,
    8,
    5,
    17,
    5,
    1,
    17,
    10,
    17,
    8,
    17,
    17,
    17,
    17,
    17,
    5,
    6,
    6,
    17,
    17,
    8,
    17,
    2,
    14,
    17,
    4,
    17,
    17,
    16,
    17,
    17,
    17,
    17,
    8,
    8,
    17,
    8,
    5,
    2,
    17,
    17,
    17,
    4,
    8,
    8,
    5,
    17,
    17,
    17,
    8,
    17,
    17,
    17,
    17,
    17,
    4,
    8,
    17,
    8,
    17,
    8,
    17,
    17,
    2,
    8,
    17,
    17,
    17,
    17,
    16,
    2,
    17,
    8,
    17,
    2,
    5,
    8,
    17,
    5,
    4,
    17,
    17,
    17,
    5,
    17,
    8,
    8,
    17,
    17,
    17,
    16,
    17,
    6,
    8,
    15,
    8,
    2,
    8,
    16,
    5,
    17,
    17,
    16,
    6,
    8,
    4,
    17,
    17,
    17,
    5,
    8,
    10,
    17,
    4,
    17,
    2,
    8,
    17,
    5,
    17,
    5,
    17,
    17,
    17,
    17,
    5,
    8,
    16,
    5,
    8,
    17,
    8,
    17,
    17,
    2,
    8,
    17,
    17,
    17,
    8,
    17,
    16,
    17,
    6,
    4,
    17,
    3,
    17,
    16,
    17,
    17,
    17,
    16,
    16,
    17,
    5,
    17,
    17,
    17,
    17,
    17,
    17,
    17,
    10,
    17,
    17,
    17,
    17,
    5,
    4,
    16,
    17,
    17,
    4,
    17
  ],
  "objectives": [
    450369.10999999935,
    987.1399999999999
  ],
  "fitness": {
    "minutos_ponderados": 450369.10999999935,
    "costo_total": 987.1399999999999
  }
}