{
  "run_info": {
    "dataset": "users5.json",
    "config": "high_heuristic_influence",
    "run": 17,
    "execution_time": 4253.0847380161285,
    "iterations_completed": 46,
    "max_iterations": 200,
    "terminated_early": true,
    "generations_without_improvement": 12,
    "pareto_size": 19,
    "pareto_points": [
      [
        3016664.1000000057,
        6987.980000000008
      ],
      [
        2981772.8200000115,
        6960.750000000009
      ],
      [
        2947555.280000022,
        6935.110000000008
      ],
      [
        3025314.030000015,
        6990.220000000008
      ],
      [
        3057271.070000015,
        7282.570000000011
      ],
      [
        3043808.690000018,
        7265.99000000001
      ],
      [
        3076748.3700000076,
        7416.980000000011
      ],
      [
        3096100.540000026,
        7461.510000000011
      ],
      [
        3087494.650000013,
        7424.380000000013
      ],
      [
        3131470.9700000035,
        7637.000000000013
      ],
      [
        3119321.410000018,
        7517.570000000012
      ],
      [
        3122968.5800000187,
        7628.430000000013
      ],
      [
        3142956.940000009,
        7658.510000000014
      ],
      [
        3200527.9300000235,
        7788.230000000014
      ],
      [
        3167002.040000027,
        7715.330000000014
      ],
      [
        3207131.640000027,
        7852.270000000014
      ],
      [
        3159043.5500000324,
        7710.9100000000135
      ],
      [
        3153559.8000000264,
        7676.760000000014
      ],
      [
        3187489.1400000346,
        7732.230000000014
      ]
    ],
    "solutions_evaluated": 920,
    "config_params": {
      "n_ants": 20,
      "rho": 0.4,
      "alpha": 0.5,
      "beta": 5.0,
      "archive_size": 100,
      "no_improvement_generations": 12
    }
  },
  "solutions_count": 19,
  "solutions_directory": "C:\\Users\\hctr0\\PycharmProjects\\TFG_Hector\\31Executions\\PACO\\solutions\\users5\\high_heuristic_influence\\run17",
  "objective_statistics": {
    "cost_range": {
      "min": 6935.110000000008,
      "max": 7852.270000000014
    },
    "minutes_range": {
      "min": 2947555.280000022,
      "max": 3207131.640000027
    }
  },
  "algorithm_info": {
    "archive_history_length": 46,
    "max_archive_size_reached": 23
  }
}