{
  "run_info": {
    "dataset": "users1.json",
    "config": "uniform_reset_high_crossover",
    "run": 5,
    "execution_time": 110.8131730556488,
    "generations": 33,
    "pareto_size": 14,
    "pareto_points": [
      [
        -418698.4299999996,
        1306.7999999999997
      ],
      [
        -474198.6000000005,
        1436.7799999999995
      ],
      [
        -467165.45000000036,
        1346.4
      ],
      [
        -474639.96,
        1449.3000000000002
      ],
      [
        -449710.10000000027,
        1310.3399999999997
      ],
      [
        -465788.3200000006,
        1339.3599999999997
      ],
      [
        -440787.54000000015,
        1307.3399999999997
      ],
      [
        -461096.9200000003,
        1310.3899999999999
      ],
      [
        -463451.2200000003,
        1330.38
      ],
      [
        -465840.7300000005,
        1346.35
      ],
      [
        -473527.3800000005,
        1413.3400000000001
      ],
      [
        -468482.2300000004,
        1357.4100000000003
      ],
      [
        -463855.7600000001,
        1337.36
      ],
      [
        -470816.02000000054,
        1391.3099999999995
      ]
    ]
  },
  "solutions_count": 14,
  "solutions_directory": "../results/NSGA2\\solutions\\users1\\uniform_reset_high_crossover\\run5"
}