{
  "run_info": {
    "dataset": "users5.json",
    "config": "uniform_inversion_high_mutation",
    "run": 5,
    "execution_time": 3175.5489847660065,
    "generations": 185,
    "pareto_size": 18,
    "pareto_points": [
      [
        -3177377.4300000058,
        7704.750000000002
      ],
      [
        -3204482.570000009,
        7740.720000000001
      ],
      [
        -3188028.4900000105,
        7723.720000000001
      ],
      [
        -3219210.6500000097,
        7808.18
      ],
      [
        -3207803.5200000117,
        7767.680000000003
      ],
      [
        -3220589.3900000053,
        7812.640000000001
      ],
      [
        -3218203.6800000076,
        7796.210000000001
      ],
      [
        -3212933.9000000106,
        7789.160000000002
      ],
      [
        -3190740.5700000073,
        7740.230000000001
      ],
      [
        -3185359.5300000063,
        7722.180000000001
      ],
      [
        -3205510.9300000104,
        7760.220000000001
      ],
      [
        -3210886.950000011,
        7787.1900000000005
      ],
      [
        -3215120.250000009,
        7792.18
      ],
      [
        -3220147.530000005,
        7811.130000000001
      ],
      [
        -3222735.0000000056,
        7819.690000000002
      ],
      [
        -3223712.860000006,
        7843.640000000001
      ],
      [
        -3210878.080000005,
        7780.150000000002
      ],
      [
        -3226313.660000006,
        7847.180000000001
      ]
    ]
  },
  "solutions_count": 18,
  "solutions_directory": "../results/SPEA2\\solutions\\users5\\uniform_inversion_high_mutation\\run5"
}