{
  "run_info": {
    "dataset": "users4.json",
    "config": "minimal_guidance",
    "run": 4,
    "execution_time": 3737.341160058975,
    "iterations_completed": 66,
    "max_iterations": 200,
    "terminated_early": true,
    "generations_without_improvement": 12,
    "pareto_size": 9,
    "pareto_points": [
      [
        1702775.6100000003,
        5204.640000000001
      ],
      [
        1706666.7599999928,
        5272.670000000001
      ],
      [
        1672034.4999999965,
        4766.620000000001
      ],
      [
        1701465.9199999983,
        4835.060000000001
      ],
      [
        1677598.9099999962,
        4817.46
      ],
      [
        1664598.9399999965,
        4736.4400000000005
      ],
      [
        1625148.7399999958,
        4688.100000000001
      ],
      [
        1644015.01,
        4724.88
      ],
      [
        1611344.969999997,
        4636.150000000001
      ]
    ],
    "solutions_evaluated": 1320,
    "config_params": {
      "n_ants": 20,
      "rho": 0.5,
      "alpha": 0.2,
      "beta": 1.0,
      "archive_size": 100,
      "no_improvement_generations": 12
    }
  },
  "solutions_count": 9,
  "solutions_directory": "../results/PACO\\solutions\\users4\\minimal_guidance\\run4",
  "objective_statistics": {
    "cost_range": {
      "min": 4636.150000000001,
      "max": 5272.670000000001
    },
    "minutes_range": {
      "min": 1611344.969999997,
      "max": 1706666.7599999928
    }
  },
  "algorithm_info": {
    "archive_history_length": 66,
    "max_archive_size_reached": 13
  }
}