{
  "solution": [
    17,
    2,
    4,
    16,
    4,
    2,
    17,
    3,
    2,
    17,
    17,
    8,
    5,
    17,
    8,
    10,
    6,
    17,
    16,
    2,
    17,
    8,
    17,
    17,
    8,
    8,
    10,
    17,
    9,
    1,
    1,
    2,
    17,
    2,
    13,
    17,
    16,
    17,
    17,
    17,
    15,
    7,
    8,
    17,
    16,
    9,
    17,
    17,
    17,
    17,
    16,
    2,
    5,
    17,
    6,
    13,
    17,
    17,
    17,
    8,
    9,
    1,
    17,
    15,
    16,
    16,
    5,
    17,
    17,
    17,
    15,
    8,
    13,
    5,
    2,
    8,
    2,
    2,
    15,
    2,
    14,
    5,
    17,
    11,
    16,
    17,
    17,
    17,
    9,
    8,
    16,
    2,
    17,
    4,
    17,
    8,
    2,
    8,
    2,
    17,
    6,
    17,
    17,
    15,
    17,
    2,
    2,
    2,
    8,
    4,
    17,
    2,
    9,
    8,
    11,
    1,
    17,
    17,
    6,
    17,
    5,
    8,
    10,
    17,
    5,
    17,
    5,
    17,
    6,
    17,
    5,
    13,
    8,
    8,
    8,
    8,
    16,
    17,
    17,
    17,
    17,
    8,
    17,
    12,
    5,
    8,
    10,
    15,
    16,
    4,
    17,
    7,
    18,
    15,
    17,
    16,
    4,
    3,
    10,
    2,
    17,
    9,
    17,
    17,
    17,
    9,
    8,
    17,
    5,
    6,
    2,
    6,
    14,
    5,
    8,
    17,
    17,
    17,
    8,
    18,
    17,
    7,
    17,
    17,
    3,
    1,
    16,
    4,
    1,
    17,
    6,
    17,
    17,
    17,
    3,
    17,
    2,
    8,
    9,
    8,
    4,
    9,
    9,
    17,
    8,
    2,
    16,
    16,
    17,
    17,
    17,
    5,
    10,
    17,
    17,
    5,
    18,
    4,
    4,
    4,
    15,
    2,
    17,
    17,
    16,
    16,
    17,
    8,
    17,
    5,
    4,
    17,
    5,
    8,
    8,
    16,
    8,
    17,
    16,
    5,
    4,
    17,
    5,
    8,
    17,
    8,
    8,
    17,
    6,
    15,
    17,
    2,
    4,
    10,
    2,
    17,
    2,
    17,
    8,
    17,
    7,
    17,
    3,
    17,
    8,
    12,
    2,
    4,
    5,
    9,
    16,
    17,
    8,
    16,
    15,
    17,
    7,
    13,
    17,
    8,
    17,
    17,
    15,
    15,
    7,
    6,
    2,
    17,
    5,
    17,
    13,
    17,
    5,
    5,
    9,
    17,
    8,
    8,
    15,
    8
  ],
  "objectives": [
    365347.5799999999,
    1161.34
  ],
  "fitness": {
    "minutos_ponderados": 365347.5799999999,
    "costo_total": 1161.34
  }
}