{
  "solution": [
    17,
    5,
    5,
    17,
    4,
    2,
    17,
    17,
    18,
    17,
    17,
    8,
    17,
    15,
    8,
    17,
    8,
    17,
    8,
    2,
    17,
    17,
    17,
    17,
    5,
    8,
    17,
    8,
    6,
    17,
    17,
    15,
    17,
    5,
    8,
    17,
    17,
    8,
    17,
    17,
    17,
    17,
    9,
    14,
    2,
    2,
    16,
    17,
    17,
    17,
    16,
    6,
    17,
    17,
    6,
    17,
    17,
    17,
    17,
    17,
    8,
    11,
    17,
    8,
    17,
    17,
    17,
    17,
    17,
    17,
    8,
    9,
    18,
    8,
    4,
    8,
    2,
    17,
    9,
    2,
    17,
    5,
    17,
    6,
    16,
    17,
    17,
    17,
    12,
    12,
    16,
    2,
    17,
    8,
    17,
    17,
    17,
    5,
    16,
    17,
    2,
    17,
    16,
    17,
    17,
    6,
    2,
    2,
    8,
    18,
    17,
    5,
    17,
    17,
    9,
    17,
    17,
    17,
    17,
    16,
    2,
    8,
    16,
    17,
    17,
    17,
    16,
    17,
    8,
    17,
    8,
    5,
    8,
    16,
    8,
    8,
    16,
    4,
    8,
    17,
    10,
    8,
    2,
    16,
    11,
    16,
    2,
    15,
    16,
    17,
    17,
    5,
    8,
    17,
    18,
    8,
    16,
    17,
    7,
    8,
    17,
    8,
    17,
    17,
    2,
    17,
    8,
    17,
    8,
    17,
    17,
    17,
    5,
    5,
    8,
    17,
    17,
    5,
    17,
    17,
    2,
    4,
    8,
    17,
    8,
    16,
    1,
    17,
    2,
    17,
    6,
    17,
    17,
    17,
    17,
    17,
    6,
    1,
    9,
    8,
    16,
    2,
    2,
    17,
    16,
    17,
    4,
    16,
    17,
    17,
    17,
    8,
    9,
    17,
    17,
    1,
    17,
    17,
    17,
    6,
    17,
    2,
    10,
    17,
    17,
    2,
    2,
    2,
    2,
    17,
    4,
    10,
    17,
    8,
    4,
    16,
    8,
    17,
    17,
    5,
    17,
    17,
    5,
    17,
    17,
    17,
    8,
    17,
    6,
    17,
    17,
    17,
    8,
    17,
    8,
    2,
    8,
    17,
    17,
    17,
    2,
    17,
    1,
    17,
    17,
    17,
    4,
    4,
    2,
    10,
    17,
    17,
    8,
    11,
    15,
    17,
    4,
    17,
    17,
    5,
    17,
    17,
    17,
    17,
    17,
    15,
    2,
    17,
    5,
    17,
    9,
    17,
    5,
    1,
    8,
    15,
    8,
    17,
    8,
    8
  ],
  "objectives": [
    344359.2299999999,
    1017.2000000000002
  ],
  "fitness": {
    "minutos_ponderados": 344359.2299999999,
    "costo_total": 1017.2000000000002
  }
}