{
  "solution": [
    17,
    8,
    5,
    17,
    4,
    2,
    4,
    17,
    5,
    16,
    17,
    1,
    10,
    16,
    8,
    5,
    8,
    17,
    8,
    2,
    17,
    17,
    17,
    17,
    5,
    8,
    17,
    8,
    17,
    17,
    17,
    2,
    17,
    16,
    8,
    17,
    17,
    12,
    15,
    7,
    17,
    17,
    8,
    17,
    2,
    12,
    11,
    17,
    17,
    17,
    16,
    7,
    10,
    17,
    6,
    17,
    17,
    17,
    17,
    17,
    5,
    17,
    17,
    8,
    17,
    17,
    17,
    17,
    7,
    17,
    8,
    8,
    7,
    17,
    1,
    8,
    2,
    17,
    17,
    2,
    17,
    5,
    17,
    17,
    16,
    16,
    17,
    17,
    4,
    16,
    17,
    2,
    17,
    11,
    3,
    17,
    10,
    5,
    16,
    17,
    6,
    17,
    16,
    5,
    17,
    2,
    2,
    4,
    8,
    8,
    17,
    15,
    17,
    17,
    17,
    17,
    17,
    17,
    17,
    16,
    2,
    17,
    16,
    17,
    16,
    17,
    16,
    17,
    8,
    17,
    8,
    5,
    4,
    16,
    8,
    8,
    16,
    6,
    8,
    17,
    17,
    8,
    2,
    2,
    17,
    10,
    2,
    15,
    16,
    8,
    17,
    15,
    8,
    17,
    17,
    8,
    16,
    17,
    8,
    8,
    17,
    8,
    17,
    17,
    17,
    17,
    8,
    17,
    8,
    17,
    10,
    11,
    5,
    5,
    8,
    17,
    17,
    5,
    11,
    17,
    11,
    4,
    8,
    17,
    8,
    2,
    16,
    17,
    4,
    17,
    8,
    9,
    17,
    17,
    17,
    17,
    6,
    6,
    9,
    8,
    16,
    2,
    2,
    17,
    12,
    17,
    4,
    10,
    17,
    17,
    17,
    8,
    9,
    17,
    12,
    16,
    6,
    17,
    17,
    6,
    17,
    17,
    7,
    17,
    17,
    2,
    17,
    8,
    2,
    17,
    4,
    17,
    17,
    8,
    4,
    16,
    8,
    17,
    17,
    5,
    16,
    17,
    5,
    17,
    17,
    17,
    8,
    17,
    6,
    17,
    17,
    17,
    8,
    17,
    5,
    2,
    8,
    6,
    17,
    6,
    2,
    13,
    8,
    11,
    17,
    17,
    4,
    4,
    2,
    2,
    17,
    14,
    8,
    5,
    15,
    17,
    4,
    17,
    16,
    5,
    17,
    17,
    17,
    17,
    17,
    15,
    2,
    15,
    7,
    18,
    17,
    17,
    5,
    1,
    8,
    17,
    8,
    17,
    13,
    8
  ],
  "objectives": [
    355103.16999999975,
    1076.7800000000002
  ],
  "fitness": {
    "minutos_ponderados": 355103.16999999975,
    "costo_total": 1076.7800000000002
  }
}