{
  "run_info": {
    "dataset": "users2.json",
    "config": "npoint_inversion_low_mutation",
    "run": 1,
    "execution_time": 284.5229551792145,
    "generations": 80,
    "pareto_size": 19,
    "pareto_points": [
      [
        -688722.1799999998,
        2450.2000000000003
      ],
      [
        -747249.8799999998,
        2495.57
      ],
      [
        -744042.8999999998,
        2473.61
      ],
      [
        -744947.2300000002,
        2486.07
      ],
      [
        -746327.68,
        2495.0800000000004
      ],
      [
        -706155.8,
        2453.65
      ],
      [
        -749961.1299999998,
        2506.57
      ],
      [
        -682477.3999999999,
        2446.19
      ],
      [
        -766919.5099999995,
        2707.9800000000005
      ],
      [
        -768727.7299999994,
        2734.0
      ],
      [
        -750674.0899999995,
        2533.05
      ],
      [
        -749458.5999999997,
        2499.57
      ],
      [
        -765603.3600000005,
        2698.01
      ],
      [
        -759988.8300000009,
        2651.59
      ],
      [
        -756188.6000000013,
        2604.0900000000006
      ],
      [
        -707944.6700000002,
        2453.6600000000003
      ],
      [
        -766334.9299999996,
        2703.9900000000002
      ],
      [
        -750545.7099999997,
        2512.55
      ],
      [
        -757484.7400000013,
        2613.0600000000004
      ]
    ]
  },
  "solutions_count": 19,
  "solutions_directory": "../results/SPEA2\\solutions\\users2\\npoint_inversion_low_mutation\\run1"
}