{
  "run_info": {
    "dataset": "users5.json",
    "config": "uniform_inversion_high_mutation",
    "run": 2,
    "execution_time": 6377.791513442993,
    "generations": 158,
    "pareto_size": 18,
    "pareto_points": [
      [
        -3336685.539999987,
        7907.130000000002
      ],
      [
        -3257809.859999984,
        7789.110000000001
      ],
      [
        -3339918.0499999872,
        7910.110000000001
      ],
      [
        -3306508.259999993,
        7865.530000000002
      ],
      [
        -3355639.379999986,
        7957.6500000000015
      ],
      [
        -3263238.1299999915,
        7821.66
      ],
      [
        -3300671.2699999874,
        7825.5700000000015
      ],
      [
        -3359942.6299999882,
        7978.070000000002
      ],
      [
        -3381774.249999986,
        8089.5700000000015
      ],
      [
        -3347715.1499999873,
        7917.6500000000015
      ],
      [
        -3365764.2199999928,
        7981.100000000002
      ],
      [
        -3354464.2499999935,
        7926.63
      ],
      [
        -3322937.23999999,
        7866.5700000000015
      ],
      [
        -3305030.7699999874,
        7830.620000000001
      ],
      [
        -3388389.429999988,
        8106.550000000002
      ],
      [
        -3332959.079999985,
        7890.630000000002
      ],
      [
        -3370971.1299999845,
        7982.200000000002
      ],
      [
        -3377293.899999988,
        8003.6
      ]
    ]
  },
  "solutions_count": 18,
  "solutions_directory": "../results/NSGA2\\solutions\\users5\\uniform_inversion_high_mutation\\run2"
}