{
  "run_info": {
    "dataset": "users2.json",
    "config": "uniform_reset_high_crossover",
    "run": 4,
    "execution_time": 573.5959777832031,
    "generations": 98,
    "pareto_size": 37,
    "pareto_points": [
      [
        -737256.0100000005,
        2461.7000000000003
      ],
      [
        -682208.91,
        2445.11
      ],
      [
        -756667.5200000001,
        2553.66
      ],
      [
        -734327.1000000002,
        2449.18
      ],
      [
        -754755.7800000006,
        2534.66
      ],
      [
        -765184.9400000002,
        2600.13
      ],
      [
        -743889.2600000008,
        2485.17
      ],
      [
        -735633.1400000002,
        2459.69
      ],
      [
        -753823.9700000006,
        2529.14
      ],
      [
        -759005.6000000006,
        2562.68
      ],
      [
        -748743.2800000007,
        2500.6800000000003
      ],
      [
        -739714.5000000006,
        2470.69
      ],
      [
        -740866.9500000007,
        2479.17
      ],
      [
        -767028.8100000002,
        2632.5899999999997
      ],
      [
        -771720.3400000007,
        2719.54
      ],
      [
        -771071.0900000005,
        2672.0700000000006
      ],
      [
        -769227.2200000006,
        2655.59
      ],
      [
        -771200.15,
        2683.57
      ],
      [
        -758137.2700000001,
        2557.67
      ],
      [
        -771849.4000000001,
        2750.04
      ],
      [
        -762387.0900000002,
        2586.67
      ],
      [
        -759751.9500000003,
        2564.67
      ],
      [
        -738408.4600000004,
        2466.18
      ],
      [
        -752297.2900000009,
        2515.16
      ],
      [
        -765585.5400000002,
        2610.0800000000004
      ],
      [
        -769892.6900000004,
        2665.07
      ],
      [
        -741403.8600000006,
        2483.67
      ],
      [
        -766056.6800000003,
        2616.6200000000003
      ],
      [
        -762269.0900000004,
        2586.65
      ],
      [
        -768048.8200000004,
        2648.59
      ],
      [
        -751365.4800000008,
        2507.6499999999996
      ],
      [
        -764433.0900000002,
        2592.13
      ],
      [
        -755502.1300000004,
        2539.65
      ],
      [
        -766276.9600000002,
        2618.5999999999995
      ],
      [
        -767429.4100000003,
        2636.55
      ],
      [
        -761797.9500000003,
        2570.12
      ],
      [
        -755030.9900000003,
        2537.12
      ]
    ]
  },
  "solutions_count": 37,
  "solutions_directory": "../results/SPEA2\\solutions\\users2\\uniform_reset_high_crossover\\run4"
}