{
  "run_info": {
    "dataset": "users3.json",
    "config": "npoint_inversion_low_mutation",
    "run": 3,
    "execution_time": 2036.0114300251007,
    "generations": 300,
    "pareto_size": 28,
    "pareto_points": [
      [
        -1220572.509999999,
        3692.9000000000005
      ],
      [
        -1205958.0899999996,
        3596.8900000000003
      ],
      [
        -1219799.7099999986,
        3684.4100000000003
      ],
      [
        -1177982.1699999988,
        3523.3999999999996
      ],
      [
        -1191202.5199999993,
        3566.4199999999996
      ],
      [
        -1230432.579999998,
        3832.81
      ],
      [
        -1187018.8799999997,
        3550.4300000000007
      ],
      [
        -1223295.2399999984,
        3700.9300000000003
      ],
      [
        -1226017.4299999988,
        3741.8700000000003
      ],
      [
        -1218906.1699999985,
        3675.41
      ],
      [
        -1190510.6099999992,
        3554.4500000000007
      ],
      [
        -1223648.9899999986,
        3707.9099999999994
      ],
      [
        -1215440.489999999,
        3671.4200000000005
      ],
      [
        -1209304.1499999997,
        3603.87
      ],
      [
        -1227913.069999998,
        3745.8999999999996
      ],
      [
        -1229672.299999998,
        3810.87
      ],
      [
        -1224563.6799999985,
        3733.8900000000003
      ],
      [
        -1233196.039999998,
        3848.8
      ],
      [
        -1228780.8899999985,
        3757.8600000000006
      ],
      [
        -1213211.0899999978,
        3668.9300000000003
      ],
      [
        -1219037.5099999988,
        3680.9
      ],
      [
        -1191295.9799999993,
        3570.91
      ],
      [
        -1204814.5699999996,
        3573.93
      ],
      [
        -1183826.7299999995,
        3541.4099999999994
      ],
      [
        -1210129.9899999974,
        3663.95
      ],
      [
        -1229164.1399999978,
        3799.86
      ],
      [
        -1230047.199999998,
        3825.84
      ],
      [
        -1180711.6999999986,
        3529.41
      ]
    ]
  },
  "solutions_count": 28,
  "solutions_directory": "../results/SPEA2\\solutions\\users3\\npoint_inversion_low_mutation\\run3"
}