{
  "run_info": {
    "dataset": "users2.json",
    "config": "uniform_inversion_high_mutation",
    "run": 27,
    "execution_time": 462.479861497879,
    "generations": 108,
    "pareto_size": 20,
    "pareto_points": [
      [
        -804804.7299999994,
        2220.41
      ],
      [
        -779409.9100000005,
        2157.45
      ],
      [
        -815822.8300000003,
        2220.92
      ],
      [
        -833651.9299999994,
        2224.5
      ],
      [
        -804721.6299999999,
        2191.42
      ],
      [
        -832619.4699999995,
        2222.49
      ],
      [
        -849814.8099999994,
        2326.43
      ],
      [
        -840202.4699999988,
        2247.97
      ],
      [
        -852637.1799999989,
        2330.51
      ],
      [
        -849754.0999999989,
        2319.4399999999996
      ],
      [
        -856685.1499999987,
        2377.9300000000003
      ],
      [
        -844542.1099999989,
        2271.46
      ],
      [
        -847273.169999999,
        2292.48
      ],
      [
        -858921.3199999996,
        2445.8599999999997
      ],
      [
        -848648.1599999989,
        2312.48
      ],
      [
        -842106.6699999989,
        2266.94
      ],
      [
        -857324.0999999993,
        2413.93
      ],
      [
        -855096.749999999,
        2357.95
      ],
      [
        -850277.4399999989,
        2326.52
      ],
      [
        -847010.7799999993,
        2279.99
      ]
    ]
  },
  "solutions_count": 20,
  "solutions_directory": "C:\\Users\\hctr0\\PycharmProjects\\TFG_Hector\\31Executions\\NSGA2\\solutions\\users2\\uniform_inversion_high_mutation\\run27"
}