{
  "solution": [
    7,
    17,
    8,
    17,
    15,
    8,
    9,
    9,
    17,
    4,
    17,
    9,
    17,
    4,
    17,
    17,
    8,
    8,
    6,
    2,
    2,
    8,
    17,
    11,
    16,
    10,
    8,
    15,
    17,
    10,
    2,
    1,
    15,
    15,
    4,
    16,
    5,
    17,
    17,
    2,
    16,
    2,
    4,
    11,
    5,
    17,
    4,
    7,
    2,
    2,
    18,
    17,
    4,
    15,
    6,
    16,
    12,
    2,
    15,
    5,
    4,
    8,
    17,
    17,
    4,
    2,
    16,
    1,
    16,
    17,
    3,
    16,
    14,
    2,
    2,
    16,
    1,
    5,
    2,
    11,
    17,
    17,
    4,
    14,
    13,
    12,
    18,
    16,
    14,
    17,
    3,
    11,
    6,
    8,
    6,
    17,
    5,
    4,
    17,
    10,
    10,
    17,
    6,
    5,
    7,
    4,
    17,
    6,
    12,
    15,
    6,
    17,
    17,
    11,
    16,
    17,
    6,
    9,
    10,
    4,
    4,
    17,
    10,
    17,
    17,
    17,
    2,
    8,
    5,
    2,
    1,
    17,
    8,
    5,
    8,
    17,
    17,
    9,
    15,
    15,
    17,
    17,
    4,
    2,
    17,
    17,
    16,
    17,
    16,
    17,
    4,
    12,
    17,
    16,
    2,
    6,
    17,
    11,
    2,
    6,
    4,
    15,
    2,
    5,
    3,
    4,
    2,
    8,
    4,
    7,
    7,
    17,
    14,
    15,
    17,
    8,
    17,
    16,
    17,
    8,
    16,
    18,
    11,
    8,
    5,
    5,
    3,
    17,
    17,
    9,
    2,
    16,
    17,
    16,
    17,
    2,
    4,
    17,
    15,
    14,
    4,
    6,
    6,
    6,
    2,
    2,
    5,
    17,
    17,
    8,
    5,
    18,
    18,
    7,
    8,
    17,
    16,
    8,
    8,
    17,
    17,
    9,
    17,
    6,
    5,
    10,
    3,
    8,
    6,
    17,
    8,
    1,
    2,
    10,
    17,
    17,
    1,
    3,
    17,
    7,
    10,
    18,
    15,
    14,
    9,
    16,
    8,
    8,
    4,
    11,
    8,
    17,
    17,
    2,
    16,
    8,
    17,
    17,
    17,
    8,
    17,
    17,
    18,
    8,
    4,
    17,
    10,
    15,
    10,
    8,
    8,
    15,
    6,
    17,
    9,
    8,
    16,
    2,
    14,
    2,
    5,
    4,
    4,
    2,
    4,
    6,
    4,
    15,
    15,
    12,
    17,
    17,
    4,
    9,
    1,
    17,
    11,
    16,
    8,
    16
  ],
  "objectives": [
    452117.2400000001,
    1327.4199999999998
  ],
  "fitness": {
    "minutos_ponderados": 452117.2400000001,
    "costo_total": 1327.4199999999998
  }
}