{
  "solution": [
    17,
    17,
    17,
    17,
    17,
    8,
    17,
    9,
    17,
    17,
    8,
    8,
    4,
    2,
    17,
    1,
    8,
    8,
    1,
    17,
    2,
    8,
    17,
    2,
    7,
    17,
    17,
    8,
    17,
    17,
    17,
    17,
    17,
    17,
    4,
    16,
    17,
    17,
    17,
    17,
    16,
    17,
    3,
    5,
    5,
    17,
    3,
    17,
    2,
    17,
    17,
    17,
    16,
    17,
    5,
    16,
    17,
    17,
    7,
    5,
    4,
    17,
    17,
    17,
    4,
    2,
    17,
    8,
    15,
    1,
    16,
    17,
    17,
    2,
    17,
    17,
    8,
    17,
    15,
    6,
    17,
    17,
    3,
    5,
    8,
    16,
    17,
    17,
    17,
    17,
    17,
    17,
    6,
    4,
    17,
    17,
    5,
    17,
    17,
    2,
    17,
    17,
    2,
    14,
    4,
    17,
    17,
    6,
    17,
    8,
    6,
    5,
    17,
    17,
    6,
    17,
    16,
    17,
    17,
    4,
    8,
    17,
    17,
    17,
    6,
    17,
    2,
    2,
    5,
    2,
    17,
    17,
    9,
    5,
    8,
    17,
    17,
    17,
    7,
    17,
    17,
    17,
    4,
    8,
    2,
    11,
    8,
    17,
    17,
    17,
    4,
    13,
    17,
    16,
    17,
    17,
    17,
    17,
    17,
    4,
    4,
    17,
    17,
    10,
    8,
    4,
    17,
    17,
    16,
    6,
    17,
    17,
    17,
    17,
    17,
    17,
    17,
    16,
    17,
    8,
    17,
    17,
    17,
    1,
    17,
    5,
    14,
    17,
    17,
    4,
    7,
    16,
    17,
    17,
    17,
    8,
    8,
    17,
    16,
    17,
    17,
    17,
    17,
    2,
    17,
    16,
    17,
    17,
    17,
    17,
    4,
    17,
    1,
    8,
    8,
    17,
    17,
    16,
    8,
    14,
    17,
    17,
    17,
    4,
    8,
    17,
    17,
    17,
    17,
    1,
    17,
    11,
    2,
    8,
    17,
    17,
    6,
    10,
    17,
    15,
    14,
    2,
    5,
    4,
    6,
    5,
    1,
    2,
    4,
    8,
    8,
    1,
    17,
    5,
    17,
    5,
    17,
    2,
    17,
    17,
    17,
    17,
    4,
    3,
    17,
    5,
    10,
    5,
    17,
    17,
    8,
    8,
    17,
    3,
    17,
    17,
    4,
    17,
    5,
    17,
    16,
    8,
    7,
    17,
    17,
    2,
    17,
    9,
    4,
    16,
    17,
    17,
    4,
    17,
    5,
    14,
    5,
    5,
    18,
    17
  ],
  "objectives": [
    444466.4999999995,
    1099.07
  ],
  "fitness": {
    "minutos_ponderados": 444466.4999999995,
    "costo_total": 1099.07
  }
}