{
  "solution": [
    3,
    17,
    16,
    17,
    15,
    8,
    17,
    9,
    17,
    10,
    8,
    8,
    4,
    4,
    17,
    17,
    8,
    8,
    6,
    3,
    2,
    8,
    17,
    2,
    17,
    17,
    14,
    14,
    8,
    6,
    17,
    10,
    6,
    9,
    4,
    16,
    17,
    17,
    17,
    17,
    16,
    17,
    5,
    5,
    5,
    17,
    17,
    17,
    2,
    7,
    17,
    11,
    17,
    17,
    5,
    16,
    17,
    17,
    14,
    5,
    4,
    17,
    17,
    17,
    4,
    2,
    17,
    8,
    3,
    17,
    16,
    17,
    17,
    2,
    18,
    17,
    8,
    17,
    16,
    17,
    17,
    14,
    17,
    5,
    8,
    16,
    17,
    10,
    17,
    17,
    17,
    1,
    6,
    4,
    17,
    17,
    5,
    17,
    14,
    2,
    17,
    17,
    2,
    17,
    4,
    17,
    17,
    6,
    17,
    8,
    6,
    17,
    17,
    17,
    10,
    17,
    16,
    17,
    5,
    4,
    8,
    17,
    17,
    17,
    6,
    17,
    2,
    2,
    5,
    2,
    15,
    17,
    11,
    5,
    8,
    3,
    2,
    17,
    17,
    17,
    17,
    17,
    4,
    8,
    2,
    17,
    12,
    17,
    17,
    15,
    4,
    8,
    17,
    16,
    17,
    17,
    17,
    17,
    17,
    4,
    4,
    17,
    17,
    17,
    8,
    4,
    17,
    17,
    17,
    17,
    17,
    14,
    17,
    17,
    17,
    17,
    17,
    16,
    17,
    8,
    17,
    17,
    12,
    17,
    17,
    5,
    17,
    17,
    17,
    8,
    1,
    16,
    17,
    17,
    17,
    8,
    8,
    17,
    16,
    4,
    17,
    17,
    17,
    2,
    6,
    16,
    17,
    17,
    17,
    14,
    4,
    17,
    8,
    14,
    4,
    17,
    17,
    17,
    8,
    17,
    17,
    17,
    17,
    7,
    8,
    17,
    17,
    17,
    17,
    17,
    17,
    2,
    2,
    17,
    17,
    17,
    6,
    14,
    17,
    17,
    17,
    2,
    5,
    8,
    8,
    5,
    8,
    2,
    2,
    15,
    8,
    17,
    16,
    5,
    17,
    5,
    17,
    2,
    17,
    4,
    17,
    5,
    4,
    8,
    17,
    17,
    10,
    5,
    17,
    17,
    8,
    8,
    7,
    17,
    17,
    17,
    17,
    17,
    5,
    17,
    16,
    17,
    17,
    17,
    17,
    17,
    17,
    9,
    4,
    14,
    17,
    17,
    4,
    17,
    5,
    17,
    5,
    4,
    17,
    17
  ],
  "objectives": [
    448705.5999999998,
    1120.1100000000001
  ],
  "fitness": {
    "minutos_ponderados": 448705.5999999998,
    "costo_total": 1120.1100000000001
  }
}