{
  "run_info": {
    "dataset": "users2.json",
    "config": "uniform_reset_low_mutation",
    "run": 4,
    "execution_time": 182.0783200263977,
    "generations": 60,
    "pareto_size": 18,
    "pareto_points": [
      [
        -777001.4300000019,
        2349.26
      ],
      [
        -808889.5200000013,
        2392.7200000000003
      ],
      [
        -796048.1500000022,
        2362.69
      ],
      [
        -805245.1500000014,
        2374.22
      ],
      [
        -796232.2900000022,
        2364.21
      ],
      [
        -813473.6500000013,
        2455.1400000000003
      ],
      [
        -812674.8200000011,
        2435.67
      ],
      [
        -813363.100000001,
        2447.1400000000003
      ],
      [
        -812497.2200000014,
        2419.2000000000003
      ],
      [
        -813479.7400000013,
        2458.65
      ],
      [
        -815050.2800000012,
        2468.1200000000003
      ],
      [
        -814362.0000000013,
        2462.65
      ],
      [
        -799974.6000000023,
        2367.21
      ],
      [
        -807907.0000000014,
        2378.2400000000002
      ],
      [
        -810810.0400000012,
        2398.2200000000003
      ],
      [
        -793294.5300000022,
        2352.73
      ],
      [
        -799135.6800000018,
        2364.7000000000003
      ],
      [
        -808795.3500000014,
        2391.7200000000003
      ]
    ]
  },
  "solutions_count": 18,
  "solutions_directory": "../results/SPEA2\\solutions\\users2\\uniform_reset_low_mutation\\run4"
}