{
  "run_info": {
    "dataset": "users2.json",
    "config": "high_heuristic_influence",
    "run": 5,
    "execution_time": 882.8188617229462,
    "iterations_completed": 42,
    "max_iterations": 200,
    "terminated_early": true,
    "generations_without_improvement": 12,
    "pareto_size": 8,
    "pareto_points": [
      [
        726674.5000000012,
        1946.8500000000004
      ],
      [
        707964.3900000014,
        1898.9200000000003
      ],
      [
        770318.7699999989,
        2055.49
      ],
      [
        757497.5799999996,
        1993.2199999999998
      ],
      [
        783035.8400000025,
        2106.2699999999995
      ],
      [
        785454.7300000029,
        2252.8299999999995
      ],
      [
        759638.2300000013,
        2040.4499999999996
      ],
      [
        764296.6400000011,
        2052.2199999999993
      ]
    ],
    "solutions_evaluated": 840,
    "config_params": {
      "n_ants": 20,
      "rho": 0.4,
      "alpha": 0.5,
      "beta": 5.0,
      "archive_size": 100,
      "no_improvement_generations": 12
    }
  },
  "solutions_count": 8,
  "solutions_directory": "C:\\Users\\hctr0\\PycharmProjects\\TFG_Hector\\31Executions\\PACO\\solutions\\users2\\high_heuristic_influence\\run5",
  "objective_statistics": {
    "cost_range": {
      "min": 1898.9200000000003,
      "max": 2252.8299999999995
    },
    "minutes_range": {
      "min": 707964.3900000014,
      "max": 785454.7300000029
    }
  },
  "algorithm_info": {
    "archive_history_length": 42,
    "max_archive_size_reached": 11
  }
}