{
  "run_info": {
    "dataset": "users2.json",
    "config": "uniform_inversion_high_mutation",
    "run": 19,
    "execution_time": 436.5938503742218,
    "generations": 107,
    "pareto_size": 14,
    "pareto_points": [
      [
        -805707.7400000013,
        2278.71
      ],
      [
        -814972.7300000015,
        2297.71
      ],
      [
        -806835.5200000014,
        2287.68
      ],
      [
        -821772.9700000015,
        2322.22
      ],
      [
        -837164.5100000018,
        2436.6
      ],
      [
        -809643.3900000015,
        2289.72
      ],
      [
        -816078.0200000014,
        2317.16
      ],
      [
        -811039.1600000012,
        2294.21
      ],
      [
        -835058.3100000018,
        2428.08
      ],
      [
        -834576.5000000024,
        2414.0999999999995
      ],
      [
        -832057.4400000016,
        2329.19
      ],
      [
        -834487.180000002,
        2396.1400000000003
      ],
      [
        -804915.2100000014,
        2274.7299999999996
      ],
      [
        -834217.170000002,
        2382.13
      ]
    ]
  },
  "solutions_count": 14,
  "solutions_directory": "C:\\Users\\hctr0\\PycharmProjects\\TFG_Hector\\31Executions\\NSGA2\\solutions\\users2\\uniform_inversion_high_mutation\\run19"
}