{
  "run_info": {
    "dataset": "users4.json",
    "config": "npoint_inversion_high_all",
    "run": 1,
    "execution_time": 1953.264139175415,
    "generations": 197,
    "pareto_size": 31,
    "pareto_points": [
      [
        -1856991.6699999974,
        5754.52
      ],
      [
        -1781717.199999998,
        5428.9
      ],
      [
        -1858396.3299999975,
        5757.52
      ],
      [
        -1871656.339999997,
        5789.05
      ],
      [
        -1784109.5399999977,
        5430.38
      ],
      [
        -1833348.9599999993,
        5507.4000000000015
      ],
      [
        -1841815.1399999994,
        5532.9000000000015
      ],
      [
        -1790615.0199999982,
        5437.380000000001
      ],
      [
        -1875784.0399999972,
        5797.54
      ],
      [
        -1784698.819999998,
        5434.35
      ],
      [
        -1849903.9099999974,
        5590.290000000001
      ],
      [
        -1888390.1199999992,
        5871.620000000002
      ],
      [
        -1890895.5599999994,
        5968.52
      ],
      [
        -1797437.9399999992,
        5466.370000000002
      ],
      [
        -1870499.709999997,
        5783.06
      ],
      [
        -1890788.9399999997,
        5946.5
      ],
      [
        -1794796.939999998,
        5443.890000000001
      ],
      [
        -1887994.2399999993,
        5858.590000000002
      ],
      [
        -1887826.7099999995,
        5831.590000000002
      ],
      [
        -1799007.949999999,
        5486.35
      ],
      [
        -1890730.509999999,
        5887.110000000001
      ],
      [
        -1844497.7299999967,
        5551.460000000001
      ],
      [
        -1797202.8099999987,
        5455.870000000001
      ],
      [
        -1865741.569999997,
        5767.490000000002
      ],
      [
        -1854787.2999999982,
        5592.46
      ],
      [
        -1848891.9299999967,
        5581.42
      ],
      [
        -1868861.959999997,
        5770.080000000001
      ],
      [
        -1842805.8999999966,
        5545.400000000001
      ],
      [
        -1856361.2399999984,
        5632.89
      ],
      [
        -1888406.3199999994,
        5880.5700000000015
      ],
      [
        -1798619.6999999986,
        5474.8600000000015
      ]
    ]
  },
  "solutions_count": 31,
  "solutions_directory": "../results/SPEA2\\solutions\\users4\\npoint_inversion_high_all\\run1"
}