{
  "run_info": {
    "dataset": "users1.json",
    "config": "npoint_reset_low_crossover",
    "run": 1,
    "execution_time": 195.57224822044373,
    "generations": 59,
    "pareto_size": 5,
    "pareto_points": [
      [
        -451013.18000000017,
        1395.9099999999999
      ],
      [
        -461343.63999999996,
        1461.3200000000002
      ],
      [
        -457148.78000000026,
        1426.31
      ],
      [
        -457869.84,
        1450.8400000000001
      ],
      [
        -459274.03000000014,
        1456.33
      ]
    ]
  },
  "solutions_count": 5,
  "solutions_directory": "../results/NSGA2\\solutions\\users1\\npoint_reset_low_crossover\\run1"
}