{
  "solution": [
    17,
    17,
    17,
    17,
    17,
    17,
    8,
    17,
    5,
    17,
    17,
    8,
    8,
    17,
    2,
    17,
    8,
    8,
    5,
    8,
    17,
    5,
    17,
    8,
    17,
    17,
    17,
    16,
    4,
    17,
    17,
    17,
    2,
    17,
    8,
    11,
    17,
    17,
    17,
    17,
    17,
    8,
    17,
    17,
    1,
    4,
    17,
    17,
    17,
    17,
    8,
    17,
    17,
    9,
    4,
    17,
    5,
    17,
    17,
    17,
    2,
    2,
    4,
    8,
    8,
    17,
    17,
    8,
    8,
    8,
    8,
    17,
    8,
    17,
    17,
    8,
    17,
    17,
    8,
    17,
    17,
    5,
    16,
    9,
    17,
    2,
    16,
    16,
    6,
    16,
    17,
    16,
    3,
    2,
    17,
    17,
    17,
    16,
    17,
    16,
    8,
    17,
    17,
    17,
    8,
    17,
    17,
    17,
    17,
    18,
    17,
    17,
    5,
    5,
    16,
    17,
    8,
    17,
    17,
    17,
    17,
    4,
    17,
    17,
    5,
    9,
    17,
    8,
    17,
    17,
    17,
    17,
    2,
    17,
    17,
    17,
    17,
    17,
    17,
    17,
    17,
    8,
    8,
    17,
    4,
    2,
    17,
    8,
    5,
    8,
    2,
    16,
    8,
    17,
    17,
    17,
    8,
    2,
    17,
    17,
    17,
    17,
    17,
    17,
    5,
    11,
    17,
    16,
    17,
    17,
    18,
    17,
    17,
    17,
    16,
    8,
    17,
    2,
    17,
    17,
    8,
    18,
    17,
    17,
    8,
    4,
    17,
    17,
    17,
    1,
    17,
    17,
    2,
    17,
    17,
    17,
    8,
    17,
    17,
    17,
    17,
    10,
    5,
    16,
    5,
    4,
    2,
    17,
    17,
    4,
    8,
    4,
    17,
    17,
    8,
    10,
    17,
    17,
    17,
    17,
    17,
    14,
    17,
    17,
    16,
    17,
    1,
    9,
    17,
    17,
    16,
    17,
    17,
    5,
    6,
    9,
    1,
    17,
    17,
    17,
    6,
    17,
    5,
    17,
    2,
    17,
    17,
    17,
    17,
    2,
    17,
    4,
    17,
    10,
    8,
    6,
    4,
    1,
    17,
    1,
    7,
    17,
    6,
    17,
    16,
    5,
    16,
    17,
    8,
    4,
    17,
    5,
    17,
    17,
    17,
    6,
    5,
    5,
    17,
    17,
    8,
    17,
    2,
    17,
    8,
    17,
    8,
    5,
    17,
    17,
    8,
    6,
    17,
    4,
    17,
    17,
    2,
    17,
    17,
    17
  ],
  "objectives": [
    432424.29999999964,
    957.64
  ],
  "fitness": {
    "minutos_ponderados": 432424.29999999964,
    "costo_total": 957.64
  }
}