{
  "solution": [
    17,
    17,
    17,
    17,
    17,
    17,
    8,
    17,
    3,
    17,
    17,
    15,
    8,
    17,
    18,
    3,
    8,
    16,
    5,
    8,
    17,
    5,
    17,
    8,
    17,
    17,
    17,
    16,
    6,
    17,
    17,
    17,
    2,
    17,
    8,
    17,
    17,
    17,
    17,
    17,
    17,
    8,
    17,
    17,
    17,
    4,
    17,
    17,
    11,
    17,
    8,
    17,
    17,
    9,
    4,
    17,
    5,
    17,
    17,
    8,
    17,
    17,
    6,
    8,
    8,
    17,
    17,
    8,
    17,
    8,
    8,
    17,
    8,
    17,
    4,
    8,
    17,
    6,
    17,
    7,
    14,
    8,
    16,
    17,
    17,
    13,
    16,
    14,
    17,
    16,
    17,
    16,
    17,
    2,
    17,
    17,
    17,
    16,
    17,
    16,
    8,
    17,
    17,
    17,
    8,
    6,
    17,
    17,
    17,
    8,
    17,
    17,
    5,
    2,
    16,
    17,
    8,
    2,
    17,
    10,
    17,
    4,
    17,
    17,
    5,
    2,
    17,
    5,
    17,
    17,
    17,
    17,
    2,
    17,
    17,
    17,
    17,
    17,
    17,
    17,
    17,
    8,
    8,
    17,
    8,
    4,
    17,
    8,
    5,
    8,
    2,
    16,
    2,
    17,
    17,
    13,
    17,
    2,
    7,
    17,
    2,
    17,
    17,
    17,
    5,
    17,
    17,
    16,
    17,
    14,
    9,
    17,
    17,
    11,
    16,
    8,
    17,
    2,
    17,
    17,
    8,
    4,
    17,
    17,
    8,
    4,
    17,
    17,
    1,
    17,
    11,
    17,
    2,
    17,
    17,
    13,
    6,
    17,
    17,
    17,
    17,
    2,
    5,
    16,
    5,
    4,
    2,
    16,
    16,
    4,
    8,
    4,
    17,
    1,
    8,
    16,
    17,
    17,
    5,
    17,
    17,
    17,
    17,
    6,
    16,
    17,
    17,
    5,
    17,
    17,
    16,
    17,
    17,
    1,
    17,
    9,
    2,
    17,
    17,
    17,
    6,
    17,
    10,
    17,
    2,
    17,
    17,
    17,
    17,
    2,
    17,
    4,
    17,
    17,
    8,
    17,
    4,
    17,
    17,
    17,
    17,
    17,
    6,
    17,
    16,
    5,
    6,
    17,
    8,
    4,
    17,
    5,
    17,
    17,
    9,
    2,
    5,
    5,
    17,
    17,
    8,
    17,
    6,
    17,
    8,
    17,
    8,
    5,
    17,
    17,
    8,
    6,
    17,
    4,
    17,
    17,
    2,
    17,
    17,
    17
  ],
  "objectives": [
    441652.3899999995,
    1007.6100000000001
  ],
  "fitness": {
    "minutos_ponderados": 441652.3899999995,
    "costo_total": 1007.6100000000001
  }
}