{
  "solution": [
    6,
    1,
    17,
    17,
    17,
    17,
    3,
    17,
    3,
    17,
    17,
    15,
    3,
    17,
    2,
    17,
    8,
    17,
    5,
    8,
    17,
    5,
    17,
    8,
    17,
    17,
    17,
    6,
    4,
    16,
    8,
    17,
    2,
    17,
    8,
    10,
    17,
    17,
    17,
    17,
    17,
    8,
    17,
    17,
    4,
    4,
    17,
    17,
    17,
    17,
    13,
    17,
    17,
    9,
    4,
    17,
    5,
    17,
    17,
    17,
    2,
    5,
    4,
    8,
    8,
    9,
    13,
    8,
    8,
    8,
    8,
    17,
    8,
    17,
    17,
    8,
    17,
    17,
    17,
    17,
    17,
    5,
    10,
    17,
    17,
    2,
    16,
    16,
    17,
    16,
    17,
    8,
    17,
    2,
    17,
    17,
    6,
    16,
    17,
    16,
    8,
    17,
    17,
    17,
    8,
    17,
    5,
    17,
    17,
    8,
    17,
    17,
    5,
    2,
    16,
    17,
    8,
    17,
    17,
    17,
    17,
    4,
    17,
    17,
    5,
    17,
    17,
    8,
    17,
    17,
    17,
    17,
    2,
    17,
    17,
    17,
    6,
    2,
    17,
    17,
    17,
    8,
    8,
    10,
    8,
    4,
    17,
    8,
    2,
    8,
    2,
    16,
    8,
    17,
    5,
    17,
    17,
    7,
    17,
    17,
    17,
    17,
    17,
    17,
    10,
    9,
    17,
    16,
    17,
    17,
    8,
    18,
    17,
    17,
    16,
    8,
    17,
    2,
    17,
    17,
    8,
    4,
    17,
    17,
    8,
    4,
    17,
    17,
    17,
    17,
    17,
    17,
    2,
    17,
    8,
    15,
    6,
    17,
    17,
    17,
    17,
    16,
    5,
    16,
    5,
    4,
    2,
    17,
    17,
    4,
    8,
    4,
    17,
    17,
    8,
    17,
    17,
    17,
    17,
    17,
    17,
    17,
    17,
    17,
    16,
    17,
    17,
    5,
    10,
    17,
    15,
    17,
    17,
    5,
    17,
    9,
    17,
    17,
    17,
    17,
    6,
    17,
    5,
    17,
    6,
    17,
    17,
    17,
    17,
    15,
    17,
    7,
    17,
    17,
    8,
    17,
    4,
    17,
    17,
    17,
    17,
    7,
    6,
    17,
    16,
    5,
    2,
    17,
    8,
    14,
    17,
    5,
    17,
    17,
    17,
    2,
    5,
    5,
    17,
    12,
    8,
    17,
    2,
    17,
    11,
    17,
    8,
    7,
    17,
    17,
    8,
    6,
    17,
    11,
    15,
    17,
    2,
    17,
    17,
    8
  ],
  "objectives": [
    443797.5499999997,
    1013.11
  ],
  "fitness": {
    "minutos_ponderados": 443797.5499999997,
    "costo_total": 1013.11
  }
}