{
  "run_info": {
    "dataset": "users2.json",
    "config": "uniform_reset_low_mutation",
    "run": 4,
    "execution_time": 322.5220284461975,
    "generations": 57,
    "pareto_size": 21,
    "pareto_points": [
      [
        -771041.9800000022,
        2322.8299999999995
      ],
      [
        -733065.6300000008,
        2291.3599999999997
      ],
      [
        -805296.8000000026,
        2473.72
      ],
      [
        -805319.4700000026,
        2475.2200000000003
      ],
      [
        -789362.9300000021,
        2399.74
      ],
      [
        -800804.6800000024,
        2469.7200000000003
      ],
      [
        -783334.9100000021,
        2373.7699999999995
      ],
      [
        -813527.590000002,
        2594.65
      ],
      [
        -797571.3100000018,
        2425.2299999999996
      ],
      [
        -810404.2400000022,
        2556.7200000000003
      ],
      [
        -795160.7800000014,
        2418.7599999999998
      ],
      [
        -775320.3500000023,
        2338.79
      ],
      [
        -806643.6100000021,
        2506.25
      ],
      [
        -786425.3300000028,
        2390.77
      ],
      [
        -780559.250000002,
        2356.79
      ],
      [
        -813249.7700000027,
        2564.2000000000003
      ],
      [
        -751867.4300000014,
        2320.3099999999995
      ],
      [
        -798728.1400000019,
        2450.22
      ],
      [
        -815454.4200000025,
        2629.16
      ],
      [
        -807964.6200000027,
        2541.7599999999998
      ],
      [
        -808845.6300000023,
        2552.1699999999996
      ]
    ]
  },
  "solutions_count": 21,
  "solutions_directory": "../results/NSGA2\\solutions\\users2\\uniform_reset_low_mutation\\run4"
}