{
  "run_info": {
    "dataset": "users2.json",
    "config": "npoint_reset_low_crossover",
    "run": 4,
    "execution_time": 1935.3796770572662,
    "generations": 300,
    "pareto_size": 37,
    "pareto_points": [
      [
        -750106.3000000011,
        2475.16
      ],
      [
        -765964.240000001,
        2564.7000000000003
      ],
      [
        -735136.3100000006,
        2431.7299999999996
      ],
      [
        -708858.8500000011,
        2357.31
      ],
      [
        -759494.0000000003,
        2543.71
      ],
      [
        -755936.090000001,
        2527.0899999999997
      ],
      [
        -755887.7900000011,
        2524.1499999999996
      ],
      [
        -756475.4500000011,
        2536.11
      ],
      [
        -753658.960000001,
        2517.6299999999997
      ],
      [
        -717363.0800000014,
        2399.2799999999997
      ],
      [
        -771781.230000001,
        2630.12
      ],
      [
        -742200.0700000011,
        2462.1599999999994
      ],
      [
        -745624.7100000011,
        2469.2
      ],
      [
        -762153.1100000006,
        2547.2099999999996
      ],
      [
        -769624.060000001,
        2595.6699999999996
      ],
      [
        -743962.6700000012,
        2463.68
      ],
      [
        -762293.9800000006,
        2553.6899999999996
      ],
      [
        -728828.8200000017,
        2400.2
      ],
      [
        -753237.9200000009,
        2511.1
      ],
      [
        -769943.4900000009,
        2612.15
      ],
      [
        -768096.9200000006,
        2583.1499999999996
      ],
      [
        -715002.4800000011,
        2394.79
      ],
      [
        -738716.4200000007,
        2443.7299999999996
      ],
      [
        -711219.4500000012,
        2378.7799999999997
      ],
      [
        -711870.860000001,
        2387.81
      ],
      [
        -773937.040000001,
        2634.6
      ],
      [
        -739795.3900000007,
        2445.73
      ],
      [
        -774524.700000001,
        2657.56
      ],
      [
        -729803.2700000015,
        2425.68
      ],
      [
        -753071.300000001,
        2502.6599999999994
      ],
      [
        -770211.720000001,
        2613.6200000000003
      ],
      [
        -743140.1400000008,
        2462.7
      ],
      [
        -765284.7300000007,
        2559.6899999999996
      ],
      [
        -752922.7900000012,
        2475.6799999999994
      ],
      [
        -757729.3900000006,
        2540.2299999999996
      ],
      [
        -740927.040000001,
        2453.2
      ],
      [
        -710621.450000001,
        2378.2799999999997
      ]
    ]
  },
  "solutions_count": 37,
  "solutions_directory": "../results/SPEA2\\solutions\\users2\\npoint_reset_low_crossover\\run4"
}