{
  "run_info": {
    "dataset": "users5.json",
    "config": "high_heuristic_influence",
    "run": 22,
    "execution_time": 5936.88992524147,
    "iterations_completed": 66,
    "max_iterations": 200,
    "terminated_early": true,
    "generations_without_improvement": 12,
    "pareto_size": 23,
    "pareto_points": [
      [
        3012866.9000000167,
        7080.670000000007
      ],
      [
        2981232.5700000087,
        6896.950000000008
      ],
      [
        3009773.0399999847,
        7043.11000000001
      ],
      [
        2959959.440000011,
        6846.210000000008
      ],
      [
        2993415.690000014,
        6998.140000000007
      ],
      [
        3057997.6300000255,
        7239.43000000001
      ],
      [
        3111514.2200000207,
        7432.500000000011
      ],
      [
        3067289.980000005,
        7409.350000000011
      ],
      [
        3062991.8500000234,
        7364.260000000011
      ],
      [
        3114823.170000034,
        7525.030000000012
      ],
      [
        3102510.6100000213,
        7409.870000000012
      ],
      [
        3140876.140000018,
        7559.560000000011
      ],
      [
        3112227.570000022,
        7522.850000000011
      ],
      [
        3141006.740000026,
        7617.470000000013
      ],
      [
        3185839.6800000244,
        7776.370000000013
      ],
      [
        3184235.460000018,
        7736.870000000014
      ],
      [
        3179643.4700000337,
        7736.680000000013
      ],
      [
        3152613.780000027,
        7641.5800000000145
      ],
      [
        3208433.6700000195,
        8027.530000000014
      ],
      [
        3188016.770000024,
        7830.300000000014
      ],
      [
        3173065.040000025,
        7689.220000000015
      ],
      [
        3187369.2400000184,
        7776.7000000000135
      ],
      [
        3208290.4800000293,
        7840.570000000014
      ]
    ],
    "solutions_evaluated": 1320,
    "config_params": {
      "n_ants": 20,
      "rho": 0.4,
      "alpha": 0.5,
      "beta": 5.0,
      "archive_size": 100,
      "no_improvement_generations": 12
    }
  },
  "solutions_count": 23,
  "solutions_directory": "C:\\Users\\hctr0\\PycharmProjects\\TFG_Hector\\31Executions\\PACO\\solutions\\users5\\high_heuristic_influence\\run22",
  "objective_statistics": {
    "cost_range": {
      "min": 6846.210000000008,
      "max": 8027.530000000014
    },
    "minutes_range": {
      "min": 2959959.440000011,
      "max": 3208433.6700000195
    }
  },
  "algorithm_info": {
    "archive_history_length": 66,
    "max_archive_size_reached": 25
  }
}