{
  "solution": [
    8,
    18,
    9,
    17,
    17,
    17,
    17,
    17,
    17,
    17,
    17,
    5,
    17,
    17,
    17,
    17,
    17,
    11,
    8,
    17,
    17,
    18,
    17,
    17,
    8,
    17,
    17,
    17,
    17,
    17,
    17,
    17,
    17,
    17,
    17,
    17,
    17,
    5,
    17,
    17,
    8,
    17,
    17,
    8,
    17,
    17,
    17,
    17,
    17,
    17,
    17,
    17,
    17,
    8,
    17,
    17,
    17,
    6,
    13,
    17,
    17,
    17,
    17,
    17,
    17,
    17,
    17,
    17,
    6,
    11,
    17,
    17,
    17,
    11,
    17,
    17,
    17,
    17,
    17,
    5,
    17,
    17,
    6,
    2,
    17,
    4,
    16,
    11,
    17,
    17,
    4,
    9,
    17,
    5,
    15,
    11,
    17,
    17,
    8,
    17,
    16,
    17,
    17,
    13,
    17,
    17,
    17,
    17,
    17,
    3,
    4,
    17,
    13,
    17,
    17,
    17,
    17,
    17,
    17,
    17,
    8,
    17,
    8,
    8,
    17,
    17,
    17,
    17,
    8,
    4,
    17,
    17,
    17,
    4,
    17,
    17,
    17,
    17,
    17,
    17,
    17,
    17,
    6,
    17,
    17,
    4,
    9,
    8,
    17,
    17,
    8,
    17,
    17,
    17,
    8,
    17,
    1,
    17,
    17,
    17,
    17,
    8,
    17,
    16,
    17,
    17,
    17,
    4,
    17,
    17,
    8,
    17,
    17,
    5,
    17,
    17,
    17,
    5,
    17,
    8,
    17,
    17,
    17,
    17,
    17,
    17,
    17,
    17,
    8,
    17,
    17,
    8,
    17,
    16,
    17,
    9,
    17,
    17,
    17,
    17,
    17,
    17,
    17,
    17,
    17,
    17,
    2,
    17,
    17,
    17,
    17,
    17,
    17,
    17,
    17,
    17,
    8,
    16,
    17,
    17,
    8,
    17,
    15,
    8,
    17,
    17,
    17,
    2,
    17,
    17,
    10,
    8,
    17,
    17,
    17,
    8,
    17,
    17,
    17,
    17,
    6,
    8,
    8,
    17,
    1,
    17,
    17,
    2,
    17,
    15,
    17,
    17,
    17,
    17,
    9,
    17,
    17,
    17,
    5,
    17,
    9,
    17,
    17,
    17,
    17,
    16,
    8,
    17,
    17,
    17,
    17,
    17,
    17,
    17,
    17,
    8,
    17,
    17,
    17,
    8,
    17,
    17,
    17,
    17,
    17,
    17,
    8,
    3,
    17,
    17,
    8,
    17,
    17,
    5,
    4,
    4,
    17,
    4,
    17,
    17
  ],
  "objectives": [
    416728.87999999925,
    983.8200000000002
  ],
  "fitness": {
    "minutos_ponderados": 416728.87999999925,
    "costo_total": 983.8200000000002
  }
}