{
  "solution": [
    8,
    5,
    16,
    17,
    5,
    17,
    17,
    17,
    17,
    17,
    17,
    17,
    8,
    17,
    2,
    5,
    17,
    10,
    17,
    4,
    16,
    16,
    17,
    4,
    4,
    8,
    8,
    17,
    17,
    16,
    6,
    17,
    17,
    17,
    17,
    17,
    17,
    17,
    8,
    16,
    17,
    16,
    8,
    5,
    8,
    17,
    1,
    17,
    2,
    17,
    17,
    8,
    17,
    8,
    16,
    6,
    5,
    17,
    17,
    17,
    9,
    17,
    17,
    17,
    17,
    5,
    16,
    8,
    6,
    8,
    16,
    17,
    8,
    10,
    17,
    8,
    8,
    8,
    17,
    16,
    5,
    17,
    17,
    17,
    5,
    17,
    17,
    5,
    17,
    17,
    17,
    2,
    16,
    17,
    16,
    17,
    17,
    17,
    17,
    17,
    16,
    17,
    2,
    2,
    17,
    2,
    17,
    15,
    17,
    2,
    17,
    8,
    17,
    17,
    5,
    17,
    5,
    17,
    17,
    17,
    5,
    2,
    17,
    17,
    8,
    17,
    8,
    17,
    17,
    17,
    14,
    16,
    17,
    17,
    17,
    1,
    17,
    17,
    17,
    17,
    17,
    8,
    17,
    17,
    17,
    16,
    8,
    17,
    2,
    8,
    6,
    5,
    17,
    17,
    17,
    17,
    5,
    17,
    17,
    8,
    17,
    17,
    17,
    8,
    8,
    5,
    17,
    17,
    17,
    17,
    17,
    8,
    4,
    17,
    17,
    17,
    5,
    17,
    17,
    17,
    8,
    17,
    17,
    17,
    17,
    17,
    17,
    17,
    16,
    8,
    13,
    17,
    17,
    8,
    4,
    6,
    8,
    17,
    5,
    5,
    15,
    17,
    16,
    5,
    8,
    2,
    17,
    17,
    16,
    17,
    17,
    4,
    16,
    17,
    8,
    4,
    8,
    17,
    17,
    17,
    17,
    6,
    16,
    17,
    17,
    17,
    17,
    12,
    17,
    5,
    16,
    5,
    17,
    17,
    8,
    8,
    6,
    8,
    17,
    17,
    17,
    17,
    18,
    17,
    6,
    17,
    12,
    2,
    17,
    4,
    17,
    17,
    16,
    17,
    17,
    9,
    2,
    17,
    17,
    3,
    17,
    3,
    16,
    5,
    8,
    17,
    8,
    17,
    17,
    9,
    17,
    5,
    1,
    17,
    17,
    17,
    8,
    15,
    17,
    17,
    17,
    17,
    8,
    5,
    1,
    16,
    17,
    16,
    17,
    15,
    17,
    8,
    17,
    5,
    17,
    17,
    17,
    16,
    8,
    17
  ],
  "objectives": [
    444394.85999999946,
    969.1499999999999
  ],
  "fitness": {
    "minutos_ponderados": 444394.85999999946,
    "costo_total": 969.1499999999999
  }
}