{
  "run_info": {
    "dataset": "users2.json",
    "config": "uniform_inversion_high_mutation",
    "run": 17,
    "execution_time": 610.4361834526062,
    "generations": 157,
    "pareto_size": 18,
    "pareto_points": [
      [
        -809495.5000000013,
        2100.79
      ],
      [
        -807715.350000001,
        2099.7999999999997
      ],
      [
        -801580.5400000011,
        2084.2999999999997
      ],
      [
        -837676.5300000006,
        2302.71
      ],
      [
        -808040.1200000008,
        2099.83
      ],
      [
        -815609.350000001,
        2133.75
      ],
      [
        -809671.6800000011,
        2102.7999999999997
      ],
      [
        -831928.3900000004,
        2197.2599999999998
      ],
      [
        -818355.6200000009,
        2139.79
      ],
      [
        -842563.1700000003,
        2342.66
      ],
      [
        -813391.2300000011,
        2131.7299999999996
      ],
      [
        -811856.1500000008,
        2104.7799999999997
      ],
      [
        -840711.1400000002,
        2321.7
      ],
      [
        -825090.6900000002,
        2165.7599999999998
      ],
      [
        -835768.8900000005,
        2238.79
      ],
      [
        -829181.300000001,
        2182.27
      ],
      [
        -818840.2600000008,
        2159.7299999999996
      ],
      [
        -836859.6700000002,
        2299.7
      ]
    ]
  },
  "solutions_count": 18,
  "solutions_directory": "C:\\Users\\hctr0\\PycharmProjects\\TFG_Hector\\31Executions\\NSGA2\\solutions\\users2\\uniform_inversion_high_mutation\\run17"
}