{
  "run_info": {
    "dataset": "users3.json",
    "config": "uniform_reset_low_mutation",
    "run": 3,
    "execution_time": 959.6854403018951,
    "generations": 90,
    "pareto_size": 25,
    "pareto_points": [
      [
        -1221026.1299999969,
        3292.14
      ],
      [
        -1260539.9899999965,
        3475.47
      ],
      [
        -1264493.1999999965,
        3507.99
      ],
      [
        -1237998.2499999963,
        3314.11
      ],
      [
        -1261693.2399999967,
        3492.5
      ],
      [
        -1264215.0199999965,
        3506.0
      ],
      [
        -1234041.4599999967,
        3306.13
      ],
      [
        -1266241.2599999974,
        3513.0000000000005
      ],
      [
        -1220967.4399999972,
        3278.1699999999996
      ],
      [
        -1243498.2899999956,
        3362.0699999999997
      ],
      [
        -1258120.8999999962,
        3473.46
      ],
      [
        -1255462.5899999961,
        3428.05
      ],
      [
        -1240884.659999996,
        3334.07
      ],
      [
        -1268335.8999999966,
        3548.95
      ],
      [
        -1261636.689999997,
        3484.02
      ],
      [
        -1242375.0699999959,
        3339.0600000000004
      ],
      [
        -1251594.189999996,
        3410.0600000000004
      ],
      [
        -1266714.5799999966,
        3538.46
      ],
      [
        -1249253.119999996,
        3409.0499999999997
      ],
      [
        -1258004.4199999964,
        3472.0699999999997
      ],
      [
        -1232896.0299999965,
        3305.1499999999996
      ],
      [
        -1257361.9999999956,
        3443.99
      ],
      [
        -1248815.059999996,
        3363.1099999999997
      ],
      [
        -1252200.2999999959,
        3415.0699999999997
      ],
      [
        -1264108.3499999966,
        3493.0800000000004
      ]
    ]
  },
  "solutions_count": 25,
  "solutions_directory": "../results/NSGA2\\solutions\\users3\\uniform_reset_low_mutation\\run3"
}