{
  "solution": [
    17,
    17,
    17,
    18,
    17,
    17,
    17,
    17,
    8,
    4,
    17,
    10,
    17,
    17,
    17,
    17,
    8,
    17,
    17,
    17,
    5,
    10,
    8,
    17,
    17,
    17,
    17,
    17,
    5,
    8,
    17,
    17,
    17,
    8,
    17,
    17,
    17,
    17,
    17,
    17,
    17,
    6,
    17,
    17,
    5,
    8,
    8,
    8,
    17,
    17,
    17,
    17,
    14,
    17,
    14,
    8,
    17,
    17,
    17,
    17,
    5,
    17,
    17,
    17,
    17,
    17,
    17,
    17,
    17,
    8,
    8,
    12,
    17,
    17,
    17,
    17,
    13,
    17,
    8,
    13,
    17,
    17,
    5,
    4,
    17,
    17,
    13,
    17,
    17,
    17,
    13,
    17,
    17,
    17,
    16,
    17,
    17,
    17,
    17,
    17,
    17,
    17,
    17,
    8,
    17,
    8,
    17,
    17,
    17,
    17,
    3,
    17,
    17,
    2,
    8,
    17,
    17,
    17,
    17,
    17,
    17,
    17,
    17,
    17,
    17,
    17,
    17,
    2,
    17,
    13,
    17,
    17,
    13,
    17,
    17,
    17,
    2,
    17,
    17,
    17,
    17,
    9,
    18,
    17,
    8,
    17,
    17,
    17,
    5,
    17,
    16,
    2,
    17,
    17,
    17,
    8,
    17,
    7,
    8,
    17,
    15,
    17,
    17,
    17,
    17,
    17,
    4,
    16,
    17,
    17,
    17,
    8,
    15,
    17,
    17,
    17,
    17,
    18,
    17,
    17,
    17,
    17,
    17,
    17,
    17,
    17,
    16,
    10,
    17,
    16,
    17,
    17,
    17,
    2,
    17,
    17,
    8,
    17,
    17,
    17,
    17,
    17,
    17,
    8,
    17,
    17,
    17,
    10,
    17,
    17,
    17,
    5,
    17,
    17,
    16,
    17,
    17,
    17,
    17,
    17,
    17,
    16,
    17,
    10,
    17,
    17,
    3,
    17,
    17,
    17,
    17,
    17,
    5,
    17,
    9,
    17,
    17,
    17,
    10,
    8,
    6,
    2,
    17,
    17,
    17,
    8,
    17,
    17,
    17,
    17,
    17,
    17,
    3,
    17,
    17,
    17,
    17,
    17,
    17,
    17,
    17,
    17,
    17,
    17,
    10,
    5,
    17,
    16,
    17,
    17,
    8,
    17,
    16,
    8,
    8,
    9,
    8,
    17,
    17,
    17,
    17,
    17,
    8,
    17,
    17,
    17,
    8,
    17,
    17,
    6,
    8,
    17,
    17,
    2,
    16,
    17,
    17,
    17,
    2,
    17
  ],
  "objectives": [
    271452.8900000001,
    1033.8200000000002
  ],
  "fitness": {
    "minutos_ponderados": 271452.8900000001,
    "costo_total": 1033.8200000000002
  }
}