{
  "solution": [
    14,
    4,
    11,
    10,
    2,
    5,
    17,
    16,
    4,
    6,
    1,
    3,
    5,
    7,
    6,
    1,
    10,
    16,
    1,
    16,
    8,
    5,
    4,
    17,
    6,
    2,
    14,
    13,
    15,
    4,
    2,
    1,
    2,
    17,
    1,
    8,
    12,
    17,
    6,
    17,
    12,
    1,
    10,
    2,
    8,
    16,
    12,
    5,
    1,
    8,
    5,
    17,
    5,
    3,
    17,
    13,
    13,
    3,
    17,
    10,
    2,
    15,
    14,
    17,
    10,
    5,
    2,
    2,
    3,
    4,
    5,
    17,
    15,
    6,
    5,
    17,
    5,
    6,
    5,
    15,
    8,
    5,
    9,
    17,
    5,
    7,
    9,
    17,
    17,
    2,
    2,
    9,
    5,
    3,
    4,
    9,
    8,
    11,
    8,
    6,
    9,
    10,
    6,
    16,
    14,
    2,
    6,
    15,
    14,
    15,
    4,
    4,
    15,
    5,
    16,
    16,
    6,
    8,
    6,
    11,
    7,
    2,
    15,
    8,
    17,
    17,
    15,
    11,
    2,
    1,
    16,
    4,
    11,
    15,
    1,
    4,
    10,
    15,
    15,
    1,
    8,
    1,
    15,
    5,
    2,
    16,
    2,
    16,
    3,
    8,
    10,
    8,
    9,
    6,
    17,
    16,
    4,
    6,
    8,
    2,
    15,
    16,
    16,
    16,
    10,
    9,
    3,
    8,
    14,
    1,
    5,
    16,
    16,
    17,
    8,
    17,
    4,
    17,
    17,
    17,
    6,
    4,
    4,
    4,
    16,
    15,
    16,
    4,
    10,
    14,
    4,
    18,
    6,
    15,
    9,
    17,
    9,
    6,
    4,
    17,
    5,
    17,
    2,
    17,
    12,
    8,
    4,
    6,
    1,
    10,
    6,
    11,
    1,
    12,
    14,
    8,
    2,
    6,
    11,
    17,
    16,
    3,
    1,
    8,
    2,
    8,
    3,
    17,
    4,
    3,
    17,
    4,
    11,
    1,
    7,
    15,
    3,
    9,
    10,
    8,
    1,
    17,
    5,
    11,
    8,
    16,
    18,
    16,
    1,
    17,
    5,
    5,
    8,
    2,
    2,
    17,
    2,
    14,
    5,
    4,
    13,
    14,
    2,
    15,
    5,
    3,
    16,
    5,
    6,
    8,
    5,
    16,
    5,
    9,
    5,
    8,
    13,
    18,
    14,
    15,
    5,
    2,
    2,
    8,
    17,
    8,
    6,
    14,
    5,
    5,
    16,
    11,
    17,
    16,
    4,
    14,
    17,
    17,
    6,
    15
  ],
  "objectives": [
    404978.49999999953,
    1269.1899999999998
  ],
  "fitness": {
    "minutos_ponderados": 404978.49999999953,
    "costo_total": 1269.1899999999998
  }
}