{
  "solution": [
    8,
    4,
    11,
    16,
    7,
    8,
    7,
    5,
    13,
    16,
    7,
    16,
    16,
    4,
    8,
    2,
    4,
    5,
    4,
    8,
    3,
    15,
    16,
    18,
    8,
    13,
    13,
    17,
    18,
    17,
    9,
    3,
    7,
    3,
    2,
    7,
    6,
    16,
    11,
    17,
    6,
    5,
    2,
    5,
    17,
    16,
    2,
    9,
    9,
    2,
    8,
    2,
    1,
    15,
    5,
    8,
    2,
    16,
    2,
    10,
    17,
    7,
    16,
    2,
    12,
    17,
    1,
    10,
    17,
    17,
    6,
    2,
    2,
    5,
    16,
    4,
    2,
    2,
    8,
    17,
    16,
    11,
    2,
    5,
    6,
    17,
    4,
    8,
    7,
    8,
    17,
    17,
    11,
    15,
    16,
    6,
    16,
    15,
    15,
    17,
    18,
    13,
    6,
    7,
    4,
    16,
    7,
    16,
    1,
    10,
    7,
    13,
    2,
    3,
    8,
    14,
    8,
    2,
    6,
    4,
    17,
    8,
    12,
    14,
    3,
    14,
    10,
    14,
    5,
    2,
    2,
    14,
    4,
    16,
    10,
    11,
    16,
    9,
    9,
    16,
    8,
    11,
    8,
    5,
    2,
    4,
    5,
    16,
    6,
    5,
    4,
    10,
    15,
    10,
    2,
    17,
    5,
    17,
    17,
    15,
    7,
    5,
    6,
    8,
    9,
    18,
    5,
    16,
    4,
    4,
    13,
    17,
    9,
    3,
    17,
    6,
    2,
    1,
    6,
    16,
    17,
    10,
    16,
    17,
    4,
    8,
    2,
    6,
    5,
    8,
    5,
    5,
    7,
    10,
    8,
    7,
    3,
    1,
    15,
    7,
    6,
    11,
    17,
    17,
    11,
    5,
    17,
    17,
    18,
    6,
    8,
    4,
    17,
    3,
    4,
    8,
    14,
    2,
    10,
    3,
    17,
    2,
    16,
    1,
    2,
    5,
    5,
    15,
    5,
    2,
    5,
    8,
    17,
    8,
    11,
    1,
    1,
    17,
    6,
    13,
    7,
    2,
    10,
    6,
    17,
    3,
    2,
    5,
    8,
    10,
    14,
    17,
    2,
    16,
    15,
    11,
    18,
    1,
    8,
    9,
    6,
    4,
    16,
    5,
    3,
    16,
    8,
    17,
    6,
    2,
    5,
    17,
    10,
    15,
    15,
    10,
    16,
    2,
    17,
    6,
    2,
    2,
    5,
    4,
    8,
    2,
    2,
    5,
    15,
    7,
    14,
    4,
    16,
    5,
    8,
    13,
    6,
    2,
    5,
    8
  ],
  "objectives": [
    412736.9700000001,
    1314.67
  ],
  "fitness": {
    "minutos_ponderados": 412736.9700000001,
    "costo_total": 1314.67
  }
}