{
  "solution": [
    17,
    6,
    7,
    17,
    17,
    16,
    8,
    6,
    17,
    8,
    7,
    15,
    15,
    2,
    16,
    6,
    8,
    4,
    9,
    18,
    2,
    5,
    6,
    6,
    11,
    9,
    1,
    8,
    11,
    17,
    16,
    15,
    17,
    7,
    6,
    9,
    17,
    6,
    2,
    15,
    6,
    3,
    5,
    2,
    5,
    6,
    9,
    2,
    3,
    17,
    13,
    17,
    16,
    1,
    6,
    11,
    4,
    17,
    9,
    4,
    13,
    16,
    17,
    7,
    5,
    5,
    1,
    17,
    16,
    8,
    13,
    6,
    16,
    6,
    17,
    16,
    8,
    5,
    17,
    8,
    10,
    2,
    4,
    5,
    17,
    17,
    13,
    5,
    15,
    8,
    4,
    17,
    2,
    8,
    16,
    2,
    16,
    8,
    4,
    17,
    5,
    5,
    11,
    9,
    2,
    16,
    17,
    4,
    4,
    17,
    6,
    6,
    1,
    13,
    8,
    17,
    17,
    8,
    4,
    17,
    15,
    1,
    10,
    5,
    8,
    1,
    1,
    13,
    8,
    16,
    8,
    1,
    10,
    14,
    8,
    9,
    16,
    2,
    14,
    16,
    17,
    1,
    5,
    17,
    1,
    16,
    16,
    17,
    5,
    8,
    5,
    4,
    5,
    2,
    6,
    18,
    8,
    2,
    9,
    1,
    5,
    3,
    15,
    17,
    7,
    17,
    15,
    2,
    1,
    3,
    5,
    8,
    9,
    9,
    5,
    6,
    5,
    17,
    5,
    1,
    14,
    5,
    16,
    3,
    17,
    15,
    6,
    1,
    17,
    5,
    17,
    5,
    4,
    6,
    14,
    2,
    2,
    17,
    6,
    13,
    4,
    6,
    4,
    12,
    17,
    8,
    18,
    18,
    17,
    17,
    8,
    5,
    16,
    6,
    16,
    2,
    5,
    8,
    1,
    17,
    2,
    15,
    16,
    16,
    16,
    5,
    10,
    17,
    4,
    6,
    17,
    14,
    5,
    2,
    17,
    17,
    2,
    14,
    6,
    4,
    8,
    17,
    5,
    6,
    15,
    16,
    10,
    17,
    6,
    16,
    2,
    15,
    17,
    16,
    5,
    8,
    16,
    3,
    6,
    14,
    8,
    2,
    8,
    8,
    16,
    1,
    3,
    16,
    17,
    16,
    8,
    8,
    17,
    4,
    4,
    15,
    2,
    2,
    8,
    16,
    4,
    11,
    15,
    1,
    2,
    9,
    4,
    11,
    4,
    5,
    5,
    5,
    6,
    17,
    12,
    11,
    10,
    5,
    5,
    17
  ],
  "objectives": [
    400700.3499999995,
    1184.16
  ],
  "fitness": {
    "minutos_ponderados": 400700.3499999995,
    "costo_total": 1184.16
  }
}