{
  "run_info": {
    "dataset": "users5.json",
    "config": "npoint_inversion_low_mutation",
    "run": 4,
    "execution_time": 1684.0741698741913,
    "generations": 95,
    "pareto_size": 26,
    "pareto_points": [
      [
        -2845179.410000009,
        9068.670000000004
      ],
      [
        -2823815.6600000034,
        8996.800000000003
      ],
      [
        -2840320.100000008,
        9032.710000000003
      ],
      [
        -2876117.700000003,
        9238.140000000001
      ],
      [
        -2861019.5400000047,
        9204.160000000002
      ],
      [
        -2891176.250000004,
        9272.600000000002
      ],
      [
        -2848466.9300000085,
        9087.62
      ],
      [
        -2868300.6200000024,
        9236.11
      ],
      [
        -2856302.4600000083,
        9115.130000000003
      ],
      [
        -2858633.5200000056,
        9147.190000000002
      ],
      [
        -2839012.000000008,
        9026.7
      ],
      [
        -2921063.7700000047,
        9449.580000000004
      ],
      [
        -2884072.830000007,
        9257.140000000001
      ],
      [
        -2894114.460000004,
        9274.630000000001
      ],
      [
        -2860904.420000005,
        9179.180000000002
      ],
      [
        -2856133.460000008,
        9104.640000000001
      ],
      [
        -2844061.260000008,
        9050.670000000004
      ],
      [
        -2857147.110000009,
        9126.62
      ],
      [
        -2923442.0300000045,
        9454.590000000004
      ],
      [
        -2918932.500000005,
        9414.590000000004
      ],
      [
        -2865529.070000005,
        9210.150000000001
      ],
      [
        -2840758.7200000077,
        9033.690000000002
      ],
      [
        -2846588.5500000096,
        9077.620000000003
      ],
      [
        -2929733.2900000047,
        9558.490000000002
      ],
      [
        -2926765.770000004,
        9479.560000000003
      ],
      [
        -2845238.6800000067,
        9070.670000000002
      ]
    ]
  },
  "solutions_count": 26,
  "solutions_directory": "../results/SPEA2\\solutions\\users5\\npoint_inversion_low_mutation\\run4"
}