{
  "run_info": {
    "dataset": "users2.json",
    "config": "npoint_inversion_low_mutation",
    "run": 4,
    "execution_time": 385.5451319217682,
    "generations": 65,
    "pareto_size": 34,
    "pareto_points": [
      [
        -722164.7600000013,
        2566.09
      ],
      [
        -722446.8800000013,
        2573.5999999999995
      ],
      [
        -727229.0900000012,
        2583.07
      ],
      [
        -726158.1100000009,
        2577.5699999999997
      ],
      [
        -727817.0300000012,
        2588.59
      ],
      [
        -742446.6500000005,
        2637.609999999999
      ],
      [
        -749358.2400000012,
        2669.14
      ],
      [
        -736919.1900000006,
        2592.59
      ],
      [
        -751384.7500000013,
        2678.09
      ],
      [
        -768752.7700000013,
        2761.0799999999995
      ],
      [
        -744369.8700000009,
        2663.0800000000004
      ],
      [
        -726824.1700000013,
        2577.58
      ],
      [
        -753017.2200000013,
        2687.08
      ],
      [
        -724370.9300000014,
        2573.62
      ],
      [
        -773669.960000001,
        2778.0500000000006
      ],
      [
        -679913.4700000003,
        2486.1399999999994
      ],
      [
        -752520.0400000013,
        2678.5899999999997
      ],
      [
        -743826.0000000007,
        2658.0199999999995
      ],
      [
        -721560.9300000011,
        2553.6
      ],
      [
        -773794.3500000008,
        2802.0000000000005
      ],
      [
        -728968.4900000012,
        2591.53
      ],
      [
        -703477.3100000009,
        2525.16
      ],
      [
        -739345.6700000007,
        2621.0499999999997
      ],
      [
        -691847.5400000006,
        2518.1499999999996
      ],
      [
        -706003.7600000013,
        2531.1499999999996
      ],
      [
        -771143.5100000008,
        2775.55
      ],
      [
        -684473.26,
        2510.6
      ],
      [
        -750844.3200000012,
        2672.12
      ],
      [
        -684436.4599999998,
        2507.66
      ],
      [
        -764463.7200000008,
        2714.0499999999997
      ],
      [
        -767490.0700000012,
        2746.0499999999997
      ],
      [
        -759505.040000001,
        2696.58
      ],
      [
        -775803.7100000011,
        2831.9500000000003
      ],
      [
        -739285.470000001,
        2606.0600000000004
      ]
    ]
  },
  "solutions_count": 34,
  "solutions_directory": "../results/NSGA2\\solutions\\users2\\npoint_inversion_low_mutation\\run4"
}