{
  "run_info": {
    "dataset": "users3.json",
    "config": "npoint_inversion_low_mutation",
    "run": 1,
    "execution_time": 1920.1240541934967,
    "generations": 300,
    "pareto_size": 37,
    "pareto_points": [
      [
        -1233477.4099999985,
        3666.5600000000004
      ],
      [
        -1231381.589999998,
        3651.5600000000004
      ],
      [
        -1214324.8399999982,
        3530.060000000001
      ],
      [
        -1178345.5299999954,
        3426.2000000000003
      ],
      [
        -1223952.3999999978,
        3606.5300000000007
      ],
      [
        -1224841.4599999979,
        3609.5299999999997
      ],
      [
        -1235688.5799999987,
        3686.0599999999995
      ],
      [
        -1186412.829999997,
        3435.6900000000005
      ],
      [
        -1225925.179999997,
        3623.5300000000007
      ],
      [
        -1204351.1499999966,
        3489.1200000000003
      ],
      [
        -1194955.2399999953,
        3446.63
      ],
      [
        -1180183.2199999953,
        3431.69
      ],
      [
        -1223637.6699999983,
        3573.07
      ],
      [
        -1227879.789999997,
        3629.04
      ],
      [
        -1224799.009999998,
        3608.0499999999997
      ],
      [
        -1213393.7099999983,
        3497.0800000000004
      ],
      [
        -1230093.399999998,
        3645.5600000000004
      ],
      [
        -1213065.339999998,
        3497.0600000000004
      ],
      [
        -1176704.8699999964,
        3400.21
      ],
      [
        -1229019.9599999974,
        3636.0399999999995
      ],
      [
        -1226965.0999999985,
        3628.0200000000004
      ],
      [
        -1235823.2599999988,
        3701.04
      ],
      [
        -1196249.9699999953,
        3461.61
      ],
      [
        -1233178.0099999986,
        3657.0600000000004
      ],
      [
        -1205084.3399999966,
        3492.12
      ],
      [
        -1178586.009999995,
        3428.19
      ],
      [
        -1184742.829999997,
        3431.71
      ],
      [
        -1225688.0699999975,
        3611.06
      ],
      [
        -1218977.3299999977,
        3532.08
      ],
      [
        -1219112.009999998,
        3563.55
      ],
      [
        -1177863.2099999958,
        3426.19
      ],
      [
        -1197301.0899999957,
        3472.13
      ],
      [
        -1204195.2799999968,
        3472.1400000000003
      ],
      [
        -1233727.4399999988,
        3686.04
      ],
      [
        -1176890.7599999967,
        3409.7
      ],
      [
        -1226490.1099999964,
        3625.0699999999997
      ],
      [
        -1176941.8899999955,
        3410.2000000000003
      ]
    ]
  },
  "solutions_count": 37,
  "solutions_directory": "../results/SPEA2\\solutions\\users3\\npoint_inversion_low_mutation\\run1"
}