{
  "run_info": {
    "dataset": "users2.json",
    "config": "high_pheromone_influence",
    "run": 12,
    "execution_time": 1711.6368374824524,
    "iterations_completed": 68,
    "max_iterations": 200,
    "terminated_early": true,
    "generations_without_improvement": 12,
    "pareto_size": 9,
    "pareto_points": [
      [
        751730.110000002,
        2067.630000000001
      ],
      [
        741982.9699999996,
        1974.710000000001
      ],
      [
        736661.9600000015,
        1947.200000000001
      ],
      [
        717114.4700000007,
        1854.5300000000002
      ],
      [
        732046.5300000007,
        1902.5500000000006
      ],
      [
        716905.1300000009,
        1839.0700000000006
      ],
      [
        731014.6100000013,
        1858.96
      ],
      [
        731049.6000000013,
        1885.5400000000006
      ],
      [
        714418.2799999999,
        1830.9800000000002
      ]
    ],
    "solutions_evaluated": 1700,
    "config_params": {
      "n_ants": 25,
      "rho": 0.3,
      "alpha": 3.0,
      "beta": 2.0,
      "archive_size": 100,
      "no_improvement_generations": 12
    }
  },
  "solutions_count": 9,
  "solutions_directory": "C:\\Users\\hctr0\\PycharmProjects\\TFG_Hector\\31Executions\\PACO\\solutions\\users2\\high_pheromone_influence\\run12",
  "objective_statistics": {
    "cost_range": {
      "min": 1830.9800000000002,
      "max": 2067.630000000001
    },
    "minutes_range": {
      "min": 714418.2799999999,
      "max": 751730.110000002
    }
  },
  "algorithm_info": {
    "archive_history_length": 68,
    "max_archive_size_reached": 12
  }
}