{
  "run_info": {
    "dataset": "users4.json",
    "config": "uniform_inversion_high_mutation",
    "run": 1,
    "execution_time": 1305.5697708129883,
    "generations": 104,
    "pareto_size": 15,
    "pareto_points": [
      [
        -1902144.470000003,
        5230.420000000001
      ],
      [
        -1933727.0900000033,
        5248.500000000001
      ],
      [
        -1961002.570000001,
        5279.46
      ],
      [
        -1982264.0500000005,
        5425.9400000000005
      ],
      [
        -1954377.8300000008,
        5259.420000000001
      ],
      [
        -1973953.4800000016,
        5331.950000000001
      ],
      [
        -1960063.1700000009,
        5273.46
      ],
      [
        -1979877.9800000011,
        5403.920000000001
      ],
      [
        -1978823.09,
        5396.97
      ],
      [
        -1969541.8600000006,
        5318.990000000001
      ],
      [
        -1971024.8900000018,
        5327.4400000000005
      ],
      [
        -1977155.2,
        5384.890000000001
      ],
      [
        -1966834.9800000002,
        5290.95
      ],
      [
        -1964533.7300000007,
        5288.97
      ],
      [
        -1956921.2900000005,
        5270.920000000001
      ]
    ]
  },
  "solutions_count": 15,
  "solutions_directory": "C:\\Users\\hctr0\\PycharmProjects\\TFG_Hector\\31Executions\\NSGA2\\solutions\\users4\\uniform_inversion_high_mutation\\run1"
}