{
  "run_info": {
    "dataset": "users2.json",
    "config": "npoint_inversion_low_mutation",
    "run": 3,
    "execution_time": 586.2715616226196,
    "generations": 102,
    "pareto_size": 22,
    "pareto_points": [
      [
        -717396.2900000009,
        2378.26
      ],
      [
        -720895.4000000006,
        2395.2400000000002
      ],
      [
        -712202.1200000008,
        2370.2599999999998
      ],
      [
        -719806.5800000011,
        2392.21
      ],
      [
        -776565.5500000009,
        2466.2400000000002
      ],
      [
        -724731.4100000007,
        2398.69
      ],
      [
        -770876.7600000005,
        2434.26
      ],
      [
        -802561.3000000016,
        2791.109999999999
      ],
      [
        -788948.8300000004,
        2536.2700000000004
      ],
      [
        -758124.5000000012,
        2414.78
      ],
      [
        -801124.2400000013,
        2701.6499999999996
      ],
      [
        -754591.3300000009,
        2405.77
      ],
      [
        -801514.7500000012,
        2708.66
      ],
      [
        -779340.7500000006,
        2475.2400000000002
      ],
      [
        -754593.780000001,
        2412.3
      ],
      [
        -788972.9400000006,
        2540.3300000000004
      ],
      [
        -797388.3800000012,
        2639.7099999999996
      ],
      [
        -786727.9600000008,
        2476.8
      ],
      [
        -773826.000000001,
        2459.7300000000005
      ],
      [
        -787888.770000001,
        2512.7400000000002
      ],
      [
        -794599.6400000002,
        2570.2400000000002
      ],
      [
        -722402.0900000003,
        2396.6800000000003
      ]
    ]
  },
  "solutions_count": 22,
  "solutions_directory": "../results/NSGA2\\solutions\\users2\\npoint_inversion_low_mutation\\run3"
}