{
  "run_info": {
    "dataset": "users1.json",
    "config": "npoint_reset_low_crossover",
    "run": 2,
    "execution_time": 312.3502857685089,
    "generations": 93,
    "pareto_size": 13,
    "pareto_points": [
      [
        -459229.2699999996,
        1544.7199999999996
      ],
      [
        -419915.3199999996,
        1331.8199999999997
      ],
      [
        -458259.75,
        1454.2299999999998
      ],
      [
        -450179.14000000013,
        1412.7699999999998
      ],
      [
        -446449.0100000001,
        1355.2899999999997
      ],
      [
        -448212.68000000017,
        1404.7399999999998
      ],
      [
        -450935.37000000005,
        1415.7799999999997
      ],
      [
        -456349.75000000006,
        1429.2399999999998
      ],
      [
        -446390.4200000001,
        1349.3099999999997
      ],
      [
        -447711.8500000002,
        1385.7799999999997
      ],
      [
        -416570.1299999996,
        1313.3299999999997
      ],
      [
        -446516.1600000001,
        1383.7799999999997
      ],
      [
        -441599.8300000003,
        1339.3299999999997
      ]
    ]
  },
  "solutions_count": 13,
  "solutions_directory": "../results/NSGA2\\solutions\\users1\\npoint_reset_low_crossover\\run2"
}