{
  "run_info": {
    "dataset": "users4.json",
    "config": "uniform_inversion_high_mutation",
    "run": 3,
    "execution_time": 3394.5631618499756,
    "generations": 148,
    "pareto_size": 17,
    "pareto_points": [
      [
        -2044241.2299999949,
        4889.64
      ],
      [
        -2042821.1699999946,
        4870.6
      ],
      [
        -1946735.8799999966,
        4657.72
      ],
      [
        -2044073.4799999946,
        4870.62
      ],
      [
        -2059547.7799999951,
        4996.580000000001
      ],
      [
        -2036467.2599999942,
        4847.660000000002
      ],
      [
        -2035123.3199999935,
        4826.17
      ],
      [
        -2049299.5499999963,
        4909.11
      ],
      [
        -1994857.529999995,
        4659.28
      ],
      [
        -2030696.1099999945,
        4806.18
      ],
      [
        -2053630.0599999966,
        4916.64
      ],
      [
        -2049859.0799999952,
        4915.62
      ],
      [
        -2044137.1599999953,
        4879.130000000001
      ],
      [
        -2038366.8999999946,
        4858.61
      ],
      [
        -2059336.6399999957,
        4958.099999999999
      ],
      [
        -2023825.609999992,
        4723.709999999999
      ],
      [
        -2023988.209999996,
        4783.679999999999
      ]
    ]
  },
  "solutions_count": 17,
  "solutions_directory": "../results/NSGA2\\solutions\\users4\\uniform_inversion_high_mutation\\run3"
}