{
  "solution": [
    6,
    17,
    6,
    17,
    17,
    8,
    15,
    5,
    5,
    17,
    5,
    5,
    2,
    2,
    4,
    8,
    1,
    2,
    4,
    11,
    11,
    5,
    16,
    2,
    10,
    5,
    8,
    5,
    15,
    17,
    17,
    8,
    17,
    17,
    6,
    15,
    5,
    2,
    17,
    8,
    3,
    2,
    4,
    17,
    4,
    17,
    18,
    4,
    13,
    9,
    17,
    4,
    2,
    16,
    8,
    17,
    1,
    5,
    6,
    2,
    6,
    8,
    18,
    16,
    9,
    17,
    17,
    2,
    8,
    9,
    16,
    17,
    4,
    18,
    17,
    17,
    16,
    7,
    16,
    16,
    6,
    2,
    17,
    17,
    18,
    17,
    17,
    6,
    17,
    4,
    8,
    6,
    8,
    4,
    2,
    9,
    5,
    9,
    1,
    8,
    17,
    17,
    17,
    17,
    17,
    4,
    8,
    5,
    17,
    2,
    8,
    4,
    8,
    16,
    17,
    8,
    16,
    17,
    11,
    2,
    13,
    10,
    2,
    6,
    17,
    17,
    8,
    2,
    17,
    1,
    5,
    4,
    17,
    5,
    10,
    2,
    17,
    8,
    6,
    18,
    4,
    15,
    14,
    17,
    16,
    6,
    15,
    17,
    1,
    18,
    17,
    4,
    17,
    13,
    17,
    9,
    16,
    7,
    9,
    18,
    2,
    2,
    6,
    8,
    13,
    5,
    7,
    6,
    4,
    9,
    5,
    2,
    15,
    1,
    6,
    11,
    2,
    16,
    15,
    17,
    16,
    10,
    16,
    2,
    8,
    17,
    4,
    15,
    5,
    5,
    17,
    11,
    4,
    10,
    2,
    10,
    4,
    2,
    17,
    7,
    16,
    18,
    6,
    16,
    11,
    17,
    8,
    17,
    2,
    15,
    17,
    17,
    4,
    17,
    10,
    16,
    15,
    10,
    5,
    11,
    8,
    3,
    17,
    17,
    17,
    11,
    17,
    2,
    7,
    4,
    8,
    2,
    5,
    17,
    13,
    17,
    17,
    17,
    15,
    6,
    4,
    7,
    3,
    5,
    17,
    4,
    17,
    17,
    3,
    15,
    7,
    17,
    5,
    2,
    4,
    10,
    17,
    17,
    13,
    14,
    7,
    17,
    13,
    17,
    16,
    1,
    10,
    2,
    7,
    6,
    17,
    2,
    3,
    8,
    17,
    18,
    17,
    17,
    17,
    16,
    2,
    17,
    6,
    9,
    2,
    6,
    17,
    17,
    9,
    17,
    8,
    8,
    18,
    17,
    15,
    5,
    4,
    9,
    16,
    13
  ],
  "objectives": [
    381669.5599999993,
    1211.8899999999999
  ],
  "fitness": {
    "minutos_ponderados": 381669.5599999993,
    "costo_total": 1211.8899999999999
  }
}