{
  "solution": [
    4,
    10,
    17,
    17,
    17,
    17,
    17,
    2,
    8,
    2,
    17,
    16,
    2,
    8,
    17,
    17,
    5,
    17,
    17,
    8,
    7,
    4,
    5,
    16,
    17,
    17,
    17,
    5,
    16,
    17,
    17,
    13,
    2,
    17,
    17,
    17,
    17,
    17,
    17,
    17,
    17,
    7,
    17,
    16,
    11,
    17,
    4,
    17,
    2,
    8,
    17,
    8,
    17,
    17,
    2,
    5,
    17,
    17,
    17,
    1,
    17,
    17,
    5,
    17,
    12,
    17,
    2,
    17,
    17,
    17,
    17,
    4,
    17,
    17,
    2,
    17,
    16,
    5,
    17,
    8,
    8,
    17,
    17,
    17,
    16,
    16,
    10,
    17,
    8,
    16,
    5,
    17,
    17,
    8,
    2,
    17,
    6,
    17,
    17,
    4,
    17,
    10,
    10,
    2,
    6,
    8,
    17,
    5,
    17,
    15,
    8,
    17,
    17,
    17,
    17,
    7,
    14,
    5,
    17,
    17,
    17,
    17,
    14,
    17,
    15,
    2,
    8,
    2,
    17,
    2,
    8,
    8,
    17,
    7,
    17,
    17,
    17,
    9,
    17,
    6,
    2,
    17,
    17,
    2,
    17,
    5,
    17,
    17,
    2,
    17,
    17,
    12,
    17,
    16,
    17,
    2,
    9,
    8,
    17,
    16,
    17,
    8,
    7,
    7,
    6,
    17,
    10,
    8,
    2,
    17,
    17,
    12,
    5,
    17,
    8,
    17,
    15,
    6,
    17,
    17,
    17,
    17,
    17,
    16,
    17,
    17,
    17,
    5,
    8,
    8,
    17,
    17,
    17,
    3,
    8,
    17,
    17,
    15,
    2,
    17,
    17,
    17,
    17,
    17,
    17,
    8,
    8,
    2,
    17,
    9,
    17,
    17,
    17,
    17,
    8,
    17,
    4,
    17,
    8,
    6,
    17,
    16,
    8,
    18,
    16,
    17,
    17,
    9,
    17,
    17,
    8,
    17,
    2,
    2,
    17,
    4,
    17,
    17,
    17,
    9,
    8,
    2,
    17,
    17,
    12,
    17,
    5,
    17,
    10,
    8,
    13,
    1,
    17,
    17,
    17,
    17,
    17,
    14,
    17,
    17,
    4,
    17,
    4,
    17,
    17,
    17,
    2,
    17,
    6,
    17,
    2,
    17,
    17,
    17,
    14,
    5,
    17,
    8,
    17,
    17,
    17,
    16,
    2,
    17,
    17,
    5,
    17,
    17,
    17,
    17,
    17,
    17,
    5,
    17,
    8,
    17,
    17,
    12,
    5,
    3
  ],
  "objectives": [
    455558.7199999996,
    1108.1
  ],
  "fitness": {
    "minutos_ponderados": 455558.7199999996,
    "costo_total": 1108.1
  }
}