{
  "solution": [
    6,
    17,
    16,
    6,
    17,
    8,
    17,
    8,
    17,
    17,
    17,
    6,
    17,
    17,
    8,
    17,
    16,
    16,
    17,
    16,
    17,
    4,
    16,
    17,
    10,
    8,
    17,
    17,
    2,
    17,
    17,
    17,
    4,
    17,
    6,
    4,
    17,
    11,
    17,
    17,
    6,
    6,
    5,
    14,
    4,
    5,
    4,
    4,
    17,
    4,
    17,
    4,
    15,
    8,
    8,
    17,
    8,
    10,
    17,
    2,
    5,
    16,
    2,
    8,
    9,
    16,
    4,
    17,
    5,
    4,
    17,
    8,
    13,
    17,
    9,
    3,
    16,
    5,
    13,
    3,
    5,
    18,
    2,
    14,
    15,
    17,
    6,
    14,
    17,
    17,
    17,
    16,
    8,
    17,
    8,
    2,
    11,
    9,
    8,
    6,
    2,
    17,
    17,
    5,
    17,
    2,
    8,
    6,
    17,
    18,
    17,
    10,
    16,
    15,
    17,
    8,
    2,
    4,
    17,
    16,
    5,
    7,
    15,
    16,
    17,
    17,
    13,
    5,
    17,
    16,
    5,
    4,
    17,
    8,
    2,
    17,
    17,
    17,
    16,
    5,
    1,
    18,
    1,
    17,
    8,
    16,
    16,
    17,
    16,
    5,
    8,
    5,
    1,
    2,
    17,
    8,
    8,
    17,
    8,
    2,
    16,
    17,
    17,
    8,
    17,
    4,
    16,
    6,
    17,
    2,
    5,
    2,
    7,
    2,
    1,
    17,
    16,
    15,
    16,
    17,
    16,
    4,
    7,
    2,
    8,
    17,
    8,
    17,
    1,
    15,
    16,
    8,
    8,
    1,
    2,
    16,
    4,
    1,
    17,
    7,
    14,
    17,
    6,
    2,
    17,
    17,
    5,
    17,
    11,
    17,
    17,
    8,
    15,
    17,
    8,
    16,
    9,
    4,
    5,
    6,
    8,
    8,
    17,
    15,
    17,
    17,
    17,
    8,
    8,
    4,
    8,
    2,
    2,
    11,
    8,
    17,
    17,
    17,
    17,
    14,
    4,
    17,
    17,
    17,
    17,
    2,
    17,
    17,
    17,
    15,
    14,
    17,
    5,
    8,
    10,
    17,
    17,
    17,
    13,
    9,
    17,
    17,
    4,
    5,
    17,
    15,
    10,
    2,
    6,
    17,
    17,
    2,
    17,
    16,
    17,
    6,
    17,
    17,
    17,
    8,
    17,
    17,
    6,
    9,
    17,
    13,
    9,
    17,
    17,
    17,
    6,
    8,
    9,
    6,
    13,
    2,
    4,
    9,
    16,
    15
  ],
  "objectives": [
    370580.97999999975,
    1095.8899999999999
  ],
  "fitness": {
    "minutos_ponderados": 370580.97999999975,
    "costo_total": 1095.8899999999999
  }
}