{
  "solution": [
    5,
    17,
    5,
    5,
    17,
    8,
    17,
    8,
    5,
    17,
    17,
    5,
    17,
    2,
    4,
    1,
    17,
    12,
    17,
    4,
    17,
    12,
    16,
    17,
    16,
    5,
    17,
    17,
    17,
    12,
    17,
    4,
    5,
    17,
    6,
    15,
    17,
    15,
    17,
    17,
    5,
    8,
    17,
    17,
    4,
    17,
    4,
    17,
    17,
    4,
    17,
    2,
    17,
    8,
    8,
    17,
    8,
    16,
    17,
    2,
    16,
    16,
    17,
    16,
    16,
    17,
    10,
    17,
    8,
    9,
    17,
    17,
    17,
    17,
    17,
    3,
    16,
    5,
    17,
    16,
    16,
    2,
    17,
    17,
    2,
    17,
    17,
    16,
    10,
    17,
    8,
    16,
    8,
    17,
    3,
    2,
    5,
    8,
    17,
    8,
    17,
    17,
    17,
    17,
    17,
    17,
    17,
    6,
    9,
    2,
    17,
    17,
    16,
    15,
    17,
    8,
    17,
    17,
    11,
    16,
    6,
    15,
    2,
    6,
    18,
    17,
    8,
    11,
    17,
    16,
    5,
    8,
    17,
    6,
    17,
    17,
    17,
    17,
    16,
    2,
    6,
    2,
    8,
    17,
    2,
    16,
    16,
    17,
    4,
    8,
    17,
    8,
    17,
    16,
    17,
    8,
    16,
    17,
    8,
    16,
    16,
    17,
    17,
    8,
    17,
    16,
    16,
    5,
    17,
    6,
    6,
    2,
    5,
    16,
    4,
    17,
    8,
    17,
    17,
    7,
    6,
    9,
    10,
    7,
    8,
    17,
    4,
    17,
    4,
    5,
    15,
    8,
    10,
    8,
    2,
    13,
    4,
    2,
    17,
    17,
    17,
    17,
    6,
    4,
    15,
    17,
    17,
    17,
    2,
    17,
    17,
    2,
    3,
    17,
    8,
    16,
    5,
    4,
    5,
    2,
    8,
    8,
    17,
    17,
    17,
    6,
    17,
    8,
    8,
    17,
    17,
    7,
    16,
    17,
    8,
    17,
    17,
    10,
    17,
    8,
    4,
    17,
    17,
    17,
    9,
    17,
    17,
    17,
    7,
    6,
    17,
    17,
    8,
    8,
    17,
    17,
    17,
    17,
    5,
    17,
    14,
    17,
    17,
    6,
    17,
    17,
    17,
    2,
    8,
    17,
    11,
    17,
    17,
    17,
    17,
    17,
    17,
    17,
    17,
    11,
    17,
    17,
    17,
    17,
    17,
    17,
    11,
    17,
    2,
    17,
    8,
    8,
    16,
    6,
    15,
    8,
    7,
    4,
    17,
    17
  ],
  "objectives": [
    360968.95000000007,
    1051.2800000000002
  ],
  "fitness": {
    "minutos_ponderados": 360968.95000000007,
    "costo_total": 1051.2800000000002
  }
}