{
  "solution": [
    17,
    16,
    5,
    17,
    17,
    9,
    17,
    2,
    1,
    18,
    10,
    5,
    2,
    17,
    4,
    8,
    6,
    6,
    17,
    2,
    11,
    4,
    16,
    4,
    8,
    16,
    17,
    5,
    17,
    17,
    17,
    4,
    7,
    17,
    16,
    11,
    4,
    8,
    17,
    8,
    6,
    11,
    17,
    4,
    16,
    17,
    4,
    4,
    17,
    17,
    16,
    8,
    6,
    4,
    5,
    17,
    8,
    16,
    17,
    17,
    6,
    8,
    17,
    11,
    16,
    17,
    17,
    15,
    8,
    8,
    16,
    17,
    13,
    16,
    16,
    17,
    16,
    4,
    17,
    16,
    16,
    8,
    17,
    17,
    4,
    17,
    1,
    17,
    5,
    16,
    8,
    15,
    18,
    6,
    2,
    8,
    5,
    16,
    16,
    8,
    17,
    7,
    17,
    17,
    17,
    5,
    17,
    1,
    6,
    2,
    8,
    15,
    16,
    6,
    10,
    8,
    16,
    17,
    8,
    8,
    5,
    7,
    2,
    17,
    3,
    17,
    6,
    2,
    17,
    16,
    10,
    17,
    17,
    8,
    2,
    2,
    17,
    17,
    13,
    16,
    6,
    17,
    8,
    17,
    5,
    16,
    16,
    17,
    9,
    9,
    17,
    3,
    17,
    16,
    17,
    8,
    16,
    17,
    17,
    1,
    16,
    6,
    17,
    8,
    17,
    4,
    17,
    13,
    4,
    2,
    9,
    2,
    15,
    8,
    13,
    5,
    8,
    17,
    2,
    17,
    16,
    2,
    17,
    2,
    18,
    17,
    9,
    15,
    4,
    5,
    6,
    8,
    8,
    17,
    4,
    16,
    16,
    2,
    11,
    9,
    8,
    7,
    2,
    8,
    17,
    5,
    15,
    1,
    17,
    15,
    8,
    2,
    6,
    17,
    10,
    8,
    15,
    9,
    16,
    13,
    15,
    8,
    17,
    17,
    17,
    6,
    17,
    16,
    8,
    4,
    17,
    2,
    18,
    6,
    13,
    6,
    2,
    17,
    16,
    8,
    6,
    13,
    4,
    17,
    8,
    2,
    17,
    1,
    17,
    8,
    7,
    4,
    5,
    2,
    17,
    17,
    16,
    3,
    5,
    17,
    17,
    17,
    9,
    5,
    17,
    8,
    4,
    2,
    8,
    4,
    17,
    17,
    6,
    7,
    17,
    17,
    17,
    17,
    17,
    6,
    17,
    17,
    5,
    17,
    11,
    8,
    11,
    17,
    2,
    5,
    8,
    5,
    7,
    6,
    15,
    5,
    5,
    2,
    17,
    1
  ],
  "objectives": [
    374749.94000000006,
    1136.8999999999999
  ],
  "fitness": {
    "minutos_ponderados": 374749.94000000006,
    "costo_total": 1136.8999999999999
  }
}