{
  "solution": [
    8,
    8,
    5,
    17,
    17,
    16,
    17,
    5,
    6,
    2,
    4,
    5,
    17,
    9,
    4,
    10,
    17,
    17,
    17,
    8,
    17,
    17,
    16,
    17,
    16,
    15,
    1,
    17,
    17,
    17,
    6,
    4,
    5,
    17,
    6,
    3,
    8,
    12,
    2,
    8,
    7,
    8,
    17,
    17,
    1,
    17,
    5,
    17,
    17,
    4,
    16,
    2,
    17,
    2,
    17,
    6,
    10,
    4,
    4,
    16,
    17,
    10,
    17,
    16,
    2,
    6,
    17,
    2,
    17,
    17,
    4,
    11,
    17,
    17,
    17,
    13,
    17,
    8,
    1,
    7,
    16,
    2,
    1,
    16,
    6,
    17,
    11,
    16,
    5,
    2,
    8,
    16,
    8,
    17,
    11,
    4,
    5,
    10,
    17,
    8,
    8,
    5,
    17,
    17,
    17,
    5,
    8,
    5,
    17,
    4,
    17,
    17,
    16,
    4,
    17,
    18,
    17,
    17,
    4,
    6,
    2,
    15,
    2,
    17,
    17,
    14,
    16,
    2,
    8,
    5,
    5,
    8,
    17,
    1,
    17,
    17,
    17,
    17,
    2,
    6,
    6,
    2,
    16,
    17,
    2,
    16,
    16,
    18,
    17,
    18,
    17,
    8,
    17,
    4,
    17,
    9,
    10,
    17,
    12,
    16,
    8,
    17,
    17,
    8,
    17,
    16,
    6,
    6,
    17,
    6,
    13,
    5,
    2,
    15,
    6,
    17,
    8,
    14,
    8,
    9,
    4,
    17,
    16,
    4,
    8,
    15,
    4,
    6,
    5,
    2,
    17,
    8,
    4,
    17,
    2,
    16,
    4,
    2,
    15,
    16,
    16,
    2,
    6,
    10,
    17,
    17,
    8,
    8,
    2,
    17,
    17,
    17,
    17,
    17,
    16,
    8,
    8,
    4,
    14,
    2,
    16,
    9,
    17,
    17,
    17,
    6,
    17,
    5,
    16,
    17,
    17,
    17,
    11,
    4,
    13,
    17,
    17,
    17,
    7,
    8,
    4,
    6,
    5,
    11,
    17,
    9,
    17,
    17,
    3,
    3,
    7,
    6,
    1,
    6,
    17,
    17,
    17,
    17,
    5,
    18,
    17,
    17,
    17,
    1,
    17,
    17,
    16,
    16,
    17,
    17,
    4,
    17,
    14,
    8,
    15,
    17,
    9,
    17,
    17,
    2,
    17,
    17,
    17,
    17,
    17,
    17,
    9,
    17,
    2,
    17,
    8,
    8,
    16,
    17,
    15,
    1,
    5,
    9,
    16,
    17
  ],
  "objectives": [
    380478.5100000002,
    1153.82
  ],
  "fitness": {
    "minutos_ponderados": 380478.5100000002,
    "costo_total": 1153.82
  }
}