{
  "solution": [
    4,
    17,
    17,
    17,
    17,
    1,
    8,
    2,
    8,
    16,
    17,
    16,
    2,
    8,
    17,
    17,
    8,
    4,
    17,
    8,
    17,
    17,
    5,
    16,
    17,
    17,
    1,
    8,
    16,
    17,
    17,
    9,
    2,
    17,
    17,
    17,
    17,
    17,
    17,
    11,
    17,
    17,
    17,
    17,
    17,
    17,
    4,
    17,
    2,
    8,
    17,
    8,
    17,
    17,
    2,
    5,
    5,
    17,
    17,
    9,
    17,
    17,
    5,
    17,
    8,
    17,
    16,
    17,
    17,
    17,
    17,
    4,
    17,
    17,
    2,
    17,
    16,
    17,
    17,
    8,
    8,
    17,
    17,
    17,
    16,
    16,
    16,
    17,
    8,
    16,
    17,
    17,
    17,
    8,
    2,
    16,
    17,
    17,
    17,
    4,
    17,
    17,
    17,
    17,
    6,
    8,
    17,
    5,
    17,
    15,
    8,
    17,
    9,
    17,
    17,
    8,
    8,
    17,
    17,
    17,
    17,
    17,
    16,
    17,
    17,
    17,
    8,
    2,
    17,
    15,
    8,
    17,
    17,
    5,
    17,
    17,
    17,
    2,
    17,
    6,
    17,
    17,
    17,
    17,
    13,
    6,
    17,
    17,
    4,
    17,
    17,
    18,
    17,
    16,
    17,
    5,
    17,
    8,
    8,
    17,
    17,
    8,
    17,
    17,
    17,
    17,
    17,
    8,
    2,
    17,
    17,
    13,
    5,
    10,
    8,
    17,
    15,
    6,
    6,
    17,
    15,
    17,
    17,
    16,
    17,
    17,
    2,
    17,
    8,
    8,
    17,
    17,
    5,
    8,
    8,
    17,
    17,
    17,
    17,
    17,
    9,
    17,
    17,
    17,
    17,
    8,
    17,
    17,
    17,
    9,
    17,
    17,
    17,
    17,
    17,
    10,
    4,
    17,
    8,
    2,
    17,
    16,
    8,
    17,
    16,
    8,
    17,
    9,
    17,
    17,
    8,
    17,
    2,
    2,
    17,
    17,
    17,
    17,
    17,
    17,
    8,
    2,
    17,
    17,
    17,
    4,
    5,
    17,
    17,
    8,
    17,
    17,
    17,
    17,
    17,
    17,
    17,
    17,
    17,
    17,
    4,
    17,
    17,
    17,
    17,
    17,
    2,
    17,
    8,
    17,
    8,
    17,
    17,
    17,
    4,
    5,
    17,
    8,
    17,
    17,
    17,
    16,
    11,
    17,
    2,
    5,
    17,
    17,
    17,
    17,
    18,
    17,
    5,
    17,
    8,
    17,
    4,
    2,
    5,
    17
  ],
  "objectives": [
    439906.6099999997,
    972.0
  ],
  "fitness": {
    "minutos_ponderados": 439906.6099999997,
    "costo_total": 972.0
  }
}