{
  "solution": [
    5,
    17,
    5,
    17,
    17,
    8,
    17,
    8,
    5,
    17,
    17,
    8,
    17,
    17,
    4,
    17,
    17,
    2,
    17,
    15,
    2,
    17,
    16,
    17,
    16,
    5,
    17,
    17,
    17,
    17,
    1,
    6,
    5,
    9,
    6,
    4,
    17,
    17,
    17,
    17,
    6,
    8,
    17,
    17,
    4,
    17,
    4,
    17,
    17,
    12,
    17,
    2,
    17,
    8,
    8,
    4,
    8,
    17,
    17,
    2,
    17,
    16,
    17,
    16,
    16,
    17,
    17,
    17,
    8,
    4,
    17,
    17,
    17,
    17,
    17,
    11,
    16,
    5,
    2,
    16,
    16,
    2,
    17,
    17,
    2,
    17,
    2,
    16,
    17,
    17,
    8,
    16,
    8,
    17,
    2,
    8,
    5,
    14,
    17,
    15,
    12,
    17,
    3,
    17,
    17,
    17,
    1,
    6,
    17,
    2,
    17,
    17,
    16,
    15,
    17,
    11,
    17,
    17,
    17,
    16,
    5,
    15,
    2,
    17,
    17,
    17,
    16,
    2,
    17,
    16,
    5,
    8,
    17,
    3,
    17,
    17,
    17,
    17,
    18,
    2,
    6,
    2,
    5,
    17,
    2,
    16,
    16,
    17,
    17,
    8,
    6,
    18,
    10,
    16,
    17,
    8,
    16,
    17,
    1,
    16,
    16,
    17,
    9,
    8,
    17,
    16,
    16,
    6,
    17,
    6,
    5,
    2,
    5,
    17,
    17,
    17,
    8,
    17,
    16,
    17,
    16,
    17,
    11,
    2,
    8,
    17,
    4,
    17,
    4,
    5,
    17,
    8,
    4,
    2,
    2,
    16,
    7,
    2,
    17,
    7,
    17,
    17,
    6,
    8,
    17,
    17,
    8,
    17,
    2,
    17,
    17,
    18,
    17,
    17,
    8,
    16,
    15,
    4,
    5,
    2,
    8,
    8,
    5,
    14,
    17,
    6,
    6,
    8,
    8,
    17,
    2,
    2,
    16,
    17,
    8,
    17,
    17,
    17,
    17,
    8,
    4,
    17,
    17,
    17,
    11,
    17,
    17,
    17,
    17,
    5,
    17,
    17,
    5,
    8,
    17,
    17,
    17,
    17,
    5,
    17,
    12,
    17,
    17,
    17,
    18,
    17,
    17,
    2,
    8,
    3,
    17,
    17,
    17,
    17,
    17,
    17,
    17,
    17,
    17,
    8,
    2,
    17,
    6,
    17,
    17,
    17,
    17,
    17,
    7,
    17,
    8,
    8,
    16,
    6,
    15,
    8,
    2,
    18,
    17,
    17
  ],
  "objectives": [
    367846.2299999995,
    1087.23
  ],
  "fitness": {
    "minutos_ponderados": 367846.2299999995,
    "costo_total": 1087.23
  }
}