{
  "run_info": {
    "dataset": "users2.json",
    "config": "uniform_inversion_high_mutation",
    "run": 11,
    "execution_time": 423.01684522628784,
    "generations": 109,
    "pareto_size": 22,
    "pareto_points": [
      [
        -786579.0500000005,
        2174.7999999999997
      ],
      [
        -776311.9400000004,
        2137.89
      ],
      [
        -789351.3500000002,
        2187.2699999999995
      ],
      [
        -794239.1600000004,
        2194.7799999999997
      ],
      [
        -785229.1800000005,
        2163.8
      ],
      [
        -803733.0,
        2249.77
      ],
      [
        -814249.9400000002,
        2287.83
      ],
      [
        -821138.0000000002,
        2405.1600000000003
      ],
      [
        -820026.5699999996,
        2388.1900000000005
      ],
      [
        -819368.7300000002,
        2344.7799999999997
      ],
      [
        -823707.8499999999,
        2406.6800000000003
      ],
      [
        -794380.8799999998,
        2208.26
      ],
      [
        -801897.5600000004,
        2247.81
      ],
      [
        -817838.4700000004,
        2330.7999999999997
      ],
      [
        -803712.67,
        2249.2599999999998
      ],
      [
        -800916.26,
        2222.84
      ],
      [
        -812209.9199999995,
        2286.2399999999993
      ],
      [
        -782300.7900000005,
        2154.83
      ],
      [
        -807583.8100000003,
        2262.75
      ],
      [
        -811501.9700000001,
        2262.84
      ],
      [
        -817269.5700000001,
        2328.77
      ],
      [
        -816714.7400000005,
        2302.2799999999997
      ]
    ]
  },
  "solutions_count": 22,
  "solutions_directory": "C:\\Users\\hctr0\\PycharmProjects\\TFG_Hector\\31Executions\\NSGA2\\solutions\\users2\\uniform_inversion_high_mutation\\run11"
}