{
  "solution": [
    16,
    16,
    17,
    2,
    8,
    17,
    8,
    9,
    10,
    17,
    17,
    2,
    4,
    18,
    17,
    17,
    2,
    17,
    17,
    17,
    16,
    17,
    5,
    17,
    5,
    16,
    17,
    10,
    8,
    6,
    17,
    16,
    17,
    1,
    17,
    17,
    17,
    17,
    5,
    17,
    8,
    4,
    17,
    17,
    17,
    2,
    8,
    3,
    4,
    15,
    15,
    17,
    6,
    14,
    17,
    8,
    11,
    17,
    17,
    8,
    17,
    17,
    5,
    10,
    8,
    8,
    4,
    17,
    17,
    17,
    2,
    17,
    16,
    14,
    17,
    17,
    17,
    6,
    8,
    17,
    17,
    17,
    17,
    1,
    17,
    16,
    18,
    8,
    14,
    17,
    6,
    17,
    8,
    16,
    11,
    15,
    17,
    17,
    17,
    5,
    8,
    2,
    17,
    17,
    17,
    17,
    8,
    17,
    17,
    8,
    10,
    4,
    17,
    17,
    2,
    17,
    2,
    8,
    13,
    5,
    17,
    17,
    2,
    17,
    17,
    5,
    16,
    7,
    17,
    4,
    16,
    6,
    8,
    17,
    17,
    16,
    17,
    17,
    7,
    2,
    17,
    15,
    5,
    5,
    17,
    17,
    8,
    17,
    16,
    5,
    15,
    8,
    17,
    17,
    6,
    17,
    17,
    17,
    5,
    17,
    17,
    2,
    6,
    2,
    5,
    17,
    16,
    15,
    2,
    14,
    16,
    2,
    17,
    17,
    5,
    14,
    4,
    2,
    11,
    17,
    4,
    2,
    17,
    14,
    17,
    6,
    17,
    8,
    17,
    17,
    17,
    8,
    4,
    18,
    17,
    4,
    17,
    8,
    16,
    17,
    18,
    17,
    17,
    2,
    8,
    16,
    4,
    17,
    17,
    6,
    17,
    17,
    16,
    17,
    8,
    17,
    4,
    17,
    5,
    16,
    16,
    15,
    5,
    6,
    17,
    8,
    17,
    17,
    4,
    4,
    17,
    17,
    8,
    8,
    8,
    7,
    17,
    17,
    5,
    17,
    17,
    4,
    17,
    17,
    17,
    17,
    17,
    7,
    17,
    5,
    8,
    17,
    4,
    8,
    17,
    8,
    6,
    8,
    17,
    17,
    17,
    3,
    5,
    17,
    18,
    5,
    8,
    6,
    17,
    17,
    4,
    4,
    17,
    12,
    8,
    17,
    10,
    11,
    2,
    17,
    4,
    17,
    17,
    17,
    8,
    17,
    2,
    17,
    17,
    17,
    16,
    16,
    17,
    5,
    4,
    17,
    4,
    17,
    8,
    17
  ],
  "objectives": [
    353099.7200000004,
    1109.7100000000003
  ],
  "fitness": {
    "minutos_ponderados": 353099.7200000004,
    "costo_total": 1109.7100000000003
  }
}