{
  "run_info": {
    "dataset": "users2.json",
    "config": "uniform_reset_high_crossover",
    "run": 1,
    "execution_time": 154.58895874023438,
    "generations": 50,
    "pareto_size": 25,
    "pareto_points": [
      [
        -756091.4900000015,
        2379.26
      ],
      [
        -778683.210000002,
        2433.2300000000005
      ],
      [
        -792153.8300000019,
        2547.71
      ],
      [
        -771105.7100000015,
        2404.76
      ],
      [
        -774415.8000000018,
        2426.7500000000005
      ],
      [
        -784329.2100000011,
        2440.26
      ],
      [
        -788136.280000002,
        2473.25
      ],
      [
        -789103.5500000014,
        2499.7400000000002
      ],
      [
        -760805.9400000012,
        2395.32
      ],
      [
        -793393.1200000016,
        2572.7
      ],
      [
        -773567.1100000017,
        2412.2599999999998
      ],
      [
        -792361.1400000019,
        2561.6900000000005
      ],
      [
        -768715.1900000011,
        2401.2700000000004
      ],
      [
        -790969.8200000019,
        2500.2400000000007
      ],
      [
        -763372.9200000014,
        2399.7300000000005
      ],
      [
        -788378.580000002,
        2477.23
      ],
      [
        -791588.4600000018,
        2509.71
      ],
      [
        -783498.1400000019,
        2440.2400000000002
      ],
      [
        -780087.2500000014,
        2439.8
      ],
      [
        -791125.0700000019,
        2506.23
      ],
      [
        -758077.2300000016,
        2384.7400000000002
      ],
      [
        -792059.1200000019,
        2538.24
      ],
      [
        -789832.9400000019,
        2500.2200000000007
      ],
      [
        -785336.2500000014,
        2447.26
      ],
      [
        -777832.1000000016,
        2432.29
      ]
    ]
  },
  "solutions_count": 25,
  "solutions_directory": "../results/SPEA2\\solutions\\users2\\uniform_reset_high_crossover\\run1"
}