{
  "run_info": {
    "dataset": "users5.json",
    "config": "uniform_inversion_high_mutation",
    "run": 15,
    "execution_time": 3558.8843557834625,
    "generations": 121,
    "pareto_size": 14,
    "pareto_points": [
      [
        -3311092.1499999985,
        7975.280000000002
      ],
      [
        -3286775.5400000014,
        7905.250000000002
      ],
      [
        -3299486.0599999977,
        7923.7800000000025
      ],
      [
        -3275628.030000003,
        7880.720000000001
      ],
      [
        -3348093.43,
        8121.160000000003
      ],
      [
        -3348951.8700000034,
        8123.630000000002
      ],
      [
        -3351348.160000001,
        8140.260000000001
      ],
      [
        -3353541.6600000025,
        8151.710000000001
      ],
      [
        -3345119.7800000007,
        8103.670000000002
      ],
      [
        -3344071.3000000073,
        8002.8200000000015
      ],
      [
        -3367693.370000006,
        8215.680000000002
      ],
      [
        -3344670.040000003,
        8100.770000000002
      ],
      [
        -3361665.950000001,
        8153.680000000001
      ],
      [
        -3304937.0200000005,
        7965.280000000002
      ]
    ]
  },
  "solutions_count": 14,
  "solutions_directory": "C:\\Users\\hctr0\\PycharmProjects\\TFG_Hector\\31Executions\\NSGA2\\solutions\\users5\\uniform_inversion_high_mutation\\run15"
}