{
  "run_info": {
    "dataset": "users5.json",
    "config": "npoint_inversion_low_mutation",
    "run": 2,
    "execution_time": 7004.531947612762,
    "generations": 168,
    "pareto_size": 28,
    "pareto_points": [
      [
        -2946942.9000000013,
        8859.880000000001
      ],
      [
        -2947741.0900000012,
        8870.350000000002
      ],
      [
        -2943184.180000002,
        8843.380000000001
      ],
      [
        -2941946.440000002,
        8840.36
      ],
      [
        -3066383.5499999993,
        9296.570000000002
      ],
      [
        -3078231.1700000023,
        9338.020000000002
      ],
      [
        -3037680.0400000014,
        9144.670000000002
      ],
      [
        -2994228.4200000055,
        8940.21
      ],
      [
        -3026150.1799999992,
        9119.670000000002
      ],
      [
        -2965085.280000003,
        8870.83
      ],
      [
        -3044105.01,
        9189.150000000003
      ],
      [
        -2945925.250000001,
        8853.870000000003
      ],
      [
        -3062422.02,
        9249.63
      ],
      [
        -3076713.4300000016,
        9321.04
      ],
      [
        -3052450.860000002,
        9213.160000000002
      ],
      [
        -3108549.6599999955,
        9428.970000000001
      ],
      [
        -3065623.280000002,
        9289.09
      ],
      [
        -2942500.600000003,
        8843.33
      ],
      [
        -2983690.210000005,
        8875.810000000001
      ],
      [
        -3039655.2,
        9148.190000000002
      ],
      [
        -3106968.699999995,
        9424.960000000001
      ],
      [
        -3025982.44,
        9112.710000000003
      ],
      [
        -2988077.7600000054,
        8934.220000000001
      ],
      [
        -3035934.750000002,
        9132.71
      ],
      [
        -3102070.4799999944,
        9352.970000000003
      ],
      [
        -3111497.959999995,
        9470.41
      ],
      [
        -3008230.2400000095,
        8956.26
      ],
      [
        -3073907.600000002,
        9312.54
      ]
    ]
  },
  "solutions_count": 28,
  "solutions_directory": "../results/NSGA2\\solutions\\users5\\npoint_inversion_low_mutation\\run2"
}