{
  "run_info": {
    "dataset": "users1.json",
    "config": "uniform_reset_high_crossover",
    "run": 4,
    "execution_time": 86.96676278114319,
    "generations": 48,
    "pareto_size": 26,
    "pareto_points": [
      [
        -438640.79999999894,
        1316.81
      ],
      [
        -451103.0599999993,
        1372.8
      ],
      [
        -464313.4899999991,
        1479.77
      ],
      [
        -457646.2499999993,
        1411.32
      ],
      [
        -452180.97999999934,
        1387.34
      ],
      [
        -450130.8599999994,
        1356.84
      ],
      [
        -445680.2099999993,
        1342.29
      ],
      [
        -445637.7899999994,
        1334.8300000000002
      ],
      [
        -457688.6699999992,
        1421.79
      ],
      [
        -451466.259999999,
        1381.32
      ],
      [
        -464271.06999999913,
        1462.8
      ],
      [
        -460756.65999999904,
        1439.78
      ],
      [
        -462782.86999999936,
        1462.27
      ],
      [
        -461771.70999999903,
        1439.81
      ],
      [
        -456568.5399999989,
        1408.8
      ],
      [
        -460714.2399999991,
        1422.81
      ],
      [
        -462691.27999999915,
        1461.2999999999997
      ],
      [
        -456368.819999999,
        1395.81
      ],
      [
        -464513.209999999,
        1496.7499999999995
      ],
      [
        -446373.449999999,
        1346.3300000000002
      ],
      [
        -455596.33999999886,
        1394.8099999999997
      ],
      [
        -451145.4799999993,
        1380.2599999999998
      ],
      [
        -452528.34999999905,
        1390.3100000000002
      ],
      [
        -455248.96999999916,
        1393.8399999999997
      ],
      [
        -449068.7699999994,
        1352.83
      ],
      [
        -440153.5999999989,
        1319.2999999999997
      ]
    ]
  },
  "solutions_count": 26,
  "solutions_directory": "../results/SPEA2\\solutions\\users1\\uniform_reset_high_crossover\\run4"
}