{
  "run_info": {
    "dataset": "users3.json",
    "config": "uniform_inversion_high_mutation",
    "run": 1,
    "execution_time": 583.1004168987274,
    "generations": 107,
    "pareto_size": 19,
    "pareto_points": [
      [
        -1221237.2799999993,
        3243.7300000000005
      ],
      [
        -1238711.7399999993,
        3255.1600000000003
      ],
      [
        -1249528.8999999994,
        3300.6499999999996
      ],
      [
        -1251048.6699999997,
        3305.64
      ],
      [
        -1244719.0899999999,
        3258.6800000000007
      ],
      [
        -1249527.269999999,
        3295.62
      ],
      [
        -1254967.869999999,
        3377.61
      ],
      [
        -1227460.2599999995,
        3248.21
      ],
      [
        -1254320.229999999,
        3323.1800000000003
      ],
      [
        -1253802.8999999992,
        3315.65
      ],
      [
        -1254180.8199999991,
        3320.17
      ],
      [
        -1254406.279999999,
        3347.1500000000005
      ],
      [
        -1254476.3499999992,
        3347.1600000000003
      ],
      [
        -1255037.9399999992,
        3392.61
      ],
      [
        -1245773.67,
        3279.6499999999996
      ],
      [
        -1247574.64,
        3281.19
      ],
      [
        -1249441.219999999,
        3286.1200000000003
      ],
      [
        -1254896.049999999,
        3351.66
      ],
      [
        -1249670.7899999996,
        3304.1600000000003
      ]
    ]
  },
  "solutions_count": 19,
  "solutions_directory": "../results/SPEA2\\solutions\\users3\\uniform_inversion_high_mutation\\run1"
}