{
  "run_info": {
    "dataset": "users2.json",
    "config": "npoint_reset_low_crossover",
    "run": 5,
    "execution_time": 157.53897833824158,
    "generations": 41,
    "pareto_size": 11,
    "pareto_points": [
      [
        -740654.6400000023,
        2719.4900000000002
      ],
      [
        -732601.3800000026,
        2651.56
      ],
      [
        -734580.4600000024,
        2652.54
      ],
      [
        -742578.6600000021,
        2760.0600000000004
      ],
      [
        -746174.5800000024,
        2792.01
      ],
      [
        -742750.8000000016,
        2783.5200000000004
      ],
      [
        -748976.9600000023,
        2795.0
      ],
      [
        -741543.4800000024,
        2751.4900000000007
      ],
      [
        -720656.4600000026,
        2598.09
      ],
      [
        -725288.6100000027,
        2607.6
      ],
      [
        -736814.2899999988,
        2697.61
      ]
    ]
  },
  "solutions_count": 11,
  "solutions_directory": "../results/SPEA2\\solutions\\users2\\npoint_reset_low_crossover\\run5"
}