{
  "solution": [
    17,
    16,
    17,
    17,
    16,
    17,
    17,
    17,
    8,
    5,
    14,
    17,
    4,
    17,
    8,
    5,
    17,
    17,
    4,
    9,
    17,
    8,
    2,
    8,
    17,
    4,
    17,
    2,
    3,
    12,
    5,
    8,
    8,
    17,
    8,
    15,
    2,
    17,
    17,
    16,
    2,
    17,
    17,
    17,
    8,
    14,
    2,
    6,
    8,
    5,
    8,
    17,
    11,
    8,
    4,
    14,
    16,
    4,
    2,
    17,
    16,
    17,
    17,
    8,
    17,
    4,
    16,
    17,
    8,
    8,
    8,
    18,
    17,
    8,
    4,
    2,
    8,
    17,
    17,
    2,
    5,
    8,
    17,
    2,
    17,
    4,
    17,
    2,
    2,
    6,
    17,
    17,
    8,
    17,
    8,
    17,
    17,
    16,
    16,
    17,
    17,
    8,
    17,
    17,
    15,
    17,
    10,
    8,
    17,
    17,
    17,
    5,
    16,
    17,
    17,
    17,
    2,
    17,
    2,
    4,
    17,
    4,
    16,
    17,
    17,
    17,
    8,
    17,
    16,
    17,
    9,
    4,
    17,
    5,
    17,
    17,
    2,
    17,
    7,
    2,
    8,
    17,
    17,
    8,
    4,
    17,
    17,
    17,
    17,
    4,
    2,
    2,
    5,
    17,
    5,
    17,
    16,
    17,
    17,
    17,
    4,
    4,
    17,
    17,
    17,
    17,
    8,
    17,
    5,
    17,
    17,
    18,
    17,
    17,
    8,
    15,
    15,
    4,
    17,
    12,
    3,
    17,
    8,
    17,
    17,
    2,
    5,
    17,
    3,
    17,
    17,
    17,
    4,
    8,
    5,
    16,
    17,
    17,
    8,
    17,
    8,
    8,
    17,
    6,
    16,
    15,
    17,
    17,
    2,
    8,
    17,
    17,
    8,
    8,
    2,
    17,
    17,
    17,
    17,
    8,
    16,
    4,
    17,
    17,
    17,
    9,
    17,
    17,
    5,
    10,
    17,
    17,
    17,
    17,
    17,
    17,
    17,
    12,
    8,
    17,
    13,
    4,
    17,
    17,
    5,
    17,
    17,
    17,
    5,
    2,
    2,
    5,
    17,
    10,
    17,
    17,
    17,
    17,
    17,
    4,
    8,
    17,
    17,
    17,
    8,
    17,
    17,
    17,
    17,
    17,
    8,
    16,
    8,
    8,
    5,
    2,
    17,
    17,
    17,
    8,
    16,
    9,
    8,
    17,
    5,
    2,
    2,
    17,
    8,
    17,
    17,
    5,
    15,
    17,
    16,
    5,
    17,
    2,
    5,
    17
  ],
  "objectives": [
    333491.8299999996,
    1038.23
  ],
  "fitness": {
    "minutos_ponderados": 333491.8299999996,
    "costo_total": 1038.23
  }
}