{
  "solution": [
    17,
    6,
    17,
    14,
    16,
    17,
    2,
    17,
    8,
    5,
    5,
    17,
    17,
    17,
    8,
    5,
    17,
    17,
    4,
    5,
    17,
    8,
    2,
    17,
    17,
    4,
    5,
    2,
    17,
    4,
    5,
    8,
    8,
    17,
    8,
    4,
    2,
    17,
    17,
    16,
    16,
    17,
    17,
    17,
    8,
    8,
    2,
    2,
    8,
    5,
    8,
    17,
    10,
    8,
    4,
    15,
    5,
    4,
    17,
    17,
    17,
    17,
    17,
    8,
    3,
    17,
    16,
    17,
    8,
    16,
    15,
    8,
    17,
    8,
    16,
    10,
    14,
    17,
    17,
    2,
    17,
    9,
    17,
    17,
    17,
    14,
    17,
    2,
    8,
    6,
    17,
    17,
    1,
    3,
    12,
    17,
    17,
    16,
    10,
    17,
    2,
    8,
    17,
    17,
    8,
    17,
    11,
    8,
    16,
    17,
    17,
    5,
    16,
    1,
    17,
    17,
    16,
    10,
    2,
    4,
    16,
    4,
    16,
    17,
    17,
    17,
    8,
    17,
    16,
    17,
    9,
    4,
    17,
    2,
    17,
    15,
    2,
    17,
    15,
    2,
    4,
    17,
    17,
    8,
    4,
    4,
    17,
    2,
    17,
    4,
    2,
    2,
    17,
    4,
    5,
    17,
    17,
    17,
    17,
    17,
    12,
    4,
    17,
    17,
    17,
    17,
    1,
    7,
    2,
    17,
    17,
    11,
    17,
    12,
    6,
    17,
    17,
    17,
    17,
    8,
    17,
    17,
    8,
    17,
    17,
    2,
    5,
    7,
    4,
    17,
    17,
    3,
    4,
    8,
    5,
    17,
    17,
    13,
    8,
    17,
    8,
    8,
    15,
    17,
    5,
    17,
    17,
    8,
    2,
    8,
    17,
    17,
    3,
    8,
    2,
    17,
    17,
    17,
    17,
    8,
    17,
    4,
    11,
    17,
    17,
    8,
    17,
    17,
    2,
    17,
    17,
    17,
    17,
    17,
    17,
    17,
    17,
    12,
    8,
    17,
    17,
    15,
    17,
    17,
    5,
    17,
    17,
    17,
    5,
    2,
    2,
    5,
    17,
    2,
    17,
    17,
    17,
    17,
    17,
    4,
    8,
    17,
    5,
    8,
    8,
    2,
    17,
    16,
    17,
    17,
    17,
    16,
    17,
    14,
    5,
    2,
    9,
    17,
    17,
    8,
    16,
    17,
    8,
    17,
    5,
    17,
    2,
    17,
    8,
    17,
    17,
    5,
    8,
    17,
    16,
    5,
    11,
    2,
    5,
    17
  ],
  "objectives": [
    340802.4699999998,
    1041.8
  ],
  "fitness": {
    "minutos_ponderados": 340802.4699999998,
    "costo_total": 1041.8
  }
}