{
  "run_info": {
    "dataset": "users2.json",
    "config": "npoint_inversion_low_mutation",
    "run": 1,
    "execution_time": 1631.8890225887299,
    "generations": 261,
    "pareto_size": 14,
    "pareto_points": [
      [
        -809722.0999999996,
        2373.6800000000003
      ],
      [
        -810560.4399999997,
        2385.66
      ],
      [
        -816943.1999999998,
        2421.6800000000003
      ],
      [
        -810525.6099999996,
        2382.7200000000003
      ],
      [
        -823969.5400000007,
        2460.1000000000004
      ],
      [
        -805188.2399999992,
        2366.69
      ],
      [
        -815164.7299999997,
        2411.19
      ],
      [
        -822191.0700000006,
        2453.59
      ],
      [
        -819788.26,
        2425.69
      ],
      [
        -826364.7400000009,
        2466.57
      ],
      [
        -814172.2099999997,
        2390.71
      ],
      [
        -815010.5499999998,
        2401.7
      ],
      [
        -826558.010000001,
        2524.0400000000004
      ],
      [
        -821589.4000000003,
        2439.14
      ]
    ]
  },
  "solutions_count": 14,
  "solutions_directory": "../results/SPEA2\\solutions\\users2\\npoint_inversion_low_mutation\\run1"
}