{
  "run_info": {
    "dataset": "users1.json",
    "config": "uniform_inversion_high_mutation",
    "run": 18,
    "execution_time": 303.84246826171875,
    "generations": 126,
    "pareto_size": 15,
    "pareto_points": [
      [
        -504835.62000000005,
        1005.83
      ],
      [
        -503743.97,
        989.8099999999998
      ],
      [
        -511056.5799999999,
        1168.1699999999996
      ],
      [
        -508217.66000000003,
        1035.77
      ],
      [
        -511508.6699999999,
        1179.1599999999999
      ],
      [
        -491535.5600000001,
        986.8299999999999
      ],
      [
        -510717.1000000001,
        1106.2299999999998
      ],
      [
        -510737.55000000005,
        1129.1999999999998
      ],
      [
        -509091.32999999984,
        1043.26
      ],
      [
        -507016.81,
        1006.84
      ],
      [
        -509070.8799999999,
        1035.78
      ],
      [
        -507676.5699999999,
        1011.32
      ],
      [
        -510747.5000000001,
        1140.68
      ],
      [
        -510727.05000000016,
        1117.71
      ],
      [
        -509927.08999999997,
        1045.26
      ]
    ]
  },
  "solutions_count": 15,
  "solutions_directory": "C:\\Users\\hctr0\\PycharmProjects\\TFG_Hector\\31Executions\\NSGA2\\solutions\\users1\\uniform_inversion_high_mutation\\run18"
}