{
  "solution": [
    17,
    2,
    15,
    17,
    17,
    2,
    4,
    9,
    17,
    2,
    3,
    17,
    11,
    8,
    5,
    3,
    4,
    4,
    10,
    17,
    8,
    15,
    17,
    11,
    7,
    17,
    5,
    17,
    13,
    2,
    1,
    4,
    2,
    18,
    17,
    17,
    4,
    2,
    17,
    17,
    16,
    3,
    8,
    17,
    8,
    10,
    17,
    17,
    5,
    4,
    2,
    3,
    8,
    2,
    5,
    5,
    2,
    17,
    17,
    16,
    7,
    16,
    2,
    8,
    8,
    6,
    17,
    2,
    8,
    14,
    16,
    5,
    16,
    17,
    4,
    6,
    5,
    2,
    17,
    4,
    15,
    8,
    17,
    17,
    17,
    17,
    17,
    2,
    9,
    2,
    17,
    11,
    9,
    18,
    16,
    9,
    8,
    10,
    2,
    17,
    15,
    17,
    5,
    4,
    6,
    2,
    8,
    17,
    2,
    11,
    4,
    5,
    2,
    17,
    8,
    17,
    5,
    5,
    9,
    17,
    17,
    8,
    16,
    8,
    2,
    4,
    4,
    17,
    17,
    2,
    17,
    17,
    16,
    17,
    6,
    10,
    5,
    8,
    11,
    17,
    17,
    6,
    17,
    4,
    16,
    8,
    17,
    8,
    2,
    7,
    17,
    5,
    16,
    7,
    17,
    4,
    17,
    3,
    16,
    17,
    16,
    16,
    17,
    4,
    17,
    5,
    18,
    17,
    7,
    8,
    8,
    17,
    8,
    16,
    8,
    4,
    14,
    8,
    17,
    17,
    15,
    8,
    11,
    15,
    8,
    17,
    17,
    7,
    2,
    17,
    4,
    16,
    17,
    17,
    16,
    6,
    17,
    8,
    10,
    17,
    17,
    3,
    18,
    9,
    8,
    17,
    18,
    16,
    17,
    8,
    8,
    11,
    17,
    8,
    17,
    17,
    17,
    4,
    2,
    17,
    15,
    8,
    8,
    2,
    2,
    16,
    17,
    8,
    17,
    17,
    17,
    16,
    2,
    17,
    5,
    17,
    16,
    4,
    8,
    16,
    8,
    15,
    5,
    3,
    17,
    10,
    16,
    6,
    15,
    17,
    4,
    17,
    8,
    18,
    17,
    17,
    17,
    2,
    15,
    17,
    8,
    16,
    17,
    11,
    8,
    4,
    2,
    5,
    8,
    17,
    16,
    17,
    17,
    8,
    2,
    4,
    17,
    17,
    1,
    15,
    9,
    8,
    17,
    5,
    17,
    17,
    2,
    4,
    6,
    1,
    8,
    17,
    17,
    8,
    6,
    17,
    8,
    17,
    4,
    17
  ],
  "objectives": [
    355195.19999999984,
    1106.43
  ],
  "fitness": {
    "minutos_ponderados": 355195.19999999984,
    "costo_total": 1106.43
  }
}