{
  "solution": [
    16,
    17,
    6,
    16,
    17,
    8,
    17,
    11,
    17,
    12,
    17,
    8,
    4,
    8,
    15,
    2,
    4,
    1,
    6,
    9,
    6,
    17,
    4,
    17,
    5,
    17,
    8,
    17,
    17,
    9,
    17,
    13,
    6,
    17,
    5,
    17,
    15,
    6,
    8,
    17,
    4,
    16,
    8,
    8,
    17,
    8,
    17,
    16,
    16,
    5,
    11,
    2,
    4,
    9,
    8,
    15,
    17,
    2,
    7,
    17,
    17,
    17,
    17,
    17,
    17,
    16,
    17,
    17,
    17,
    17,
    17,
    17,
    2,
    17,
    2,
    5,
    4,
    11,
    9,
    17,
    17,
    15,
    17,
    17,
    17,
    17,
    6,
    17,
    4,
    5,
    5,
    9,
    17,
    17,
    17,
    2,
    17,
    17,
    6,
    17,
    2,
    2,
    16,
    17,
    6,
    7,
    1,
    17,
    17,
    5,
    7,
    8,
    5,
    17,
    16,
    2,
    8,
    17,
    17,
    16,
    17,
    8,
    17,
    4,
    5,
    8,
    8,
    4,
    16,
    15,
    17,
    5,
    7,
    17,
    17,
    5,
    8,
    2,
    17,
    8,
    17,
    16,
    5,
    16,
    5,
    17,
    8,
    8,
    8,
    17,
    17,
    3,
    17,
    2,
    6,
    10,
    4,
    4,
    17,
    2,
    16,
    8,
    17,
    17,
    17,
    15,
    17,
    17,
    17,
    17,
    10,
    17,
    4,
    17,
    17,
    6,
    17,
    2,
    16,
    17,
    17,
    2,
    4,
    17,
    17,
    17,
    17,
    15,
    2,
    17,
    8,
    3,
    17,
    17,
    16,
    17,
    5,
    5,
    6,
    2,
    17,
    17,
    8,
    17,
    16,
    12,
    17,
    6,
    16,
    8,
    4,
    5,
    8,
    17,
    17,
    8,
    6,
    17,
    15,
    17,
    17,
    8,
    8,
    2,
    17,
    17,
    12,
    2,
    8,
    8,
    2,
    12,
    8,
    17,
    8,
    17,
    14,
    16,
    17,
    4,
    7,
    2,
    10,
    2,
    17,
    17,
    9,
    17,
    10,
    17,
    17,
    16,
    8,
    17,
    17,
    17,
    17,
    10,
    17,
    1,
    14,
    16,
    17,
    10,
    17,
    4,
    17,
    17,
    8,
    11,
    8,
    8,
    17,
    17,
    17,
    8,
    17,
    8,
    4,
    8,
    16,
    4,
    8,
    5,
    17,
    4,
    17,
    2,
    4,
    2,
    4,
    8,
    4,
    8,
    17,
    17,
    2,
    17,
    17,
    17
  ],
  "objectives": [
    343944.4700000001,
    1088.28
  ],
  "fitness": {
    "minutos_ponderados": 343944.4700000001,
    "costo_total": 1088.28
  }
}