{
  "run_info": {
    "dataset": "users1.json",
    "config": "uniform_reset_low_mutation",
    "run": 5,
    "execution_time": 151.36630058288574,
    "generations": 45,
    "pareto_size": 19,
    "pareto_points": [
      [
        -473463.5999999993,
        1516.2099999999996
      ],
      [
        -471200.5399999993,
        1491.6799999999996
      ],
      [
        -471996.8899999993,
        1507.7099999999996
      ],
      [
        -471443.3399999989,
        1495.2199999999998
      ],
      [
        -473657.3799999993,
        1569.1599999999996
      ],
      [
        -454909.01999999915,
        1379.1999999999996
      ],
      [
        -469180.2799999989,
        1464.1899999999998
      ],
      [
        -462185.59999999875,
        1393.8
      ],
      [
        -463508.35999999876,
        1394.7599999999998
      ],
      [
        -461068.9599999988,
        1382.7399999999998
      ],
      [
        -470646.9899999989,
        1488.1999999999996
      ],
      [
        -468253.19999999896,
        1448.2099999999998
      ],
      [
        -469423.7699999989,
        1473.7699999999998
      ],
      [
        -468761.1399999993,
        1458.6899999999998
      ],
      [
        -466740.87999999896,
        1416.2199999999998
      ],
      [
        -470273.4599999993,
        1475.6999999999998
      ],
      [
        -465517.65999999887,
        1407.7800000000002
      ],
      [
        -468207.5899999989,
        1440.23
      ],
      [
        -467029.9799999989,
        1418.78
      ]
    ]
  },
  "solutions_count": 19,
  "solutions_directory": "../results/NSGA2\\solutions\\users1\\uniform_reset_low_mutation\\run5"
}