{
  "solution": [
    6,
    8,
    6,
    2,
    17,
    8,
    16,
    17,
    5,
    10,
    17,
    14,
    17,
    17,
    6,
    8,
    17,
    16,
    8,
    17,
    11,
    1,
    17,
    4,
    17,
    16,
    4,
    17,
    8,
    16,
    8,
    11,
    2,
    16,
    5,
    17,
    5,
    17,
    3,
    5,
    17,
    2,
    16,
    8,
    10,
    8,
    9,
    10,
    2,
    8,
    5,
    8,
    9,
    8,
    17,
    17,
    2,
    4,
    4,
    4,
    4,
    2,
    7,
    15,
    9,
    13,
    17,
    4,
    6,
    5,
    17,
    2,
    6,
    4,
    6,
    6,
    11,
    17,
    8,
    15,
    17,
    16,
    8,
    5,
    4,
    13,
    7,
    8,
    17,
    2,
    14,
    17,
    17,
    16,
    18,
    8,
    2,
    16,
    2,
    13,
    8,
    2,
    5,
    17,
    8,
    4,
    9,
    2,
    17,
    4,
    2,
    8,
    8,
    17,
    6,
    9,
    17,
    3,
    7,
    2,
    17,
    8,
    4,
    6,
    1,
    8,
    16,
    17,
    17,
    18,
    5,
    5,
    10,
    17,
    7,
    16,
    17,
    17,
    7,
    16,
    17,
    14,
    2,
    8,
    16,
    5,
    17,
    5,
    17,
    8,
    17,
    17,
    2,
    13,
    17,
    14,
    17,
    6,
    2,
    17,
    6,
    17,
    8,
    16,
    7,
    17,
    17,
    3,
    5,
    17,
    4,
    17,
    10,
    17,
    7,
    2,
    8,
    18,
    16,
    17,
    17,
    3,
    9,
    8,
    17,
    17,
    17,
    4,
    17,
    11,
    15,
    8,
    8,
    8,
    17,
    17,
    17,
    17,
    4,
    17,
    17,
    17,
    8,
    6,
    15,
    17,
    17,
    17,
    8,
    17,
    17,
    17,
    16,
    3,
    2,
    6,
    2,
    4,
    17,
    13,
    16,
    13,
    17,
    17,
    17,
    8,
    4,
    16,
    16,
    17,
    5,
    17,
    6,
    16,
    8,
    16,
    13,
    5,
    17,
    11,
    6,
    4,
    5,
    5,
    4,
    8,
    17,
    5,
    8,
    17,
    17,
    17,
    17,
    17,
    4,
    5,
    8,
    18,
    14,
    16,
    16,
    8,
    17,
    5,
    5,
    1,
    16,
    16,
    6,
    7,
    8,
    17,
    6,
    4,
    16,
    4,
    4,
    17,
    16,
    6,
    1,
    8,
    15,
    5,
    16,
    17,
    16,
    17,
    15,
    5,
    15,
    2,
    6,
    4,
    9,
    4,
    8,
    17,
    17,
    17
  ],
  "objectives": [
    365029.36000000034,
    1176.9099999999999
  ],
  "fitness": {
    "minutos_ponderados": 365029.36000000034,
    "costo_total": 1176.9099999999999
  }
}