{
  "solution": [
    4,
    17,
    17,
    8,
    17,
    17,
    4,
    8,
    17,
    8,
    17,
    17,
    17,
    17,
    2,
    8,
    17,
    17,
    17,
    8,
    17,
    17,
    17,
    17,
    17,
    17,
    17,
    17,
    9,
    13,
    17,
    17,
    17,
    17,
    5,
    17,
    17,
    17,
    17,
    17,
    17,
    17,
    8,
    17,
    17,
    4,
    17,
    17,
    17,
    17,
    17,
    17,
    17,
    8,
    8,
    17,
    8,
    17,
    17,
    13,
    17,
    17,
    17,
    4,
    17,
    17,
    17,
    17,
    17,
    17,
    17,
    17,
    17,
    17,
    15,
    17,
    17,
    17,
    6,
    17,
    10,
    8,
    17,
    17,
    9,
    17,
    17,
    8,
    1,
    17,
    1,
    17,
    15,
    5,
    8,
    17,
    17,
    17,
    16,
    17,
    17,
    17,
    17,
    8,
    17,
    16,
    17,
    17,
    17,
    17,
    17,
    2,
    8,
    17,
    17,
    9,
    17,
    17,
    17,
    2,
    17,
    8,
    17,
    2,
    17,
    17,
    17,
    17,
    17,
    5,
    17,
    17,
    17,
    17,
    17,
    17,
    8,
    17,
    17,
    17,
    17,
    9,
    17,
    17,
    17,
    17,
    17,
    17,
    1,
    17,
    17,
    17,
    16,
    17,
    10,
    17,
    17,
    17,
    17,
    17,
    17,
    17,
    17,
    17,
    8,
    17,
    17,
    8,
    17,
    17,
    17,
    4,
    8,
    17,
    8,
    2,
    8,
    4,
    17,
    8,
    17,
    17,
    17,
    17,
    17,
    4,
    17,
    4,
    17,
    17,
    17,
    17,
    8,
    17,
    17,
    8,
    17,
    8,
    6,
    8,
    17,
    4,
    11,
    17,
    17,
    1,
    17,
    17,
    8,
    15,
    17,
    17,
    17,
    1,
    5,
    17,
    5,
    17,
    17,
    17,
    17,
    17,
    17,
    17,
    17,
    8,
    17,
    17,
    17,
    17,
    17,
    17,
    17,
    17,
    17,
    16,
    17,
    6,
    17,
    4,
    17,
    4,
    6,
    17,
    17,
    3,
    17,
    17,
    17,
    5,
    17,
    17,
    17,
    17,
    18,
    6,
    17,
    17,
    1,
    17,
    17,
    17,
    10,
    4,
    2,
    17,
    17,
    11,
    17,
    8,
    17,
    17,
    17,
    17,
    17,
    16,
    17,
    17,
    8,
    16,
    1,
    17,
    8,
    17,
    17,
    17,
    3,
    8,
    17,
    17,
    17,
    17,
    17,
    2,
    8,
    4,
    5,
    17,
    17,
    17
  ],
  "objectives": [
    259066.94000000015,
    1019.8000000000002
  ],
  "fitness": {
    "minutos_ponderados": 259066.94000000015,
    "costo_total": 1019.8000000000002
  }
}