{
  "run_info": {
    "dataset": "users1.json",
    "config": "npoint_reset_low_crossover",
    "run": 2,
    "execution_time": 270.8720989227295,
    "generations": 105,
    "pareto_size": 16,
    "pareto_points": [
      [
        -449823.42000000004,
        1473.1999999999998
      ],
      [
        -451780.0699999999,
        1503.2099999999996
      ],
      [
        -444519.0,
        1443.7399999999998
      ],
      [
        -445875.61000000004,
        1450.7099999999998
      ],
      [
        -446024.80000000016,
        1465.1899999999998
      ],
      [
        -441279.17,
        1438.2299999999998
      ],
      [
        -431087.48999999993,
        1408.2899999999997
      ],
      [
        -441704.10999999964,
        1442.7199999999998
      ],
      [
        -431512.4299999996,
        1413.7799999999995
      ],
      [
        -451221.2799999999,
        1497.2099999999996
      ],
      [
        -441145.31999999966,
        1431.2399999999998
      ],
      [
        -440720.38,
        1426.7499999999998
      ],
      [
        -437003.21999999956,
        1422.7499999999998
      ],
      [
        -450382.21,
        1481.1999999999998
      ],
      [
        -436578.2799999999,
        1414.7699999999998
      ],
      [
        -452205.00999999954,
        1515.1899999999996
      ]
    ]
  },
  "solutions_count": 16,
  "solutions_directory": "../results/SPEA2\\solutions\\users1\\npoint_reset_low_crossover\\run2"
}