{
  "run_info": {
    "dataset": "users1.json",
    "config": "npoint_inversion_high_all",
    "run": 5,
    "execution_time": 332.4741859436035,
    "generations": 99,
    "pareto_size": 12,
    "pareto_points": [
      [
        -454617.80000000005,
        1104.0200000000002
      ],
      [
        -468500.12000000034,
        1169.5
      ],
      [
        -454824.92000000016,
        1125.99
      ],
      [
        -475056.94999999984,
        1360.8799999999999
      ],
      [
        -473793.57,
        1242.47
      ],
      [
        -465252.16999999975,
        1127.5
      ],
      [
        -474144.2099999997,
        1314.41
      ],
      [
        -471917.8500000005,
        1179.01
      ],
      [
        -474508.1299999995,
        1338.4
      ],
      [
        -479115.49999999994,
        1416.8999999999999
      ],
      [
        -471997.5100000005,
        1202.01
      ],
      [
        -467536.8900000003,
        1148.98
      ]
    ]
  },
  "solutions_count": 12,
  "solutions_directory": "../results/NSGA2\\solutions\\users1\\npoint_inversion_high_all\\run5"
}