{
  "run_info": {
    "dataset": "users3.json",
    "config": "npoint_inversion_high_all",
    "run": 1,
    "execution_time": 2142.742913722992,
    "generations": 300,
    "pareto_size": 32,
    "pareto_points": [
      [
        -1260390.2999999968,
        3382.0899999999997
      ],
      [
        -1259952.4199999967,
        3376.1099999999997
      ],
      [
        -1257340.439999997,
        3372.12
      ],
      [
        -1270087.289999997,
        3424.61
      ],
      [
        -1278786.6499999964,
        3502.09
      ],
      [
        -1249479.429999996,
        3338.6799999999994
      ],
      [
        -1267006.7199999967,
        3403.62
      ],
      [
        -1271989.9399999967,
        3440.0699999999997
      ],
      [
        -1271633.3199999966,
        3434.1
      ],
      [
        -1250989.4799999965,
        3361.67
      ],
      [
        -1251025.4799999965,
        3362.63
      ],
      [
        -1280206.0499999963,
        3532.5700000000006
      ],
      [
        -1249586.1199999962,
        3356.6499999999996
      ],
      [
        -1268552.7499999965,
        3409.1000000000004
      ],
      [
        -1246542.309999996,
        3338.6400000000003
      ],
      [
        -1275186.4099999964,
        3465.1200000000003
      ],
      [
        -1281831.949999996,
        3574.5300000000007
      ],
      [
        -1279834.1499999962,
        3530.5800000000004
      ],
      [
        -1244937.3199999959,
        3316.6400000000003
      ],
      [
        -1275543.0299999963,
        3469.5900000000006
      ],
      [
        -1275658.889999997,
        3501.51
      ],
      [
        -1266211.999999997,
        3400.1
      ],
      [
        -1265809.659999997,
        3397.1000000000004
      ],
      [
        -1266650.0999999966,
        3400.1300000000006
      ],
      [
        -1273565.629999997,
        3451.07
      ],
      [
        -1280562.6699999962,
        3568.52
      ],
      [
        -1246159.2099999962,
        3321.63
      ],
      [
        -1270479.8899999964,
        3429.0699999999997
      ],
      [
        -1263468.9099999971,
        3388.100000000001
      ],
      [
        -1264299.6099999966,
        3389.6000000000004
      ],
      [
        -1246509.7299999965,
        3329.16
      ],
      [
        -1269393.1899999967,
        3418.12
      ]
    ]
  },
  "solutions_count": 32,
  "solutions_directory": "../results/SPEA2\\solutions\\users3\\npoint_inversion_high_all\\run1"
}