{
  "run_info": {
    "dataset": "users3.json",
    "config": "npoint_reset_low_crossover",
    "run": 3,
    "execution_time": 488.31978726387024,
    "generations": 45,
    "pareto_size": 20,
    "pareto_points": [
      [
        -1107626.4300000013,
        3648.08
      ],
      [
        -1105959.4700000011,
        3640.09
      ],
      [
        -1105496.8700000008,
        3607.0999999999995
      ],
      [
        -1128056.3799999997,
        3754.5000000000014
      ],
      [
        -1109064.3900000013,
        3677.7000000000007
      ],
      [
        -1112974.4300000004,
        3686.63
      ],
      [
        -1111659.0000000005,
        3686.090000000001
      ],
      [
        -1111096.1700000004,
        3680.0699999999997
      ],
      [
        -1088015.62,
        3569.4200000000005
      ],
      [
        -1126696.0899999999,
        3753.520000000001
      ],
      [
        -1105882.7400000012,
        3626.0600000000004
      ],
      [
        -1094001.3199999998,
        3571.9100000000003
      ],
      [
        -1121559.8099999998,
        3690.05
      ],
      [
        -1124728.42,
        3718.0500000000006
      ],
      [
        -1125692.1099999994,
        3740.100000000001
      ],
      [
        -1095840.3899999997,
        3589.89
      ],
      [
        -1113361.6000000003,
        3687.6800000000003
      ],
      [
        -1129437.7200000002,
        3808.5200000000013
      ],
      [
        -1129173.3799999997,
        3769.0200000000004
      ],
      [
        -1095537.0099999993,
        3583.89
      ]
    ]
  },
  "solutions_count": 20,
  "solutions_directory": "../results/NSGA2\\solutions\\users3\\npoint_reset_low_crossover\\run3"
}