{
  "run_info": {
    "dataset": "users4.json",
    "config": "uniform_reset_low_mutation",
    "run": 2,
    "execution_time": 1770.4953763484955,
    "generations": 89,
    "pareto_size": 21,
    "pareto_points": [
      [
        -1891079.980000007,
        5326.97
      ],
      [
        -1941271.6300000055,
        5515.949999999999
      ],
      [
        -1935278.4600000049,
        5479.43
      ],
      [
        -1937617.7200000049,
        5479.449999999999
      ],
      [
        -1942202.4800000042,
        5530.389999999999
      ],
      [
        -1941315.790000005,
        5521.91
      ],
      [
        -1928202.5900000061,
        5428.99
      ],
      [
        -1942589.7900000045,
        5539.3600000000015
      ],
      [
        -1930700.4100000067,
        5442.449999999999
      ],
      [
        -1934535.8600000055,
        5454.450000000001
      ],
      [
        -1913237.3500000054,
        5360.94
      ],
      [
        -1946009.7100000056,
        5571.4
      ],
      [
        -1948527.120000005,
        5585.89
      ],
      [
        -1944473.9500000048,
        5541.91
      ],
      [
        -1921446.370000007,
        5395.44
      ],
      [
        -1940163.4100000048,
        5491.42
      ],
      [
        -1944774.9400000055,
        5559.91
      ],
      [
        -1932838.4300000053,
        5443.959999999998
      ],
      [
        -1928488.5300000058,
        5432.46
      ],
      [
        -1944503.490000004,
        5544.88
      ],
      [
        -1926288.2900000063,
        5406.969999999999
      ]
    ]
  },
  "solutions_count": 21,
  "solutions_directory": "../results/NSGA2\\solutions\\users4\\uniform_reset_low_mutation\\run2"
}