{
  "run_info": {
    "dataset": "users3.json",
    "config": "npoint_reset_low_crossover",
    "run": 4,
    "execution_time": 1934.7116918563843,
    "generations": 300,
    "pareto_size": 23,
    "pareto_points": [
      [
        -1177361.9399999988,
        3584.01
      ],
      [
        -1194666.999999997,
        3715.8900000000003
      ],
      [
        -1203237.8699999976,
        3778.3500000000004
      ],
      [
        -1157359.2800000005,
        3489.64
      ],
      [
        -1180922.2599999984,
        3611.9800000000005
      ],
      [
        -1198080.4099999976,
        3728.9100000000008
      ],
      [
        -1164598.64,
        3520.58
      ],
      [
        -1134214.8700000008,
        3489.6100000000006
      ],
      [
        -1182734.809999997,
        3613.9699999999993
      ],
      [
        -1195347.7499999967,
        3724.9100000000008
      ],
      [
        -1200756.4099999978,
        3764.86
      ],
      [
        -1189218.4399999967,
        3675.92
      ],
      [
        -1131894.540000001,
        3485.600000000001
      ],
      [
        -1185502.259999998,
        3637.9300000000007
      ],
      [
        -1192012.8399999982,
        3704.96
      ],
      [
        -1187901.2799999984,
        3650.91
      ],
      [
        -1198946.0599999975,
        3757.3500000000004
      ],
      [
        -1184206.619999997,
        3616.97
      ],
      [
        -1190690.2499999967,
        3678.9200000000005
      ],
      [
        -1187031.7299999981,
        3641.940000000001
      ],
      [
        -1194909.409999997,
        3720.9100000000003
      ],
      [
        -1192537.1799999955,
        3706.92
      ],
      [
        -1180735.1799999983,
        3586.000000000001
      ]
    ]
  },
  "solutions_count": 23,
  "solutions_directory": "../results/SPEA2\\solutions\\users3\\npoint_reset_low_crossover\\run4"
}