{
  "run_info": {
    "dataset": "users4.json",
    "config": "npoint_inversion_low_mutation",
    "run": 3,
    "execution_time": 2197.638516187668,
    "generations": 191,
    "pareto_size": 43,
    "pareto_points": [
      [
        -1799654.2399999984,
        5781.690000000002
      ],
      [
        -1836347.8700000017,
        5904.6900000000005
      ],
      [
        -1795919.4899999981,
        5775.200000000001
      ],
      [
        -1879897.9199999939,
        6201.05
      ],
      [
        -1799665.9699999972,
        5783.170000000002
      ],
      [
        -1854521.0099999956,
        6061.650000000001
      ],
      [
        -1834498.2900000017,
        5904.160000000001
      ],
      [
        -1844310.7900000024,
        5935.670000000001
      ],
      [
        -1782704.839999996,
        5728.220000000002
      ],
      [
        -1815983.4300000004,
        5808.1500000000015
      ],
      [
        -1817431.5300000012,
        5834.240000000001
      ],
      [
        -1837355.7700000016,
        5916.680000000001
      ],
      [
        -1819030.8100000012,
        5844.7300000000005
      ],
      [
        -1878247.8999999936,
        6145.560000000002
      ],
      [
        -1862322.7799999951,
        6067.620000000001
      ],
      [
        -1788667.1099999978,
        5732.670000000001
      ],
      [
        -1881153.1199999934,
        6203.030000000001
      ],
      [
        -1831704.6400000018,
        5873.220000000001
      ],
      [
        -1868299.0699999933,
        6106.570000000001
      ],
      [
        -1795077.8099999975,
        5748.630000000001
      ],
      [
        -1852383.6699999948,
        6052.660000000001
      ],
      [
        -1844559.6900000027,
        5939.160000000002
      ],
      [
        -1871557.2899999935,
        6112.610000000001
      ],
      [
        -1843076.370000002,
        5930.1900000000005
      ],
      [
        -1790355.1399999969,
        5733.650000000001
      ],
      [
        -1886876.6099999943,
        6232.02
      ],
      [
        -1812259.4200000002,
        5798.140000000001
      ],
      [
        -1851863.9000000015,
        5963.150000000001
      ],
      [
        -1855369.7899999947,
        6062.650000000001
      ],
      [
        -1872446.8199999938,
        6120.560000000002
      ],
      [
        -1862754.1499999957,
        6068.610000000001
      ],
      [
        -1885246.6099999945,
        6224.040000000001
      ],
      [
        -1882581.639999994,
        6203.040000000002
      ],
      [
        -1833208.0200000014,
        5888.700000000001
      ],
      [
        -1868203.5099999937,
        6095.560000000002
      ],
      [
        -1846171.3500000017,
        5958.6500000000015
      ],
      [
        -1876723.0999999938,
        6132.540000000002
      ],
      [
        -1882816.5799999926,
        6223.010000000001
      ],
      [
        -1820544.5400000017,
        5848.72
      ],
      [
        -1809798.4099999995,
        5784.110000000001
      ],
      [
        -1853221.4699999953,
        6059.630000000001
      ],
      [
        -1845537.3800000027,
        5957.2
      ],
      [
        -1844377.200000003,
        5937.660000000002
      ]
    ]
  },
  "solutions_count": 43,
  "solutions_directory": "../results/SPEA2\\solutions\\users4\\npoint_inversion_low_mutation\\run3"
}