{
  "run_info": {
    "dataset": "users4.json",
    "config": "high_heuristic_influence",
    "run": 2,
    "execution_time": 3962.952032327652,
    "iterations_completed": 68,
    "max_iterations": 200,
    "terminated_early": true,
    "generations_without_improvement": 12,
    "pareto_size": 15,
    "pareto_points": [
      [
        1729542.6700000092,
        4478.540000000003
      ],
      [
        1735454.4100000164,
        4484.270000000002
      ],
      [
        1794698.5000000175,
        4517.0300000000025
      ],
      [
        1775346.6200000136,
        4493.8600000000015
      ],
      [
        1823318.3700000222,
        4653.340000000004
      ],
      [
        1838216.5800000257,
        4828.100000000004
      ],
      [
        1848380.7600000233,
        4878.620000000004
      ],
      [
        1844657.7900000296,
        4847.400000000004
      ],
      [
        1849654.1700000258,
        4922.560000000005
      ],
      [
        1867950.8800000318,
        4930.350000000006
      ],
      [
        1866125.7300000284,
        4926.730000000005
      ],
      [
        1891219.3300000322,
        5133.320000000005
      ],
      [
        1877228.2100000326,
        4937.430000000005
      ],
      [
        1883762.1400000304,
        5059.560000000006
      ],
      [
        1883499.7800000338,
        5036.200000000005
      ]
    ],
    "solutions_evaluated": 1360,
    "config_params": {
      "n_ants": 20,
      "rho": 0.4,
      "alpha": 0.5,
      "beta": 5.0,
      "archive_size": 100,
      "no_improvement_generations": 12
    }
  },
  "solutions_count": 15,
  "solutions_directory": "C:\\Users\\hctr0\\PycharmProjects\\TFG_Hector\\31Executions\\PACO\\solutions\\users4\\high_heuristic_influence\\run2",
  "objective_statistics": {
    "cost_range": {
      "min": 4478.540000000003,
      "max": 5133.320000000005
    },
    "minutes_range": {
      "min": 1729542.6700000092,
      "max": 1891219.3300000322
    }
  },
  "algorithm_info": {
    "archive_history_length": 68,
    "max_archive_size_reached": 16
  }
}