{
  "run_info": {
    "dataset": "users1.json",
    "config": "high_pheromone_influence",
    "run": 26,
    "execution_time": 1064.299643278122,
    "iterations_completed": 59,
    "max_iterations": 200,
    "terminated_early": true,
    "generations_without_improvement": 12,
    "pareto_size": 5,
    "pareto_points": [
      [
        460568.41999999917,
        1050.1900000000003
      ],
      [
        445815.5300000002,
        958.1900000000003
      ],
      [
        446571.26999999915,
        968.1600000000001
      ],
      [
        454168.5799999994,
        1019.2100000000002
      ],
      [
        450369.10999999935,
        987.1399999999999
      ]
    ],
    "solutions_evaluated": 1475,
    "config_params": {
      "n_ants": 25,
      "rho": 0.3,
      "alpha": 3.0,
      "beta": 2.0,
      "archive_size": 100,
      "no_improvement_generations": 12
    }
  },
  "solutions_count": 5,
  "solutions_directory": "C:\\Users\\hctr0\\PycharmProjects\\TFG_Hector\\31Executions\\PACO\\solutions\\users1\\high_pheromone_influence\\run26",
  "objective_statistics": {
    "cost_range": {
      "min": 958.1900000000003,
      "max": 1050.1900000000003
    },
    "minutes_range": {
      "min": 445815.5300000002,
      "max": 460568.41999999917
    }
  },
  "algorithm_info": {
    "archive_history_length": 59,
    "max_archive_size_reached": 10
  }
}