{
  "solution": [
    8,
    4,
    17,
    17,
    2,
    4,
    5,
    2,
    17,
    17,
    17,
    17,
    17,
    17,
    8,
    17,
    17,
    17,
    17,
    4,
    17,
    4,
    17,
    17,
    16,
    17,
    17,
    17,
    17,
    17,
    17,
    17,
    8,
    17,
    17,
    9,
    16,
    17,
    2,
    17,
    17,
    8,
    4,
    17,
    8,
    8,
    8,
    5,
    17,
    17,
    17,
    17,
    2,
    17,
    2,
    17,
    17,
    17,
    17,
    17,
    17,
    17,
    10,
    17,
    17,
    17,
    17,
    10,
    17,
    2,
    17,
    17,
    17,
    17,
    8,
    17,
    5,
    17,
    17,
    17,
    17,
    17,
    8,
    17,
    17,
    16,
    16,
    17,
    17,
    17,
    5,
    17,
    17,
    17,
    17,
    17,
    2,
    17,
    17,
    8,
    4,
    8,
    4,
    17,
    6,
    8,
    5,
    4,
    16,
    5,
    17,
    8,
    17,
    17,
    17,
    2,
    16,
    2,
    17,
    17,
    9,
    17,
    11,
    8,
    17,
    7,
    8,
    5,
    17,
    5,
    17,
    17,
    10,
    17,
    8,
    17,
    17,
    17,
    1,
    17,
    5,
    6,
    14,
    17,
    10,
    8,
    17,
    15,
    17,
    17,
    4,
    17,
    2,
    16,
    17,
    17,
    17,
    17,
    8,
    8,
    17,
    8,
    5,
    2,
    17,
    17,
    17,
    4,
    16,
    8,
    5,
    17,
    17,
    17,
    8,
    17,
    17,
    9,
    17,
    11,
    17,
    8,
    17,
    8,
    17,
    8,
    17,
    17,
    8,
    8,
    17,
    17,
    17,
    17,
    14,
    2,
    17,
    8,
    17,
    17,
    5,
    8,
    17,
    5,
    17,
    17,
    11,
    17,
    5,
    17,
    8,
    8,
    17,
    17,
    8,
    16,
    2,
    6,
    8,
    15,
    17,
    2,
    8,
    16,
    5,
    17,
    17,
    16,
    6,
    8,
    9,
    17,
    17,
    17,
    5,
    8,
    8,
    17,
    1,
    17,
    16,
    8,
    13,
    5,
    17,
    5,
    17,
    17,
    17,
    8,
    5,
    8,
    16,
    5,
    8,
    17,
    8,
    17,
    17,
    8,
    8,
    17,
    17,
    17,
    8,
    17,
    16,
    4,
    8,
    4,
    17,
    8,
    17,
    16,
    17,
    17,
    3,
    16,
    16,
    16,
    15,
    17,
    17,
    2,
    15,
    17,
    17,
    17,
    2,
    17,
    17,
    17,
    17,
    5,
    4,
    16,
    17,
    17,
    6,
    17
  ],
  "objectives": [
    446571.26999999915,
    968.1600000000001
  ],
  "fitness": {
    "minutos_ponderados": 446571.26999999915,
    "costo_total": 968.1600000000001
  }
}