{
  "run_info": {
    "dataset": "users5.json",
    "config": "npoint_inversion_high_all",
    "run": 5,
    "execution_time": 6362.09693479538,
    "generations": 314,
    "pareto_size": 44,
    "pareto_points": [
      [
        -3026396.720000008,
        8832.41
      ],
      [
        -3065869.270000005,
        9054.180000000002
      ],
      [
        -2772587.7299999967,
        8386.62
      ],
      [
        -3041870.0000000065,
        8864.880000000001
      ],
      [
        -3040771.400000007,
        8859.380000000003
      ],
      [
        -2966629.3100000136,
        8628.920000000002
      ],
      [
        -2983404.7000000156,
        8761.26
      ],
      [
        -3038549.2800000063,
        8833.900000000001
      ],
      [
        -3071138.8200000045,
        9100.130000000003
      ],
      [
        -2797920.960000006,
        8439.0
      ],
      [
        -3040751.4100000085,
        8846.390000000001
      ],
      [
        -3098970.9300000104,
        9174.210000000003
      ],
      [
        -3072263.8200000045,
        9105.140000000003
      ],
      [
        -3066055.9900000053,
        9066.170000000002
      ],
      [
        -3045793.700000007,
        8936.840000000004
      ],
      [
        -2942085.2500000135,
        8488.440000000002
      ],
      [
        -2773654.820000002,
        8391.11
      ],
      [
        -2792356.4300000053,
        8411.550000000001
      ],
      [
        -2941159.980000014,
        8476.44
      ],
      [
        -3058715.3900000053,
        8973.78
      ],
      [
        -3103833.820000012,
        9194.71
      ],
      [
        -2936846.980000014,
        8446.470000000001
      ],
      [
        -3054630.1900000055,
        8972.810000000001
      ],
      [
        -3068334.0700000064,
        9096.140000000003
      ],
      [
        -3053420.6400000104,
        8964.340000000002
      ],
      [
        -2984149.840000015,
        8769.260000000002
      ],
      [
        -3087693.580000004,
        9114.650000000001
      ],
      [
        -2961859.8700000145,
        8620.940000000002
      ],
      [
        -2777816.2599999984,
        8411.090000000002
      ],
      [
        -2969431.0600000136,
        8629.42
      ],
      [
        -3052542.750000006,
        8946.320000000002
      ],
      [
        -3045520.8500000085,
        8894.330000000002
      ],
      [
        -2775578.969999997,
        8402.59
      ],
      [
        -2987080.700000016,
        8772.240000000002
      ],
      [
        -3074704.730000004,
        9113.140000000001
      ],
      [
        -2972450.640000012,
        8642.900000000001
      ],
      [
        -2977985.4900000175,
        8695.810000000001
      ],
      [
        -3100074.9300000113,
        9190.190000000002
      ],
      [
        -3043181.7300000084,
        8884.340000000002
      ],
      [
        -2801347.070000005,
        8444.04
      ],
      [
        -2992123.6000000155,
        8827.720000000001
      ],
      [
        -2795956.8700000043,
        8426.54
      ],
      [
        -2982265.190000017,
        8696.810000000001
      ],
      [
        -3066685.480000006,
        9084.140000000003
      ]
    ]
  },
  "solutions_count": 44,
  "solutions_directory": "../results/SPEA2\\solutions\\users5\\npoint_inversion_high_all\\run5"
}