{
  "run_info": {
    "dataset": "users5.json",
    "config": "npoint_reset_low_crossover",
    "run": 2,
    "execution_time": 4360.070581436157,
    "generations": 107,
    "pareto_size": 23,
    "pareto_points": [
      [
        -2954890.599999978,
        9188.210000000001
      ],
      [
        -2964739.1199999796,
        9223.660000000002
      ],
      [
        -3020204.759999999,
        9574.119999999999
      ],
      [
        -3018260.4499999867,
        9497.670000000002
      ],
      [
        -3023420.829999998,
        9585.080000000002
      ],
      [
        -2970158.189999978,
        9236.210000000001
      ],
      [
        -2970106.939999977,
        9228.210000000001
      ],
      [
        -3008416.0899999854,
        9356.080000000002
      ],
      [
        -3035581.759999996,
        9690.630000000003
      ],
      [
        -2979159.5999999805,
        9313.650000000001
      ],
      [
        -2956679.8999999803,
        9216.69
      ],
      [
        -3039479.699999995,
        9710.570000000002
      ],
      [
        -3008782.0799999856,
        9368.060000000001
      ],
      [
        -3019538.379999987,
        9514.640000000003
      ],
      [
        -3011812.6599999866,
        9380.630000000003
      ],
      [
        -2976767.20999998,
        9278.170000000002
      ],
      [
        -3032102.07,
        9635.040000000003
      ],
      [
        -3033399.609999996,
        9677.600000000002
      ],
      [
        -3027621.3199999966,
        9629.120000000003
      ],
      [
        -2976995.549999981,
        9309.630000000001
      ],
      [
        -3004711.679999985,
        9340.600000000002
      ],
      [
        -3027158.649999998,
        9595.060000000001
      ],
      [
        -3005029.619999986,
        9355.560000000001
      ]
    ]
  },
  "solutions_count": 23,
  "solutions_directory": "../results/NSGA2\\solutions\\users5\\npoint_reset_low_crossover\\run2"
}