{
  "run_info": {
    "dataset": "users3.json",
    "config": "high_pheromone_influence",
    "run": 2,
    "execution_time": 1589.3029165267944,
    "iterations_completed": 50,
    "max_iterations": 200,
    "terminated_early": true,
    "generations_without_improvement": 12,
    "pareto_size": 24,
    "pareto_points": [
      [
        1023235.800000001,
        3135.200000000001
      ],
      [
        993326.4400000018,
        2981.7700000000004
      ],
      [
        1013107.059999999,
        2985.7400000000002
      ],
      [
        1021643.7499999999,
        3061.6700000000005
      ],
      [
        1021318.6600000005,
        3059.7500000000005
      ],
      [
        985649.1600000003,
        2915.350000000001
      ],
      [
        933896.8400000005,
        2797.4300000000003
      ],
      [
        968931.1700000006,
        2878.48
      ],
      [
        960167.4900000002,
        2817.75
      ],
      [
        985837.1400000016,
        2942.51
      ],
      [
        909244.5999999994,
        2735.75
      ],
      [
        917445.6100000001,
        2768.7200000000003
      ],
      [
        910811.3299999993,
        2759.7400000000002
      ],
      [
        893866.51,
        2717.0699999999993
      ],
      [
        857149.1799999995,
        2614.7599999999993
      ],
      [
        890208.3499999997,
        2711.8099999999995
      ],
      [
        869502.8199999994,
        2654.33
      ],
      [
        871068.2199999985,
        2658.8899999999994
      ],
      [
        861678.0999999988,
        2634.3199999999997
      ],
      [
        866299.3399999993,
        2640.2499999999995
      ],
      [
        884404.6899999994,
        2691.3599999999997
      ],
      [
        875514.4299999994,
        2688.82
      ],
      [
        890379.939999999,
        2711.8299999999995
      ],
      [
        888327.1099999992,
        2692.33
      ]
    ],
    "solutions_evaluated": 1000,
    "config_params": {
      "n_ants": 20,
      "rho": 0.3,
      "alpha": 3.0,
      "beta": 2.0,
      "archive_size": 100,
      "no_improvement_generations": 12
    }
  },
  "solutions_count": 24,
  "solutions_directory": "../results/PACO\\solutions\\users3\\high_pheromone_influence\\run2",
  "objective_statistics": {
    "cost_range": {
      "min": 2614.7599999999993,
      "max": 3135.200000000001
    },
    "minutes_range": {
      "min": 857149.1799999995,
      "max": 1023235.800000001
    }
  },
  "algorithm_info": {
    "archive_history_length": 50,
    "max_archive_size_reached": 25
  }
}