{
  "run_info": {
    "dataset": "users3.json",
    "config": "npoint_reset_low_crossover",
    "run": 2,
    "execution_time": 906.698783159256,
    "generations": 84,
    "pareto_size": 13,
    "pareto_points": [
      [
        -1162681.6299999978,
        3728.1
      ],
      [
        -1161871.2499999977,
        3696.1
      ],
      [
        -1145446.4999999977,
        3647.2000000000007
      ],
      [
        -1172398.839999997,
        3759.0400000000004
      ],
      [
        -1158574.5499999982,
        3686.09
      ],
      [
        -1100417.0999999999,
        3555.1900000000005
      ],
      [
        -1124585.959999997,
        3601.6099999999997
      ],
      [
        -1133260.209999997,
        3628.63
      ],
      [
        -1157764.169999998,
        3654.0900000000006
      ],
      [
        -1172394.519999997,
        3749.55
      ],
      [
        -1140294.779999996,
        3629.0999999999995
      ],
      [
        -1116036.3199999975,
        3589.98
      ],
      [
        -1114294.529999998,
        3559.0099999999998
      ]
    ]
  },
  "solutions_count": 13,
  "solutions_directory": "../results/NSGA2\\solutions\\users3\\npoint_reset_low_crossover\\run2"
}