{
  "solution": [
    11,
    5,
    5,
    8,
    14,
    1,
    9,
    8,
    4,
    5,
    2,
    14,
    15,
    9,
    6,
    11,
    18,
    4,
    15,
    18,
    4,
    17,
    4,
    2,
    2,
    15,
    17,
    17,
    3,
    6,
    8,
    11,
    6,
    15,
    18,
    5,
    4,
    6,
    2,
    17,
    15,
    6,
    10,
    1,
    3,
    15,
    2,
    1,
    15,
    2,
    5,
    4,
    5,
    9,
    6,
    1,
    11,
    2,
    17,
    11,
    8,
    8,
    4,
    9,
    16,
    3,
    10,
    1,
    3,
    3,
    4,
    5,
    8,
    17,
    16,
    17,
    18,
    16,
    11,
    2,
    2,
    5,
    10,
    5,
    8,
    7,
    11,
    10,
    1,
    6,
    2,
    11,
    16,
    5,
    18,
    4,
    10,
    9,
    17,
    8,
    17,
    4,
    2,
    9,
    17,
    5,
    10,
    2,
    16,
    5,
    7,
    13,
    16,
    5,
    9,
    2,
    6,
    17,
    17,
    12,
    17,
    16,
    17,
    1,
    4,
    16,
    17,
    4,
    17,
    6,
    5,
    15,
    9,
    8,
    16,
    4,
    9,
    17,
    6,
    13,
    17,
    4,
    5,
    15,
    12,
    16,
    4,
    17,
    2,
    1,
    8,
    8,
    2,
    5,
    8,
    17,
    5,
    2,
    2,
    6,
    2,
    8,
    5,
    5,
    17,
    3,
    16,
    17,
    5,
    6,
    6,
    6,
    5,
    17,
    17,
    5,
    17,
    5,
    2,
    2,
    6,
    2,
    2,
    16,
    6,
    6,
    1,
    16,
    17,
    18,
    17,
    7,
    17,
    17,
    4,
    16,
    1,
    8,
    10,
    6,
    5,
    6,
    2,
    6,
    4,
    16,
    12,
    5,
    6,
    16,
    17,
    17,
    8,
    6,
    8,
    6,
    6,
    8,
    8,
    7,
    3,
    4,
    16,
    14,
    2,
    9,
    15,
    8,
    17,
    13,
    3,
    16,
    13,
    2,
    2,
    4,
    6,
    6,
    12,
    17,
    8,
    16,
    2,
    5,
    4,
    11,
    16,
    5,
    9,
    15,
    17,
    15,
    2,
    8,
    5,
    8,
    8,
    5,
    9,
    1,
    1,
    18,
    1,
    8,
    8,
    17,
    17,
    2,
    16,
    14,
    18,
    4,
    16,
    5,
    6,
    16,
    6,
    5,
    16,
    15,
    2,
    2,
    11,
    17,
    5,
    17,
    15,
    6,
    5,
    18,
    6,
    3,
    4,
    6,
    6,
    17,
    16,
    2,
    7,
    16
  ],
  "objectives": [
    415416.2699999999,
    1228.1899999999998
  ],
  "fitness": {
    "minutos_ponderados": 415416.2699999999,
    "costo_total": 1228.1899999999998
  }
}