{
  "solution": [
    14,
    17,
    16,
    17,
    8,
    7,
    17,
    16,
    8,
    17,
    15,
    17,
    17,
    8,
    17,
    6,
    8,
    17,
    15,
    7,
    17,
    15,
    5,
    6,
    17,
    17,
    8,
    6,
    17,
    8,
    5,
    17,
    6,
    17,
    5,
    16,
    2,
    8,
    17,
    16,
    8,
    8,
    4,
    5,
    3,
    17,
    15,
    3,
    15,
    17,
    17,
    9,
    17,
    15,
    17,
    18,
    10,
    8,
    4,
    4,
    4,
    8,
    16,
    17,
    4,
    2,
    4,
    17,
    9,
    17,
    4,
    10,
    17,
    15,
    17,
    16,
    16,
    17,
    8,
    17,
    11,
    18,
    11,
    17,
    8,
    17,
    16,
    8,
    5,
    11,
    6,
    17,
    8,
    6,
    4,
    17,
    4,
    8,
    17,
    17,
    5,
    17,
    17,
    17,
    17,
    7,
    8,
    17,
    16,
    15,
    16,
    17,
    17,
    12,
    17,
    16,
    17,
    3,
    17,
    17,
    17,
    5,
    16,
    17,
    3,
    17,
    15,
    8,
    17,
    17,
    3,
    2,
    4,
    8,
    4,
    16,
    8,
    6,
    17,
    17,
    9,
    17,
    11,
    16,
    15,
    7,
    4,
    17,
    5,
    5,
    17,
    17,
    17,
    17,
    17,
    16,
    17,
    17,
    15,
    8,
    5,
    4,
    7,
    6,
    17,
    6,
    6,
    17,
    6,
    5,
    10,
    8,
    1,
    8,
    5,
    3,
    2,
    8,
    5,
    11,
    10,
    4,
    17,
    16,
    7,
    17,
    17,
    8,
    17,
    17,
    9,
    3,
    5,
    18,
    7,
    6,
    17,
    17,
    16,
    2,
    1,
    17,
    17,
    5,
    10,
    17,
    8,
    9,
    11,
    4,
    17,
    5,
    10,
    8,
    5,
    17,
    17,
    8,
    17,
    2,
    15,
    6,
    14,
    17,
    8,
    17,
    17,
    17,
    17,
    4,
    17,
    2,
    9,
    17,
    4,
    17,
    11,
    15,
    17,
    3,
    16,
    17,
    2,
    4,
    4,
    17,
    18,
    8,
    17,
    8,
    8,
    17,
    17,
    6,
    9,
    7,
    4,
    17,
    5,
    10,
    9,
    6,
    2,
    4,
    17,
    17,
    17,
    1,
    17,
    17,
    9,
    10,
    16,
    15,
    16,
    3,
    6,
    2,
    12,
    1,
    5,
    8,
    17,
    8,
    17,
    8,
    8,
    17,
    16,
    6,
    17,
    17,
    2,
    12,
    17,
    17,
    1,
    11,
    8,
    5
  ],
  "objectives": [
    369466.08000000025,
    1198.29
  ],
  "fitness": {
    "minutos_ponderados": 369466.08000000025,
    "costo_total": 1198.29
  }
}