{
  "solution": [
    17,
    17,
    2,
    8,
    17,
    17,
    17,
    16,
    17,
    17,
    8,
    17,
    17,
    8,
    17,
    17,
    8,
    17,
    2,
    2,
    3,
    5,
    17,
    16,
    17,
    17,
    18,
    17,
    17,
    18,
    17,
    8,
    17,
    17,
    18,
    16,
    17,
    8,
    17,
    17,
    9,
    8,
    17,
    17,
    17,
    16,
    17,
    2,
    17,
    17,
    17,
    1,
    17,
    17,
    4,
    17,
    17,
    17,
    17,
    13,
    17,
    17,
    16,
    17,
    17,
    17,
    8,
    7,
    8,
    17,
    9,
    17,
    17,
    6,
    17,
    17,
    17,
    17,
    16,
    17,
    14,
    4,
    17,
    17,
    4,
    2,
    17,
    17,
    17,
    4,
    17,
    17,
    17,
    8,
    17,
    8,
    8,
    17,
    17,
    17,
    17,
    17,
    17,
    16,
    17,
    17,
    8,
    8,
    8,
    4,
    4,
    17,
    17,
    17,
    5,
    17,
    17,
    17,
    15,
    5,
    15,
    8,
    2,
    16,
    17,
    17,
    2,
    8,
    6,
    17,
    4,
    17,
    8,
    8,
    8,
    17,
    8,
    17,
    17,
    17,
    16,
    17,
    17,
    16,
    17,
    17,
    17,
    15,
    17,
    17,
    6,
    7,
    6,
    5,
    17,
    4,
    17,
    17,
    11,
    8,
    5,
    17,
    2,
    17,
    17,
    17,
    17,
    17,
    17,
    8,
    9,
    5,
    5,
    12,
    17,
    17,
    5,
    2,
    17,
    17,
    17,
    17,
    17,
    17,
    17,
    17,
    17,
    17,
    18,
    17,
    5,
    17,
    17,
    17,
    5,
    17,
    17,
    17,
    3,
    5,
    8,
    17,
    17,
    17,
    17,
    17,
    8,
    17,
    3,
    17,
    17,
    16,
    3,
    17,
    17,
    17,
    17,
    17,
    17,
    17,
    13,
    17,
    17,
    17,
    8,
    17,
    17,
    2,
    17,
    3,
    17,
    17,
    5,
    17,
    17,
    17,
    11,
    4,
    17,
    17,
    17,
    17,
    17,
    17,
    17,
    8,
    9,
    8,
    17,
    5,
    17,
    17,
    1,
    17,
    8,
    17,
    2,
    17,
    6,
    8,
    17,
    8,
    8,
    17,
    17,
    17,
    17,
    8,
    6,
    17,
    2,
    8,
    17,
    17,
    6,
    7,
    8,
    16,
    6,
    16,
    17,
    11,
    17,
    2,
    12,
    4,
    8,
    17,
    4,
    17,
    1,
    17,
    17,
    8,
    17,
    17,
    17,
    17,
    5,
    8
  ],
  "objectives": [
    309687.32999999984,
    1057.5200000000002
  ],
  "fitness": {
    "minutos_ponderados": 309687.32999999984,
    "costo_total": 1057.5200000000002
  }
}