{
  "run_info": {
    "dataset": "users3.json",
    "config": "uniform_inversion_high_mutation",
    "run": 28,
    "execution_time": 1014.3578057289124,
    "generations": 130,
    "pareto_size": 14,
    "pareto_points": [
      [
        -1295644.189999999,
        2969.1700000000005
      ],
      [
        -1276983.619999997,
        2957.2299999999996
      ],
      [
        -1279399.4499999976,
        2966.19
      ],
      [
        -1308854.0399999977,
        2972.7799999999997
      ],
      [
        -1313820.5899999985,
        3006.7000000000003
      ],
      [
        -1319040.42,
        3059.08
      ],
      [
        -1322356.6399999973,
        3190.04
      ],
      [
        -1321215.4699999986,
        3125.61
      ],
      [
        -1301130.1499999992,
        2970.1800000000003
      ],
      [
        -1319984.0199999998,
        3060.1199999999994
      ],
      [
        -1276029.299999998,
        2924.24
      ],
      [
        -1318871.7899999993,
        3022.6500000000005
      ],
      [
        -1310271.239999998,
        2988.7599999999998
      ],
      [
        -1320272.959999998,
        3101.06
      ]
    ]
  },
  "solutions_count": 14,
  "solutions_directory": "C:\\Users\\hctr0\\PycharmProjects\\TFG_Hector\\31Executions\\NSGA2\\solutions\\users3\\uniform_inversion_high_mutation\\run28"
}