{
  "run_info": {
    "dataset": "users1.json",
    "config": "uniform_inversion_high_mutation",
    "run": 4,
    "execution_time": 233.50812315940857,
    "generations": 70,
    "pareto_size": 14,
    "pareto_points": [
      [
        -493472.4099999998,
        1123.6000000000001
      ],
      [
        -496047.8499999996,
        1173.5500000000002
      ],
      [
        -495790.67999999976,
        1147.0700000000002
      ],
      [
        -496503.5499999999,
        1205.0100000000002
      ],
      [
        -496400.84999999957,
        1182.0100000000002
      ],
      [
        -496483.9399999994,
        1199.0000000000002
      ],
      [
        -487708.7499999999,
        1049.6699999999998
      ],
      [
        -491004.8500000001,
        1068.1799999999998
      ],
      [
        -487515.29999999976,
        1032.7
      ],
      [
        -493325.38999999984,
        1088.6599999999999
      ],
      [
        -495671.96999999974,
        1128.15
      ],
      [
        -495900.82999999967,
        1154.0800000000002
      ],
      [
        -492693.44,
        1072.67
      ],
      [
        -501137.86999999965,
        1206.5400000000002
      ]
    ]
  },
  "solutions_count": 14,
  "solutions_directory": "../results/NSGA2\\solutions\\users1\\uniform_inversion_high_mutation\\run4"
}