{
  "run_info": {
    "dataset": "users5.json",
    "config": "npoint_inversion_high_all",
    "run": 3,
    "execution_time": 2921.1696631908417,
    "generations": 138,
    "pareto_size": 41,
    "pareto_points": [
      [
        -2880904.440000014,
        8984.770000000004
      ],
      [
        -2886098.7200000156,
        8998.75
      ],
      [
        -2919014.350000014,
        9150.650000000001
      ],
      [
        -2847859.6400000076,
        8947.320000000002
      ],
      [
        -2854869.100000007,
        8962.810000000001
      ],
      [
        -2914975.050000011,
        9117.670000000002
      ],
      [
        -2900177.9900000147,
        9011.740000000002
      ],
      [
        -2930533.1600000113,
        9183.590000000002
      ],
      [
        -2977611.110000015,
        9399.120000000004
      ],
      [
        -2954495.130000017,
        9254.760000000002
      ],
      [
        -2907332.8900000164,
        9047.68
      ],
      [
        -2993165.3900000057,
        9463.12
      ],
      [
        -2937174.180000019,
        9226.700000000003
      ],
      [
        -2973492.5100000147,
        9398.660000000002
      ],
      [
        -2901384.0300000147,
        9030.71
      ],
      [
        -2917701.160000015,
        9134.170000000002
      ],
      [
        -2989356.640000008,
        9442.640000000001
      ],
      [
        -2911543.8500000173,
        9073.180000000004
      ],
      [
        -3008648.180000012,
        9513.090000000004
      ],
      [
        -2964709.340000015,
        9370.140000000003
      ],
      [
        -2979846.7500000144,
        9403.100000000004
      ],
      [
        -2851636.7300000084,
        8954.33
      ],
      [
        -2998636.370000006,
        9486.11
      ],
      [
        -2925662.170000012,
        9181.100000000002
      ],
      [
        -2957346.5200000186,
        9258.760000000002
      ],
      [
        -2930686.380000009,
        9187.580000000002
      ],
      [
        -2987542.590000015,
        9440.060000000003
      ],
      [
        -2961960.2800000156,
        9278.740000000002
      ],
      [
        -2982931.1300000153,
        9425.060000000003
      ],
      [
        -2979974.4300000146,
        9408.100000000004
      ],
      [
        -2963207.1900000176,
        9346.640000000003
      ],
      [
        -2855944.9200000074,
        8965.780000000002
      ],
      [
        -2998698.530000006,
        9490.640000000001
      ],
      [
        -2965114.3200000157,
        9382.640000000005
      ],
      [
        -2923970.570000013,
        9152.630000000001
      ],
      [
        -2998442.5300000063,
        9475.110000000002
      ],
      [
        -2984622.7300000153,
        9426.050000000003
      ],
      [
        -2907701.220000017,
        9063.690000000002
      ],
      [
        -2982611.1700000097,
        9418.090000000002
      ],
      [
        -2915372.640000017,
        9120.160000000003
      ],
      [
        -2962311.0700000157,
        9278.750000000002
      ]
    ]
  },
  "solutions_count": 41,
  "solutions_directory": "../results/SPEA2\\solutions\\users5\\npoint_inversion_high_all\\run3"
}