{
  "run_info": {
    "dataset": "users2.json",
    "config": "npoint_inversion_low_mutation",
    "run": 3,
    "execution_time": 1781.2585911750793,
    "generations": 300,
    "pareto_size": 21,
    "pareto_points": [
      [
        -749426.8799999988,
        2415.3399999999997
      ],
      [
        -787055.8199999993,
        2631.75
      ],
      [
        -749853.2799999989,
        2417.36
      ],
      [
        -762288.0699999989,
        2425.82
      ],
      [
        -771324.7599999992,
        2461.81
      ],
      [
        -775049.1199999995,
        2487.83
      ],
      [
        -778593.9199999993,
        2507.28
      ],
      [
        -788193.2199999994,
        2658.1900000000005
      ],
      [
        -750954.3499999989,
        2424.3599999999997
      ],
      [
        -786395.1299999993,
        2627.1899999999996
      ],
      [
        -762714.4699999989,
        2429.84
      ],
      [
        -785223.1299999994,
        2595.2200000000003
      ],
      [
        -768880.709999999,
        2431.33
      ],
      [
        -784085.7299999993,
        2549.7799999999997
      ],
      [
        -787099.2499999995,
        2654.1900000000005
      ],
      [
        -772085.0799999993,
        2468.2799999999997
      ],
      [
        -772749.8699999994,
        2481.83
      ],
      [
        -776294.9899999995,
        2491.84
      ],
      [
        -777395.7399999993,
        2501.2799999999997
      ],
      [
        -781798.2899999995,
        2519.2700000000004
      ],
      [
        -782984.6599999992,
        2538.8
      ]
    ]
  },
  "solutions_count": 21,
  "solutions_directory": "../results/SPEA2\\solutions\\users2\\npoint_inversion_low_mutation\\run3"
}