{
  "run_info": {
    "dataset": "users2.json",
    "config": "npoint_inversion_low_mutation",
    "run": 3,
    "execution_time": 168.20757031440735,
    "generations": 48,
    "pareto_size": 17,
    "pareto_points": [
      [
        -662232.9600000008,
        2492.59
      ],
      [
        -711775.7900000021,
        2573.17
      ],
      [
        -673529.2100000009,
        2546.0600000000004
      ],
      [
        -666945.9000000003,
        2526.0000000000005
      ],
      [
        -747748.830000001,
        2817.47
      ],
      [
        -731630.6700000004,
        2620.09
      ],
      [
        -734322.4100000005,
        2641.49
      ],
      [
        -670729.210000001,
        2527.0600000000004
      ],
      [
        -736495.0100000009,
        2652.53
      ],
      [
        -739213.7100000004,
        2654.9700000000003
      ],
      [
        -665414.9000000007,
        2512.57
      ],
      [
        -715985.800000002,
        2600.17
      ],
      [
        -746485.9100000006,
        2755.4900000000007
      ],
      [
        -671957.020000001,
        2527.5700000000006
      ],
      [
        -710327.3100000022,
        2560.71
      ],
      [
        -743839.7000000007,
        2716.52
      ],
      [
        -715808.4200000021,
        2577.2
      ]
    ]
  },
  "solutions_count": 17,
  "solutions_directory": "../results/SPEA2\\solutions\\users2\\npoint_inversion_low_mutation\\run3"
}