{
  "run_info": {
    "dataset": "users1.json",
    "config": "uniform_reset_high_crossover",
    "run": 1,
    "execution_time": 211.28167271614075,
    "generations": 56,
    "pareto_size": 38,
    "pareto_points": [
      [
        -421411.16999999905,
        1471.8
      ],
      [
        -447167.94999999955,
        1637.73
      ],
      [
        -441106.58999999985,
        1594.77
      ],
      [
        -442878.83999999997,
        1613.7299999999996
      ],
      [
        -447715.99999999977,
        1653.6999999999998
      ],
      [
        -435056.1699999998,
        1556.7299999999996
      ],
      [
        -436820.15999999974,
        1559.7499999999995
      ],
      [
        -430330.17999999976,
        1518.2499999999995
      ],
      [
        -430221.04999999946,
        1508.7999999999997
      ],
      [
        -445937.99999999936,
        1625.7600000000002
      ],
      [
        -422646.8699999994,
        1479.2699999999995
      ],
      [
        -423189.1699999994,
        1492.2599999999995
      ],
      [
        -422641.1199999992,
        1473.7799999999995
      ],
      [
        -420868.86999999906,
        1469.2899999999997
      ],
      [
        -442336.54000000004,
        1601.7499999999995
      ],
      [
        -445943.74999999965,
        1634.7399999999998
      ],
      [
        -432636.4699999997,
        1539.7499999999995
      ],
      [
        -418774.20999999915,
        1465.8
      ],
      [
        -426037.3599999994,
        1494.7899999999997
      ],
      [
        -442880.87999999936,
        1620.7399999999998
      ],
      [
        -433417.5299999992,
        1553.2899999999995
      ],
      [
        -418231.90999999916,
        1464.2999999999997
      ],
      [
        -432094.1699999997,
        1534.2599999999998
      ],
      [
        -442990.0099999998,
        1624.7099999999996
      ],
      [
        -431985.0399999994,
        1521.8099999999997
      ],
      [
        -438260.4399999993,
        1586.7399999999998
      ],
      [
        -447173.69999999984,
        1641.7199999999998
      ],
      [
        -436931.3299999995,
        1572.2599999999998
      ],
      [
        -411386.35999999987,
        1453.8399999999997
      ],
      [
        -426816.54999999906,
        1506.2999999999997
      ],
      [
        -433214.9899999995,
        1540.7699999999998
      ],
      [
        -442886.62999999966,
        1623.7099999999996
      ],
      [
        -427267.30999999953,
        1506.7599999999998
      ],
      [
        -436925.57999999926,
        1564.7799999999997
      ],
      [
        -412616.31,
        1454.3299999999995
      ],
      [
        -439879.3199999992,
        1592.79
      ],
      [
        -434294.36999999953,
        1556.2799999999997
      ],
      [
        -438043.71999999956,
        1573.7799999999997
      ]
    ]
  },
  "solutions_count": 38,
  "solutions_directory": "../results/SPEA2\\solutions\\users1\\uniform_reset_high_crossover\\run1"
}