{
  "run_info": {
    "dataset": "users1.json",
    "config": "npoint_reset_low_crossover",
    "run": 1,
    "execution_time": 107.08017253875732,
    "generations": 60,
    "pareto_size": 15,
    "pareto_points": [
      [
        -449938.6199999997,
        1562.1099999999994
      ],
      [
        -433467.31999999995,
        1442.2099999999994
      ],
      [
        -440487.9799999996,
        1468.2099999999996
      ],
      [
        -456632.40000000014,
        1612.1499999999994
      ],
      [
        -433195.86999999994,
        1440.7199999999996
      ],
      [
        -441860.38999999943,
        1468.2199999999998
      ],
      [
        -422084.7699999998,
        1387.7499999999995
      ],
      [
        -439475.5799999994,
        1462.2299999999996
      ],
      [
        -438103.1699999996,
        1450.2399999999998
      ],
      [
        -432083.4399999999,
        1390.7499999999995
      ],
      [
        -450532.3699999998,
        1567.6599999999994
      ],
      [
        -453742.1700000001,
        1577.1799999999996
      ],
      [
        -447922.9099999998,
        1481.1899999999994
      ],
      [
        -432462.00999999983,
        1393.7499999999998
      ],
      [
        -449408.6399999999,
        1516.1899999999996
      ]
    ]
  },
  "solutions_count": 15,
  "solutions_directory": "../results/SPEA2\\solutions\\users1\\npoint_reset_low_crossover\\run1"
}