{
  "run_info": {
    "dataset": "users1.json",
    "config": "high_heuristic_influence",
    "run": 11,
    "execution_time": 1017.0337793827057,
    "iterations_completed": 76,
    "max_iterations": 200,
    "terminated_early": true,
    "generations_without_improvement": 12,
    "pareto_size": 8,
    "pareto_points": [
      [
        453591.37999999983,
        1065.2
      ],
      [
        424669.1199999997,
        978.12
      ],
      [
        455594.16999999905,
        1134.15
      ],
      [
        453783.22999999905,
        1110.1100000000001
      ],
      [
        433768.36999999976,
        997.58
      ],
      [
        435035.4400000001,
        1008.1600000000001
      ],
      [
        445874.6099999991,
        1011.5800000000002
      ],
      [
        450201.9399999995,
        1043.0700000000002
      ]
    ],
    "solutions_evaluated": 1520,
    "config_params": {
      "n_ants": 20,
      "rho": 0.4,
      "alpha": 0.5,
      "beta": 5.0,
      "archive_size": 100,
      "no_improvement_generations": 12
    }
  },
  "solutions_count": 8,
  "solutions_directory": "C:\\Users\\hctr0\\PycharmProjects\\TFG_Hector\\31Executions\\PACO\\solutions\\users1\\high_heuristic_influence\\run11",
  "objective_statistics": {
    "cost_range": {
      "min": 978.12,
      "max": 1134.15
    },
    "minutes_range": {
      "min": 424669.1199999997,
      "max": 455594.16999999905
    }
  },
  "algorithm_info": {
    "archive_history_length": 76,
    "max_archive_size_reached": 12
  }
}