{
  "run_info": {
    "dataset": "users2.json",
    "config": "npoint_inversion_high_all",
    "run": 2,
    "execution_time": 412.6665575504303,
    "generations": 134,
    "pareto_size": 13,
    "pareto_points": [
      [
        -763599.7200000003,
        2396.76
      ],
      [
        -771943.1299999999,
        2412.7699999999995
      ],
      [
        -775541.7099999995,
        2435.75
      ],
      [
        -788925.6600000019,
        2463.83
      ],
      [
        -776109.5799999995,
        2438.25
      ],
      [
        -775488.2599999998,
        2421.27
      ],
      [
        -786073.740000002,
        2461.82
      ],
      [
        -798061.3399999996,
        2491.24
      ],
      [
        -778961.4999999995,
        2457.7299999999996
      ],
      [
        -767089.6700000006,
        2398.2599999999998
      ],
      [
        -736621.7400000012,
        2391.2599999999998
      ],
      [
        -775061.1499999999,
        2418.25
      ],
      [
        -800119.6199999999,
        2519.2299999999996
      ]
    ]
  },
  "solutions_count": 13,
  "solutions_directory": "../results/SPEA2\\solutions\\users2\\npoint_inversion_high_all\\run2"
}