{
  "run_info": {
    "dataset": "users4.json",
    "config": "uniform_reset_low_mutation",
    "run": 4,
    "execution_time": 1039.0087175369263,
    "generations": 74,
    "pareto_size": 29,
    "pareto_points": [
      [
        -1808474.650000003,
        5729.17
      ],
      [
        -1803095.890000001,
        5712.22
      ],
      [
        -1804617.9300000002,
        5720.21
      ],
      [
        -1815080.3300000024,
        5760.68
      ],
      [
        -1814610.4800000028,
        5756.14
      ],
      [
        -1808810.7600000012,
        5741.640000000001
      ],
      [
        -1831609.250000003,
        5880.54
      ],
      [
        -1809546.120000002,
        5745.160000000001
      ],
      [
        -1821512.1800000013,
        5801.6
      ],
      [
        -1824139.8700000034,
        5822.620000000001
      ],
      [
        -1831907.9500000025,
        5901.03
      ],
      [
        -1829803.8100000038,
        5868.08
      ],
      [
        -1829136.1100000027,
        5851.570000000001
      ],
      [
        -1812275.1200000027,
        5746.1100000000015
      ],
      [
        -1829909.790000002,
        5868.56
      ],
      [
        -1820144.6900000032,
        5777.17
      ],
      [
        -1827345.0900000012,
        5849.120000000001
      ],
      [
        -1823211.6400000025,
        5814.58
      ],
      [
        -1817151.6700000016,
        5762.640000000001
      ],
      [
        -1817809.330000003,
        5772.140000000001
      ],
      [
        -1827330.6700000037,
        5839.11
      ],
      [
        -1812835.1600000027,
        5747.640000000002
      ],
      [
        -1814400.0000000028,
        5753.620000000002
      ],
      [
        -1822984.5800000015,
        5806.160000000001
      ],
      [
        -1825539.6500000022,
        5838.660000000001
      ],
      [
        -1820443.3900000027,
        5797.650000000001
      ],
      [
        -1825232.8200000043,
        5832.09
      ],
      [
        -1829593.330000004,
        5861.5599999999995
      ],
      [
        -1822407.350000004,
        5803.62
      ]
    ]
  },
  "solutions_count": 29,
  "solutions_directory": "../results/SPEA2\\solutions\\users4\\uniform_reset_low_mutation\\run4"
}