{
  "run_info": {
    "dataset": "users2.json",
    "config": "uniform_inversion_high_mutation",
    "run": 2,
    "execution_time": 361.49400639533997,
    "generations": 117,
    "pareto_size": 10,
    "pareto_points": [
      [
        -823647.4500000022,
        2397.2200000000003
      ],
      [
        -799719.0600000023,
        2262.73
      ],
      [
        -816432.9900000019,
        2318.23
      ],
      [
        -822108.0000000023,
        2373.7599999999998
      ],
      [
        -818831.2600000019,
        2319.19
      ],
      [
        -822971.4100000021,
        2374.23
      ],
      [
        -816332.9900000027,
        2306.17
      ],
      [
        -815482.0700000025,
        2286.67
      ],
      [
        -811689.0400000022,
        2265.7000000000003
      ],
      [
        -821923.790000003,
        2333.6400000000003
      ]
    ]
  },
  "solutions_count": 10,
  "solutions_directory": "../results/SPEA2\\solutions\\users2\\uniform_inversion_high_mutation\\run2"
}