{
  "solution": [
    5,
    1,
    16,
    6,
    15,
    13,
    17,
    7,
    8,
    2,
    17,
    9,
    16,
    9,
    5,
    7,
    4,
    4,
    15,
    5,
    11,
    5,
    10,
    5,
    10,
    5,
    4,
    17,
    5,
    16,
    3,
    8,
    17,
    5,
    17,
    17,
    18,
    2,
    2,
    3,
    9,
    8,
    13,
    13,
    4,
    16,
    18,
    8,
    2,
    7,
    1,
    2,
    17,
    11,
    5,
    1,
    16,
    17,
    1,
    4,
    11,
    17,
    9,
    4,
    8,
    2,
    1,
    2,
    11,
    12,
    18,
    10,
    7,
    8,
    17,
    18,
    2,
    17,
    1,
    2,
    9,
    6,
    17,
    17,
    14,
    11,
    5,
    15,
    15,
    8,
    9,
    9,
    8,
    13,
    16,
    2,
    5,
    11,
    5,
    17,
    15,
    11,
    8,
    4,
    15,
    4,
    5,
    8,
    1,
    5,
    8,
    6,
    4,
    6,
    17,
    6,
    15,
    15,
    17,
    2,
    11,
    17,
    15,
    5,
    7,
    13,
    17,
    9,
    1,
    16,
    15,
    10,
    2,
    16,
    1,
    17,
    9,
    13,
    6,
    6,
    15,
    5,
    6,
    5,
    4,
    16,
    4,
    10,
    17,
    9,
    5,
    16,
    11,
    11,
    17,
    9,
    4,
    15,
    4,
    11,
    6,
    2,
    5,
    15,
    8,
    15,
    5,
    10,
    4,
    16,
    6,
    6,
    6,
    18,
    16,
    2,
    16,
    17,
    16,
    17,
    8,
    10,
    6,
    15,
    17,
    17,
    15,
    17,
    4,
    5,
    4,
    18,
    17,
    5,
    16,
    4,
    5,
    17,
    17,
    9,
    8,
    12,
    5,
    3,
    16,
    5,
    9,
    9,
    2,
    17,
    5,
    12,
    15,
    17,
    14,
    16,
    4,
    16,
    16,
    4,
    17,
    7,
    4,
    2,
    4,
    4,
    5,
    17,
    4,
    2,
    17,
    4,
    16,
    5,
    18,
    5,
    4,
    2,
    15,
    13,
    17,
    16,
    17,
    16,
    11,
    7,
    6,
    8,
    17,
    7,
    7,
    17,
    13,
    11,
    1,
    5,
    6,
    17,
    6,
    15,
    16,
    12,
    6,
    10,
    15,
    16,
    14,
    1,
    2,
    8,
    7,
    7,
    15,
    7,
    17,
    11,
    16,
    7,
    2,
    10,
    2,
    2,
    10,
    4,
    2,
    8,
    17,
    6,
    2,
    8,
    16,
    14,
    17,
    7,
    16,
    18,
    16,
    14,
    3,
    8
  ],
  "objectives": [
    422100.4600000002,
    1360.55
  ],
  "fitness": {
    "minutos_ponderados": 422100.4600000002,
    "costo_total": 1360.55
  }
}