{
  "solution": [
    1,
    6,
    12,
    6,
    17,
    17,
    2,
    5,
    5,
    4,
    15,
    10,
    13,
    16,
    9,
    4,
    12,
    4,
    7,
    17,
    16,
    18,
    5,
    8,
    10,
    2,
    2,
    1,
    2,
    2,
    14,
    8,
    16,
    17,
    4,
    4,
    5,
    1,
    16,
    2,
    5,
    4,
    13,
    7,
    2,
    6,
    16,
    6,
    5,
    9,
    15,
    17,
    16,
    2,
    9,
    10,
    17,
    17,
    8,
    4,
    8,
    17,
    5,
    17,
    17,
    10,
    8,
    5,
    8,
    9,
    5,
    6,
    6,
    9,
    17,
    12,
    6,
    16,
    9,
    16,
    11,
    5,
    17,
    11,
    10,
    9,
    16,
    8,
    18,
    2,
    4,
    17,
    3,
    4,
    16,
    4,
    3,
    8,
    15,
    17,
    16,
    2,
    8,
    2,
    11,
    2,
    5,
    6,
    3,
    5,
    6,
    6,
    8,
    16,
    5,
    17,
    6,
    17,
    12,
    4,
    18,
    2,
    6,
    4,
    6,
    2,
    16,
    17,
    18,
    4,
    5,
    16,
    2,
    17,
    4,
    17,
    12,
    8,
    17,
    12,
    11,
    18,
    5,
    8,
    4,
    4,
    9,
    17,
    17,
    2,
    17,
    9,
    11,
    15,
    8,
    2,
    4,
    2,
    14,
    4,
    6,
    9,
    2,
    5,
    17,
    16,
    8,
    6,
    8,
    17,
    15,
    8,
    11,
    6,
    17,
    17,
    13,
    15,
    17,
    8,
    17,
    16,
    14,
    2,
    17,
    8,
    2,
    5,
    5,
    4,
    10,
    16,
    17,
    16,
    17,
    15,
    9,
    4,
    17,
    5,
    5,
    10,
    4,
    17,
    6,
    9,
    5,
    17,
    2,
    7,
    1,
    6,
    8,
    2,
    9,
    17,
    11,
    10,
    4,
    9,
    1,
    4,
    6,
    5,
    8,
    1,
    15,
    17,
    15,
    2,
    9,
    18,
    17,
    8,
    2,
    4,
    18,
    7,
    8,
    5,
    4,
    13,
    8,
    16,
    8,
    5,
    12,
    8,
    4,
    17,
    8,
    17,
    5,
    15,
    16,
    2,
    17,
    8,
    4,
    4,
    17,
    6,
    7,
    2,
    17,
    15,
    16,
    11,
    17,
    5,
    2,
    5,
    16,
    2,
    17,
    4,
    16,
    17,
    5,
    5,
    17,
    17,
    6,
    8,
    13,
    16,
    17,
    16,
    17,
    17,
    15,
    17,
    9,
    18,
    1,
    4,
    8,
    5,
    4,
    6
  ],
  "objectives": [
    394653.05,
    1213.1599999999999
  ],
  "fitness": {
    "minutos_ponderados": 394653.05,
    "costo_total": 1213.1599999999999
  }
}