{
  "solution": [
    5,
    6,
    3,
    16,
    2,
    10,
    2,
    6,
    6,
    15,
    8,
    10,
    15,
    5,
    9,
    17,
    14,
    2,
    15,
    16,
    17,
    14,
    6,
    8,
    4,
    1,
    4,
    17,
    5,
    6,
    16,
    8,
    5,
    5,
    11,
    10,
    12,
    11,
    17,
    1,
    6,
    1,
    2,
    6,
    10,
    2,
    5,
    5,
    18,
    1,
    8,
    16,
    8,
    1,
    2,
    13,
    6,
    17,
    2,
    17,
    8,
    8,
    16,
    1,
    16,
    10,
    17,
    13,
    10,
    2,
    17,
    7,
    17,
    17,
    2,
    8,
    9,
    2,
    17,
    5,
    15,
    16,
    16,
    2,
    10,
    17,
    16,
    17,
    9,
    9,
    6,
    18,
    4,
    4,
    12,
    17,
    5,
    9,
    11,
    9,
    17,
    2,
    17,
    8,
    2,
    8,
    9,
    9,
    2,
    9,
    15,
    16,
    17,
    8,
    15,
    15,
    2,
    16,
    8,
    17,
    8,
    6,
    17,
    2,
    17,
    1,
    8,
    4,
    11,
    8,
    10,
    1,
    17,
    17,
    6,
    17,
    1,
    6,
    17,
    4,
    11,
    11,
    16,
    6,
    2,
    8,
    2,
    8,
    2,
    6,
    16,
    5,
    11,
    7,
    15,
    17,
    8,
    8,
    7,
    17,
    13,
    13,
    15,
    5,
    17,
    17,
    8,
    9,
    17,
    5,
    15,
    8,
    5,
    17,
    4,
    8,
    11,
    17,
    8,
    8,
    8,
    11,
    15,
    7,
    1,
    8,
    17,
    15,
    17,
    9,
    17,
    8,
    18,
    17,
    5,
    15,
    3,
    17,
    13,
    5,
    10,
    1,
    16,
    6,
    4,
    16,
    3,
    2,
    17,
    17,
    10,
    11,
    15,
    4,
    8,
    9,
    12,
    17,
    16,
    8,
    4,
    1,
    17,
    10,
    6,
    15,
    3,
    1,
    2,
    6,
    6,
    4,
    5,
    8,
    5,
    8,
    9,
    5,
    2,
    17,
    18,
    16,
    8,
    3,
    4,
    5,
    16,
    16,
    5,
    5,
    17,
    5,
    4,
    3,
    6,
    17,
    18,
    13,
    7,
    4,
    6,
    14,
    17,
    17,
    8,
    17,
    4,
    2,
    6,
    9,
    5,
    17,
    14,
    4,
    16,
    5,
    16,
    5,
    18,
    4,
    16,
    1,
    16,
    8,
    17,
    8,
    17,
    16,
    2,
    4,
    5,
    14,
    16,
    1,
    9,
    17,
    14,
    2,
    17,
    5
  ],
  "objectives": [
    394317.1099999999,
    1211.62
  ],
  "fitness": {
    "minutos_ponderados": 394317.1099999999,
    "costo_total": 1211.62
  }
}