{
  "run_info": {
    "dataset": "users1.json",
    "config": "npoint_reset_low_crossover",
    "run": 1,
    "execution_time": 33.61985969543457,
    "generations": 13,
    "pareto_size": 2,
    "pareto_points": [
      [
        -406513.8999999996,
        1528.2599999999995
      ],
      [
        -421386.4099999998,
        1593.1899999999996
      ]
    ]
  },
  "solutions_count": 2,
  "solutions_directory": "../results/SPEA2\\solutions\\users1\\npoint_reset_low_crossover\\run1"
}