{
  "run_info": {
    "dataset": "users4.json",
    "config": "uniform_reset_high_crossover",
    "run": 2,
    "execution_time": 2946.2788214683533,
    "generations": 120,
    "pareto_size": 41,
    "pareto_points": [
      [
        -1935466.8900000022,
        5371.87
      ],
      [
        -1935873.9600000018,
        5380.889999999999
      ],
      [
        -1955307.0500000003,
        5508.360000000001
      ],
      [
        -1935701.450000002,
        5375.879999999999
      ],
      [
        -1920974.4800000014,
        5320.94
      ],
      [
        -1963369.77,
        5636.27
      ],
      [
        -1925735.5500000035,
        5339.930000000001
      ],
      [
        -1944029.1100000006,
        5381.41
      ],
      [
        -1914326.0600000028,
        5281.97
      ],
      [
        -1951175.2000000011,
        5456.910000000001
      ],
      [
        -1944784.530000001,
        5415.41
      ],
      [
        -1906077.1800000025,
        5254.92
      ],
      [
        -1946680.1000000008,
        5446.4
      ],
      [
        -1922778.650000004,
        5333.850000000001
      ],
      [
        -1954771.6900000004,
        5472.900000000001
      ],
      [
        -1946448.85,
        5421.389999999999
      ],
      [
        -1911930.1600000032,
        5264.0
      ],
      [
        -1959903.63,
        5541.86
      ],
      [
        -1962259.7800000007,
        5599.81
      ],
      [
        -1907330.7700000028,
        5256.9400000000005
      ],
      [
        -1954782.0600000003,
        5492.850000000001
      ],
      [
        -1906832.600000003,
        5254.94
      ],
      [
        -1961606.5399999998,
        5597.800000000001
      ],
      [
        -1963015.2000000011,
        5608.3
      ],
      [
        -1960207.9199999997,
        5578.830000000001
      ],
      [
        -1921538.730000004,
        5324.860000000001
      ],
      [
        -1914733.1900000037,
        5287.900000000001
      ],
      [
        -1958656.0800000003,
        5540.310000000001
      ],
      [
        -1961233.9600000007,
        5593.32
      ],
      [
        -1911873.640000003,
        5259.970000000001
      ],
      [
        -1917698.5300000035,
        5297.970000000001
      ],
      [
        -1951985.590000001,
        5461.92
      ],
      [
        -1923464.3200000036,
        5333.900000000001
      ],
      [
        -1915371.1000000027,
        5297.960000000001
      ],
      [
        -1958015.9500000002,
        5518.88
      ],
      [
        -1960986.09,
        5587.78
      ],
      [
        -1955559.8700000003,
        5511.870000000001
      ],
      [
        -1930529.0700000029,
        5346.900000000001
      ],
      [
        -1932605.1800000027,
        5349.889999999999
      ],
      [
        -1913883.0700000029,
        5275.91
      ],
      [
        -1904345.6300000034,
        5222.470000000001
      ]
    ]
  },
  "solutions_count": 41,
  "solutions_directory": "../results/NSGA2\\solutions\\users4\\uniform_reset_high_crossover\\run2"
}