{
  "solution": [
    17,
    4,
    17,
    2,
    17,
    8,
    8,
    17,
    17,
    17,
    17,
    6,
    17,
    17,
    17,
    5,
    17,
    4,
    17,
    5,
    2,
    17,
    17,
    17,
    6,
    2,
    2,
    17,
    2,
    17,
    17,
    17,
    17,
    17,
    17,
    16,
    8,
    17,
    17,
    8,
    8,
    17,
    17,
    6,
    17,
    17,
    17,
    17,
    17,
    17,
    2,
    17,
    8,
    5,
    17,
    2,
    17,
    4,
    6,
    17,
    17,
    12,
    2,
    17,
    8,
    8,
    18,
    2,
    17,
    17,
    17,
    17,
    17,
    17,
    17,
    8,
    16,
    17,
    17,
    2,
    17,
    17,
    17,
    17,
    17,
    17,
    17,
    6,
    2,
    2,
    17,
    17,
    17,
    8,
    5,
    8,
    5,
    4,
    16,
    2,
    10,
    17,
    17,
    2,
    17,
    17,
    17,
    8,
    17,
    8,
    7,
    17,
    17,
    17,
    17,
    17,
    5,
    17,
    17,
    4,
    17,
    8,
    17,
    17,
    5,
    2,
    16,
    17,
    2,
    17,
    8,
    17,
    17,
    17,
    8,
    5,
    2,
    17,
    17,
    17,
    17,
    8,
    2,
    16,
    16,
    17,
    17,
    17,
    17,
    17,
    17,
    5,
    8,
    17,
    8,
    16,
    17,
    5,
    17,
    8,
    17,
    17,
    5,
    17,
    17,
    17,
    17,
    17,
    17,
    16,
    1,
    17,
    8,
    16,
    17,
    8,
    5,
    11,
    17,
    17,
    16,
    5,
    17,
    17,
    17,
    17,
    17,
    2,
    17,
    17,
    17,
    8,
    5,
    16,
    2,
    17,
    17,
    8,
    16,
    8,
    13,
    16,
    5,
    17,
    8,
    17,
    8,
    17,
    17,
    8,
    8,
    2,
    8,
    17,
    17,
    8,
    17,
    2,
    17,
    6,
    17,
    17,
    13,
    17,
    17,
    17,
    17,
    5,
    17,
    8,
    11,
    8,
    17,
    5,
    17,
    2,
    17,
    17,
    4,
    16,
    17,
    2,
    4,
    17,
    17,
    17,
    17,
    17,
    5,
    17,
    17,
    9,
    16,
    17,
    4,
    17,
    8,
    6,
    17,
    17,
    17,
    17,
    17,
    8,
    8,
    16,
    14,
    17,
    8,
    17,
    6,
    4,
    17,
    17,
    14,
    17,
    17,
    16,
    17,
    8,
    17,
    15,
    17,
    16,
    17,
    17,
    8,
    6,
    17,
    17,
    8,
    8,
    16,
    17,
    17,
    8,
    9,
    5,
    8,
    16
  ],
  "objectives": [
    442456.51999999915,
    929.6900000000003
  ],
  "fitness": {
    "minutos_ponderados": 442456.51999999915,
    "costo_total": 929.6900000000003
  }
}