{
  "solution": [
    11,
    17,
    17,
    2,
    17,
    8,
    8,
    17,
    17,
    17,
    17,
    6,
    17,
    17,
    17,
    5,
    17,
    2,
    17,
    5,
    17,
    17,
    17,
    17,
    5,
    2,
    2,
    17,
    2,
    18,
    7,
    17,
    17,
    8,
    8,
    17,
    12,
    17,
    17,
    13,
    8,
    17,
    17,
    3,
    6,
    17,
    17,
    13,
    17,
    17,
    2,
    17,
    8,
    17,
    17,
    2,
    17,
    17,
    17,
    17,
    17,
    17,
    17,
    17,
    8,
    8,
    17,
    2,
    17,
    17,
    17,
    17,
    17,
    13,
    17,
    8,
    17,
    17,
    17,
    5,
    17,
    17,
    17,
    17,
    17,
    17,
    17,
    6,
    8,
    2,
    17,
    17,
    17,
    8,
    5,
    8,
    5,
    4,
    16,
    2,
    17,
    17,
    17,
    2,
    17,
    17,
    17,
    8,
    14,
    17,
    17,
    17,
    9,
    17,
    17,
    12,
    5,
    17,
    17,
    4,
    17,
    14,
    6,
    17,
    5,
    17,
    17,
    17,
    2,
    17,
    6,
    17,
    17,
    17,
    8,
    17,
    2,
    11,
    16,
    17,
    17,
    8,
    2,
    16,
    16,
    17,
    17,
    2,
    11,
    17,
    17,
    5,
    8,
    17,
    8,
    16,
    17,
    3,
    17,
    8,
    17,
    17,
    5,
    17,
    17,
    17,
    17,
    17,
    17,
    16,
    3,
    17,
    15,
    16,
    17,
    8,
    5,
    17,
    17,
    17,
    16,
    5,
    17,
    17,
    17,
    17,
    17,
    2,
    17,
    17,
    17,
    8,
    5,
    10,
    17,
    17,
    17,
    8,
    16,
    10,
    16,
    16,
    5,
    6,
    3,
    17,
    8,
    17,
    17,
    8,
    8,
    2,
    17,
    17,
    17,
    5,
    17,
    2,
    17,
    17,
    17,
    17,
    6,
    17,
    4,
    17,
    17,
    5,
    17,
    8,
    17,
    10,
    17,
    5,
    17,
    2,
    17,
    17,
    4,
    16,
    17,
    2,
    4,
    17,
    17,
    17,
    17,
    17,
    5,
    17,
    17,
    9,
    16,
    17,
    14,
    17,
    1,
    17,
    17,
    17,
    17,
    17,
    17,
    8,
    11,
    16,
    10,
    17,
    8,
    7,
    6,
    14,
    17,
    17,
    17,
    17,
    17,
    16,
    17,
    8,
    13,
    2,
    16,
    16,
    5,
    17,
    17,
    6,
    17,
    6,
    8,
    8,
    7,
    17,
    17,
    8,
    16,
    5,
    8,
    16
  ],
  "objectives": [
    453463.0699999989,
    1039.62
  ],
  "fitness": {
    "minutos_ponderados": 453463.0699999989,
    "costo_total": 1039.62
  }
}