{
  "solution": [
    17,
    17,
    17,
    2,
    17,
    8,
    8,
    17,
    17,
    17,
    17,
    6,
    17,
    17,
    6,
    5,
    17,
    2,
    17,
    5,
    17,
    16,
    17,
    17,
    5,
    2,
    2,
    17,
    2,
    18,
    17,
    10,
    17,
    17,
    17,
    16,
    6,
    17,
    13,
    8,
    8,
    17,
    17,
    17,
    17,
    17,
    17,
    17,
    17,
    17,
    2,
    17,
    8,
    17,
    17,
    2,
    17,
    17,
    17,
    17,
    17,
    17,
    2,
    17,
    8,
    8,
    17,
    2,
    17,
    17,
    17,
    17,
    17,
    17,
    17,
    8,
    16,
    17,
    17,
    5,
    17,
    17,
    17,
    17,
    17,
    17,
    17,
    6,
    8,
    2,
    17,
    17,
    17,
    8,
    5,
    8,
    5,
    4,
    16,
    8,
    18,
    17,
    17,
    2,
    17,
    17,
    17,
    16,
    17,
    8,
    14,
    15,
    17,
    17,
    17,
    17,
    5,
    17,
    8,
    4,
    17,
    7,
    17,
    17,
    5,
    17,
    17,
    17,
    2,
    17,
    8,
    17,
    17,
    17,
    8,
    17,
    2,
    7,
    17,
    17,
    17,
    8,
    2,
    16,
    16,
    17,
    13,
    17,
    17,
    17,
    17,
    5,
    8,
    17,
    8,
    16,
    17,
    17,
    17,
    8,
    17,
    17,
    5,
    17,
    17,
    8,
    17,
    17,
    17,
    17,
    1,
    13,
    8,
    16,
    17,
    8,
    5,
    17,
    17,
    17,
    16,
    5,
    17,
    6,
    17,
    7,
    17,
    2,
    17,
    17,
    17,
    8,
    5,
    16,
    17,
    17,
    17,
    8,
    16,
    8,
    16,
    16,
    5,
    17,
    8,
    17,
    11,
    17,
    17,
    8,
    8,
    2,
    17,
    17,
    17,
    17,
    17,
    2,
    17,
    17,
    5,
    14,
    4,
    17,
    17,
    17,
    17,
    5,
    17,
    8,
    17,
    8,
    17,
    5,
    17,
    2,
    17,
    15,
    2,
    16,
    17,
    2,
    4,
    17,
    17,
    17,
    17,
    17,
    5,
    17,
    17,
    9,
    16,
    17,
    4,
    1,
    8,
    17,
    17,
    17,
    17,
    17,
    17,
    8,
    8,
    16,
    5,
    17,
    8,
    17,
    6,
    4,
    17,
    11,
    17,
    1,
    15,
    16,
    17,
    8,
    17,
    2,
    17,
    16,
    2,
    17,
    17,
    6,
    17,
    17,
    8,
    17,
    16,
    17,
    3,
    8,
    16,
    5,
    8,
    16
  ],
  "objectives": [
    451267.669999999,
    998.1
  ],
  "fitness": {
    "minutos_ponderados": 451267.669999999,
    "costo_total": 998.1
  }
}