{
  "solution": [
    17,
    17,
    17,
    2,
    17,
    8,
    17,
    17,
    17,
    9,
    17,
    6,
    17,
    17,
    17,
    5,
    17,
    2,
    17,
    5,
    17,
    17,
    6,
    17,
    5,
    2,
    2,
    17,
    2,
    17,
    17,
    17,
    17,
    17,
    17,
    16,
    8,
    17,
    3,
    8,
    2,
    17,
    12,
    17,
    17,
    17,
    17,
    17,
    17,
    17,
    2,
    17,
    8,
    17,
    17,
    5,
    17,
    17,
    17,
    17,
    17,
    1,
    2,
    17,
    8,
    8,
    17,
    10,
    17,
    17,
    17,
    17,
    17,
    17,
    17,
    8,
    16,
    17,
    17,
    12,
    10,
    17,
    17,
    17,
    17,
    17,
    17,
    6,
    8,
    2,
    17,
    17,
    17,
    8,
    5,
    12,
    5,
    9,
    16,
    2,
    15,
    17,
    17,
    2,
    17,
    17,
    17,
    8,
    17,
    8,
    17,
    17,
    17,
    17,
    17,
    7,
    5,
    17,
    17,
    4,
    17,
    8,
    17,
    17,
    5,
    17,
    17,
    17,
    2,
    17,
    8,
    17,
    17,
    17,
    8,
    17,
    2,
    17,
    17,
    4,
    17,
    8,
    2,
    16,
    16,
    17,
    17,
    17,
    17,
    17,
    17,
    3,
    5,
    17,
    8,
    16,
    17,
    17,
    17,
    6,
    17,
    17,
    5,
    17,
    17,
    17,
    17,
    17,
    17,
    11,
    1,
    17,
    8,
    16,
    5,
    8,
    5,
    17,
    17,
    17,
    16,
    5,
    17,
    17,
    17,
    17,
    17,
    2,
    17,
    17,
    17,
    16,
    5,
    16,
    17,
    17,
    17,
    8,
    16,
    8,
    16,
    16,
    5,
    17,
    8,
    17,
    8,
    15,
    10,
    8,
    8,
    2,
    15,
    17,
    17,
    17,
    17,
    2,
    17,
    17,
    17,
    17,
    4,
    17,
    17,
    10,
    17,
    5,
    17,
    8,
    11,
    8,
    17,
    5,
    17,
    2,
    3,
    17,
    4,
    16,
    17,
    2,
    4,
    17,
    17,
    17,
    17,
    1,
    5,
    17,
    17,
    9,
    16,
    17,
    4,
    17,
    8,
    17,
    17,
    17,
    17,
    17,
    17,
    3,
    8,
    16,
    5,
    3,
    8,
    17,
    6,
    4,
    17,
    6,
    17,
    17,
    17,
    16,
    17,
    8,
    17,
    2,
    17,
    16,
    17,
    6,
    17,
    6,
    17,
    8,
    8,
    8,
    16,
    17,
    17,
    8,
    16,
    5,
    8,
    16
  ],
  "objectives": [
    451093.37999999896,
    997.64
  ],
  "fitness": {
    "minutos_ponderados": 451093.37999999896,
    "costo_total": 997.64
  }
}