{
  "run_info": {
    "dataset": "users5.json",
    "config": "uniform_inversion_high_mutation",
    "run": 22,
    "execution_time": 8158.043447494507,
    "generations": 244,
    "pareto_size": 19,
    "pareto_points": [
      [
        -3389489.4100000043,
        7199.23
      ],
      [
        -3568841.2899999977,
        7411.77
      ],
      [
        -3551976.399999994,
        7370.249999999999
      ],
      [
        -3532742.7599999956,
        7289.25
      ],
      [
        -3586466.989999993,
        7510.620000000002
      ],
      [
        -3540391.0799999963,
        7329.27
      ],
      [
        -3399513.2500000014,
        7233.75
      ],
      [
        -3574468.439999992,
        7428.6900000000005
      ],
      [
        -3538800.0999999936,
        7329.260000000001
      ],
      [
        -3538424.6499999957,
        7323.760000000001
      ],
      [
        -3568970.6999999937,
        7427.780000000001
      ],
      [
        -3563280.939999995,
        7393.740000000001
      ],
      [
        -3563494.549999995,
        7398.200000000001
      ],
      [
        -3555749.7099999967,
        7371.7300000000005
      ],
      [
        -3553567.5799999945,
        7371.240000000001
      ],
      [
        -3543411.499999993,
        7345.26
      ],
      [
        -3524081.5699999933,
        7248.29
      ],
      [
        -3534196.2799999933,
        7321.710000000002
      ],
      [
        -3561879.3299999926,
        7380.82
      ]
    ]
  },
  "solutions_count": 19,
  "solutions_directory": "C:\\Users\\hctr0\\PycharmProjects\\TFG_Hector\\31Executions\\NSGA2\\solutions\\users5\\uniform_inversion_high_mutation\\run22"
}