{
  "run_info": {
    "dataset": "users3.json",
    "config": "high_heuristic_influence",
    "run": 12,
    "execution_time": 2697.1984102725983,
    "iterations_completed": 83,
    "max_iterations": 200,
    "terminated_early": true,
    "generations_without_improvement": 12,
    "pareto_size": 20,
    "pareto_points": [
      [
        1178262.2999999928,
        2854.709999999999
      ],
      [
        1157371.2499999944,
        2781.3799999999997
      ],
      [
        1197722.9399999948,
        2959.7699999999995
      ],
      [
        1185608.7699999907,
        2904.2200000000003
      ],
      [
        1213063.4999999932,
        2982.8300000000004
      ],
      [
        1188754.1099999931,
        2946.040000000001
      ],
      [
        1211500.6099999903,
        2973.420000000001
      ],
      [
        1229915.0899999964,
        3003.150000000002
      ],
      [
        1259105.3899999964,
        3146.5500000000015
      ],
      [
        1254538.9499999941,
        3083.6300000000015
      ],
      [
        1254464.5799999938,
        3069.4400000000014
      ],
      [
        1242907.749999998,
        3030.1200000000013
      ],
      [
        1258536.4999999944,
        3090.460000000002
      ],
      [
        1233237.5599999984,
        3005.0500000000015
      ],
      [
        1250071.539999993,
        3063.1100000000015
      ],
      [
        1252892.4399999962,
        3064.0300000000016
      ],
      [
        1260119.1399999962,
        3178.060000000001
      ],
      [
        1236888.7099999937,
        3017.180000000001
      ],
      [
        1234714.8699999952,
        3010.5700000000015
      ],
      [
        1260354.929999996,
        3226.550000000001
      ]
    ],
    "solutions_evaluated": 1660,
    "config_params": {
      "n_ants": 20,
      "rho": 0.4,
      "alpha": 0.5,
      "beta": 5.0,
      "archive_size": 100,
      "no_improvement_generations": 12
    }
  },
  "solutions_count": 20,
  "solutions_directory": "C:\\Users\\hctr0\\PycharmProjects\\TFG_Hector\\31Executions\\PACO\\solutions\\users3\\high_heuristic_influence\\run12",
  "objective_statistics": {
    "cost_range": {
      "min": 2781.3799999999997,
      "max": 3226.550000000001
    },
    "minutes_range": {
      "min": 1157371.2499999944,
      "max": 1260354.929999996
    }
  },
  "algorithm_info": {
    "archive_history_length": 83,
    "max_archive_size_reached": 20
  }
}