{
  "run_info": {
    "dataset": "users1.json",
    "config": "npoint_reset_low_crossover",
    "run": 3,
    "execution_time": 160.9697916507721,
    "generations": 91,
    "pareto_size": 18,
    "pareto_points": [
      [
        -452249.00000000023,
        1600.7099999999994
      ],
      [
        -435903.9999999999,
        1491.1999999999996
      ],
      [
        -449389.6000000001,
        1580.2299999999996
      ],
      [
        -434962.06999999925,
        1487.6999999999996
      ],
      [
        -449211.33999999997,
        1574.1899999999994
      ],
      [
        -447926.3199999997,
        1532.2099999999996
      ],
      [
        -413577.70999999973,
        1405.7899999999995
      ],
      [
        -434949.3299999993,
        1471.6899999999996
      ],
      [
        -430319.5299999993,
        1461.7099999999994
      ],
      [
        -451867.05000000005,
        1592.7199999999996
      ],
      [
        -445510.92999999976,
        1512.2199999999996
      ],
      [
        -440261.5599999996,
        1492.6899999999996
      ],
      [
        -420018.1799999994,
        1436.3199999999997
      ],
      [
        -447252.9299999997,
        1524.2099999999996
      ],
      [
        -441382.7199999998,
        1507.7099999999994
      ],
      [
        -451237.60999999987,
        1589.1499999999994
      ],
      [
        -421805.9299999997,
        1445.7399999999998
      ],
      [
        -419169.6499999996,
        1408.7999999999997
      ]
    ]
  },
  "solutions_count": 18,
  "solutions_directory": "../results/SPEA2\\solutions\\users1\\npoint_reset_low_crossover\\run3"
}