{
  "run_info": {
    "dataset": "users5.json",
    "config": "high_heuristic_influence",
    "run": 16,
    "execution_time": 5024.629416227341,
    "iterations_completed": 54,
    "max_iterations": 200,
    "terminated_early": true,
    "generations_without_improvement": 12,
    "pareto_size": 21,
    "pareto_points": [
      [
        3028768.000000006,
        6954.61000000001
      ],
      [
        3029827.7300000265,
        7100.450000000009
      ],
      [
        3025873.079999997,
        6954.070000000008
      ],
      [
        3035102.870000004,
        7263.920000000009
      ],
      [
        3061979.2100000293,
        7289.50000000001
      ],
      [
        3077906.6900000144,
        7370.66000000001
      ],
      [
        3067957.4700000077,
        7359.530000000011
      ],
      [
        3112982.050000026,
        7409.450000000012
      ],
      [
        3130639.3000000156,
        7580.1100000000115
      ],
      [
        3130937.630000022,
        7588.450000000013
      ],
      [
        3157398.7900000317,
        7654.430000000013
      ],
      [
        3117648.7800000207,
        7504.980000000012
      ],
      [
        3136051.270000021,
        7646.210000000014
      ],
      [
        3167022.1600000127,
        7684.720000000012
      ],
      [
        3172722.700000018,
        7720.320000000014
      ],
      [
        3181325.060000031,
        7745.8700000000135
      ],
      [
        3173401.1000000085,
        7726.520000000014
      ],
      [
        3197393.260000026,
        7773.740000000013
      ],
      [
        3206468.390000026,
        7792.570000000015
      ],
      [
        3206511.1100000315,
        7808.750000000014
      ],
      [
        3172601.9900000216,
        7706.800000000014
      ]
    ],
    "solutions_evaluated": 1080,
    "config_params": {
      "n_ants": 20,
      "rho": 0.4,
      "alpha": 0.5,
      "beta": 5.0,
      "archive_size": 100,
      "no_improvement_generations": 12
    }
  },
  "solutions_count": 21,
  "solutions_directory": "C:\\Users\\hctr0\\PycharmProjects\\TFG_Hector\\31Executions\\PACO\\solutions\\users5\\high_heuristic_influence\\run16",
  "objective_statistics": {
    "cost_range": {
      "min": 6954.070000000008,
      "max": 7808.750000000014
    },
    "minutes_range": {
      "min": 3025873.079999997,
      "max": 3206511.1100000315
    }
  },
  "algorithm_info": {
    "archive_history_length": 54,
    "max_archive_size_reached": 23
  }
}