dataset,hypervolume,num_pareto_points,mean_execution_time,mean_iterations,mean_pareto_size,num_runs
users1.json,0.9111749271583118,277,784.4632114671891,58.38709677419355,8.935483870967742,31
users2.json,0.9057673012929555,359,1354.9915928917546,62.12903225806452,11.580645161290322,31
users3.json,0.9981581315755852,453,2223.0158585656072,64.2258064516129,14.612903225806452,31
users4.json,0.7618966398156493,480,3234.45326398265,57.29032258064516,15.483870967741936,31
users5.json,0.9361901855412103,632,5124.144937930569,56.45161290322581,20.387096774193548,31
