dataset,hypervolume,num_pareto_points,mean_execution_time,mean_iterations,mean_pareto_size,num_runs
users1.json,0.42319066959625795,259,822.1152488800788,47.70967741935484,8.35483870967742,31
users2.json,0.3736954752692069,307,1522.4992518886443,59.41935483870968,9.903225806451612,31
users3.json,0.3341299561565173,283,2411.6769571842688,56.064516129032256,9.129032258064516,31
users4.json,0.21973691431491832,309,3475.50216810934,47.0,9.96774193548387,31
users5.json,0.1784614801420366,329,3124.953476321313,27.032258064516128,10.612903225806452,31
