dataset,hypervolume,num_pareto_points,mean_execution_time,mean_iterations,mean_pareto_size,num_runs
users1.json,0.7802961731957425,27,223.5671558380127,17.8,5.4,5
users2.json,0.7259145868599681,21,281.5305958271027,14.2,4.2,5
users3.json,0.922723348984578,17,442.98954157829286,14.0,3.4,5
users4.json,0.8930054997873629,22,924.217869758606,14.0,4.4,5
users5.json,0.9179045221441625,20,1250.468512916565,14.0,4.0,5
