dataset,config,num_pareto_points,num_runs,hypervolume,mean_execution_time,std_execution_time,mean_iterations,std_iterations,mean_pareto_size,std_pareto_size
users1.json,high_pheromone_influence,259,31,0.42319066959625795,822.1152488800788,293.6481223129842,47.70967741935484,17.099695429068596,8.35483870967742,2.0406891166367367
users2.json,high_pheromone_influence,307,31,0.3736954752692069,1522.4992518886443,551.9791656049345,59.41935483870968,21.865828685414506,9.903225806451612,3.236434106112002
users3.json,high_pheromone_influence,283,31,0.3341299561565173,2411.6769571842688,792.0051534716366,56.064516129032256,17.476132080864016,9.129032258064516,3.024010747163346
users4.json,high_pheromone_influence,309,31,0.21973691431491832,3475.50216810934,1248.8315224247028,47.0,17.065339330104543,9.96774193548387,2.7177299703000704
users5.json,high_pheromone_influence,329,31,0.1784614801420366,3124.953476321313,1369.7162157812425,27.032258064516128,12.009361592894379,10.612903225806452,2.696203057286047
