dataset,config,num_pareto_points,num_runs,hypervolume,mean_execution_time,std_execution_time,mean_generations,std_generations,mean_pareto_size,std_pareto_size
users1.json,uniform_inversion_high_mutation,293,31,0.8049856478846611,222.40807109494364,118.20197504925183,103.48387096774194,55.54124940092371,9.451612903225806,7.61932479303573
users2.json,uniform_inversion_high_mutation,453,31,0.8350899363483565,640.0835400396778,346.7640188747228,173.90322580645162,93.3948796132918,14.612903225806452,11.08814368056968
users3.json,uniform_inversion_high_mutation,550,31,0.9099036155167992,1488.8761334649978,604.2690615813349,229.06451612903226,92.78450075095829,17.741935483870968,12.445928838017633
users4.json,uniform_inversion_high_mutation,487,31,0.5900552558340036,2635.951956364416,1181.417499256909,214.38709677419354,96.64189882085468,15.709677419354838,11.436200441628461
users5.json,uniform_inversion_high_mutation,500,31,0.6796276244181636,5264.88632490558,1938.882593668935,243.06451612903226,87.163522809928,16.129032258064516,10.787513497121212
