dataset,config,num_pareto_points,num_runs,hypervolume,mean_execution_time,std_execution_time,mean_iterations,std_iterations,mean_pareto_size,std_pareto_size
users1.json,high_heuristic_influence,277,31,0.9111749271583118,784.4632114671891,256.2562764142928,58.38709677419355,19.17773813457616,8.935483870967742,3.564479637822263
users2.json,high_heuristic_influence,359,31,0.9057673012929555,1354.9915928917546,474.375774901402,62.12903225806452,19.527882357953104,11.580645161290322,3.270337790074026
users3.json,high_heuristic_influence,453,31,0.9981581315755852,2223.0158585656072,592.1680221137929,64.2258064516129,17.5604204472763,14.612903225806452,3.34738626350267
users4.json,high_heuristic_influence,480,31,0.7618966398156493,3234.45326398265,1053.1204790962554,57.29032258064516,18.749956642336272,15.483870967741936,3.231607686804695
users5.json,high_heuristic_influence,632,31,0.9361901855412103,5124.144937930569,1133.482830832578,56.45161290322581,12.411853620703434,20.387096774193548,2.8812790546274334
