dataset,num_configs,best_hv,worst_hv,mean_hv,std_hv,best_config,mean_exec_time_all,mean_iterations_all,mean_pareto_size_all
users1.json,1,0.9111749271583118,0.9111749271583118,0.9111749271583118,,high_heuristic_influence,784.4632114671891,58.38709677419355,8.935483870967742
users2.json,1,0.9057673012929555,0.9057673012929555,0.9057673012929555,,high_heuristic_influence,1354.9915928917546,62.12903225806452,11.580645161290322
users3.json,1,0.9981581315755852,0.9981581315755852,0.9981581315755852,,high_heuristic_influence,2223.0158585656072,64.2258064516129,14.612903225806452
users4.json,1,0.7618966398156493,0.7618966398156493,0.7618966398156493,,high_heuristic_influence,3234.45326398265,57.29032258064516,15.483870967741936
users5.json,1,0.9361901855412103,0.9361901855412103,0.9361901855412103,,high_heuristic_influence,5124.144937930569,56.45161290322581,20.387096774193548
