{
  "solution": [
    7,
    4,
    7,
    1,
    7,
    5,
    4,
    18,
    17,
    7,
    8,
    2,
    2,
    8,
    2,
    16,
    9,
    16,
    10,
    9,
    17,
    4,
    4,
    3,
    17,
    8,
    8,
    8,
    17,
    17,
    16,
    17,
    2,
    17,
    6,
    18,
    8,
    2,
    2,
    17,
    17,
    10,
    4,
    17,
    5,
    17,
    15,
    5,
    17,
    5,
    17,
    11,
    11,
    17,
    4,
    16,
    8,
    2,
    7,
    15,
    10,
    4,
    2,
    17,
    15,
    8,
    8,
    7,
    17,
    17,
    13,
    17,
    17,
    17,
    17,
    17,
    17,
    17,
    8,
    1,
    8,
    5,
    2,
    9,
    16,
    13,
    17,
    17,
    17,
    8,
    8,
    5,
    5,
    6,
    4,
    15,
    17,
    4,
    17,
    2,
    17,
    17,
    8,
    8,
    17,
    17,
    5,
    8,
    1,
    15,
    8,
    17,
    17,
    2,
    17,
    4,
    2,
    2,
    16,
    14,
    15,
    14,
    14,
    8,
    2,
    2,
    5,
    17,
    3,
    17,
    16,
    8,
    17,
    6,
    17,
    17,
    17,
    3,
    2,
    17,
    8,
    5,
    6,
    2,
    17,
    8,
    7,
    17,
    17,
    8,
    4,
    17,
    2,
    17,
    2,
    16,
    6,
    6,
    6,
    17,
    1,
    6,
    16,
    16,
    5,
    17,
    5,
    16,
    17,
    16,
    8,
    2,
    15,
    6,
    1,
    6,
    11,
    17,
    16,
    15,
    4,
    4,
    17,
    8,
    16,
    2,
    2,
    1,
    4,
    17,
    16,
    17,
    17,
    16,
    17,
    16,
    12,
    17,
    14,
    17,
    8,
    7,
    10,
    17,
    5,
    8,
    1,
    8,
    8,
    5,
    8,
    2,
    2,
    16,
    4,
    6,
    17,
    17,
    17,
    15,
    15,
    17,
    16,
    17,
    17,
    4,
    8,
    17,
    17,
    4,
    8,
    17,
    8,
    9,
    9,
    17,
    6,
    17,
    16,
    2,
    5,
    5,
    17,
    5,
    17,
    15,
    17,
    2,
    11,
    5,
    8,
    17,
    17,
    17,
    17,
    12,
    17,
    16,
    6,
    10,
    16,
    17,
    17,
    8,
    8,
    6,
    8,
    8,
    6,
    2,
    5,
    8,
    17,
    17,
    17,
    14,
    2,
    4,
    2,
    9,
    2,
    17,
    17,
    11,
    2,
    16,
    8,
    17,
    14,
    17,
    5,
    3,
    17,
    5,
    15,
    10,
    16,
    17,
    6,
    17
  ],
  "objectives": [
    373810.05999999994,
    1158.4
  ],
  "fitness": {
    "minutos_ponderados": 373810.05999999994,
    "costo_total": 1158.4
  }
}