{
  "solution": [
    17,
    16,
    17,
    8,
    17,
    8,
    13,
    8,
    2,
    4,
    17,
    17,
    17,
    2,
    17,
    16,
    8,
    17,
    17,
    16,
    17,
    9,
    17,
    8,
    17,
    17,
    5,
    8,
    17,
    17,
    14,
    8,
    8,
    17,
    6,
    16,
    17,
    18,
    17,
    17,
    17,
    8,
    16,
    17,
    17,
    17,
    17,
    17,
    6,
    17,
    8,
    17,
    8,
    9,
    1,
    17,
    8,
    8,
    17,
    17,
    17,
    2,
    9,
    17,
    17,
    17,
    17,
    4,
    8,
    17,
    2,
    17,
    8,
    17,
    17,
    17,
    17,
    9,
    5,
    8,
    17,
    17,
    6,
    17,
    16,
    5,
    17,
    17,
    17,
    8,
    16,
    17,
    8,
    17,
    2,
    4,
    17,
    8,
    17,
    16,
    17,
    13,
    17,
    16,
    17,
    17,
    4,
    17,
    8,
    16,
    17,
    17,
    17,
    17,
    17,
    17,
    6,
    2,
    17,
    4,
    17,
    16,
    5,
    2,
    16,
    17,
    16,
    17,
    8,
    2,
    2,
    8,
    17,
    8,
    17,
    17,
    2,
    16,
    2,
    14,
    4,
    17,
    1,
    5,
    17,
    17,
    17,
    17,
    17,
    5,
    17,
    8,
    11,
    3,
    6,
    17,
    8,
    9,
    6,
    17,
    16,
    8,
    16,
    16,
    2,
    7,
    17,
    6,
    17,
    5,
    17,
    17,
    15,
    17,
    17,
    17,
    8,
    17,
    2,
    17,
    4,
    4,
    5,
    6,
    8,
    17,
    8,
    10,
    16,
    17,
    17,
    17,
    14,
    17,
    5,
    17,
    2,
    17,
    18,
    11,
    8,
    6,
    1,
    1,
    5,
    11,
    17,
    11,
    17,
    5,
    9,
    17,
    6,
    4,
    1,
    17,
    17,
    13,
    17,
    18,
    17,
    2,
    2,
    6,
    9,
    2,
    4,
    17,
    5,
    4,
    6,
    17,
    8,
    17,
    16,
    17,
    4,
    8,
    17,
    2,
    17,
    17,
    17,
    2,
    14,
    17,
    17,
    2,
    17,
    8,
    8,
    8,
    17,
    4,
    17,
    1,
    6,
    9,
    16,
    17,
    17,
    17,
    2,
    17,
    16,
    17,
    5,
    17,
    17,
    2,
    17,
    16,
    17,
    17,
    4,
    8,
    5,
    8,
    18,
    10,
    2,
    6,
    17,
    15,
    16,
    4,
    17,
    17,
    5,
    17,
    17,
    17,
    8,
    17,
    17,
    17,
    2,
    17,
    4,
    17
  ],
  "objectives": [
    330997.64999999985,
    1084.15
  ],
  "fitness": {
    "minutos_ponderados": 330997.64999999985,
    "costo_total": 1084.15
  }
}