{
  "solution": [
    17,
    17,
    5,
    17,
    17,
    5,
    17,
    8,
    8,
    17,
    2,
    17,
    15,
    17,
    17,
    17,
    16,
    17,
    3,
    17,
    17,
    17,
    2,
    17,
    17,
    17,
    16,
    17,
    17,
    17,
    6,
    17,
    17,
    13,
    8,
    17,
    17,
    17,
    17,
    17,
    17,
    8,
    17,
    8,
    17,
    8,
    17,
    17,
    17,
    17,
    17,
    17,
    3,
    18,
    8,
    17,
    17,
    17,
    17,
    17,
    17,
    17,
    17,
    17,
    17,
    10,
    2,
    17,
    17,
    17,
    17,
    17,
    17,
    17,
    6,
    17,
    17,
    17,
    8,
    17,
    17,
    17,
    17,
    8,
    17,
    8,
    17,
    17,
    17,
    4,
    17,
    17,
    17,
    1,
    8,
    3,
    17,
    8,
    17,
    11,
    2,
    17,
    17,
    18,
    17,
    17,
    5,
    8,
    17,
    17,
    17,
    2,
    17,
    17,
    8,
    2,
    17,
    2,
    5,
    17,
    17,
    5,
    2,
    17,
    17,
    17,
    17,
    4,
    17,
    17,
    8,
    17,
    17,
    17,
    17,
    17,
    17,
    5,
    17,
    8,
    17,
    17,
    11,
    9,
    17,
    17,
    17,
    17,
    17,
    17,
    17,
    17,
    17,
    6,
    17,
    8,
    8,
    17,
    2,
    2,
    17,
    17,
    17,
    6,
    17,
    17,
    17,
    17,
    17,
    17,
    17,
    8,
    17,
    16,
    4,
    17,
    8,
    4,
    17,
    17,
    17,
    16,
    11,
    17,
    17,
    17,
    17,
    17,
    7,
    17,
    17,
    17,
    17,
    17,
    17,
    17,
    16,
    11,
    12,
    17,
    2,
    5,
    10,
    8,
    6,
    5,
    17,
    2,
    17,
    17,
    17,
    17,
    2,
    8,
    17,
    17,
    8,
    2,
    17,
    17,
    17,
    8,
    17,
    17,
    18,
    17,
    17,
    2,
    8,
    8,
    2,
    17,
    17,
    9,
    17,
    17,
    17,
    17,
    17,
    17,
    17,
    4,
    5,
    17,
    16,
    17,
    8,
    17,
    12,
    17,
    8,
    17,
    13,
    5,
    17,
    2,
    17,
    16,
    17,
    17,
    17,
    17,
    17,
    17,
    5,
    17,
    15,
    17,
    17,
    17,
    17,
    17,
    4,
    8,
    17,
    17,
    17,
    17,
    17,
    17,
    17,
    17,
    17,
    17,
    10,
    8,
    17,
    17,
    17,
    17,
    17,
    17,
    17,
    17,
    17,
    17,
    17,
    7,
    8,
    17
  ],
  "objectives": [
    292883.7900000002,
    1038.38
  ],
  "fitness": {
    "minutos_ponderados": 292883.7900000002,
    "costo_total": 1038.38
  }
}