{
  "run_info": {
    "dataset": "users1.json",
    "config": "uniform_inversion_high_mutation",
    "run": 21,
    "execution_time": 170.50089836120605,
    "generations": 71,
    "pareto_size": 15,
    "pareto_points": [
      [
        -510275.20999999985,
        1118.27
      ],
      [
        -492567.86,
        1046.37
      ],
      [
        -494581.4199999997,
        1048.37
      ],
      [
        -512858.4999999996,
        1138.76
      ],
      [
        -507739.70999999973,
        1107.79
      ],
      [
        -513133.9199999998,
        1155.73
      ],
      [
        -501670.99999999994,
        1063.33
      ],
      [
        -492422.70000000007,
        1041.8799999999999
      ],
      [
        -498714.3299999998,
        1061.35
      ],
      [
        -507095.5899999996,
        1089.32
      ],
      [
        -513740.4699999994,
        1227.14
      ],
      [
        -505128.39999999973,
        1088.3
      ],
      [
        -508881.81999999983,
        1108.28
      ],
      [
        -504374.17000000004,
        1079.32
      ],
      [
        -512354.6299999997,
        1131.76
      ]
    ]
  },
  "solutions_count": 15,
  "solutions_directory": "C:\\Users\\hctr0\\PycharmProjects\\TFG_Hector\\31Executions\\NSGA2\\solutions\\users1\\uniform_inversion_high_mutation\\run21"
}