{
  "run_info": {
    "dataset": "users1.json",
    "config": "uniform_reset_high_crossover",
    "run": 2,
    "execution_time": 124.79032039642334,
    "generations": 37,
    "pareto_size": 15,
    "pareto_points": [
      [
        -416999.06999999995,
        1312.8199999999997
      ],
      [
        -450297.9300000003,
        1316.96
      ],
      [
        -461882.59999999974,
        1399.9099999999999
      ],
      [
        -469091.3500000001,
        1482.2999999999997
      ],
      [
        -459859.80999999976,
        1364.3799999999997
      ],
      [
        -455985.9499999998,
        1346.3599999999997
      ],
      [
        -464217.65999999986,
        1401.8899999999999
      ],
      [
        -460376.4399999995,
        1393.3599999999997
      ],
      [
        -456588.41000000015,
        1355.4399999999998
      ],
      [
        -468880.0899999996,
        1469.78
      ],
      [
        -471752.1599999998,
        1516.2799999999997
      ],
      [
        -452262.62000000017,
        1317.98
      ],
      [
        -471687.0499999999,
        1490.7999999999997
      ],
      [
        -474692.8199999998,
        1530.2799999999997
      ],
      [
        -468808.1899999996,
        1421.3399999999997
      ]
    ]
  },
  "solutions_count": 15,
  "solutions_directory": "../results/NSGA2\\solutions\\users1\\uniform_reset_high_crossover\\run2"
}