{
  "run_info": {
    "dataset": "users3.json",
    "config": "high_pheromone_influence",
    "run": 24,
    "execution_time": 2060.5661618709564,
    "iterations_completed": 51,
    "max_iterations": 200,
    "terminated_early": true,
    "generations_without_improvement": 12,
    "pareto_size": 6,
    "pareto_points": [
      [
        1214467.0599999926,
        2846.75
      ],
      [
        1211973.4499999925,
        2770.15
      ],
      [
        1208767.199999997,
        2708.35
      ],
      [
        1182048.0399999926,
        2688.2200000000003
      ],
      [
        1175795.819999994,
        2686.89
      ],
      [
        1217772.679999994,
        2889.7
      ]
    ],
    "solutions_evaluated": 1275,
    "config_params": {
      "n_ants": 25,
      "rho": 0.3,
      "alpha": 3.0,
      "beta": 2.0,
      "archive_size": 100,
      "no_improvement_generations": 12
    }
  },
  "solutions_count": 6,
  "solutions_directory": "C:\\Users\\hctr0\\PycharmProjects\\TFG_Hector\\31Executions\\PACO\\solutions\\users3\\high_pheromone_influence\\run24",
  "objective_statistics": {
    "cost_range": {
      "min": 2686.89,
      "max": 2889.7
    },
    "minutes_range": {
      "min": 1175795.819999994,
      "max": 1217772.679999994
    }
  },
  "algorithm_info": {
    "archive_history_length": 51,
    "max_archive_size_reached": 12
  }
}