{
  "run_info": {
    "dataset": "users4.json",
    "config": "npoint_inversion_low_mutation",
    "run": 2,
    "execution_time": 4200.304994106293,
    "generations": 187,
    "pareto_size": 53,
    "pareto_points": [
      [
        -1813239.7399999986,
        5612.080000000001
      ],
      [
        -1883895.0500000012,
        6075.59
      ],
      [
        -1826392.7699999996,
        5663.0599999999995
      ],
      [
        -1857678.5699999921,
        5837.0599999999995
      ],
      [
        -1866401.3499999936,
        5890.999999999999
      ],
      [
        -1853615.109999992,
        5823.1
      ],
      [
        -1785979.8099999994,
        5545.099999999999
      ],
      [
        -1885430.1900000018,
        6077.62
      ],
      [
        -1788105.2699999989,
        5570.57
      ],
      [
        -1859529.2299999918,
        5843.06
      ],
      [
        -1791561.869999999,
        5574.58
      ],
      [
        -1869513.4899999937,
        5928.05
      ],
      [
        -1794896.3899999992,
        5605.58
      ],
      [
        -1796997.5299999972,
        5605.629999999999
      ],
      [
        -1794548.189999999,
        5589.56
      ],
      [
        -1868003.0199999933,
        5891.009999999999
      ],
      [
        -1879877.1399999938,
        5948.04
      ],
      [
        -1888980.5099999986,
        6080.169999999999
      ],
      [
        -1905887.8799999966,
        6146.599999999999
      ],
      [
        -1841383.3,
        5700.999999999998
      ],
      [
        -1901666.5199999972,
        6108.609999999999
      ],
      [
        -1800175.779999997,
        5611.609999999999
      ],
      [
        -1866338.9299999932,
        5884.99
      ],
      [
        -1889926.5099999986,
        6091.159999999999
      ],
      [
        -1904020.6699999974,
        6145.58
      ],
      [
        -1790276.9799999986,
        5572.049999999999
      ],
      [
        -1869160.479999994,
        5902.519999999999
      ],
      [
        -1839937.0899999999,
        5682.99
      ],
      [
        -1857149.3199999921,
        5825.07
      ],
      [
        -1840645.5800000008,
        5699.989999999999
      ],
      [
        -1889437.490000001,
        6089.570000000001
      ],
      [
        -1860241.4599999918,
        5846.08
      ],
      [
        -1902964.269999997,
        6132.589999999999
      ],
      [
        -1902280.219999997,
        6117.599999999999
      ],
      [
        -1905960.7399999967,
        6170.569999999999
      ],
      [
        -1825178.9999999986,
        5613.06
      ],
      [
        -1877457.2599999937,
        5937.55
      ],
      [
        -1908581.4399999972,
        6203.059999999999
      ],
      [
        -1860693.2299999918,
        5874.480000000001
      ],
      [
        -1851644.5600000003,
        5761.9800000000005
      ],
      [
        -1880135.839999994,
        5968.5599999999995
      ],
      [
        -1843078.1999999997,
        5701.49
      ],
      [
        -1879088.2399999937,
        5942.53
      ],
      [
        -1889165.1499999985,
        6087.160000000001
      ],
      [
        -1833745.5999999994,
        5672.0
      ],
      [
        -1848216.9299999997,
        5707.499999999999
      ],
      [
        -1875798.5699999938,
        5929.549999999999
      ],
      [
        -1853660.089999992,
        5824.099999999999
      ],
      [
        -1786482.009999999,
        5554.12
      ],
      [
        -1853294.9599999918,
        5802.11
      ],
      [
        -1825796.9099999985,
        5638.039999999999
      ],
      [
        -1840635.8800000006,
        5695.039999999999
      ],
      [
        -1869480.6299999943,
        5907.029999999999
      ]
    ]
  },
  "solutions_count": 53,
  "solutions_directory": "../results/NSGA2\\solutions\\users4\\npoint_inversion_low_mutation\\run2"
}