{
  "solution": [
    13,
    2,
    5,
    5,
    9,
    17,
    18,
    8,
    17,
    7,
    5,
    17,
    17,
    17,
    5,
    17,
    8,
    17,
    13,
    18,
    17,
    17,
    11,
    17,
    4,
    8,
    17,
    16,
    17,
    8,
    17,
    17,
    17,
    17,
    2,
    1,
    16,
    16,
    5,
    5,
    15,
    6,
    4,
    8,
    17,
    17,
    4,
    17,
    17,
    17,
    6,
    14,
    17,
    8,
    15,
    17,
    14,
    1,
    8,
    17,
    8,
    5,
    17,
    5,
    2,
    17,
    17,
    5,
    17,
    17,
    6,
    5,
    17,
    8,
    17,
    8,
    8,
    2,
    8,
    17,
    16,
    2,
    8,
    11,
    8,
    16,
    5,
    17,
    2,
    16,
    16,
    6,
    4,
    17,
    6,
    13,
    8,
    6,
    13,
    17,
    8,
    17,
    4,
    18,
    17,
    15,
    13,
    17,
    4,
    17,
    17,
    4,
    4,
    2,
    8,
    17,
    1,
    17,
    2,
    8,
    5,
    4,
    17,
    17,
    9,
    4,
    17,
    8,
    17,
    2,
    17,
    17,
    4,
    17,
    17,
    13,
    17,
    5,
    17,
    17,
    5,
    5,
    16,
    5,
    11,
    16,
    17,
    17,
    15,
    2,
    18,
    16,
    6,
    8,
    6,
    17,
    8,
    8,
    17,
    13,
    15,
    17,
    6,
    4,
    17,
    17,
    17,
    17,
    17,
    17,
    16,
    5,
    15,
    8,
    5,
    8,
    17,
    16,
    8,
    10,
    5,
    4,
    17,
    8,
    17,
    17,
    9,
    8,
    17,
    2,
    1,
    17,
    4,
    17,
    17,
    4,
    8,
    17,
    17,
    2,
    17,
    8,
    13,
    2,
    17,
    8,
    8,
    15,
    15,
    6,
    5,
    17,
    17,
    17,
    4,
    8,
    16,
    13,
    5,
    13,
    8,
    4,
    9,
    17,
    17,
    6,
    1,
    2,
    2,
    17,
    8,
    17,
    17,
    8,
    17,
    4,
    8,
    8,
    5,
    6,
    8,
    4,
    8,
    6,
    10,
    17,
    2,
    17,
    17,
    17,
    5,
    9,
    5,
    4,
    4,
    5,
    15,
    5,
    8,
    4,
    17,
    5,
    17,
    8,
    17,
    8,
    8,
    8,
    17,
    4,
    17,
    16,
    17,
    6,
    8,
    17,
    8,
    5,
    8,
    16,
    17,
    17,
    5,
    17,
    11,
    17,
    15,
    17,
    8,
    17,
    2,
    4,
    15,
    17,
    8,
    2,
    17,
    17,
    8,
    8
  ],
  "objectives": [
    333579.17,
    1037.8600000000004
  ],
  "fitness": {
    "minutos_ponderados": 333579.17,
    "costo_total": 1037.8600000000004
  }
}