{
  "solution": [
    7,
    17,
    17,
    4,
    5,
    17,
    13,
    16,
    5,
    8,
    17,
    17,
    17,
    8,
    9,
    2,
    5,
    5,
    2,
    17,
    4,
    17,
    16,
    16,
    8,
    17,
    8,
    17,
    8,
    17,
    17,
    5,
    5,
    3,
    5,
    3,
    17,
    17,
    6,
    2,
    17,
    15,
    4,
    8,
    9,
    2,
    10,
    5,
    17,
    17,
    10,
    8,
    4,
    10,
    17,
    17,
    16,
    4,
    4,
    8,
    17,
    17,
    17,
    15,
    6,
    17,
    2,
    17,
    18,
    12,
    17,
    17,
    17,
    17,
    8,
    17,
    8,
    17,
    5,
    17,
    16,
    17,
    17,
    8,
    7,
    3,
    8,
    5,
    17,
    12,
    17,
    8,
    17,
    17,
    10,
    17,
    2,
    17,
    5,
    17,
    8,
    8,
    17,
    4,
    8,
    5,
    10,
    17,
    17,
    15,
    5,
    2,
    8,
    16,
    17,
    8,
    4,
    15,
    4,
    16,
    8,
    2,
    17,
    2,
    18,
    17,
    17,
    17,
    13,
    8,
    5,
    10,
    17,
    2,
    17,
    4,
    8,
    17,
    8,
    17,
    10,
    15,
    17,
    4,
    17,
    4,
    7,
    10,
    17,
    2,
    17,
    17,
    2,
    13,
    4,
    17,
    17,
    17,
    17,
    17,
    11,
    17,
    17,
    2,
    17,
    7,
    17,
    8,
    17,
    17,
    17,
    17,
    5,
    8,
    5,
    2,
    17,
    8,
    17,
    4,
    17,
    17,
    3,
    16,
    17,
    16,
    4,
    17,
    8,
    17,
    16,
    13,
    14,
    9,
    16,
    2,
    17,
    4,
    17,
    17,
    17,
    17,
    8,
    8,
    17,
    17,
    17,
    17,
    8,
    17,
    17,
    17,
    17,
    8,
    10,
    5,
    2,
    8,
    17,
    17,
    13,
    4,
    2,
    17,
    17,
    8,
    4,
    17,
    10,
    8,
    16,
    17,
    17,
    6,
    17,
    17,
    17,
    17,
    14,
    8,
    17,
    17,
    17,
    15,
    4,
    6,
    17,
    17,
    10,
    5,
    17,
    15,
    17,
    8,
    4,
    2,
    2,
    15,
    3,
    2,
    17,
    17,
    17,
    17,
    2,
    10,
    17,
    17,
    17,
    1,
    17,
    17,
    17,
    10,
    17,
    13,
    16,
    17,
    16,
    2,
    17,
    2,
    13,
    13,
    17,
    17,
    6,
    6,
    17,
    17,
    17,
    2,
    17,
    16,
    17,
    17,
    5,
    2,
    6,
    17
  ],
  "objectives": [
    350806.72000000015,
    1114.24
  ],
  "fitness": {
    "minutos_ponderados": 350806.72000000015,
    "costo_total": 1114.24
  }
}