{
  "solution": [
    17,
    17,
    17,
    9,
    17,
    17,
    4,
    17,
    17,
    2,
    5,
    17,
    17,
    17,
    8,
    2,
    17,
    5,
    17,
    17,
    17,
    8,
    17,
    17,
    17,
    17,
    17,
    17,
    17,
    17,
    18,
    16,
    17,
    17,
    5,
    17,
    17,
    17,
    8,
    17,
    17,
    17,
    17,
    17,
    17,
    17,
    17,
    2,
    17,
    17,
    17,
    17,
    2,
    17,
    17,
    17,
    1,
    17,
    17,
    17,
    5,
    17,
    17,
    16,
    8,
    17,
    17,
    17,
    17,
    17,
    17,
    17,
    17,
    17,
    10,
    4,
    6,
    17,
    17,
    17,
    4,
    17,
    16,
    8,
    17,
    17,
    6,
    17,
    17,
    17,
    17,
    5,
    5,
    17,
    4,
    17,
    11,
    17,
    17,
    17,
    11,
    17,
    4,
    4,
    18,
    5,
    17,
    17,
    17,
    17,
    17,
    8,
    4,
    17,
    8,
    17,
    2,
    17,
    17,
    17,
    17,
    17,
    17,
    8,
    11,
    17,
    17,
    17,
    17,
    17,
    17,
    17,
    17,
    17,
    17,
    17,
    17,
    4,
    17,
    17,
    17,
    17,
    17,
    17,
    8,
    4,
    17,
    17,
    17,
    17,
    17,
    8,
    9,
    17,
    17,
    17,
    8,
    9,
    17,
    17,
    15,
    17,
    17,
    13,
    17,
    17,
    17,
    17,
    4,
    17,
    17,
    17,
    17,
    17,
    17,
    8,
    17,
    4,
    17,
    6,
    17,
    17,
    17,
    17,
    17,
    17,
    17,
    17,
    17,
    17,
    8,
    8,
    17,
    17,
    17,
    6,
    17,
    17,
    17,
    17,
    4,
    8,
    18,
    3,
    17,
    14,
    17,
    17,
    8,
    17,
    17,
    8,
    17,
    8,
    4,
    8,
    17,
    17,
    17,
    17,
    17,
    17,
    17,
    8,
    6,
    17,
    17,
    17,
    17,
    17,
    17,
    8,
    17,
    17,
    9,
    17,
    17,
    17,
    17,
    17,
    17,
    17,
    8,
    17,
    17,
    17,
    6,
    17,
    8,
    17,
    17,
    17,
    17,
    17,
    17,
    8,
    4,
    17,
    4,
    17,
    17,
    17,
    17,
    17,
    18,
    17,
    17,
    17,
    17,
    8,
    17,
    11,
    17,
    15,
    17,
    17,
    9,
    17,
    17,
    16,
    17,
    17,
    2,
    17,
    17,
    17,
    17,
    4,
    17,
    4,
    17,
    17,
    17,
    5,
    17,
    17,
    8,
    17,
    17,
    11
  ],
  "objectives": [
    261976.33999999997,
    1025.28
  ],
  "fitness": {
    "minutos_ponderados": 261976.33999999997,
    "costo_total": 1025.28
  }
}