{
  "run_info": {
    "dataset": "users5.json",
    "config": "uniform_inversion_high_mutation",
    "run": 24,
    "execution_time": 4317.964674472809,
    "generations": 131,
    "pareto_size": 12,
    "pareto_points": [
      [
        -3325452.6199999945,
        8030.4000000000015
      ],
      [
        -3337996.979999999,
        8065.330000000002
      ],
      [
        -3366569.2500000005,
        8128.360000000002
      ],
      [
        -3369150.6800000016,
        8167.760000000003
      ],
      [
        -3367256.2300000032,
        8136.8600000000015
      ],
      [
        -3374791.1200000034,
        8218.730000000003
      ],
      [
        -3382111.3800000018,
        8224.260000000002
      ],
      [
        -3360638.299999995,
        8096.300000000001
      ],
      [
        -3361463.1299999966,
        8103.830000000002
      ],
      [
        -3372446.099999996,
        8185.770000000001
      ],
      [
        -3358915.4900000007,
        8066.330000000003
      ],
      [
        -3362323.0800000024,
        8119.340000000001
      ]
    ]
  },
  "solutions_count": 12,
  "solutions_directory": "C:\\Users\\hctr0\\PycharmProjects\\TFG_Hector\\31Executions\\NSGA2\\solutions\\users5\\uniform_inversion_high_mutation\\run24"
}