{
  "run_info": {
    "dataset": "users5.json",
    "config": "uniform_reset_high_crossover",
    "run": 1,
    "execution_time": 1589.654289484024,
    "generations": 66,
    "pareto_size": 37,
    "pareto_points": [
      [
        -3091790.6799999946,
        8971.66
      ],
      [
        -3058364.0099999895,
        8885.770000000002
      ],
      [
        -3052289.2899999917,
        8871.800000000003
      ],
      [
        -3064044.3399999915,
        8890.78
      ],
      [
        -3075343.9299999936,
        8929.740000000002
      ],
      [
        -3066225.7399999923,
        8903.79
      ],
      [
        -3050900.6799999904,
        8870.79
      ],
      [
        -3077716.2899999935,
        8933.760000000002
      ],
      [
        -3055686.229999991,
        8878.77
      ],
      [
        -3059752.61999999,
        8886.78
      ],
      [
        -3090187.979999994,
        8970.7
      ],
      [
        -3078637.1099999915,
        8934.730000000001
      ],
      [
        -3085400.0999999973,
        8955.7
      ],
      [
        -3071507.6699999934,
        8905.76
      ],
      [
        -3074250.5599999945,
        8910.78
      ],
      [
        -3098696.4899999946,
        9124.580000000004
      ],
      [
        -3081268.5999999964,
        8937.720000000001
      ],
      [
        -3084224.6599999974,
        8949.740000000002
      ],
      [
        -3084011.4899999965,
        8943.710000000001
      ],
      [
        -3087149.509999995,
        8966.64
      ],
      [
        -3073075.119999993,
        8909.770000000002
      ],
      [
        -3097129.039999995,
        9088.600000000002
      ],
      [
        -3097093.7899999935,
        9083.640000000001
      ],
      [
        -3095526.339999994,
        9049.660000000002
      ],
      [
        -3097307.8799999934,
        9116.580000000002
      ],
      [
        -3093179.2899999954,
        8982.660000000002
      ],
      [
        -3076148.839999994,
        8929.760000000004
      ],
      [
        -3061320.0699999896,
        8889.810000000001
      ],
      [
        -3065521.9199999906,
        8899.790000000003
      ],
      [
        -3093384.1799999936,
        8999.69
      ],
      [
        -3082836.049999996,
        8938.750000000002
      ],
      [
        -3096888.8999999953,
        9072.600000000002
      ],
      [
        -3095953.599999994,
        9064.640000000001
      ],
      [
        -3094986.879999995,
        9028.640000000001
      ],
      [
        -3094146.0099999947,
        9020.650000000003
      ],
      [
        -3095321.4499999955,
        9036.62
      ],
      [
        -3094350.899999993,
        9023.7
      ]
    ]
  },
  "solutions_count": 37,
  "solutions_directory": "../results/SPEA2\\solutions\\users5\\uniform_reset_high_crossover\\run1"
}