{
  "run_info": {
    "dataset": "users1.json",
    "config": "npoint_inversion_low_mutation",
    "run": 1,
    "execution_time": 302.61206126213074,
    "generations": 89,
    "pareto_size": 15,
    "pareto_points": [
      [
        -477485.6600000003,
        1533.37
      ],
      [
        -451810.78999999946,
        1375.9199999999998
      ],
      [
        -447952.0399999996,
        1361.8899999999999
      ],
      [
        -477325.80000000034,
        1531.4199999999998
      ],
      [
        -478048.5400000002,
        1533.41
      ],
      [
        -464927.4799999996,
        1380.9599999999998
      ],
      [
        -451911.5199999997,
        1376.3999999999999
      ],
      [
        -471194.9199999994,
        1424.9399999999996
      ],
      [
        -408217.88999999966,
        1343.8899999999999
      ],
      [
        -470451.87999999954,
        1395.4799999999998
      ],
      [
        -472895.03999999946,
        1428.4499999999998
      ],
      [
        -477305.0000000002,
        1470.46
      ],
      [
        -469164.44999999943,
        1382.4599999999998
      ],
      [
        -481690.8600000004,
        1536.9
      ],
      [
        -414236.57999999984,
        1361.8899999999996
      ]
    ]
  },
  "solutions_count": 15,
  "solutions_directory": "../results/NSGA2\\solutions\\users1\\npoint_inversion_low_mutation\\run1"
}