{
  "solution": [
    15,
    11,
    5,
    16,
    15,
    2,
    8,
    14,
    5,
    12,
    17,
    3,
    11,
    2,
    8,
    6,
    3,
    16,
    16,
    2,
    11,
    8,
    17,
    17,
    15,
    8,
    17,
    8,
    17,
    4,
    2,
    2,
    11,
    3,
    3,
    17,
    15,
    8,
    1,
    13,
    10,
    2,
    8,
    17,
    2,
    16,
    5,
    17,
    13,
    1,
    16,
    2,
    5,
    15,
    6,
    13,
    15,
    17,
    10,
    8,
    15,
    4,
    5,
    6,
    1,
    17,
    6,
    17,
    17,
    11,
    4,
    6,
    6,
    13,
    4,
    8,
    2,
    11,
    10,
    13,
    15,
    5,
    6,
    11,
    16,
    17,
    11,
    5,
    9,
    11,
    16,
    2,
    3,
    3,
    17,
    5,
    17,
    1,
    16,
    13,
    4,
    8,
    16,
    10,
    11,
    2,
    2,
    8,
    5,
    6,
    13,
    15,
    13,
    8,
    17,
    17,
    15,
    17,
    6,
    4,
    17,
    1,
    16,
    16,
    17,
    17,
    14,
    6,
    13,
    17,
    8,
    18,
    8,
    3,
    8,
    8,
    16,
    13,
    7,
    4,
    2,
    8,
    2,
    17,
    5,
    4,
    2,
    15,
    16,
    4,
    17,
    12,
    16,
    17,
    17,
    12,
    16,
    16,
    5,
    8,
    6,
    8,
    10,
    17,
    5,
    17,
    8,
    17,
    16,
    17,
    2,
    15,
    9,
    5,
    13,
    17,
    15,
    12,
    8,
    17,
    16,
    4,
    8,
    8,
    8,
    2,
    2,
    4,
    1,
    3,
    6,
    17,
    9,
    6,
    17,
    14,
    2,
    17,
    15,
    8,
    3,
    11,
    6,
    18,
    9,
    4,
    4,
    2,
    4,
    14,
    17,
    10,
    11,
    17,
    17,
    16,
    17,
    17,
    17,
    6,
    14,
    17,
    5,
    9,
    1,
    2,
    17,
    9,
    17,
    13,
    4,
    17,
    5,
    13,
    12,
    11,
    2,
    8,
    10,
    7,
    5,
    17,
    5,
    4,
    17,
    5,
    10,
    8,
    6,
    2,
    2,
    2,
    8,
    16,
    11,
    2,
    8,
    17,
    17,
    5,
    2,
    2,
    15,
    18,
    17,
    17,
    4,
    4,
    18,
    1,
    17,
    17,
    2,
    5,
    15,
    17,
    4,
    2,
    4,
    9,
    15,
    17,
    17,
    17,
    7,
    16,
    2,
    8,
    5,
    17,
    17,
    16,
    5,
    10,
    8,
    13,
    16,
    4,
    17,
    8
  ],
  "objectives": [
    391099.97999999975,
    1283.5199999999998
  ],
  "fitness": {
    "minutos_ponderados": 391099.97999999975,
    "costo_total": 1283.5199999999998
  }
}