{
  "solution": [
    17,
    8,
    5,
    9,
    4,
    2,
    17,
    17,
    5,
    17,
    17,
    8,
    17,
    4,
    5,
    17,
    8,
    17,
    17,
    2,
    17,
    17,
    17,
    17,
    5,
    8,
    17,
    8,
    17,
    17,
    17,
    2,
    17,
    16,
    8,
    17,
    17,
    5,
    17,
    17,
    17,
    17,
    1,
    17,
    2,
    7,
    5,
    16,
    17,
    17,
    16,
    6,
    17,
    17,
    6,
    17,
    17,
    1,
    17,
    17,
    5,
    17,
    5,
    8,
    17,
    17,
    17,
    15,
    15,
    17,
    8,
    8,
    8,
    8,
    4,
    8,
    2,
    17,
    17,
    2,
    17,
    5,
    17,
    17,
    16,
    17,
    17,
    17,
    10,
    16,
    17,
    2,
    1,
    8,
    17,
    17,
    17,
    5,
    16,
    17,
    6,
    17,
    16,
    17,
    17,
    2,
    2,
    2,
    8,
    5,
    17,
    15,
    17,
    17,
    17,
    17,
    6,
    17,
    17,
    16,
    2,
    17,
    16,
    17,
    17,
    17,
    16,
    17,
    8,
    17,
    8,
    5,
    8,
    16,
    8,
    8,
    16,
    15,
    8,
    17,
    17,
    8,
    2,
    16,
    17,
    8,
    2,
    15,
    11,
    17,
    17,
    5,
    8,
    17,
    17,
    11,
    16,
    17,
    8,
    4,
    17,
    8,
    17,
    17,
    17,
    17,
    8,
    17,
    8,
    17,
    2,
    17,
    5,
    5,
    8,
    17,
    17,
    5,
    17,
    6,
    17,
    4,
    8,
    17,
    8,
    2,
    16,
    17,
    18,
    17,
    6,
    17,
    17,
    17,
    17,
    17,
    6,
    17,
    9,
    8,
    16,
    2,
    2,
    17,
    6,
    17,
    6,
    16,
    10,
    17,
    17,
    8,
    17,
    17,
    3,
    16,
    17,
    17,
    17,
    6,
    17,
    17,
    10,
    17,
    17,
    2,
    17,
    8,
    2,
    17,
    4,
    17,
    17,
    8,
    4,
    16,
    8,
    17,
    17,
    2,
    16,
    17,
    5,
    17,
    17,
    17,
    8,
    17,
    4,
    5,
    4,
    17,
    8,
    17,
    8,
    2,
    8,
    17,
    17,
    14,
    2,
    17,
    8,
    17,
    17,
    17,
    4,
    4,
    2,
    2,
    17,
    17,
    8,
    5,
    15,
    17,
    15,
    4,
    5,
    5,
    17,
    17,
    17,
    17,
    17,
    15,
    2,
    17,
    5,
    11,
    17,
    17,
    5,
    9,
    8,
    5,
    8,
    17,
    17,
    8
  ],
  "objectives": [
    336812.46999999986,
    947.2500000000003
  ],
  "fitness": {
    "minutos_ponderados": 336812.46999999986,
    "costo_total": 947.2500000000003
  }
}