{
  "solution": [
    15,
    8,
    5,
    16,
    4,
    2,
    17,
    17,
    15,
    17,
    17,
    8,
    17,
    15,
    8,
    7,
    4,
    17,
    8,
    2,
    17,
    17,
    17,
    17,
    5,
    8,
    17,
    8,
    17,
    17,
    17,
    2,
    17,
    16,
    8,
    17,
    17,
    8,
    17,
    17,
    17,
    17,
    8,
    17,
    2,
    2,
    5,
    18,
    17,
    17,
    16,
    6,
    17,
    3,
    6,
    17,
    17,
    17,
    17,
    17,
    5,
    17,
    2,
    8,
    17,
    17,
    17,
    17,
    17,
    5,
    8,
    8,
    8,
    11,
    4,
    8,
    7,
    1,
    17,
    2,
    17,
    5,
    17,
    17,
    16,
    17,
    17,
    17,
    4,
    16,
    11,
    2,
    17,
    8,
    17,
    5,
    18,
    5,
    16,
    17,
    8,
    17,
    16,
    17,
    17,
    2,
    2,
    5,
    8,
    8,
    17,
    15,
    17,
    17,
    17,
    17,
    17,
    17,
    17,
    16,
    2,
    17,
    16,
    17,
    12,
    17,
    16,
    17,
    8,
    17,
    8,
    7,
    8,
    16,
    8,
    8,
    16,
    4,
    9,
    17,
    10,
    8,
    2,
    16,
    17,
    16,
    2,
    15,
    16,
    17,
    17,
    5,
    8,
    17,
    17,
    8,
    16,
    17,
    8,
    8,
    17,
    8,
    17,
    17,
    17,
    17,
    8,
    1,
    8,
    17,
    2,
    4,
    5,
    5,
    8,
    17,
    17,
    5,
    17,
    17,
    17,
    4,
    17,
    17,
    17,
    2,
    16,
    17,
    4,
    17,
    6,
    5,
    17,
    13,
    9,
    17,
    6,
    2,
    9,
    4,
    16,
    2,
    2,
    17,
    16,
    17,
    4,
    16,
    17,
    17,
    17,
    1,
    17,
    5,
    17,
    16,
    10,
    17,
    17,
    6,
    3,
    17,
    17,
    17,
    17,
    2,
    17,
    8,
    2,
    17,
    4,
    17,
    7,
    8,
    4,
    16,
    8,
    17,
    17,
    5,
    16,
    17,
    2,
    17,
    17,
    17,
    8,
    17,
    6,
    17,
    10,
    17,
    8,
    17,
    8,
    2,
    8,
    17,
    17,
    17,
    2,
    16,
    8,
    17,
    17,
    17,
    4,
    4,
    2,
    2,
    17,
    17,
    8,
    5,
    17,
    17,
    17,
    17,
    17,
    16,
    17,
    17,
    17,
    17,
    17,
    15,
    2,
    17,
    5,
    17,
    17,
    17,
    5,
    1,
    8,
    17,
    8,
    11,
    17,
    8
  ],
  "objectives": [
    346363.44,
    1020.7200000000001
  ],
  "fitness": {
    "minutos_ponderados": 346363.44,
    "costo_total": 1020.7200000000001
  }
}