{
  "solution": [
    17,
    1,
    5,
    17,
    4,
    2,
    17,
    17,
    5,
    17,
    11,
    8,
    17,
    16,
    8,
    17,
    8,
    14,
    8,
    2,
    17,
    8,
    17,
    17,
    5,
    8,
    17,
    8,
    17,
    17,
    17,
    10,
    17,
    16,
    14,
    17,
    17,
    8,
    17,
    17,
    10,
    17,
    8,
    17,
    2,
    2,
    5,
    17,
    17,
    17,
    16,
    6,
    8,
    17,
    6,
    17,
    17,
    17,
    17,
    1,
    5,
    17,
    17,
    8,
    17,
    17,
    17,
    15,
    17,
    17,
    8,
    8,
    8,
    8,
    4,
    8,
    2,
    17,
    17,
    2,
    10,
    11,
    17,
    17,
    16,
    17,
    17,
    17,
    4,
    16,
    17,
    2,
    17,
    8,
    16,
    17,
    17,
    5,
    16,
    17,
    6,
    17,
    16,
    17,
    17,
    1,
    2,
    2,
    10,
    8,
    17,
    15,
    17,
    17,
    17,
    17,
    17,
    15,
    17,
    16,
    2,
    17,
    16,
    17,
    17,
    17,
    16,
    17,
    3,
    17,
    8,
    5,
    8,
    5,
    8,
    8,
    16,
    4,
    8,
    17,
    17,
    8,
    2,
    7,
    17,
    16,
    2,
    2,
    16,
    17,
    11,
    5,
    8,
    17,
    17,
    8,
    16,
    17,
    8,
    8,
    17,
    16,
    17,
    17,
    17,
    17,
    8,
    17,
    1,
    11,
    2,
    17,
    5,
    5,
    8,
    17,
    17,
    5,
    17,
    17,
    17,
    4,
    8,
    17,
    8,
    2,
    16,
    2,
    3,
    17,
    6,
    17,
    17,
    17,
    17,
    17,
    6,
    17,
    9,
    8,
    16,
    2,
    2,
    17,
    16,
    17,
    4,
    16,
    5,
    17,
    17,
    8,
    17,
    6,
    14,
    16,
    17,
    17,
    15,
    6,
    17,
    17,
    17,
    17,
    17,
    2,
    17,
    8,
    6,
    17,
    4,
    17,
    17,
    8,
    4,
    16,
    2,
    17,
    3,
    5,
    16,
    11,
    5,
    17,
    17,
    17,
    8,
    2,
    6,
    17,
    17,
    17,
    8,
    17,
    8,
    2,
    8,
    5,
    17,
    17,
    2,
    17,
    8,
    17,
    17,
    17,
    4,
    4,
    2,
    2,
    16,
    17,
    8,
    5,
    15,
    6,
    4,
    17,
    17,
    5,
    17,
    17,
    17,
    17,
    17,
    18,
    2,
    17,
    5,
    17,
    7,
    5,
    5,
    1,
    8,
    7,
    15,
    17,
    3,
    8
  ],
  "objectives": [
    348435.65999999957,
    1034.73
  ],
  "fitness": {
    "minutos_ponderados": 348435.65999999957,
    "costo_total": 1034.73
  }
}