{
  "solution": [
    17,
    4,
    5,
    10,
    4,
    16,
    17,
    11,
    5,
    17,
    17,
    8,
    17,
    16,
    8,
    12,
    8,
    17,
    8,
    2,
    17,
    17,
    1,
    17,
    9,
    5,
    6,
    8,
    17,
    6,
    17,
    16,
    17,
    16,
    18,
    17,
    17,
    6,
    1,
    17,
    17,
    6,
    8,
    17,
    2,
    4,
    5,
    17,
    17,
    17,
    2,
    6,
    5,
    17,
    6,
    14,
    17,
    10,
    17,
    15,
    5,
    7,
    17,
    8,
    17,
    8,
    17,
    17,
    17,
    11,
    4,
    8,
    18,
    8,
    2,
    8,
    16,
    8,
    11,
    2,
    17,
    5,
    17,
    17,
    7,
    17,
    17,
    6,
    11,
    16,
    16,
    2,
    17,
    18,
    4,
    17,
    17,
    5,
    16,
    17,
    4,
    8,
    16,
    16,
    17,
    6,
    2,
    8,
    6,
    6,
    17,
    18,
    5,
    17,
    17,
    17,
    17,
    17,
    17,
    7,
    6,
    1,
    11,
    17,
    17,
    17,
    16,
    17,
    16,
    7,
    8,
    16,
    8,
    8,
    8,
    8,
    16,
    16,
    7,
    10,
    17,
    8,
    6,
    16,
    2,
    16,
    2,
    15,
    16,
    17,
    17,
    15,
    8,
    9,
    17,
    8,
    16,
    16,
    4,
    8,
    6,
    8,
    16,
    17,
    17,
    10,
    8,
    17,
    8,
    17,
    2,
    6,
    5,
    16,
    8,
    17,
    2,
    5,
    17,
    1,
    17,
    4,
    8,
    17,
    14,
    2,
    16,
    4,
    8,
    16,
    6,
    17,
    17,
    17,
    17,
    17,
    6,
    7,
    17,
    3,
    4,
    2,
    2,
    5,
    9,
    4,
    16,
    16,
    17,
    17,
    17,
    8,
    10,
    17,
    17,
    16,
    17,
    17,
    17,
    8,
    17,
    17,
    5,
    17,
    9,
    2,
    17,
    8,
    2,
    7,
    7,
    17,
    5,
    17,
    4,
    16,
    2,
    8,
    7,
    5,
    16,
    17,
    17,
    17,
    5,
    5,
    8,
    17,
    15,
    17,
    17,
    17,
    8,
    17,
    8,
    16,
    8,
    17,
    17,
    17,
    2,
    2,
    2,
    17,
    17,
    4,
    4,
    4,
    11,
    1,
    18,
    17,
    8,
    15,
    8,
    17,
    5,
    17,
    7,
    5,
    16,
    16,
    17,
    17,
    9,
    15,
    2,
    17,
    16,
    17,
    17,
    17,
    5,
    1,
    4,
    14,
    8,
    17,
    17,
    8
  ],
  "objectives": [
    373401.4100000005,
    1177.28
  ],
  "fitness": {
    "minutos_ponderados": 373401.4100000005,
    "costo_total": 1177.28
  }
}