{
  "run_info": {
    "dataset": "users1.json",
    "config": "high_pheromone_influence",
    "run": 2,
    "execution_time": 455.1214394569397,
    "iterations_completed": 36,
    "max_iterations": 200,
    "terminated_early": true,
    "generations_without_improvement": 12,
    "pareto_size": 21,
    "pareto_points": [
      [
        381669.5599999993,
        1211.8899999999999
      ],
      [
        391597.12,
        1251.5299999999997
      ],
      [
        370580.97999999975,
        1095.8899999999999
      ],
      [
        374749.94000000006,
        1136.8999999999999
      ],
      [
        380478.5100000002,
        1153.82
      ],
      [
        366358.8399999998,
        1083.83
      ],
      [
        359881.9700000001,
        1045.2400000000002
      ],
      [
        358425.42000000016,
        1040.3100000000002
      ],
      [
        367846.2299999995,
        1087.23
      ],
      [
        352411.6199999999,
        993.7300000000001
      ],
      [
        351271.78999999975,
        983.2600000000002
      ],
      [
        341756.3799999996,
        957.25
      ],
      [
        352995.4099999997,
        994.75
      ],
      [
        340843.7999999996,
        955.22
      ],
      [
        357769.19999999995,
        1017.23
      ],
      [
        355853.63999999984,
        1004.7900000000002
      ],
      [
        351408.21999999986,
        990.2300000000002
      ],
      [
        355030.02,
        997.7800000000003
      ],
      [
        349460.35,
        981.3200000000003
      ],
      [
        346638.02999999945,
        961.21
      ],
      [
        360968.95000000007,
        1051.2800000000002
      ]
    ],
    "solutions_evaluated": 720,
    "config_params": {
      "n_ants": 20,
      "rho": 0.3,
      "alpha": 3.0,
      "beta": 2.0,
      "archive_size": 100,
      "no_improvement_generations": 12
    }
  },
  "solutions_count": 21,
  "solutions_directory": "../results/PACO\\solutions\\users1\\high_pheromone_influence\\run2",
  "objective_statistics": {
    "cost_range": {
      "min": 955.22,
      "max": 1251.5299999999997
    },
    "minutes_range": {
      "min": 340843.7999999996,
      "max": 391597.12
    }
  },
  "algorithm_info": {
    "archive_history_length": 36,
    "max_archive_size_reached": 21
  }
}