{
  "solution": [
    5,
    17,
    8,
    17,
    17,
    3,
    17,
    8,
    5,
    17,
    17,
    5,
    17,
    17,
    4,
    17,
    8,
    2,
    17,
    8,
    17,
    17,
    16,
    17,
    16,
    5,
    17,
    17,
    17,
    17,
    12,
    4,
    5,
    17,
    6,
    12,
    17,
    17,
    17,
    17,
    6,
    8,
    17,
    17,
    4,
    17,
    13,
    17,
    17,
    4,
    6,
    2,
    17,
    8,
    8,
    17,
    8,
    17,
    17,
    2,
    17,
    2,
    17,
    16,
    16,
    17,
    17,
    17,
    7,
    4,
    17,
    17,
    17,
    17,
    17,
    10,
    16,
    5,
    17,
    16,
    16,
    2,
    17,
    17,
    2,
    17,
    17,
    16,
    17,
    17,
    8,
    16,
    8,
    17,
    2,
    2,
    5,
    8,
    17,
    8,
    17,
    17,
    17,
    17,
    17,
    17,
    17,
    6,
    17,
    2,
    17,
    17,
    16,
    15,
    17,
    8,
    17,
    17,
    17,
    16,
    5,
    2,
    2,
    17,
    17,
    17,
    8,
    2,
    14,
    16,
    5,
    8,
    17,
    8,
    17,
    17,
    17,
    17,
    16,
    2,
    7,
    2,
    8,
    17,
    2,
    16,
    16,
    15,
    17,
    8,
    9,
    8,
    17,
    16,
    17,
    8,
    16,
    17,
    8,
    16,
    16,
    17,
    17,
    8,
    17,
    16,
    16,
    6,
    10,
    6,
    5,
    2,
    5,
    17,
    17,
    17,
    5,
    6,
    16,
    17,
    16,
    17,
    17,
    2,
    8,
    17,
    4,
    6,
    4,
    5,
    17,
    5,
    4,
    17,
    2,
    16,
    4,
    2,
    17,
    17,
    17,
    17,
    7,
    8,
    17,
    12,
    4,
    17,
    2,
    17,
    17,
    2,
    17,
    17,
    8,
    17,
    15,
    4,
    5,
    2,
    8,
    8,
    17,
    17,
    4,
    6,
    17,
    8,
    8,
    17,
    17,
    2,
    17,
    17,
    8,
    17,
    17,
    6,
    5,
    8,
    4,
    17,
    17,
    17,
    17,
    17,
    17,
    10,
    17,
    17,
    17,
    17,
    5,
    8,
    9,
    4,
    17,
    17,
    9,
    17,
    17,
    17,
    17,
    17,
    17,
    17,
    17,
    2,
    8,
    17,
    17,
    17,
    17,
    17,
    17,
    17,
    17,
    11,
    17,
    8,
    17,
    17,
    17,
    2,
    17,
    17,
    17,
    17,
    2,
    17,
    8,
    8,
    16,
    6,
    15,
    8,
    4,
    4,
    10,
    17
  ],
  "objectives": [
    351271.78999999975,
    983.2600000000002
  ],
  "fitness": {
    "minutos_ponderados": 351271.78999999975,
    "costo_total": 983.2600000000002
  }
}