{
  "solution": [
    5,
    17,
    5,
    1,
    17,
    16,
    17,
    8,
    5,
    17,
    17,
    5,
    17,
    17,
    4,
    17,
    17,
    17,
    17,
    1,
    8,
    17,
    16,
    17,
    16,
    5,
    17,
    2,
    17,
    3,
    17,
    4,
    5,
    17,
    6,
    4,
    17,
    17,
    17,
    17,
    6,
    8,
    9,
    17,
    4,
    17,
    4,
    17,
    8,
    4,
    17,
    2,
    18,
    8,
    8,
    17,
    8,
    6,
    17,
    2,
    18,
    2,
    17,
    16,
    16,
    17,
    17,
    11,
    8,
    4,
    17,
    17,
    6,
    17,
    17,
    17,
    16,
    5,
    17,
    16,
    16,
    2,
    17,
    17,
    2,
    14,
    17,
    16,
    17,
    17,
    10,
    16,
    8,
    17,
    2,
    2,
    5,
    8,
    17,
    8,
    17,
    17,
    17,
    17,
    17,
    17,
    17,
    5,
    9,
    4,
    17,
    17,
    16,
    14,
    17,
    8,
    17,
    17,
    6,
    16,
    5,
    16,
    2,
    17,
    5,
    11,
    8,
    2,
    5,
    16,
    5,
    8,
    17,
    8,
    17,
    17,
    5,
    18,
    16,
    2,
    10,
    2,
    3,
    17,
    2,
    16,
    16,
    16,
    17,
    8,
    17,
    8,
    17,
    16,
    17,
    8,
    16,
    17,
    8,
    16,
    16,
    17,
    17,
    8,
    17,
    16,
    16,
    6,
    17,
    6,
    5,
    2,
    5,
    3,
    17,
    17,
    8,
    17,
    16,
    17,
    16,
    17,
    17,
    2,
    8,
    17,
    4,
    17,
    4,
    16,
    17,
    8,
    4,
    17,
    2,
    16,
    4,
    17,
    17,
    17,
    17,
    17,
    6,
    8,
    17,
    17,
    8,
    17,
    2,
    17,
    17,
    2,
    2,
    17,
    8,
    16,
    15,
    1,
    5,
    2,
    8,
    8,
    17,
    17,
    17,
    6,
    17,
    8,
    8,
    17,
    17,
    2,
    16,
    17,
    8,
    17,
    17,
    17,
    17,
    8,
    4,
    17,
    17,
    13,
    17,
    17,
    17,
    1,
    17,
    17,
    17,
    15,
    5,
    8,
    17,
    17,
    17,
    17,
    5,
    17,
    7,
    17,
    17,
    17,
    17,
    5,
    15,
    3,
    7,
    17,
    17,
    17,
    17,
    17,
    14,
    17,
    10,
    17,
    17,
    8,
    17,
    17,
    17,
    5,
    17,
    17,
    2,
    17,
    2,
    17,
    8,
    5,
    16,
    6,
    15,
    8,
    2,
    4,
    17,
    17
  ],
  "objectives": [
    355853.63999999984,
    1004.7900000000002
  ],
  "fitness": {
    "minutos_ponderados": 355853.63999999984,
    "costo_total": 1004.7900000000002
  }
}