{
  "solution": [
    5,
    17,
    5,
    17,
    17,
    8,
    17,
    8,
    3,
    17,
    17,
    5,
    17,
    17,
    3,
    17,
    17,
    17,
    17,
    8,
    17,
    17,
    16,
    1,
    16,
    5,
    17,
    17,
    17,
    17,
    17,
    4,
    5,
    17,
    6,
    4,
    17,
    4,
    17,
    17,
    6,
    8,
    17,
    17,
    4,
    17,
    4,
    17,
    17,
    4,
    17,
    2,
    17,
    8,
    1,
    11,
    8,
    17,
    17,
    14,
    17,
    2,
    17,
    16,
    16,
    17,
    17,
    17,
    8,
    4,
    17,
    17,
    17,
    17,
    17,
    17,
    16,
    5,
    17,
    16,
    16,
    2,
    17,
    17,
    2,
    17,
    17,
    16,
    17,
    16,
    8,
    16,
    8,
    1,
    2,
    2,
    5,
    8,
    4,
    8,
    17,
    17,
    17,
    13,
    17,
    17,
    17,
    6,
    17,
    2,
    17,
    17,
    16,
    15,
    17,
    16,
    17,
    17,
    17,
    16,
    5,
    15,
    2,
    17,
    17,
    17,
    8,
    2,
    17,
    5,
    5,
    8,
    17,
    8,
    17,
    17,
    17,
    17,
    16,
    2,
    6,
    2,
    8,
    8,
    2,
    16,
    16,
    17,
    17,
    8,
    17,
    8,
    17,
    16,
    17,
    2,
    16,
    17,
    8,
    13,
    16,
    17,
    17,
    8,
    17,
    16,
    16,
    6,
    17,
    13,
    2,
    2,
    5,
    17,
    17,
    17,
    9,
    14,
    16,
    17,
    16,
    17,
    17,
    14,
    8,
    17,
    4,
    17,
    4,
    5,
    8,
    8,
    4,
    17,
    2,
    16,
    4,
    10,
    17,
    17,
    17,
    17,
    6,
    6,
    17,
    17,
    8,
    17,
    2,
    4,
    17,
    2,
    17,
    17,
    8,
    3,
    15,
    4,
    5,
    2,
    8,
    8,
    17,
    17,
    17,
    6,
    17,
    8,
    8,
    17,
    17,
    2,
    16,
    17,
    8,
    17,
    11,
    17,
    10,
    1,
    4,
    17,
    17,
    15,
    17,
    17,
    17,
    17,
    2,
    17,
    17,
    17,
    5,
    8,
    17,
    16,
    17,
    17,
    5,
    17,
    17,
    17,
    17,
    17,
    17,
    7,
    16,
    2,
    8,
    6,
    17,
    17,
    17,
    17,
    17,
    1,
    1,
    17,
    17,
    8,
    17,
    17,
    17,
    17,
    17,
    17,
    17,
    17,
    2,
    17,
    1,
    8,
    14,
    6,
    2,
    8,
    4,
    4,
    17,
    17
  ],
  "objectives": [
    351408.21999999986,
    990.2300000000002
  ],
  "fitness": {
    "minutos_ponderados": 351408.21999999986,
    "costo_total": 990.2300000000002
  }
}