{
  "run_info": {
    "dataset": "users5.json",
    "config": "high_heuristic_influence",
    "run": 19,
    "execution_time": 5318.670044898987,
    "iterations_completed": 59,
    "max_iterations": 200,
    "terminated_early": true,
    "generations_without_improvement": 12,
    "pareto_size": 23,
    "pareto_points": [
      [
        2957959.6399999904,
        6867.700000000009
      ],
      [
        3010708.2100000083,
        7087.590000000008
      ],
      [
        2942153.470000006,
        6830.810000000009
      ],
      [
        2993655.480000013,
        7000.010000000008
      ],
      [
        3006366.4300000006,
        7036.640000000008
      ],
      [
        2962438.550000004,
        6970.900000000007
      ],
      [
        2969182.1800000067,
        6979.080000000009
      ],
      [
        3018565.0499999924,
        7189.960000000009
      ],
      [
        3052631.380000014,
        7231.91000000001
      ],
      [
        3030736.2800000077,
        7207.080000000009
      ],
      [
        3062563.160000013,
        7240.3500000000095
      ],
      [
        3086421.7700000154,
        7374.83000000001
      ],
      [
        3106557.46000002,
        7482.580000000012
      ],
      [
        3107908.2100000246,
        7550.660000000013
      ],
      [
        3118527.410000007,
        7564.230000000012
      ],
      [
        3163029.1800000174,
        7650.440000000013
      ],
      [
        3134660.9400000176,
        7624.470000000014
      ],
      [
        3118548.330000012,
        7590.720000000013
      ],
      [
        3184318.44000003,
        7674.560000000014
      ],
      [
        3190506.26000003,
        7822.360000000014
      ],
      [
        3189879.4500000314,
        7753.630000000014
      ],
      [
        3218562.930000015,
        7881.020000000015
      ],
      [
        3201324.0500000245,
        7865.770000000013
      ]
    ],
    "solutions_evaluated": 1180,
    "config_params": {
      "n_ants": 20,
      "rho": 0.4,
      "alpha": 0.5,
      "beta": 5.0,
      "archive_size": 100,
      "no_improvement_generations": 12
    }
  },
  "solutions_count": 23,
  "solutions_directory": "C:\\Users\\hctr0\\PycharmProjects\\TFG_Hector\\31Executions\\PACO\\solutions\\users5\\high_heuristic_influence\\run19",
  "objective_statistics": {
    "cost_range": {
      "min": 6830.810000000009,
      "max": 7881.020000000015
    },
    "minutes_range": {
      "min": 2942153.470000006,
      "max": 3218562.930000015
    }
  },
  "algorithm_info": {
    "archive_history_length": 59,
    "max_archive_size_reached": 27
  }
}