{
  "run_info": {
    "dataset": "users3.json",
    "config": "high_heuristic_influence",
    "run": 10,
    "execution_time": 2194.048896551132,
    "iterations_completed": 68,
    "max_iterations": 200,
    "terminated_early": true,
    "generations_without_improvement": 12,
    "pareto_size": 18,
    "pareto_points": [
      [
        1192023.3599999927,
        2893.2299999999987
      ],
      [
        1149172.709999996,
        2823.0799999999995
      ],
      [
        1142047.5599999924,
        2820.7899999999995
      ],
      [
        1163910.949999992,
        2849.769999999999
      ],
      [
        1166435.0799999954,
        2892.909999999999
      ],
      [
        1203632.9999999935,
        2956.1899999999996
      ],
      [
        1208368.8299999938,
        2978.3
      ],
      [
        1242213.2499999974,
        3033.4400000000005
      ],
      [
        1253891.4999999944,
        3097.5700000000015
      ],
      [
        1247147.5799999936,
        3045.4800000000014
      ],
      [
        1247708.8799999948,
        3053.160000000001
      ],
      [
        1218915.139999996,
        2989.6200000000013
      ],
      [
        1249664.8799999943,
        3085.540000000001
      ],
      [
        1249022.8499999936,
        3068.000000000002
      ],
      [
        1262839.5899999933,
        3127.570000000001
      ],
      [
        1244442.5399999956,
        3036.4600000000014
      ],
      [
        1239544.2999999945,
        2992.590000000001
      ],
      [
        1258597.7699999926,
        3104.1000000000013
      ]
    ],
    "solutions_evaluated": 1360,
    "config_params": {
      "n_ants": 20,
      "rho": 0.4,
      "alpha": 0.5,
      "beta": 5.0,
      "archive_size": 100,
      "no_improvement_generations": 12
    }
  },
  "solutions_count": 18,
  "solutions_directory": "C:\\Users\\hctr0\\PycharmProjects\\TFG_Hector\\31Executions\\PACO\\solutions\\users3\\high_heuristic_influence\\run10",
  "objective_statistics": {
    "cost_range": {
      "min": 2820.7899999999995,
      "max": 3127.570000000001
    },
    "minutes_range": {
      "min": 1142047.5599999924,
      "max": 1262839.5899999933
    }
  },
  "algorithm_info": {
    "archive_history_length": 68,
    "max_archive_size_reached": 21
  }
}