{
  "solution": [
    17,
    17,
    2,
    9,
    17,
    17,
    17,
    17,
    17,
    9,
    4,
    8,
    17,
    17,
    8,
    8,
    7,
    17,
    17,
    5,
    17,
    8,
    2,
    13,
    5,
    17,
    17,
    17,
    17,
    17,
    8,
    17,
    10,
    17,
    17,
    2,
    16,
    8,
    17,
    8,
    8,
    17,
    18,
    17,
    17,
    8,
    17,
    5,
    17,
    17,
    8,
    17,
    5,
    16,
    17,
    8,
    17,
    9,
    6,
    17,
    17,
    8,
    2,
    8,
    17,
    6,
    17,
    17,
    4,
    8,
    17,
    17,
    17,
    17,
    17,
    15,
    16,
    17,
    17,
    17,
    17,
    17,
    17,
    6,
    17,
    17,
    10,
    8,
    8,
    6,
    8,
    17,
    17,
    2,
    8,
    17,
    17,
    17,
    15,
    2,
    17,
    8,
    8,
    8,
    17,
    17,
    17,
    17,
    17,
    17,
    17,
    17,
    16,
    17,
    16,
    17,
    17,
    8,
    17,
    17,
    7,
    16,
    8,
    8,
    16,
    8,
    3,
    17,
    17,
    17,
    17,
    17,
    17,
    17,
    8,
    17,
    4,
    1,
    8,
    17,
    17,
    6,
    17,
    17,
    4,
    7,
    17,
    4,
    16,
    6,
    2,
    17,
    17,
    16,
    2,
    17,
    5,
    17,
    17,
    6,
    8,
    5,
    17,
    17,
    17,
    6,
    4,
    5,
    8,
    8,
    17,
    17,
    11,
    8,
    8,
    17,
    17,
    17,
    17,
    17,
    11,
    2,
    2,
    17,
    4,
    8,
    2,
    17,
    17,
    2,
    17,
    8,
    17,
    17,
    17,
    17,
    4,
    17,
    17,
    17,
    17,
    17,
    17,
    17,
    5,
    17,
    8,
    17,
    17,
    17,
    17,
    5,
    5,
    17,
    17,
    17,
    5,
    17,
    17,
    15,
    17,
    15,
    17,
    17,
    17,
    8,
    17,
    17,
    17,
    17,
    4,
    6,
    5,
    17,
    17,
    17,
    17,
    11,
    2,
    2,
    3,
    16,
    17,
    8,
    15,
    9,
    4,
    17,
    8,
    4,
    17,
    17,
    6,
    2,
    6,
    5,
    17,
    17,
    17,
    8,
    8,
    8,
    17,
    8,
    18,
    18,
    9,
    17,
    8,
    17,
    17,
    13,
    17,
    5,
    8,
    8,
    17,
    17,
    17,
    17,
    17,
    17,
    16,
    17,
    17,
    17,
    17,
    17,
    17,
    17,
    17,
    9,
    17,
    5,
    17,
    17,
    4,
    8,
    4,
    9
  ],
  "objectives": [
    434893.769999999,
    971.6199999999999
  ],
  "fitness": {
    "minutos_ponderados": 434893.769999999,
    "costo_total": 971.6199999999999
  }
}