{
  "solution": [
    17,
    17,
    2,
    17,
    2,
    17,
    17,
    17,
    17,
    17,
    4,
    4,
    17,
    17,
    8,
    15,
    3,
    17,
    17,
    8,
    17,
    8,
    2,
    17,
    5,
    17,
    10,
    17,
    17,
    17,
    8,
    17,
    16,
    17,
    17,
    2,
    16,
    8,
    17,
    8,
    16,
    2,
    17,
    17,
    17,
    14,
    17,
    5,
    5,
    17,
    8,
    17,
    5,
    16,
    17,
    8,
    17,
    9,
    16,
    17,
    17,
    8,
    2,
    8,
    17,
    8,
    17,
    17,
    4,
    13,
    17,
    17,
    9,
    17,
    9,
    17,
    16,
    17,
    10,
    17,
    17,
    17,
    17,
    6,
    1,
    17,
    17,
    8,
    8,
    6,
    17,
    7,
    17,
    2,
    8,
    17,
    16,
    17,
    2,
    2,
    17,
    17,
    8,
    8,
    17,
    6,
    6,
    17,
    17,
    17,
    17,
    17,
    16,
    17,
    17,
    17,
    7,
    17,
    17,
    17,
    8,
    17,
    8,
    8,
    5,
    8,
    17,
    17,
    16,
    17,
    17,
    17,
    17,
    18,
    8,
    17,
    17,
    17,
    14,
    17,
    17,
    2,
    17,
    17,
    5,
    5,
    6,
    6,
    16,
    3,
    2,
    17,
    17,
    16,
    2,
    17,
    5,
    17,
    17,
    17,
    8,
    5,
    17,
    17,
    5,
    17,
    4,
    16,
    8,
    8,
    17,
    17,
    15,
    8,
    3,
    17,
    17,
    3,
    17,
    17,
    18,
    2,
    2,
    17,
    4,
    8,
    2,
    17,
    17,
    2,
    17,
    8,
    17,
    17,
    17,
    17,
    16,
    17,
    17,
    17,
    17,
    17,
    17,
    9,
    1,
    11,
    8,
    17,
    17,
    17,
    17,
    5,
    5,
    12,
    17,
    17,
    5,
    17,
    17,
    15,
    17,
    12,
    17,
    17,
    17,
    8,
    17,
    17,
    17,
    17,
    4,
    6,
    5,
    17,
    8,
    17,
    17,
    7,
    2,
    17,
    17,
    16,
    17,
    8,
    15,
    16,
    17,
    17,
    8,
    5,
    17,
    17,
    17,
    17,
    17,
    16,
    5,
    17,
    17,
    8,
    8,
    8,
    17,
    17,
    17,
    8,
    17,
    17,
    8,
    10,
    17,
    6,
    17,
    5,
    8,
    8,
    17,
    17,
    17,
    17,
    17,
    17,
    16,
    17,
    17,
    17,
    4,
    17,
    17,
    17,
    17,
    17,
    7,
    5,
    6,
    8,
    4,
    8,
    4,
    11
  ],
  "objectives": [
    445468.12999999896,
    1044.59
  ],
  "fitness": {
    "minutos_ponderados": 445468.12999999896,
    "costo_total": 1044.59
  }
}