{
  "run_info": {
    "dataset": "users2.json",
    "config": "uniform_inversion_high_mutation",
    "run": 25,
    "execution_time": 719.3503651618958,
    "generations": 163,
    "pareto_size": 32,
    "pareto_points": [
      [
        -863049.2900000017,
        2066.2599999999998
      ],
      [
        -852395.6100000015,
        1992.9299999999998
      ],
      [
        -866832.8100000019,
        2095.81
      ],
      [
        -861846.4100000018,
        2042.3
      ],
      [
        -867010.180000002,
        2100.77
      ],
      [
        -863556.8000000016,
        2070.2599999999998
      ],
      [
        -867492.5500000016,
        2101.73
      ],
      [
        -864551.0900000011,
        2077.74
      ],
      [
        -874431.3100000019,
        2176.74
      ],
      [
        -861526.4600000017,
        2035.3199999999997
      ],
      [
        -871429.940000002,
        2107.7599999999998
      ],
      [
        -872632.1400000018,
        2146.21
      ],
      [
        -854676.0000000015,
        2014.8999999999999
      ],
      [
        -866921.7100000009,
        2100.7599999999998
      ],
      [
        -873611.2900000017,
        2150.24
      ],
      [
        -868657.0100000016,
        2104.72
      ],
      [
        -876995.5100000016,
        2200.72
      ],
      [
        -863006.7900000013,
        2059.77
      ],
      [
        -855702.3400000012,
        2030.37
      ],
      [
        -872589.6400000015,
        2135.24
      ],
      [
        -874032.1700000018,
        2163.71
      ],
      [
        -873477.2600000018,
        2146.22
      ],
      [
        -876852.1100000016,
        2182.71
      ],
      [
        -866267.5900000016,
        2093.24
      ],
      [
        -862371.5800000018,
        2051.7999999999997
      ],
      [
        -862899.0100000018,
        2058.3599999999997
      ],
      [
        -878154.4200000013,
        2234.71
      ],
      [
        -879272.6600000015,
        2251.7200000000003
      ],
      [
        -864637.0000000019,
        2080.3099999999995
      ],
      [
        -878534.5300000017,
        2239.7
      ],
      [
        -865248.3800000015,
        2087.23
      ],
      [
        -855013.6100000016,
        2022.3899999999999
      ]
    ]
  },
  "solutions_count": 32,
  "solutions_directory": "C:\\Users\\hctr0\\PycharmProjects\\TFG_Hector\\31Executions\\NSGA2\\solutions\\users2\\uniform_inversion_high_mutation\\run25"
}