{
  "run_info": {
    "dataset": "users4.json",
    "config": "uniform_reset_low_mutation",
    "run": 2,
    "execution_time": 663.857390165329,
    "generations": 73,
    "pareto_size": 16,
    "pareto_points": [
      [
        -1853259.510000003,
        5334.910000000002
      ],
      [
        -1860901.5500000038,
        5341.92
      ],
      [
        -1882911.3100000038,
        5366.990000000002
      ],
      [
        -1874418.9800000023,
        5356.9800000000005
      ],
      [
        -1877074.890000003,
        5359.980000000001
      ],
      [
        -1885410.0800000033,
        5374.470000000001
      ],
      [
        -1890113.050000003,
        5383.980000000001
      ],
      [
        -1899798.0600000022,
        5479.39
      ],
      [
        -1900266.7200000025,
        5482.46
      ],
      [
        -1898467.430000003,
        5443.380000000001
      ],
      [
        -1894583.9600000023,
        5418.970000000002
      ],
      [
        -1901174.9600000037,
        5532.370000000001
      ],
      [
        -1893279.650000002,
        5408.480000000001
      ],
      [
        -1889780.210000004,
        5378.97
      ],
      [
        -1893383.1400000027,
        5414.950000000001
      ],
      [
        -1879609.930000003,
        5362.460000000001
      ]
    ]
  },
  "solutions_count": 16,
  "solutions_directory": "../results/SPEA2\\solutions\\users4\\uniform_reset_low_mutation\\run2"
}