{
  "run_info": {
    "dataset": "users4.json",
    "config": "npoint_inversion_high_all",
    "run": 2,
    "execution_time": 4338.423330307007,
    "generations": 185,
    "pareto_size": 33,
    "pareto_points": [
      [
        -1892274.2599999986,
        5811.160000000001
      ],
      [
        -1881006.15,
        5736.719999999999
      ],
      [
        -1833846.7299999974,
        5375.28
      ],
      [
        -1923655.5500000012,
        5923.200000000001
      ],
      [
        -1861136.4599999909,
        5514.910000000001
      ],
      [
        -1921582.3900000013,
        5917.179999999999
      ],
      [
        -1929922.3900000006,
        6036.1900000000005
      ],
      [
        -1907371.9699999995,
        5867.700000000002
      ],
      [
        -1904460.8799999997,
        5831.160000000001
      ],
      [
        -1873312.6899999918,
        5587.92
      ],
      [
        -1902621.0199999998,
        5828.18
      ],
      [
        -1909230.8800000006,
        5869.71
      ],
      [
        -1915701.5800000022,
        5916.23
      ],
      [
        -1879251.9500000023,
        5719.69
      ],
      [
        -1910160.42,
        5878.7
      ],
      [
        -1875331.9399999918,
        5638.88
      ],
      [
        -1842010.9899999977,
        5387.240000000001
      ],
      [
        -1859760.2199999948,
        5408.759999999999
      ],
      [
        -1925553.920000001,
        5946.6900000000005
      ],
      [
        -1888099.9000000004,
        5773.709999999998
      ],
      [
        -1830292.339999997,
        5368.289999999999
      ],
      [
        -1878787.9000000001,
        5675.71
      ],
      [
        -1888840.3400000003,
        5802.63
      ],
      [
        -1885399.2400000005,
        5747.599999999999
      ],
      [
        -1862754.8999999908,
        5535.910000000001
      ],
      [
        -1859905.7899999944,
        5447.259999999999
      ],
      [
        -1927982.150000001,
        6020.660000000001
      ],
      [
        -1906661.3299999998,
        5842.18
      ],
      [
        -1928650.2200000007,
        6027.170000000002
      ],
      [
        -1933392.5999999999,
        6087.110000000001
      ],
      [
        -1914550.090000002,
        5896.23
      ],
      [
        -1836613.5199999975,
        5378.26
      ],
      [
        -1872935.3999999915,
        5564.950000000001
      ]
    ]
  },
  "solutions_count": 33,
  "solutions_directory": "../results/NSGA2\\solutions\\users4\\npoint_inversion_high_all\\run2"
}