{
  "run_info": {
    "dataset": "users3.json",
    "config": "npoint_inversion_low_mutation",
    "run": 4,
    "execution_time": 2046.5727744102478,
    "generations": 181,
    "pareto_size": 29,
    "pareto_points": [
      [
        -1176797.7199999974,
        3404.65
      ],
      [
        -1164499.0699999968,
        3387.1099999999997
      ],
      [
        -1177687.5099999974,
        3414.640000000001
      ],
      [
        -1134045.9099999967,
        3347.66
      ],
      [
        -1182656.0299999956,
        3437.6
      ],
      [
        -1234373.869999998,
        3533.0899999999997
      ],
      [
        -1188806.519999998,
        3438.6200000000003
      ],
      [
        -1164119.659999997,
        3377.12
      ],
      [
        -1225627.7899999975,
        3485.6000000000004
      ],
      [
        -1227218.2799999977,
        3491.0499999999997
      ],
      [
        -1182551.5799999975,
        3426.62
      ],
      [
        -1137240.9099999971,
        3351.72
      ],
      [
        -1123523.0199999975,
        3343.1700000000005
      ],
      [
        -1234984.689999998,
        3552.1000000000004
      ],
      [
        -1198091.369999998,
        3455.58
      ],
      [
        -1129232.099999996,
        3344.17
      ],
      [
        -1232724.3299999975,
        3530.05
      ],
      [
        -1175890.7499999963,
        3397.11
      ],
      [
        -1177896.3699999978,
        3419.6400000000003
      ],
      [
        -1202717.1299999973,
        3470.07
      ],
      [
        -1175982.4599999965,
        3401.1
      ],
      [
        -1159999.2299999972,
        3352.1399999999994
      ],
      [
        -1231085.2099999983,
        3502.5800000000004
      ],
      [
        -1123143.4699999972,
        3336.6400000000003
      ],
      [
        -1242344.8799999978,
        3578.0100000000007
      ],
      [
        -1195804.979999998,
        3443.5899999999997
      ],
      [
        -1236827.479999998,
        3562.0399999999995
      ],
      [
        -1174698.1999999972,
        3390.150000000001
      ],
      [
        -1224994.6399999966,
        3471.07
      ]
    ]
  },
  "solutions_count": 29,
  "solutions_directory": "../results/NSGA2\\solutions\\users3\\npoint_inversion_low_mutation\\run4"
}