{
  "run_info": {
    "dataset": "users3.json",
    "config": "high_pheromone_influence",
    "run": 13,
    "execution_time": 2073.65961933136,
    "iterations_completed": 54,
    "max_iterations": 200,
    "terminated_early": true,
    "generations_without_improvement": 12,
    "pareto_size": 6,
    "pareto_points": [
      [
        1225961.2399999963,
        3004.7099999999996
      ],
      [
        1208283.2199999953,
        2730.74
      ],
      [
        1196452.8799999934,
        2699.3799999999997
      ],
      [
        1176065.4499999944,
        2692.2999999999997
      ],
      [
        1215456.9699999942,
        2770.249999999999
      ],
      [
        1222161.1699999962,
        2846.2400000000002
      ]
    ],
    "solutions_evaluated": 1350,
    "config_params": {
      "n_ants": 25,
      "rho": 0.3,
      "alpha": 3.0,
      "beta": 2.0,
      "archive_size": 100,
      "no_improvement_generations": 12
    }
  },
  "solutions_count": 6,
  "solutions_directory": "C:\\Users\\hctr0\\PycharmProjects\\TFG_Hector\\31Executions\\PACO\\solutions\\users3\\high_pheromone_influence\\run13",
  "objective_statistics": {
    "cost_range": {
      "min": 2692.2999999999997,
      "max": 3004.7099999999996
    },
    "minutes_range": {
      "min": 1176065.4499999944,
      "max": 1225961.2399999963
    }
  },
  "algorithm_info": {
    "archive_history_length": 54,
    "max_archive_size_reached": 12
  }
}