{
  "run_info": {
    "dataset": "users2.json",
    "config": "npoint_reset_low_crossover",
    "run": 4,
    "execution_time": 304.55878138542175,
    "generations": 52,
    "pareto_size": 18,
    "pareto_points": [
      [
        -711954.8900000012,
        2576.12
      ],
      [
        -711104.1900000011,
        2565.12
      ],
      [
        -714603.8200000011,
        2578.09
      ],
      [
        -715463.9600000011,
        2592.1
      ],
      [
        -735519.5100000012,
        2635.05
      ],
      [
        -744893.5100000013,
        2649.0099999999998
      ],
      [
        -727429.6100000014,
        2619.1200000000003
      ],
      [
        -708595.1800000024,
        2539.1299999999997
      ],
      [
        -714248.4000000012,
        2576.5899999999997
      ],
      [
        -734176.4500000014,
        2627.0299999999997
      ],
      [
        -722792.9000000013,
        2597.13
      ],
      [
        -723342.1400000011,
        2598.11
      ],
      [
        -736446.7700000012,
        2638.5299999999997
      ],
      [
        -722379.7800000014,
        2594.62
      ],
      [
        -753326.8000000017,
        2689.9400000000005
      ],
      [
        -758144.5900000018,
        2694.9300000000003
      ],
      [
        -741172.0500000013,
        2646.5299999999997
      ],
      [
        -752259.7300000014,
        2667.96
      ]
    ]
  },
  "solutions_count": 18,
  "solutions_directory": "../results/NSGA2\\solutions\\users2\\npoint_reset_low_crossover\\run4"
}