{
  "run_info": {
    "dataset": "users2.json",
    "config": "npoint_reset_low_crossover",
    "run": 2,
    "execution_time": 1881.9972968101501,
    "generations": 300,
    "pareto_size": 32,
    "pareto_points": [
      [
        -781486.0099999995,
        2666.0800000000004
      ],
      [
        -784567.1499999997,
        2725.53
      ],
      [
        -779915.7099999997,
        2640.1000000000004
      ],
      [
        -781792.9099999997,
        2699.0800000000004
      ],
      [
        -753849.7700000004,
        2518.7299999999996
      ],
      [
        -744709.9100000004,
        2509.7500000000005
      ],
      [
        -775032.3899999999,
        2617.6000000000004
      ],
      [
        -760948.3900000007,
        2551.21
      ],
      [
        -762846.8800000013,
        2552.1899999999996
      ],
      [
        -782879.7199999999,
        2706.08
      ],
      [
        -781305.1999999995,
        2640.11
      ],
      [
        -774077.1299999998,
        2611.13
      ],
      [
        -776456.4999999998,
        2633.1000000000004
      ],
      [
        -784487.8599999995,
        2711.05
      ],
      [
        -756292.9000000001,
        2526.74
      ],
      [
        -763742.8300000009,
        2556.66
      ],
      [
        -759752.380000001,
        2530.2200000000003
      ],
      [
        -767987.1500000003,
        2577.6300000000006
      ],
      [
        -760675.7500000005,
        2549.19
      ],
      [
        -771131.3600000001,
        2589.59
      ],
      [
        -765556.9200000011,
        2574.1400000000003
      ],
      [
        -773153.7600000004,
        2605.1400000000003
      ],
      [
        -771081.6500000001,
        2585.62
      ],
      [
        -770845.7900000007,
        2584.15
      ],
      [
        -771851.9100000004,
        2603.61
      ],
      [
        -768945.1399999995,
        2580.63
      ],
      [
        -764938.8400000005,
        2560.67
      ],
      [
        -781520.6299999995,
        2667.0600000000004
      ],
      [
        -771769.1600000001,
        2601.1200000000003
      ],
      [
        -781339.8199999995,
        2649.11
      ],
      [
        -782185.0500000004,
        2705.0500000000006
      ],
      [
        -775533.1300000004,
        2621.12
      ]
    ]
  },
  "solutions_count": 32,
  "solutions_directory": "../results/SPEA2\\solutions\\users2\\npoint_reset_low_crossover\\run2"
}