{
  "run_info": {
    "dataset": "users4.json",
    "config": "npoint_inversion_high_all",
    "run": 4,
    "execution_time": 804.6430766582489,
    "generations": 78,
    "pareto_size": 23,
    "pareto_points": [
      [
        -1725092.9899999998,
        5665.720000000001
      ],
      [
        -1859697.2400000065,
        6093.430000000001
      ],
      [
        -1786668.8899999994,
        5814.2300000000005
      ],
      [
        -1806064.779999999,
        5904.640000000002
      ],
      [
        -1733906.8799999987,
        5674.720000000001
      ],
      [
        -1768739.409999996,
        5795.790000000001
      ],
      [
        -1833377.530000005,
        5944.02
      ],
      [
        -1735817.2199999993,
        5677.220000000001
      ],
      [
        -1852169.8600000052,
        6037.910000000001
      ],
      [
        -1757359.829999999,
        5716.789999999999
      ],
      [
        -1778089.3799999957,
        5813.77
      ],
      [
        -1857998.7500000065,
        6074.440000000001
      ],
      [
        -1857202.8900000053,
        6039.920000000001
      ],
      [
        -1851613.590000004,
        5957.960000000001
      ],
      [
        -1746201.399999999,
        5685.700000000002
      ],
      [
        -1865333.1800000062,
        6094.420000000002
      ],
      [
        -1759555.979999999,
        5742.770000000001
      ],
      [
        -1765486.2499999988,
        5794.72
      ],
      [
        -1806871.009999999,
        5942.600000000002
      ],
      [
        -1803788.7399999988,
        5896.6100000000015
      ],
      [
        -1857795.9100000057,
        6068.410000000002
      ],
      [
        -1798703.1400000004,
        5850.68
      ],
      [
        -1755144.8199999987,
        5697.83
      ]
    ]
  },
  "solutions_count": 23,
  "solutions_directory": "../results/SPEA2\\solutions\\users4\\npoint_inversion_high_all\\run4"
}