{
  "run_info": {
    "dataset": "users1.json",
    "config": "npoint_inversion_low_mutation",
    "run": 2,
    "execution_time": 224.92745304107666,
    "generations": 123,
    "pareto_size": 8,
    "pareto_points": [
      [
        -463142.2299999997,
        1224.5800000000002
      ],
      [
        -470017.9899999991,
        1250.0800000000002
      ],
      [
        -462573.1199999997,
        1217.6000000000001
      ],
      [
        -466084.37,
        1239.6000000000001
      ],
      [
        -471425.9099999997,
        1262.5700000000002
      ],
      [
        -481748.63999999926,
        1343.5100000000002
      ],
      [
        -475858.2499999999,
        1263.0900000000001
      ],
      [
        -465626.0899999999,
        1236.5800000000002
      ]
    ]
  },
  "solutions_count": 8,
  "solutions_directory": "../results/SPEA2\\solutions\\users1\\npoint_inversion_low_mutation\\run2"
}