{
  "solution": [
    2,
    17,
    17,
    17,
    6,
    5,
    17,
    16,
    8,
    8,
    8,
    8,
    5,
    17,
    17,
    17,
    8,
    17,
    2,
    17,
    17,
    17,
    5,
    2,
    3,
    2,
    17,
    17,
    17,
    16,
    4,
    4,
    17,
    8,
    17,
    17,
    17,
    17,
    8,
    17,
    17,
    17,
    2,
    17,
    17,
    17,
    17,
    9,
    2,
    17,
    8,
    17,
    17,
    17,
    8,
    16,
    17,
    16,
    17,
    17,
    8,
    17,
    17,
    8,
    8,
    15,
    11,
    5,
    4,
    7,
    17,
    16,
    17,
    2,
    17,
    17,
    17,
    5,
    17,
    14,
    2,
    8,
    2,
    17,
    17,
    11,
    8,
    2,
    17,
    17,
    8,
    17,
    17,
    5,
    4,
    14,
    2,
    6,
    17,
    17,
    9,
    8,
    17,
    17,
    2,
    6,
    8,
    17,
    17,
    17,
    5,
    17,
    17,
    17,
    17,
    17,
    8,
    5,
    17,
    14,
    16,
    4,
    17,
    16,
    17,
    5,
    16,
    5,
    17,
    16,
    17,
    17,
    17,
    8,
    8,
    2,
    9,
    17,
    8,
    17,
    17,
    17,
    15,
    4,
    2,
    17,
    6,
    4,
    17,
    16,
    17,
    1,
    3,
    8,
    17,
    2,
    15,
    17,
    4,
    4,
    17,
    17,
    16,
    12,
    16,
    16,
    17,
    5,
    17,
    16,
    17,
    2,
    5,
    14,
    8,
    8,
    17,
    5,
    9,
    17,
    17,
    17,
    17,
    17,
    8,
    8,
    6,
    17,
    7,
    5,
    17,
    17,
    8,
    8,
    4,
    17,
    4,
    17,
    16,
    1,
    17,
    14,
    16,
    6,
    5,
    5,
    17,
    4,
    9,
    9,
    8,
    14,
    17,
    16,
    5,
    17,
    8,
    17,
    17,
    17,
    2,
    18,
    2,
    17,
    4,
    7,
    17,
    10,
    17,
    8,
    16,
    2,
    8,
    11,
    17,
    17,
    17,
    17,
    17,
    6,
    17,
    17,
    8,
    13,
    2,
    5,
    17,
    6,
    2,
    16,
    17,
    6,
    5,
    17,
    18,
    5,
    8,
    8,
    17,
    16,
    17,
    17,
    12,
    17,
    17,
    4,
    13,
    17,
    4,
    2,
    17,
    1,
    17,
    4,
    9,
    17,
    12,
    1,
    17,
    17,
    16,
    17,
    18,
    17,
    17,
    5,
    16,
    2,
    4,
    8,
    5,
    16,
    9,
    8,
    2,
    12,
    9,
    5,
    4,
    16
  ],
  "objectives": [
    450801.00999999966,
    1128.2499999999998
  ],
  "fitness": {
    "minutos_ponderados": 450801.00999999966,
    "costo_total": 1128.2499999999998
  }
}