{
  "solution": [
    2,
    13,
    17,
    17,
    6,
    5,
    17,
    16,
    17,
    8,
    17,
    8,
    17,
    17,
    17,
    17,
    8,
    17,
    17,
    17,
    17,
    17,
    17,
    17,
    8,
    2,
    17,
    17,
    17,
    16,
    17,
    2,
    17,
    17,
    17,
    17,
    17,
    17,
    16,
    17,
    14,
    17,
    2,
    17,
    17,
    18,
    17,
    2,
    2,
    7,
    8,
    15,
    17,
    17,
    8,
    17,
    17,
    16,
    17,
    17,
    8,
    17,
    17,
    8,
    17,
    15,
    17,
    5,
    17,
    17,
    17,
    16,
    17,
    2,
    17,
    17,
    17,
    17,
    17,
    1,
    17,
    8,
    8,
    6,
    14,
    17,
    6,
    2,
    17,
    17,
    8,
    17,
    17,
    8,
    4,
    17,
    16,
    5,
    17,
    17,
    8,
    17,
    17,
    15,
    2,
    2,
    8,
    17,
    15,
    17,
    4,
    17,
    17,
    17,
    17,
    17,
    8,
    5,
    17,
    17,
    16,
    5,
    8,
    17,
    17,
    16,
    17,
    5,
    6,
    9,
    17,
    14,
    17,
    8,
    8,
    17,
    9,
    17,
    8,
    17,
    7,
    17,
    9,
    17,
    8,
    8,
    17,
    4,
    17,
    17,
    17,
    17,
    17,
    8,
    11,
    11,
    17,
    17,
    17,
    17,
    17,
    17,
    16,
    17,
    17,
    8,
    17,
    5,
    17,
    16,
    17,
    17,
    5,
    8,
    8,
    8,
    17,
    5,
    17,
    17,
    17,
    17,
    17,
    15,
    8,
    17,
    6,
    17,
    1,
    5,
    17,
    17,
    8,
    17,
    17,
    17,
    4,
    17,
    17,
    8,
    17,
    17,
    5,
    8,
    3,
    15,
    17,
    4,
    17,
    4,
    8,
    17,
    17,
    16,
    5,
    17,
    8,
    17,
    17,
    17,
    17,
    17,
    2,
    17,
    4,
    4,
    17,
    9,
    17,
    11,
    17,
    2,
    8,
    17,
    17,
    17,
    16,
    17,
    17,
    8,
    8,
    17,
    8,
    17,
    17,
    5,
    17,
    17,
    17,
    16,
    17,
    6,
    8,
    17,
    2,
    11,
    17,
    8,
    17,
    17,
    17,
    8,
    17,
    17,
    17,
    4,
    8,
    17,
    17,
    2,
    17,
    17,
    17,
    17,
    17,
    17,
    2,
    6,
    17,
    5,
    17,
    17,
    17,
    17,
    17,
    5,
    17,
    16,
    17,
    8,
    5,
    16,
    17,
    8,
    17,
    2,
    9,
    4,
    5,
    17
  ],
  "objectives": [
    436020.9699999988,
    984.0699999999999
  ],
  "fitness": {
    "minutos_ponderados": 436020.9699999988,
    "costo_total": 984.0699999999999
  }
}