{
  "solution": [
    15,
    17,
    17,
    17,
    6,
    5,
    17,
    16,
    17,
    8,
    17,
    8,
    17,
    17,
    3,
    17,
    8,
    17,
    17,
    17,
    17,
    17,
    17,
    17,
    8,
    2,
    17,
    17,
    16,
    16,
    17,
    2,
    17,
    17,
    17,
    17,
    17,
    17,
    8,
    6,
    17,
    17,
    2,
    17,
    17,
    17,
    17,
    2,
    2,
    17,
    8,
    17,
    17,
    17,
    5,
    7,
    17,
    5,
    17,
    17,
    8,
    6,
    17,
    8,
    17,
    1,
    17,
    5,
    17,
    17,
    4,
    7,
    17,
    2,
    17,
    8,
    15,
    17,
    17,
    17,
    17,
    8,
    8,
    17,
    15,
    17,
    8,
    2,
    17,
    17,
    8,
    17,
    17,
    8,
    4,
    17,
    16,
    5,
    4,
    17,
    8,
    1,
    18,
    17,
    2,
    10,
    8,
    17,
    17,
    17,
    4,
    17,
    17,
    17,
    2,
    17,
    8,
    10,
    17,
    8,
    16,
    4,
    8,
    17,
    17,
    5,
    17,
    5,
    9,
    16,
    12,
    17,
    17,
    8,
    8,
    17,
    9,
    17,
    8,
    17,
    17,
    17,
    17,
    17,
    8,
    4,
    17,
    4,
    17,
    17,
    17,
    17,
    17,
    8,
    17,
    2,
    17,
    2,
    17,
    17,
    17,
    17,
    16,
    3,
    17,
    17,
    7,
    5,
    17,
    16,
    17,
    17,
    5,
    8,
    8,
    8,
    17,
    3,
    17,
    17,
    4,
    17,
    17,
    17,
    8,
    17,
    6,
    17,
    17,
    5,
    17,
    7,
    8,
    17,
    17,
    17,
    4,
    17,
    5,
    8,
    17,
    17,
    5,
    8,
    5,
    15,
    17,
    4,
    17,
    16,
    8,
    17,
    17,
    15,
    5,
    1,
    8,
    17,
    17,
    17,
    17,
    3,
    2,
    17,
    4,
    4,
    17,
    9,
    17,
    8,
    17,
    2,
    8,
    17,
    17,
    17,
    17,
    17,
    17,
    5,
    17,
    17,
    8,
    17,
    17,
    10,
    17,
    15,
    17,
    16,
    17,
    6,
    8,
    17,
    2,
    5,
    17,
    8,
    17,
    17,
    17,
    6,
    17,
    1,
    7,
    15,
    8,
    17,
    17,
    2,
    17,
    17,
    17,
    17,
    17,
    17,
    2,
    6,
    17,
    17,
    17,
    17,
    17,
    17,
    17,
    5,
    17,
    16,
    17,
    12,
    5,
    6,
    17,
    6,
    17,
    17,
    2,
    4,
    5,
    7
  ],
  "objectives": [
    444527.9399999994,
    1037.58
  ],
  "fitness": {
    "minutos_ponderados": 444527.9399999994,
    "costo_total": 1037.58
  }
}