{
  "run_info": {
    "dataset": "users1.json",
    "config": "uniform_inversion_high_mutation",
    "run": 13,
    "execution_time": 218.1851954460144,
    "generations": 93,
    "pareto_size": 14,
    "pareto_points": [
      [
        -505875.1899999991,
        1031.12
      ],
      [
        -511124.7999999991,
        1093.1200000000001
      ],
      [
        -505629.38999999955,
        1028.1299999999999
      ],
      [
        -510887.5899999995,
        1092.13
      ],
      [
        -515530.7099999991,
        1094.1699999999998
      ],
      [
        -516962.64999999903,
        1110.1799999999998
      ],
      [
        -518022.2399999992,
        1131.19
      ],
      [
        -510737.92999999947,
        1084.1200000000001
      ],
      [
        -509152.739999999,
        1067.08
      ],
      [
        -522169.15999999904,
        1167.19
      ],
      [
        -521056.3199999991,
        1162.17
      ],
      [
        -519458.9899999996,
        1148.16
      ],
      [
        -522644.7299999992,
        1213.1599999999999
      ],
      [
        -517173.1299999992,
        1125.17
      ]
    ]
  },
  "solutions_count": 14,
  "solutions_directory": "C:\\Users\\hctr0\\PycharmProjects\\TFG_Hector\\31Executions\\NSGA2\\solutions\\users1\\uniform_inversion_high_mutation\\run13"
}