{
  "run_info": {
    "dataset": "users4.json",
    "config": "uniform_inversion_high_mutation",
    "run": 2,
    "execution_time": 1082.6823666095734,
    "generations": 86,
    "pareto_size": 15,
    "pareto_points": [
      [
        -1838805.0900000047,
        4952.42
      ],
      [
        -1946066.090000006,
        5099.950000000001
      ],
      [
        -1932923.7900000052,
        5042.51
      ],
      [
        -1958756.450000005,
        5144.5
      ],
      [
        -1892501.980000005,
        5010.9400000000005
      ],
      [
        -1902593.2000000044,
        5015.440000000001
      ],
      [
        -1914031.060000004,
        5018.510000000001
      ],
      [
        -1918103.6100000055,
        5025.920000000001
      ],
      [
        -1886469.6200000008,
        4969.93
      ],
      [
        -1863746.000000004,
        4962.940000000001
      ],
      [
        -1962845.8900000025,
        5222.9400000000005
      ],
      [
        -1949731.9800000042,
        5112.450000000001
      ],
      [
        -1977117.6300000036,
        5274.93
      ],
      [
        -1933120.5900000057,
        5083.510000000002
      ],
      [
        -1936648.3400000038,
        5086.960000000001
      ]
    ]
  },
  "solutions_count": 15,
  "solutions_directory": "C:\\Users\\hctr0\\PycharmProjects\\TFG_Hector\\31Executions\\NSGA2\\solutions\\users4\\uniform_inversion_high_mutation\\run2"
}