{
  "run_info": {
    "dataset": "users5.json",
    "config": "uniform_inversion_high_mutation",
    "run": 18,
    "execution_time": 3192.51029419899,
    "generations": 114,
    "pareto_size": 20,
    "pareto_points": [
      [
        -3317360.6399999997,
        7907.0599999999995
      ],
      [
        -3343960.3100000042,
        7946.51
      ],
      [
        -3381911.3200000003,
        8149.910000000002
      ],
      [
        -3389913.200000004,
        8214.420000000002
      ],
      [
        -3378458.39000001,
        8081.469999999999
      ],
      [
        -3387360.500000003,
        8213.380000000001
      ],
      [
        -3378381.770000005,
        8063.910000000001
      ],
      [
        -3342016.1700000023,
        7928.530000000002
      ],
      [
        -3297248.6900000023,
        7872.020000000001
      ],
      [
        -3374914.750000008,
        8020.93
      ],
      [
        -3334279.71,
        7920.01
      ],
      [
        -3381754.960000006,
        8110.9000000000015
      ],
      [
        -3370340.4700000053,
        7986.420000000002
      ],
      [
        -3383341.080000007,
        8175.390000000001
      ],
      [
        -3359505.770000006,
        7984.880000000001
      ],
      [
        -3377048.8100000075,
        8060.920000000002
      ],
      [
        -3371447.4100000067,
        8012.930000000001
      ],
      [
        -3386179.670000007,
        8196.850000000002
      ],
      [
        -3373780.5900000087,
        8019.480000000002
      ],
      [
        -3379009.7500000102,
        8109.840000000002
      ]
    ]
  },
  "solutions_count": 20,
  "solutions_directory": "C:\\Users\\hctr0\\PycharmProjects\\TFG_Hector\\31Executions\\NSGA2\\solutions\\users5\\uniform_inversion_high_mutation\\run18"
}