{
  "solution": [
    5,
    2,
    16,
    17,
    17,
    17,
    17,
    8,
    17,
    17,
    2,
    8,
    17,
    17,
    8,
    17,
    17,
    8,
    17,
    4,
    17,
    8,
    15,
    2,
    17,
    17,
    17,
    17,
    17,
    17,
    17,
    17,
    17,
    17,
    17,
    17,
    17,
    17,
    17,
    17,
    17,
    5,
    17,
    17,
    6,
    17,
    8,
    17,
    17,
    17,
    8,
    8,
    16,
    17,
    17,
    17,
    17,
    17,
    17,
    17,
    17,
    6,
    17,
    17,
    2,
    17,
    5,
    17,
    17,
    17,
    12,
    17,
    17,
    17,
    17,
    16,
    17,
    6,
    17,
    2,
    4,
    2,
    17,
    2,
    17,
    8,
    17,
    16,
    8,
    5,
    8,
    17,
    5,
    17,
    5,
    5,
    17,
    5,
    17,
    17,
    17,
    6,
    5,
    4,
    17,
    8,
    17,
    17,
    17,
    4,
    8,
    5,
    16,
    16,
    17,
    17,
    8,
    5,
    4,
    6,
    17,
    17,
    17,
    17,
    17,
    17,
    8,
    17,
    16,
    8,
    17,
    12,
    8,
    17,
    2,
    2,
    17,
    17,
    17,
    15,
    17,
    17,
    8,
    15,
    17,
    18,
    5,
    17,
    16,
    8,
    8,
    8,
    17,
    11,
    8,
    17,
    15,
    17,
    16,
    16,
    17,
    16,
    17,
    17,
    3,
    8,
    17,
    17,
    17,
    17,
    17,
    2,
    17,
    17,
    17,
    17,
    17,
    17,
    2,
    17,
    17,
    17,
    5,
    8,
    17,
    17,
    16,
    4,
    17,
    8,
    17,
    17,
    16,
    2,
    17,
    12,
    17,
    17,
    17,
    11,
    5,
    17,
    17,
    6,
    17,
    17,
    17,
    2,
    17,
    17,
    16,
    17,
    17,
    8,
    17,
    3,
    2,
    17,
    17,
    5,
    2,
    17,
    16,
    13,
    5,
    8,
    16,
    17,
    17,
    16,
    17,
    15,
    17,
    17,
    2,
    17,
    2,
    2,
    17,
    8,
    2,
    17,
    17,
    17,
    17,
    17,
    17,
    6,
    5,
    17,
    8,
    5,
    17,
    17,
    17,
    16,
    17,
    17,
    6,
    17,
    17,
    5,
    17,
    3,
    17,
    17,
    17,
    17,
    17,
    8,
    17,
    8,
    4,
    17,
    2,
    8,
    8,
    5,
    17,
    8,
    8,
    8,
    17,
    8,
    16,
    17,
    17,
    6,
    9,
    17,
    17,
    5,
    2,
    17,
    17,
    17,
    5,
    9,
    2,
    17
  ],
  "objectives": [
    447734.91999999975,
    996.09
  ],
  "fitness": {
    "minutos_ponderados": 447734.91999999975,
    "costo_total": 996.09
  }
}