{
  "solution": [
    5,
    2,
    16,
    17,
    17,
    6,
    17,
    17,
    17,
    17,
    2,
    8,
    17,
    17,
    16,
    17,
    17,
    8,
    17,
    9,
    17,
    8,
    15,
    2,
    17,
    17,
    8,
    17,
    17,
    15,
    17,
    5,
    17,
    17,
    17,
    17,
    17,
    17,
    17,
    10,
    17,
    5,
    17,
    17,
    17,
    15,
    8,
    17,
    17,
    17,
    8,
    7,
    16,
    17,
    1,
    17,
    17,
    17,
    17,
    17,
    17,
    6,
    17,
    17,
    2,
    17,
    16,
    17,
    17,
    17,
    17,
    17,
    17,
    17,
    17,
    16,
    17,
    5,
    17,
    2,
    4,
    2,
    17,
    2,
    17,
    8,
    17,
    17,
    8,
    16,
    8,
    17,
    5,
    17,
    5,
    16,
    17,
    5,
    17,
    17,
    17,
    6,
    5,
    17,
    17,
    8,
    17,
    17,
    3,
    4,
    8,
    5,
    8,
    16,
    17,
    17,
    8,
    17,
    17,
    6,
    17,
    17,
    17,
    17,
    17,
    1,
    15,
    11,
    16,
    15,
    17,
    17,
    8,
    17,
    2,
    8,
    17,
    17,
    17,
    5,
    17,
    17,
    8,
    17,
    17,
    8,
    5,
    17,
    16,
    8,
    8,
    8,
    17,
    6,
    8,
    17,
    17,
    17,
    7,
    16,
    17,
    16,
    17,
    17,
    17,
    8,
    17,
    17,
    17,
    17,
    1,
    2,
    17,
    17,
    17,
    17,
    17,
    17,
    2,
    17,
    17,
    11,
    17,
    16,
    17,
    17,
    16,
    4,
    17,
    8,
    16,
    17,
    16,
    2,
    6,
    5,
    17,
    17,
    5,
    17,
    5,
    17,
    17,
    6,
    17,
    17,
    17,
    2,
    17,
    17,
    16,
    6,
    17,
    8,
    17,
    17,
    2,
    17,
    17,
    5,
    2,
    17,
    16,
    17,
    13,
    8,
    16,
    11,
    17,
    17,
    3,
    17,
    17,
    17,
    17,
    17,
    2,
    2,
    17,
    8,
    2,
    17,
    17,
    17,
    17,
    17,
    17,
    2,
    8,
    17,
    8,
    5,
    17,
    17,
    17,
    16,
    17,
    17,
    6,
    17,
    17,
    5,
    9,
    4,
    17,
    17,
    17,
    17,
    18,
    8,
    17,
    7,
    4,
    17,
    2,
    8,
    8,
    5,
    17,
    8,
    8,
    8,
    17,
    7,
    8,
    17,
    17,
    6,
    9,
    17,
    17,
    17,
    2,
    17,
    17,
    17,
    5,
    8,
    17,
    17
  ],
  "objectives": [
    449613.95999999944,
    999.56
  ],
  "fitness": {
    "minutos_ponderados": 449613.95999999944,
    "costo_total": 999.56
  }
}