{
  "solution": [
    5,
    2,
    16,
    17,
    17,
    17,
    17,
    17,
    17,
    9,
    2,
    8,
    17,
    7,
    8,
    17,
    4,
    8,
    17,
    4,
    11,
    8,
    15,
    2,
    11,
    17,
    17,
    17,
    17,
    17,
    17,
    5,
    17,
    8,
    17,
    17,
    17,
    17,
    17,
    2,
    17,
    2,
    17,
    17,
    13,
    17,
    11,
    17,
    17,
    17,
    8,
    8,
    16,
    17,
    17,
    17,
    17,
    17,
    17,
    17,
    17,
    9,
    18,
    17,
    2,
    17,
    5,
    17,
    17,
    13,
    17,
    14,
    17,
    15,
    17,
    16,
    17,
    5,
    17,
    2,
    14,
    2,
    17,
    2,
    17,
    8,
    17,
    9,
    8,
    16,
    8,
    5,
    5,
    17,
    5,
    16,
    17,
    5,
    1,
    17,
    17,
    6,
    5,
    4,
    17,
    8,
    17,
    17,
    6,
    4,
    8,
    5,
    8,
    16,
    17,
    17,
    8,
    17,
    10,
    7,
    17,
    17,
    17,
    17,
    17,
    5,
    8,
    17,
    16,
    8,
    17,
    17,
    8,
    17,
    16,
    8,
    17,
    17,
    17,
    5,
    17,
    17,
    8,
    17,
    17,
    8,
    5,
    17,
    16,
    8,
    8,
    8,
    13,
    17,
    8,
    17,
    17,
    17,
    16,
    16,
    17,
    16,
    17,
    17,
    17,
    8,
    17,
    17,
    11,
    17,
    11,
    2,
    17,
    5,
    17,
    17,
    17,
    8,
    2,
    17,
    17,
    17,
    17,
    17,
    17,
    17,
    16,
    4,
    17,
    8,
    17,
    17,
    16,
    2,
    17,
    5,
    17,
    17,
    17,
    17,
    5,
    17,
    17,
    6,
    17,
    17,
    17,
    2,
    17,
    17,
    16,
    17,
    17,
    8,
    17,
    17,
    2,
    17,
    17,
    5,
    2,
    17,
    2,
    17,
    5,
    8,
    16,
    17,
    17,
    17,
    6,
    5,
    17,
    17,
    17,
    17,
    2,
    2,
    17,
    4,
    2,
    6,
    17,
    17,
    17,
    8,
    17,
    2,
    2,
    17,
    8,
    5,
    17,
    17,
    17,
    16,
    17,
    17,
    6,
    17,
    17,
    5,
    17,
    4,
    17,
    6,
    17,
    17,
    17,
    8,
    17,
    17,
    4,
    17,
    2,
    8,
    8,
    5,
    17,
    8,
    8,
    8,
    17,
    8,
    17,
    17,
    17,
    6,
    2,
    6,
    17,
    15,
    2,
    17,
    17,
    17,
    5,
    8,
    17,
    17
  ],
  "objectives": [
    444717.82999999984,
    973.6200000000001
  ],
  "fitness": {
    "minutos_ponderados": 444717.82999999984,
    "costo_total": 973.6200000000001
  }
}