{
  "solution": [
    5,
    2,
    16,
    17,
    17,
    17,
    17,
    17,
    17,
    17,
    2,
    12,
    17,
    17,
    8,
    17,
    17,
    8,
    17,
    4,
    17,
    8,
    15,
    2,
    17,
    17,
    17,
    17,
    9,
    17,
    15,
    5,
    17,
    17,
    17,
    17,
    17,
    17,
    17,
    17,
    17,
    5,
    11,
    17,
    17,
    12,
    8,
    17,
    4,
    7,
    8,
    8,
    16,
    17,
    17,
    17,
    17,
    17,
    17,
    17,
    17,
    6,
    17,
    17,
    2,
    17,
    5,
    17,
    17,
    17,
    17,
    17,
    17,
    17,
    3,
    16,
    6,
    5,
    17,
    11,
    4,
    2,
    17,
    2,
    17,
    8,
    17,
    17,
    8,
    2,
    8,
    6,
    5,
    17,
    5,
    16,
    17,
    5,
    17,
    17,
    17,
    6,
    5,
    4,
    17,
    8,
    17,
    7,
    17,
    4,
    8,
    5,
    8,
    16,
    17,
    17,
    8,
    17,
    17,
    17,
    17,
    17,
    17,
    17,
    17,
    17,
    8,
    17,
    16,
    2,
    17,
    17,
    8,
    17,
    2,
    8,
    17,
    17,
    17,
    5,
    17,
    17,
    6,
    17,
    17,
    8,
    5,
    5,
    16,
    8,
    9,
    10,
    17,
    17,
    1,
    17,
    17,
    17,
    16,
    16,
    17,
    16,
    17,
    17,
    17,
    8,
    5,
    17,
    17,
    17,
    15,
    2,
    17,
    17,
    17,
    17,
    17,
    17,
    2,
    17,
    17,
    17,
    17,
    17,
    17,
    17,
    16,
    4,
    17,
    8,
    17,
    7,
    6,
    2,
    17,
    5,
    17,
    17,
    17,
    17,
    5,
    17,
    17,
    6,
    8,
    17,
    17,
    17,
    11,
    17,
    16,
    17,
    17,
    8,
    6,
    17,
    2,
    17,
    11,
    5,
    2,
    17,
    16,
    6,
    5,
    8,
    16,
    17,
    17,
    17,
    17,
    17,
    17,
    17,
    17,
    17,
    2,
    2,
    17,
    8,
    2,
    17,
    17,
    17,
    17,
    17,
    17,
    2,
    4,
    17,
    8,
    5,
    17,
    17,
    5,
    16,
    17,
    17,
    6,
    17,
    17,
    5,
    17,
    4,
    17,
    17,
    17,
    17,
    17,
    8,
    17,
    17,
    4,
    17,
    6,
    8,
    2,
    5,
    17,
    8,
    8,
    8,
    17,
    8,
    7,
    2,
    17,
    6,
    9,
    17,
    17,
    17,
    2,
    17,
    17,
    9,
    5,
    8,
    17,
    17
  ],
  "objectives": [
    451955.82999999967,
    1009.0500000000001
  ],
  "fitness": {
    "minutos_ponderados": 451955.82999999967,
    "costo_total": 1009.0500000000001
  }
}