{
  "solution": [
    5,
    2,
    16,
    17,
    17,
    17,
    17,
    17,
    17,
    10,
    2,
    8,
    17,
    17,
    8,
    17,
    14,
    11,
    17,
    4,
    17,
    8,
    15,
    2,
    17,
    17,
    17,
    17,
    17,
    17,
    5,
    5,
    17,
    17,
    17,
    17,
    17,
    17,
    17,
    17,
    17,
    5,
    17,
    17,
    17,
    17,
    8,
    17,
    17,
    17,
    8,
    8,
    16,
    17,
    17,
    17,
    17,
    15,
    17,
    17,
    17,
    17,
    17,
    17,
    2,
    17,
    5,
    17,
    17,
    4,
    17,
    17,
    17,
    17,
    6,
    16,
    17,
    5,
    17,
    2,
    3,
    2,
    17,
    2,
    17,
    8,
    17,
    17,
    8,
    16,
    8,
    17,
    5,
    17,
    5,
    16,
    17,
    5,
    17,
    17,
    17,
    7,
    5,
    4,
    17,
    8,
    17,
    17,
    17,
    4,
    4,
    18,
    8,
    16,
    17,
    17,
    8,
    17,
    17,
    17,
    17,
    17,
    17,
    8,
    17,
    17,
    2,
    17,
    16,
    5,
    4,
    17,
    8,
    17,
    2,
    7,
    17,
    17,
    17,
    5,
    17,
    17,
    8,
    17,
    17,
    8,
    5,
    17,
    16,
    8,
    8,
    8,
    5,
    17,
    8,
    17,
    17,
    17,
    16,
    16,
    17,
    16,
    17,
    17,
    17,
    8,
    17,
    17,
    17,
    17,
    17,
    2,
    17,
    17,
    17,
    17,
    17,
    17,
    2,
    17,
    17,
    17,
    17,
    17,
    17,
    17,
    16,
    4,
    17,
    18,
    17,
    17,
    16,
    2,
    17,
    5,
    17,
    17,
    17,
    17,
    5,
    17,
    17,
    6,
    17,
    17,
    14,
    6,
    1,
    17,
    16,
    17,
    17,
    8,
    17,
    17,
    2,
    17,
    8,
    5,
    2,
    17,
    17,
    17,
    5,
    8,
    16,
    17,
    17,
    17,
    17,
    4,
    17,
    17,
    17,
    17,
    2,
    2,
    17,
    8,
    2,
    17,
    17,
    17,
    17,
    17,
    17,
    2,
    8,
    17,
    8,
    5,
    17,
    17,
    17,
    6,
    17,
    17,
    6,
    17,
    17,
    5,
    17,
    4,
    17,
    17,
    17,
    8,
    17,
    8,
    17,
    17,
    4,
    17,
    2,
    8,
    8,
    5,
    17,
    8,
    8,
    8,
    17,
    8,
    17,
    17,
    17,
    3,
    9,
    17,
    17,
    17,
    2,
    17,
    17,
    17,
    5,
    8,
    17,
    17
  ],
  "objectives": [
    443187.3499999996,
    956.54
  ],
  "fitness": {
    "minutos_ponderados": 443187.3499999996,
    "costo_total": 956.54
  }
}