{
  "run_info": {
    "dataset": "users3.json",
    "config": "uniform_reset_high_crossover",
    "run": 1,
    "execution_time": 480.55988073349,
    "generations": 78,
    "pareto_size": 38,
    "pareto_points": [
      [
        -1162442.669999997,
        3515.5600000000004
      ],
      [
        -1170576.539999997,
        3564.0400000000004
      ],
      [
        -1166725.8499999968,
        3541.5099999999993
      ],
      [
        -1174865.349999997,
        3591.4799999999996
      ],
      [
        -1179088.1499999973,
        3615.4999999999995
      ],
      [
        -1161634.7099999967,
        3507.04
      ],
      [
        -1180044.169999997,
        3626.9700000000003
      ],
      [
        -1165840.0499999968,
        3524.5299999999993
      ],
      [
        -1173460.2299999967,
        3584.9900000000007
      ],
      [
        -1172423.989999997,
        3565.5
      ],
      [
        -1156900.309999997,
        3493.06
      ],
      [
        -1174400.979999997,
        3585.4900000000002
      ],
      [
        -1185799.539999997,
        3650.4699999999993
      ],
      [
        -1181135.359999997,
        3629.9700000000003
      ],
      [
        -1186230.5399999972,
        3666.45
      ],
      [
        -1181381.1899999972,
        3630.9800000000005
      ],
      [
        -1173088.1199999969,
        3584.99
      ],
      [
        -1163992.5999999973,
        3516.0699999999997
      ],
      [
        -1187567.5599999975,
        3673.46
      ],
      [
        -1174425.139999997,
        3588.9999999999995
      ],
      [
        -1183822.5499999973,
        3646.4600000000005
      ],
      [
        -1179729.289999997,
        3616.5000000000005
      ],
      [
        -1178392.269999997,
        3608.49
      ],
      [
        -1167389.9799999967,
        3542.02
      ],
      [
        -1176842.339999997,
        3605.4800000000005
      ],
      [
        -1188161.7399999972,
        3690.4500000000007
      ],
      [
        -1188412.149999997,
        3706.4300000000003
      ],
      [
        -1176415.2799999972,
        3600.48
      ],
      [
        -1174797.249999997,
        3591.0
      ],
      [
        -1190343.3499999968,
        3740.41
      ],
      [
        -1189749.1699999971,
        3718.4300000000003
      ],
      [
        -1170062.8499999973,
        3556.0600000000004
      ],
      [
        -1176646.7899999972,
        3601.02
      ],
      [
        -1183358.179999997,
        3640.980000000001
      ],
      [
        -1182021.1599999971,
        3638.96
      ],
      [
        -1181065.1399999973,
        3628.49
      ],
      [
        -1180471.229999997,
        3627.460000000001
      ],
      [
        -1175760.989999997,
        3597.03
      ]
    ]
  },
  "solutions_count": 38,
  "solutions_directory": "../results/SPEA2\\solutions\\users3\\uniform_reset_high_crossover\\run1"
}