{
  "solution": [
    17,
    17,
    17,
    16,
    17,
    8,
    17,
    1,
    8,
    10,
    2,
    17,
    17,
    17,
    15,
    8,
    8,
    16,
    16,
    15,
    8,
    4,
    2,
    8,
    8,
    17,
    6,
    17,
    17,
    17,
    17,
    17,
    8,
    8,
    13,
    7,
    3,
    18,
    11,
    17,
    9,
    8,
    17,
    16,
    5,
    16,
    8,
    8,
    8,
    1,
    10,
    17,
    8,
    8,
    4,
    17,
    17,
    17,
    10,
    8,
    7,
    17,
    17,
    6,
    3,
    8,
    8,
    14,
    2,
    13,
    8,
    17,
    8,
    2,
    5,
    4,
    17,
    8,
    16,
    17,
    5,
    13,
    17,
    8,
    8,
    1,
    17,
    17,
    15,
    8,
    17,
    17,
    5,
    6,
    4,
    16,
    5,
    2,
    16,
    17,
    15,
    10,
    18,
    17,
    8,
    15,
    8,
    8,
    6,
    5,
    17,
    16,
    16,
    2,
    17,
    17,
    4,
    8,
    17,
    7,
    15,
    17,
    14,
    15,
    17,
    17,
    5,
    5,
    2,
    5,
    2,
    15,
    5,
    8,
    8,
    8,
    1,
    17,
    8,
    17,
    16,
    16,
    9,
    17,
    4,
    17,
    17,
    1,
    1,
    6,
    16,
    2,
    17,
    16,
    16,
    17,
    8,
    17,
    8,
    17,
    5,
    17,
    2,
    1,
    5,
    3,
    2,
    1,
    8,
    17,
    16,
    6,
    6,
    17,
    2,
    8,
    16,
    4,
    17,
    8,
    17,
    1,
    8,
    17,
    8,
    17,
    8,
    2,
    10,
    4,
    15,
    10,
    8,
    17,
    16,
    17,
    6,
    17,
    5,
    7,
    17,
    17,
    15,
    11,
    16,
    17,
    17,
    17,
    2,
    17,
    6,
    4,
    5,
    5,
    17,
    2,
    5,
    17,
    4,
    17,
    5,
    4,
    5,
    8,
    16,
    17,
    9,
    11,
    11,
    16,
    8,
    17,
    17,
    17,
    5,
    4,
    15,
    5,
    2,
    16,
    17,
    7,
    14,
    5,
    8,
    9,
    8,
    5,
    5,
    17,
    4,
    8,
    8,
    8,
    8,
    7,
    17,
    17,
    6,
    8,
    4,
    17,
    6,
    8,
    17,
    17,
    18,
    17,
    17,
    17,
    2,
    8,
    17,
    17,
    4,
    7,
    8,
    8,
    17,
    13,
    5,
    15,
    17,
    1,
    17,
    17,
    7,
    8,
    8,
    17,
    17,
    13,
    8,
    2,
    4,
    17,
    15,
    17,
    17,
    8
  ],
  "objectives": [
    353496.57000000024,
    1104.4
  ],
  "fitness": {
    "minutos_ponderados": 353496.57000000024,
    "costo_total": 1104.4
  }
}