{
  "run_info": {
    "dataset": "users2.json",
    "config": "slow_evaporation_exploitative",
    "run": 4,
    "execution_time": 318.1192533969879,
    "iterations_completed": 16,
    "max_iterations": 200,
    "terminated_early": true,
    "generations_without_improvement": 12,
    "pareto_size": 9,
    "pareto_points": [
      [
        617009.3299999997,
        2057.2300000000005
      ],
      [
        620227.5599999992,
        2156.6400000000003
      ],
      [
        600262.0199999999,
        1980.8700000000006
      ],
      [
        579996.0900000001,
        1953.6300000000006
      ],
      [
        613930.2899999998,
        2028.9000000000003
      ],
      [
        619956.6100000003,
        2100.8800000000006
      ],
      [
        599216.5000000008,
        1973.2400000000005
      ],
      [
        533098.7700000005,
        1950.6100000000008
      ],
      [
        487260.7099999995,
        1924.3200000000002
      ]
    ],
    "solutions_evaluated": 320,
    "config_params": {
      "n_ants": 20,
      "rho": 0.2,
      "alpha": 2.0,
      "beta": 3.0,
      "archive_size": 100,
      "no_improvement_generations": 12
    }
  },
  "solutions_count": 9,
  "solutions_directory": "../results/PACO\\solutions\\users2\\slow_evaporation_exploitative\\run4",
  "objective_statistics": {
    "cost_range": {
      "min": 1924.3200000000002,
      "max": 2156.6400000000003
    },
    "minutes_range": {
      "min": 487260.7099999995,
      "max": 620227.5599999992
    }
  },
  "algorithm_info": {
    "archive_history_length": 16,
    "max_archive_size_reached": 9
  }
}