{
  "solution": [
    8,
    17,
    17,
    8,
    13,
    17,
    17,
    17,
    2,
    13,
    17,
    17,
    4,
    17,
    17,
    17,
    17,
    17,
    17,
    17,
    8,
    17,
    17,
    17,
    17,
    8,
    17,
    17,
    17,
    17,
    17,
    17,
    17,
    17,
    17,
    5,
    17,
    17,
    17,
    17,
    17,
    17,
    17,
    17,
    4,
    17,
    17,
    17,
    17,
    4,
    17,
    17,
    17,
    8,
    17,
    17,
    17,
    17,
    17,
    17,
    17,
    8,
    17,
    17,
    17,
    8,
    17,
    8,
    1,
    8,
    17,
    17,
    17,
    17,
    17,
    17,
    17,
    16,
    17,
    6,
    17,
    17,
    17,
    17,
    17,
    17,
    17,
    17,
    17,
    17,
    17,
    5,
    17,
    16,
    17,
    8,
    17,
    8,
    17,
    17,
    17,
    17,
    17,
    17,
    8,
    17,
    17,
    17,
    17,
    11,
    17,
    17,
    17,
    17,
    15,
    17,
    17,
    17,
    17,
    17,
    2,
    8,
    5,
    17,
    17,
    13,
    8,
    17,
    17,
    8,
    4,
    17,
    17,
    17,
    17,
    17,
    17,
    17,
    17,
    17,
    17,
    4,
    17,
    17,
    17,
    17,
    8,
    17,
    17,
    17,
    8,
    18,
    8,
    6,
    1,
    6,
    17,
    17,
    17,
    17,
    16,
    17,
    17,
    2,
    16,
    17,
    17,
    17,
    17,
    8,
    5,
    8,
    17,
    2,
    17,
    8,
    17,
    17,
    17,
    17,
    17,
    17,
    8,
    17,
    17,
    15,
    10,
    17,
    17,
    8,
    17,
    17,
    17,
    17,
    17,
    8,
    17,
    17,
    8,
    17,
    17,
    4,
    17,
    17,
    17,
    17,
    17,
    17,
    8,
    17,
    17,
    17,
    11,
    11,
    4,
    17,
    17,
    8,
    17,
    13,
    17,
    17,
    10,
    17,
    17,
    2,
    17,
    17,
    16,
    17,
    16,
    17,
    17,
    10,
    15,
    17,
    17,
    17,
    17,
    4,
    2,
    17,
    17,
    17,
    8,
    17,
    17,
    17,
    8,
    17,
    17,
    17,
    9,
    17,
    17,
    17,
    17,
    9,
    17,
    5,
    17,
    3,
    17,
    17,
    17,
    4,
    17,
    3,
    17,
    2,
    17,
    17,
    17,
    17,
    17,
    14,
    13,
    17,
    17,
    17,
    17,
    17,
    17,
    11,
    8,
    17,
    17,
    17,
    12,
    17,
    17,
    17,
    12,
    5,
    17,
    17,
    8,
    17,
    17,
    4
  ],
  "objectives": [
    264399.6100000002,
    1018.3300000000002
  ],
  "fitness": {
    "minutos_ponderados": 264399.6100000002,
    "costo_total": 1018.3300000000002
  }
}