{
  "run_info": {
    "dataset": "users3.json",
    "config": "high_heuristic_influence",
    "run": 30,
    "execution_time": 2317.161595106125,
    "iterations_completed": 71,
    "max_iterations": 200,
    "terminated_early": true,
    "generations_without_improvement": 12,
    "pareto_size": 14,
    "pareto_points": [
      [
        1179707.7399999946,
        2806.799999999999
      ],
      [
        1133170.0799999938,
        2740.519999999999
      ],
      [
        1199806.0599999935,
        2931.27
      ],
      [
        1208869.2099999944,
        2938.59
      ],
      [
        1237906.8899999962,
        3034.200000000001
      ],
      [
        1232124.9299999978,
        2992.900000000001
      ],
      [
        1248351.7099999967,
        3075.5600000000018
      ],
      [
        1234002.569999994,
        3029.180000000001
      ],
      [
        1232636.5199999954,
        3022.1700000000014
      ],
      [
        1246017.129999994,
        3047.0700000000015
      ],
      [
        1244176.729999995,
        3035.5200000000013
      ],
      [
        1250815.189999995,
        3081.050000000002
      ],
      [
        1263900.4799999935,
        3178.140000000001
      ],
      [
        1259645.549999993,
        3092.9900000000016
      ]
    ],
    "solutions_evaluated": 1420,
    "config_params": {
      "n_ants": 20,
      "rho": 0.4,
      "alpha": 0.5,
      "beta": 5.0,
      "archive_size": 100,
      "no_improvement_generations": 12
    }
  },
  "solutions_count": 14,
  "solutions_directory": "C:\\Users\\hctr0\\PycharmProjects\\TFG_Hector\\31Executions\\PACO\\solutions\\users3\\high_heuristic_influence\\run30",
  "objective_statistics": {
    "cost_range": {
      "min": 2740.519999999999,
      "max": 3178.140000000001
    },
    "minutes_range": {
      "min": 1133170.0799999938,
      "max": 1263900.4799999935
    }
  },
  "algorithm_info": {
    "archive_history_length": 71,
    "max_archive_size_reached": 15
  }
}