{
  "run_info": {
    "dataset": "users3.json",
    "config": "npoint_inversion_low_mutation",
    "run": 5,
    "execution_time": 882.2487015724182,
    "generations": 76,
    "pareto_size": 27,
    "pareto_points": [
      [
        -1130398.5499999963,
        3582.46
      ],
      [
        -1142148.8499999954,
        3597.04
      ],
      [
        -1146881.239999995,
        3609.0
      ],
      [
        -1145070.8299999959,
        3600.0300000000007
      ],
      [
        -1119728.7099999967,
        3566.9800000000005
      ],
      [
        -1161092.0799999966,
        3647.4500000000007
      ],
      [
        -1131422.1799999957,
        3595.02
      ],
      [
        -1130186.5899999964,
        3577.480000000001
      ],
      [
        -1145597.089999996,
        3605.0
      ],
      [
        -1170250.4399999962,
        3755.580000000001
      ],
      [
        -1166358.0299999975,
        3742.5799999999995
      ],
      [
        -1150314.8099999959,
        3632.4700000000003
      ],
      [
        -1174514.7799999954,
        3773.060000000001
      ],
      [
        -1161717.1799999964,
        3713.49
      ],
      [
        -1122300.0999999982,
        3576.9700000000007
      ],
      [
        -1117860.3299999982,
        3540.5000000000005
      ],
      [
        -1162866.5099999956,
        3740.98
      ],
      [
        -1176412.6399999952,
        3827.4400000000005
      ],
      [
        -1176933.1999999946,
        3909.3399999999997
      ],
      [
        -1170194.6299999973,
        3753.56
      ],
      [
        -1174957.9299999955,
        3784.5300000000007
      ],
      [
        -1103769.0000000002,
        3524.44
      ],
      [
        -1148939.1499999953,
        3620.5000000000005
      ],
      [
        -1161937.0399999963,
        3723.4500000000003
      ],
      [
        -1154891.7399999963,
        3640.4500000000003
      ],
      [
        -1176973.0299999944,
        3920.32
      ],
      [
        -1161296.0599999966,
        3712.46
      ]
    ]
  },
  "solutions_count": 27,
  "solutions_directory": "../results/NSGA2\\solutions\\users3\\npoint_inversion_low_mutation\\run5"
}