{
  "run_info": {
    "dataset": "users4.json",
    "config": "uniform_inversion_high_mutation",
    "run": 8,
    "execution_time": 2837.983162879944,
    "generations": 210,
    "pareto_size": 22,
    "pareto_points": [
      [
        -1974236.8300000026,
        4754.6
      ],
      [
        -2004022.6900000034,
        4835.62
      ],
      [
        -1991046.6600000039,
        4806.110000000001
      ],
      [
        -2013320.9000000036,
        4850.050000000001
      ],
      [
        -1945895.9700000035,
        4749.14
      ],
      [
        -2016607.0700000033,
        4887.510000000001
      ],
      [
        -1936118.5400000005,
        4732.620000000001
      ],
      [
        -1978257.0400000014,
        4797.050000000001
      ],
      [
        -2002352.6600000027,
        4813.55
      ],
      [
        -2033984.9700000032,
        5026.430000000001
      ],
      [
        -2031168.0900000043,
        5008.93
      ],
      [
        -2020958.8600000038,
        4914.480000000001
      ],
      [
        -2034507.6100000057,
        5056.43
      ],
      [
        -2017456.3400000036,
        4891.98
      ],
      [
        -2011466.3500000036,
        4841.56
      ],
      [
        -2032324.3800000031,
        5024.950000000001
      ],
      [
        -2018920.7100000035,
        4896.96
      ],
      [
        -2021759.750000001,
        4936.930000000001
      ],
      [
        -2016507.670000003,
        4877.95
      ],
      [
        -2030524.5900000017,
        4961.000000000001
      ],
      [
        -2024018.0100000019,
        4942.950000000001
      ],
      [
        -2031002.0900000047,
        5003.900000000001
      ]
    ]
  },
  "solutions_count": 22,
  "solutions_directory": "C:\\Users\\hctr0\\PycharmProjects\\TFG_Hector\\31Executions\\NSGA2\\solutions\\users4\\uniform_inversion_high_mutation\\run8"
}