{
  "run_info": {
    "dataset": "users4.json",
    "config": "uniform_inversion_high_mutation",
    "run": 27,
    "execution_time": 1829.118774652481,
    "generations": 96,
    "pareto_size": 16,
    "pareto_points": [
      [
        -1891989.2200000011,
        5148.470000000001
      ],
      [
        -1923153.860000007,
        5177.370000000001
      ],
      [
        -1936155.020000006,
        5280.340000000001
      ],
      [
        -1883796.6400000032,
        5145.37
      ],
      [
        -1860421.0900000008,
        5099.920000000001
      ],
      [
        -1938066.6800000067,
        5291.77
      ],
      [
        -1944499.7200000084,
        5422.280000000001
      ],
      [
        -1934500.1800000065,
        5256.31
      ],
      [
        -1864206.1800000018,
        5125.410000000001
      ],
      [
        -1944047.310000006,
        5334.81
      ],
      [
        -1942468.7100000065,
        5333.800000000002
      ],
      [
        -1910691.1700000076,
        5174.390000000001
      ],
      [
        -1927677.6400000032,
        5208.800000000001
      ],
      [
        -1940695.4800000084,
        5328.71
      ],
      [
        -1933203.420000009,
        5254.280000000002
      ],
      [
        -1902275.870000005,
        5159.910000000002
      ]
    ]
  },
  "solutions_count": 16,
  "solutions_directory": "C:\\Users\\hctr0\\PycharmProjects\\TFG_Hector\\31Executions\\NSGA2\\solutions\\users4\\uniform_inversion_high_mutation\\run27"
}