{
  "run_info": {
    "dataset": "users4.json",
    "config": "npoint_reset_low_crossover",
    "run": 1,
    "execution_time": 229.39539456367493,
    "generations": 23,
    "pareto_size": 18,
    "pareto_points": [
      [
        -1671678.189999993,
        5883.660000000001
      ],
      [
        -1678322.6799999936,
        5899.150000000001
      ],
      [
        -1703496.5200000005,
        5935.54
      ],
      [
        -1753327.1399999983,
        6115.710000000002
      ],
      [
        -1754694.3299999987,
        6131.250000000002
      ],
      [
        -1701729.7300000014,
        5931.54
      ],
      [
        -1740165.249999999,
        6048.1
      ],
      [
        -1678332.4299999934,
        5916.14
      ],
      [
        -1744993.7099999979,
        6057.220000000003
      ],
      [
        -1668101.0599999935,
        5857.670000000001
      ],
      [
        -1698962.7900000012,
        5916.580000000001
      ],
      [
        -1749888.6399999973,
        6057.27
      ],
      [
        -1753578.3999999987,
        6120.240000000001
      ],
      [
        -1712878.6699999992,
        6009.680000000001
      ],
      [
        -1738199.8399999987,
        6022.62
      ],
      [
        -1754050.119999998,
        6120.250000000002
      ],
      [
        -1752871.9599999967,
        6084.740000000001
      ],
      [
        -1711921.8499999994,
        6008.18
      ]
    ]
  },
  "solutions_count": 18,
  "solutions_directory": "../results/SPEA2\\solutions\\users4\\npoint_reset_low_crossover\\run1"
}