{
  "solution": [
    5,
    5,
    1,
    18,
    17,
    2,
    7,
    8,
    15,
    17,
    4,
    5,
    17,
    6,
    16,
    6,
    17,
    17,
    17,
    2,
    17,
    8,
    1,
    17,
    17,
    5,
    17,
    17,
    10,
    17,
    17,
    15,
    8,
    17,
    4,
    17,
    17,
    17,
    4,
    10,
    8,
    17,
    15,
    4,
    5,
    17,
    16,
    17,
    8,
    17,
    5,
    5,
    5,
    9,
    17,
    8,
    8,
    17,
    6,
    2,
    17,
    17,
    17,
    18,
    17,
    17,
    8,
    9,
    17,
    17,
    16,
    17,
    2,
    17,
    6,
    17,
    17,
    17,
    11,
    11,
    2,
    18,
    10,
    15,
    2,
    17,
    17,
    16,
    17,
    2,
    6,
    15,
    8,
    17,
    8,
    8,
    17,
    8,
    17,
    17,
    17,
    17,
    6,
    2,
    7,
    11,
    2,
    4,
    5,
    8,
    17,
    4,
    8,
    8,
    15,
    1,
    17,
    5,
    15,
    5,
    9,
    13,
    17,
    18,
    2,
    16,
    4,
    17,
    1,
    9,
    2,
    16,
    4,
    5,
    17,
    16,
    5,
    9,
    8,
    17,
    17,
    17,
    5,
    18,
    5,
    16,
    13,
    5,
    16,
    5,
    10,
    16,
    17,
    14,
    17,
    4,
    8,
    2,
    9,
    17,
    9,
    16,
    5,
    17,
    17,
    8,
    15,
    8,
    18,
    8,
    8,
    13,
    17,
    8,
    9,
    17,
    11,
    2,
    17,
    17,
    9,
    4,
    2,
    5,
    5,
    18,
    4,
    8,
    17,
    17,
    8,
    9,
    17,
    8,
    9,
    15,
    17,
    17,
    6,
    17,
    2,
    17,
    17,
    17,
    17,
    17,
    17,
    8,
    17,
    6,
    17,
    17,
    5,
    17,
    17,
    4,
    16,
    8,
    17,
    8,
    17,
    2,
    16,
    17,
    17,
    17,
    8,
    8,
    17,
    17,
    16,
    8,
    4,
    16,
    17,
    9,
    2,
    16,
    17,
    17,
    17,
    5,
    2,
    17,
    16,
    2,
    5,
    5,
    17,
    17,
    5,
    5,
    4,
    2,
    8,
    16,
    17,
    13,
    17,
    17,
    4,
    8,
    17,
    15,
    2,
    8,
    2,
    13,
    3,
    14,
    17,
    4,
    17,
    17,
    6,
    4,
    17,
    17,
    8,
    2,
    5,
    17,
    8,
    17,
    2,
    16,
    17,
    4,
    2,
    5,
    16,
    2,
    1,
    15,
    18,
    4,
    17,
    4,
    10,
    17
  ],
  "objectives": [
    346847.05000000005,
    1069.8799999999999
  ],
  "fitness": {
    "minutos_ponderados": 346847.05000000005,
    "costo_total": 1069.8799999999999
  }
}