{
  "solution": [
    18,
    2,
    5,
    16,
    17,
    17,
    17,
    2,
    17,
    17,
    17,
    17,
    17,
    8,
    17,
    8,
    12,
    17,
    17,
    5,
    17,
    17,
    17,
    17,
    17,
    17,
    8,
    17,
    9,
    17,
    17,
    17,
    8,
    17,
    17,
    17,
    17,
    16,
    17,
    5,
    16,
    17,
    17,
    17,
    5,
    15,
    17,
    17,
    17,
    17,
    17,
    17,
    2,
    17,
    17,
    17,
    17,
    17,
    17,
    17,
    17,
    17,
    17,
    17,
    9,
    4,
    4,
    17,
    17,
    17,
    2,
    6,
    17,
    17,
    17,
    17,
    2,
    16,
    17,
    17,
    4,
    17,
    17,
    11,
    17,
    17,
    8,
    17,
    6,
    17,
    2,
    17,
    17,
    17,
    17,
    5,
    17,
    17,
    17,
    17,
    17,
    17,
    16,
    2,
    8,
    4,
    17,
    8,
    18,
    17,
    8,
    5,
    17,
    17,
    17,
    8,
    17,
    17,
    17,
    17,
    17,
    17,
    17,
    17,
    2,
    1,
    17,
    17,
    17,
    17,
    17,
    8,
    4,
    17,
    17,
    17,
    5,
    17,
    8,
    2,
    8,
    15,
    17,
    16,
    17,
    17,
    6,
    5,
    17,
    2,
    17,
    10,
    5,
    17,
    17,
    17,
    17,
    17,
    17,
    17,
    17,
    17,
    17,
    17,
    17,
    8,
    17,
    17,
    4,
    17,
    8,
    16,
    17,
    17,
    16,
    17,
    17,
    17,
    16,
    2,
    8,
    8,
    2,
    17,
    2,
    17,
    17,
    17,
    17,
    10,
    17,
    8,
    17,
    17,
    4,
    17,
    8,
    17,
    17,
    17,
    17,
    17,
    16,
    17,
    10,
    15,
    17,
    17,
    17,
    17,
    17,
    8,
    5,
    17,
    17,
    17,
    8,
    16,
    17,
    17,
    8,
    17,
    8,
    17,
    18,
    17,
    17,
    8,
    4,
    8,
    17,
    8,
    7,
    16,
    1,
    2,
    2,
    17,
    17,
    17,
    17,
    17,
    17,
    17,
    17,
    17,
    17,
    15,
    17,
    17,
    8,
    17,
    17,
    2,
    17,
    17,
    17,
    17,
    9,
    17,
    8,
    15,
    17,
    17,
    17,
    17,
    17,
    17,
    2,
    17,
    9,
    3,
    2,
    17,
    5,
    6,
    17,
    17,
    17,
    17,
    17,
    17,
    17,
    17,
    17,
    2,
    5,
    17,
    17,
    17,
    2,
    17,
    3,
    17,
    17,
    11,
    3,
    17,
    17,
    17
  ],
  "objectives": [
    302876.21000000037,
    1028.88
  ],
  "fitness": {
    "minutos_ponderados": 302876.21000000037,
    "costo_total": 1028.88
  }
}