{
  "run_info": {
    "dataset": "users3.json",
    "config": "minimal_guidance",
    "run": 1,
    "execution_time": 1384.6969301700592,
    "iterations_completed": 43,
    "max_iterations": 200,
    "terminated_early": true,
    "generations_without_improvement": 12,
    "pareto_size": 6,
    "pareto_points": [
      [
        1050577.1500000004,
        3009.100000000001
      ],
      [
        1049202.7400000016,
        2947.0400000000004
      ],
      [
        1101819.2699999998,
        3206.0
      ],
      [
        1097409.4600000007,
        3160.56
      ],
      [
        1057194.5899999999,
        3025.1500000000005
      ],
      [
        1093294.8699999999,
        3041.0000000000005
      ]
    ],
    "solutions_evaluated": 860,
    "config_params": {
      "n_ants": 20,
      "rho": 0.5,
      "alpha": 0.2,
      "beta": 1.0,
      "archive_size": 100,
      "no_improvement_generations": 12
    }
  },
  "solutions_count": 6,
  "solutions_directory": "../results/PACO\\solutions\\users3\\minimal_guidance\\run1",
  "objective_statistics": {
    "cost_range": {
      "min": 2947.0400000000004,
      "max": 3206.0
    },
    "minutes_range": {
      "min": 1049202.7400000016,
      "max": 1101819.2699999998
    }
  },
  "algorithm_info": {
    "archive_history_length": 43,
    "max_archive_size_reached": 9
  }
}