{
  "run_info": {
    "dataset": "users4.json",
    "config": "npoint_inversion_high_all",
    "run": 1,
    "execution_time": 5078.523784637451,
    "generations": 300,
    "pareto_size": 41,
    "pareto_points": [
      [
        -1919766.3100000066,
        5529.59
      ],
      [
        -1940482.9800000032,
        5551.630000000002
      ],
      [
        -1965149.6900000044,
        5744.9
      ],
      [
        -1908712.9700000025,
        5439.9800000000005
      ],
      [
        -1910635.2100000025,
        5457.93
      ],
      [
        -1826611.5699999982,
        5263.180000000001
      ],
      [
        -1909048.170000002,
        5439.99
      ],
      [
        -1819304.8299999963,
        5237.2
      ],
      [
        -1831373.589999998,
        5295.67
      ],
      [
        -1947907.9100000055,
        5635.93
      ],
      [
        -1918805.180000007,
        5497.62
      ],
      [
        -1954697.3600000055,
        5667.549999999999
      ],
      [
        -1955692.5100000054,
        5687.529999999999
      ],
      [
        -1886725.6500000027,
        5411.09
      ],
      [
        -1961449.590000004,
        5730.880000000001
      ],
      [
        -1860670.4299999983,
        5359.720000000001
      ],
      [
        -1857329.1199999978,
        5332.26
      ],
      [
        -1835815.8099999959,
        5322.26
      ],
      [
        -1914098.9700000067,
        5489.64
      ],
      [
        -1863379.9400000006,
        5408.5
      ],
      [
        -1965857.3000000045,
        5761.900000000001
      ],
      [
        -1946961.9200000055,
        5620.910000000001
      ],
      [
        -1964022.2200000046,
        5743.910000000001
      ],
      [
        -1837140.2199999962,
        5331.260000000001
      ],
      [
        -1959630.220000004,
        5720.89
      ],
      [
        -1860965.579999999,
        5407.210000000001
      ],
      [
        -1819288.6699999962,
        5233.200000000001
      ],
      [
        -1819892.2299999958,
        5255.670000000001
      ],
      [
        -1828957.4699999979,
        5282.16
      ],
      [
        -1911246.4000000034,
        5478.970000000001
      ],
      [
        -1950193.5500000056,
        5640.910000000001
      ],
      [
        -1909299.3100000026,
        5440.950000000001
      ],
      [
        -1941128.6200000036,
        5575.600000000001
      ],
      [
        -1919415.9300000067,
        5529.09
      ],
      [
        -1957034.3200000052,
        5712.0
      ],
      [
        -1954896.3600000055,
        5668.0199999999995
      ],
      [
        -1922103.270000006,
        5530.6
      ],
      [
        -1927451.920000005,
        5532.08
      ],
      [
        -1952566.9300000048,
        5660.02
      ],
      [
        -1946287.5600000052,
        5606.9400000000005
      ],
      [
        -1956624.9400000044,
        5698.890000000001
      ]
    ]
  },
  "solutions_count": 41,
  "solutions_directory": "../results/SPEA2\\solutions\\users4\\npoint_inversion_high_all\\run1"
}