{
  "run_info": {
    "dataset": "users4.json",
    "config": "uniform_inversion_high_mutation",
    "run": 20,
    "execution_time": 5134.2678327560425,
    "generations": 339,
    "pareto_size": 14,
    "pareto_points": [
      [
        -2091437.7600000026,
        3931.9200000000005
      ],
      [
        -2107041.5600000033,
        3987.94
      ],
      [
        -2093023.0400000017,
        3949.5100000000007
      ],
      [
        -2120008.0700000026,
        4097.380000000001
      ],
      [
        -2104384.1000000034,
        3955.4500000000003
      ],
      [
        -2126572.9800000004,
        4112.340000000001
      ],
      [
        -2118732.910000001,
        4075.85
      ],
      [
        -2116743.3400000003,
        4063.8400000000006
      ],
      [
        -2106552.1600000043,
        3982.880000000001
      ],
      [
        -2129401.7700000023,
        4145.85
      ],
      [
        -2109738.0800000024,
        3995.5200000000004
      ],
      [
        -2110309.5000000033,
        4012.940000000001
      ],
      [
        -2115108.770000001,
        4056.34
      ],
      [
        -2114077.4100000025,
        4036.390000000001
      ]
    ]
  },
  "solutions_count": 14,
  "solutions_directory": "C:\\Users\\hctr0\\PycharmProjects\\TFG_Hector\\31Executions\\NSGA2\\solutions\\users4\\uniform_inversion_high_mutation\\run20"
}