{
  "run_info": {
    "dataset": "users5.json",
    "config": "uniform_reset_low_mutation",
    "run": 4,
    "execution_time": 5032.514709949493,
    "generations": 169,
    "pareto_size": 46,
    "pareto_points": [
      [
        -3085144.4400000027,
        9020.190000000002
      ],
      [
        -3056046.1400000006,
        8833.78
      ],
      [
        -3087465.7400000016,
        9054.2
      ],
      [
        -3043178.8300000015,
        8788.300000000001
      ],
      [
        -3077998.520000003,
        8930.270000000002
      ],
      [
        -3047546.38,
        8814.260000000002
      ],
      [
        -3079109.8700000034,
        8934.800000000003
      ],
      [
        -3068643.5800000015,
        8845.770000000002
      ],
      [
        -3051335.510000001,
        8821.760000000002
      ],
      [
        -3076050.7500000037,
        8921.330000000002
      ],
      [
        -3086361.230000003,
        9032.680000000002
      ],
      [
        -3045817.2400000007,
        8807.270000000002
      ],
      [
        -3048403.040000001,
        8818.78
      ],
      [
        -3075273.380000002,
        8907.300000000003
      ],
      [
        -3043224.790000002,
        8803.310000000001
      ],
      [
        -3045863.200000001,
        8808.310000000001
      ],
      [
        -3087887.410000002,
        9066.150000000003
      ],
      [
        -3053973.92,
        8830.750000000002
      ],
      [
        -3064276.030000001,
        8838.77
      ],
      [
        -3084418.300000003,
        8994.710000000003
      ],
      [
        -3072908.590000002,
        8896.79
      ],
      [
        -3075804.9500000016,
        8911.78
      ],
      [
        -3083306.9500000025,
        8988.710000000001
      ],
      [
        -3078214.6000000015,
        8934.250000000002
      ],
      [
        -3068777.2400000016,
        8852.800000000001
      ],
      [
        -3074939.870000002,
        8907.270000000002
      ],
      [
        -3073405.920000001,
        8903.75
      ],
      [
        -3046708.8600000013,
        8813.780000000002
      ],
      [
        -3052692.07,
        8825.730000000001
      ],
      [
        -3048287.86,
        8817.76
      ],
      [
        -3080248.3000000017,
        8956.730000000001
      ],
      [
        -3058684.550000001,
        8835.79
      ],
      [
        -3081693.1600000025,
        8977.77
      ],
      [
        -3082285.6400000015,
        8981.27
      ],
      [
        -3088265.780000002,
        9080.180000000002
      ],
      [
        -3079488.2400000035,
        8955.800000000003
      ],
      [
        -3085218.340000003,
        9030.68
      ],
      [
        -3087087.3700000015,
        9040.17
      ],
      [
        -3076429.120000004,
        8924.330000000002
      ],
      [
        -3048902.940000001,
        8820.740000000002
      ],
      [
        -3072530.220000002,
        8887.800000000001
      ],
      [
        -3081559.5000000023,
        8959.79
      ],
      [
        -3084796.670000003,
        9019.720000000001
      ],
      [
        -3072081.070000001,
        8886.27
      ],
      [
        -3047557.3800000004,
        8816.31
      ],
      [
        -3072051.970000001,
        8872.810000000001
      ]
    ]
  },
  "solutions_count": 46,
  "solutions_directory": "../results/SPEA2\\solutions\\users5\\uniform_reset_low_mutation\\run4"
}