{
  "run_info": {
    "dataset": "users3.json",
    "config": "uniform_reset_high_crossover",
    "run": 4,
    "execution_time": 236.53596329689026,
    "generations": 40,
    "pareto_size": 17,
    "pareto_points": [
      [
        -1138308.3199999984,
        3408.07
      ],
      [
        -1206999.3799999962,
        3448.53
      ],
      [
        -1213369.8599999973,
        3499.000000000001
      ],
      [
        -1217380.3499999968,
        3538.5000000000005
      ],
      [
        -1214079.2499999967,
        3506.040000000001
      ],
      [
        -1207660.7799999982,
        3481.0099999999998
      ],
      [
        -1218817.4899999972,
        3547.05
      ],
      [
        -1208559.559999996,
        3482.5400000000004
      ],
      [
        -1210031.9599999962,
        3486.0200000000004
      ],
      [
        -1215758.5099999972,
        3509.51
      ],
      [
        -1212320.2299999963,
        3488.5600000000004
      ],
      [
        -1217412.0299999972,
        3539.0400000000004
      ],
      [
        -1223186.1299999966,
        3571.480000000001
      ],
      [
        -1217808.8799999969,
        3544.5
      ],
      [
        -1220269.0199999965,
        3556.0099999999998
      ],
      [
        -1199085.5299999982,
        3426.520000000001
      ],
      [
        -1208653.7699999963,
        3484.5200000000004
      ]
    ]
  },
  "solutions_count": 17,
  "solutions_directory": "../results/SPEA2\\solutions\\users3\\uniform_reset_high_crossover\\run4"
}