{
  "run_info": {
    "dataset": "users3.json",
    "config": "uniform_reset_high_crossover",
    "run": 4,
    "execution_time": 462.76367831230164,
    "generations": 74,
    "pareto_size": 33,
    "pareto_points": [
      [
        -1161611.45,
        3586.5999999999995
      ],
      [
        -1174494.2399999995,
        3691.55
      ],
      [
        -1143712.6400000004,
        3571.66
      ],
      [
        -1149893.8300000005,
        3573.63
      ],
      [
        -1149744.7300000004,
        3572.1400000000003
      ],
      [
        -1174324.389999999,
        3672.57
      ],
      [
        -1154507.4200000006,
        3577.6199999999994
      ],
      [
        -1180434.6099999985,
        3740.57
      ],
      [
        -1170594.4799999995,
        3637.580000000001
      ],
      [
        -1167198.4999999998,
        3612.5800000000004
      ],
      [
        -1181364.2999999986,
        3773.5200000000004
      ],
      [
        -1164168.9499999997,
        3603.6
      ],
      [
        -1172859.3599999992,
        3652.5700000000006
      ],
      [
        -1177513.379999999,
        3692.5700000000006
      ],
      [
        -1173639.9499999995,
        3655.560000000001
      ],
      [
        -1182253.869999999,
        3812.4900000000007
      ],
      [
        -1179459.0699999984,
        3734.590000000001
      ],
      [
        -1178604.7799999986,
        3725.5700000000006
      ],
      [
        -1177587.079999999,
        3709.580000000001
      ],
      [
        -1170743.5799999996,
        3647.5600000000004
      ],
      [
        -1153146.2899999998,
        3576.65
      ],
      [
        -1158733.3399999992,
        3582.6299999999997
      ],
      [
        -1167342.02,
        3628.58
      ],
      [
        -1178897.3999999987,
        3730.5700000000006
      ],
      [
        -1174467.9099999992,
        3687.5699999999997
      ],
      [
        -1170450.9599999993,
        3629.57
      ],
      [
        -1182546.489999999,
        3813.4800000000005
      ],
      [
        -1171019.0200000005,
        3651.59
      ],
      [
        -1177708.329999999,
        3715.05
      ],
      [
        -1181570.949999999,
        3800.52
      ],
      [
        -1178367.669999999,
        3721.560000000001
      ],
      [
        -1181215.1999999986,
        3768.53
      ],
      [
        -1181765.899999999,
        3801.5200000000004
      ]
    ]
  },
  "solutions_count": 33,
  "solutions_directory": "../results/SPEA2\\solutions\\users3\\uniform_reset_high_crossover\\run4"
}