{
  "run_info": {
    "dataset": "users4.json",
    "config": "high_heuristic_influence",
    "run": 23,
    "execution_time": 4685.625617027283,
    "iterations_completed": 83,
    "max_iterations": 200,
    "terminated_early": true,
    "generations_without_improvement": 12,
    "pareto_size": 27,
    "pareto_points": [
      [
        1780761.5900000033,
        4545.690000000004
      ],
      [
        1783719.630000013,
        4552.390000000003
      ],
      [
        1778403.8800000143,
        4500.240000000003
      ],
      [
        1766709.980000012,
        4410.720000000003
      ],
      [
        1776367.5900000108,
        4491.360000000002
      ],
      [
        1805431.5800000129,
        4598.7900000000045
      ],
      [
        1816416.9100000141,
        4809.170000000005
      ],
      [
        1815551.3200000226,
        4784.210000000005
      ],
      [
        1835511.3900000255,
        4810.300000000006
      ],
      [
        1835798.7900000124,
        4865.680000000006
      ],
      [
        1840456.020000025,
        4874.040000000005
      ],
      [
        1844744.6600000279,
        4885.550000000007
      ],
      [
        1848417.6200000294,
        4912.280000000007
      ],
      [
        1880692.550000024,
        5069.8000000000075
      ],
      [
        1859231.850000023,
        4970.750000000006
      ],
      [
        1870098.7900000275,
        4991.250000000007
      ],
      [
        1877164.0800000315,
        4997.750000000007
      ],
      [
        1854892.8900000283,
        4927.810000000008
      ],
      [
        1853241.480000025,
        4917.900000000007
      ],
      [
        1882542.52000003,
        5094.750000000007
      ],
      [
        1864427.700000033,
        4973.230000000006
      ],
      [
        1878221.9400000242,
        5044.130000000007
      ],
      [
        1869563.6200000264,
        4982.970000000007
      ],
      [
        1858039.3700000271,
        4952.690000000008
      ],
      [
        1856617.7100000277,
        4928.520000000007
      ],
      [
        1864481.410000026,
        4982.860000000007
      ],
      [
        1902606.1400000276,
        5130.3400000000065
      ]
    ],
    "solutions_evaluated": 1660,
    "config_params": {
      "n_ants": 20,
      "rho": 0.4,
      "alpha": 0.5,
      "beta": 5.0,
      "archive_size": 100,
      "no_improvement_generations": 12
    }
  },
  "solutions_count": 27,
  "solutions_directory": "C:\\Users\\hctr0\\PycharmProjects\\TFG_Hector\\31Executions\\PACO\\solutions\\users4\\high_heuristic_influence\\run23",
  "objective_statistics": {
    "cost_range": {
      "min": 4410.720000000003,
      "max": 5130.3400000000065
    },
    "minutes_range": {
      "min": 1766709.980000012,
      "max": 1902606.1400000276
    }
  },
  "algorithm_info": {
    "archive_history_length": 83,
    "max_archive_size_reached": 27
  }
}