{
  "run_info": {
    "dataset": "users5.json",
    "config": "fast_evaporation_explorative",
    "run": 1,
    "execution_time": 1426.5403985977173,
    "iterations_completed": 15,
    "max_iterations": 200,
    "terminated_early": true,
    "generations_without_improvement": 12,
    "pareto_size": 8,
    "pareto_points": [
      [
        2574460.3700000024,
        7046.220000000001
      ],
      [
        2576544.9600000046,
        7131.480000000001
      ],
      [
        2643460.4000000027,
        7220.050000000001
      ],
      [
        2543804.5000000116,
        6946.740000000001
      ],
      [
        2576485.2700000037,
        7055.61
      ],
      [
        2395552.7499999977,
        6896.260000000004
      ],
      [
        2396289.2099999995,
        6933.770000000004
      ],
      [
        2349915.950000001,
        6816.2000000000035
      ]
    ],
    "solutions_evaluated": 300,
    "config_params": {
      "n_ants": 20,
      "rho": 0.7,
      "alpha": 1.0,
      "beta": 2.5,
      "archive_size": 100,
      "no_improvement_generations": 12
    }
  },
  "solutions_count": 8,
  "solutions_directory": "../results/PACO\\solutions\\users5\\fast_evaporation_explorative\\run1",
  "objective_statistics": {
    "cost_range": {
      "min": 6816.2000000000035,
      "max": 7220.050000000001
    },
    "minutes_range": {
      "min": 2349915.950000001,
      "max": 2643460.4000000027
    }
  },
  "algorithm_info": {
    "archive_history_length": 15,
    "max_archive_size_reached": 8
  }
}