{
  "solution": [
    11,
    2,
    5,
    5,
    5,
    6,
    6,
    9,
    5,
    8,
    15,
    3,
    6,
    16,
    7,
    16,
    5,
    2,
    11,
    11,
    16,
    17,
    10,
    17,
    7,
    17,
    10,
    6,
    1,
    18,
    7,
    3,
    17,
    6,
    17,
    17,
    13,
    9,
    8,
    3,
    16,
    13,
    17,
    5,
    11,
    1,
    17,
    7,
    9,
    16,
    2,
    5,
    9,
    3,
    5,
    4,
    2,
    16,
    5,
    3,
    3,
    7,
    17,
    8,
    4,
    8,
    4,
    6,
    17,
    17,
    2,
    9,
    15,
    15,
    6,
    4,
    6,
    12,
    16,
    16,
    16,
    17,
    17,
    2,
    17,
    15,
    8,
    11,
    2,
    5,
    4,
    7,
    15,
    17,
    5,
    6,
    1,
    16,
    10,
    17,
    2,
    17,
    8,
    18,
    9,
    8,
    8,
    11,
    11,
    17,
    6,
    2,
    5,
    18,
    1,
    11,
    6,
    17,
    10,
    17,
    6,
    13,
    18,
    10,
    11,
    7,
    4,
    16,
    8,
    4,
    3,
    5,
    4,
    17,
    12,
    17,
    17,
    2,
    18,
    15,
    15,
    15,
    5,
    17,
    5,
    17,
    17,
    5,
    9,
    17,
    2,
    16,
    7,
    6,
    18,
    17,
    5,
    17,
    1,
    15,
    12,
    15,
    18,
    4,
    2,
    2,
    17,
    6,
    9,
    11,
    5,
    16,
    10,
    16,
    17,
    17,
    16,
    17,
    11,
    2,
    6,
    15,
    8,
    6,
    15,
    8,
    8,
    10,
    14,
    16,
    4,
    11,
    17,
    13,
    17,
    8,
    6,
    8,
    6,
    5,
    10,
    16,
    8,
    2,
    17,
    10,
    10,
    8,
    16,
    15,
    5,
    14,
    17,
    8,
    16,
    17,
    8,
    13,
    12,
    8,
    17,
    5,
    17,
    17,
    13,
    14,
    8,
    2,
    15,
    6,
    5,
    16,
    8,
    16,
    2,
    4,
    7,
    18,
    18,
    15,
    8,
    11,
    2,
    4,
    17,
    8,
    6,
    4,
    4,
    8,
    5,
    1,
    6,
    2,
    2,
    15,
    15,
    2,
    5,
    2,
    16,
    2,
    16,
    6,
    16,
    12,
    2,
    7,
    3,
    17,
    10,
    2,
    17,
    16,
    6,
    17,
    5,
    16,
    13,
    17,
    16,
    16,
    15,
    10,
    5,
    16,
    7,
    17,
    4,
    16,
    2,
    11,
    7,
    8,
    17,
    1,
    13,
    6,
    6,
    4
  ],
  "objectives": [
    424428.53000000067,
    1368.0399999999997
  ],
  "fitness": {
    "minutos_ponderados": 424428.53000000067,
    "costo_total": 1368.0399999999997
  }
}