{
  "run_info": {
    "dataset": "users4.json",
    "config": "high_pheromone_influence",
    "run": 16,
    "execution_time": 2478.732766151428,
    "iterations_completed": 35,
    "max_iterations": 200,
    "terminated_early": true,
    "generations_without_improvement": 12,
    "pareto_size": 9,
    "pareto_points": [
      [
        1856721.960000007,
        4568.7
      ],
      [
        1845339.6300000092,
        4357.660000000002
      ],
      [
        1845908.1900000093,
        4407.120000000003
      ],
      [
        1862424.320000008,
        4589.560000000002
      ],
      [
        1831521.8900000092,
        4346.020000000002
      ],
      [
        1854721.4200000109,
        4553.370000000003
      ],
      [
        1850322.840000013,
        4481.930000000003
      ],
      [
        1829250.74000001,
        4272.850000000003
      ],
      [
        1829424.300000008,
        4335.920000000003
      ]
    ],
    "solutions_evaluated": 875,
    "config_params": {
      "n_ants": 25,
      "rho": 0.3,
      "alpha": 3.0,
      "beta": 2.0,
      "archive_size": 100,
      "no_improvement_generations": 12
    }
  },
  "solutions_count": 9,
  "solutions_directory": "C:\\Users\\hctr0\\PycharmProjects\\TFG_Hector\\31Executions\\PACO\\solutions\\users4\\high_pheromone_influence\\run16",
  "objective_statistics": {
    "cost_range": {
      "min": 4272.850000000003,
      "max": 4589.560000000002
    },
    "minutes_range": {
      "min": 1829250.74000001,
      "max": 1862424.320000008
    }
  },
  "algorithm_info": {
    "archive_history_length": 35,
    "max_archive_size_reached": 9
  }
}