{
  "run_info": {
    "dataset": "users2.json",
    "config": "uniform_reset_high_crossover",
    "run": 2,
    "execution_time": 228.27240443229675,
    "generations": 54,
    "pareto_size": 18,
    "pareto_points": [
      [
        -765155.4200000013,
        2588.1099999999997
      ],
      [
        -778952.4700000016,
        2701.6299999999997
      ],
      [
        -752780.7300000014,
        2550.6000000000004
      ],
      [
        -742466.7900000012,
        2531.1200000000003
      ],
      [
        -765523.4900000013,
        2591.1099999999997
      ],
      [
        -776386.8000000016,
        2666.6299999999997
      ],
      [
        -755836.7000000012,
        2554.61
      ],
      [
        -774289.2500000015,
        2648.1299999999997
      ],
      [
        -760803.3500000014,
        2563.63
      ],
      [
        -748087.1900000011,
        2550.08
      ],
      [
        -776854.9200000016,
        2669.1400000000003
      ],
      [
        -770588.3300000015,
        2611.09
      ],
      [
        -739410.8200000013,
        2527.11
      ],
      [
        -747433.4400000012,
        2540.1400000000003
      ],
      [
        -761171.4200000013,
        2576.6199999999994
      ],
      [
        -772685.8800000015,
        2629.5899999999997
      ],
      [
        -768333.8100000016,
        2595.12
      ],
      [
        -775076.8000000016,
        2659.62
      ]
    ]
  },
  "solutions_count": 18,
  "solutions_directory": "../results/SPEA2\\solutions\\users2\\uniform_reset_high_crossover\\run2"
}