{
  "run_info": {
    "dataset": "users2.json",
    "config": "uniform_inversion_high_mutation",
    "run": 3,
    "execution_time": 324.16609144210815,
    "generations": 85,
    "pareto_size": 14,
    "pareto_points": [
      [
        -797180.6100000014,
        2228.29
      ],
      [
        -810341.64,
        2237.85
      ],
      [
        -810714.2100000001,
        2245.8099999999995
      ],
      [
        -831610.9500000009,
        2336.24
      ],
      [
        -833889.4600000015,
        2347.2699999999995
      ],
      [
        -840440.8500000017,
        2404.75
      ],
      [
        -822102.0300000007,
        2266.2799999999997
      ],
      [
        -830309.4000000008,
        2328.24
      ],
      [
        -816965.8099999995,
        2260.3
      ],
      [
        -837843.8900000016,
        2389.1899999999996
      ],
      [
        -833650.3200000015,
        2344.2799999999997
      ],
      [
        -837468.8700000016,
        2354.3
      ],
      [
        -815230.5999999996,
        2248.3199999999997
      ],
      [
        -828657.0900000008,
        2295.2900000000004
      ]
    ]
  },
  "solutions_count": 14,
  "solutions_directory": "C:\\Users\\hctr0\\PycharmProjects\\TFG_Hector\\31Executions\\NSGA2\\solutions\\users2\\uniform_inversion_high_mutation\\run3"
}