{
  "run_info": {
    "dataset": "users1.json",
    "config": "uniform_reset_high_crossover",
    "run": 5,
    "execution_time": 268.0676302909851,
    "generations": 74,
    "pareto_size": 29,
    "pareto_points": [
      [
        -440189.5100000004,
        1492.75
      ],
      [
        -440325.3,
        1495.7599999999998
      ],
      [
        -434182.69000000006,
        1448.2599999999998
      ],
      [
        -438624.4600000001,
        1485.2899999999997
      ],
      [
        -426585.8800000004,
        1435.3299999999997
      ],
      [
        -446984.4699999999,
        1526.7399999999998
      ],
      [
        -436335.6800000003,
        1455.2799999999997
      ],
      [
        -424297.1000000006,
        1419.2999999999997
      ],
      [
        -438044.89000000025,
        1481.2800000000002
      ],
      [
        -425524.91000000027,
        1423.83
      ],
      [
        -445782.35000000003,
        1516.2299999999998
      ],
      [
        -449158.0600000002,
        1566.7199999999998
      ],
      [
        -451990.65000000014,
        1609.2099999999996
      ],
      [
        -450846.6700000001,
        1574.7199999999998
      ],
      [
        -421671.08000000013,
        1415.8199999999995
      ],
      [
        -447005.06999999995,
        1535.7399999999998
      ],
      [
        -443130.6399999998,
        1509.2499999999998
      ],
      [
        -449137.46000000014,
        1547.73
      ],
      [
        -450867.27000000014,
        1593.7099999999994
      ],
      [
        -441928.5199999999,
        1498.7399999999998
      ],
      [
        -443453.58999999997,
        1512.2299999999998
      ],
      [
        -440822.47999999975,
        1497.2399999999998
      ],
      [
        -438643.8400000003,
        1488.27
      ],
      [
        -444676.3099999999,
        1514.7299999999998
      ],
      [
        -451970.0500000001,
        1596.2199999999998
      ],
      [
        -449644.5500000002,
        1570.7099999999994
      ],
      [
        -447935.34000000026,
        1543.7199999999996
      ],
      [
        -427808.6000000003,
        1444.8199999999997
      ],
      [
        -438036.5200000002,
        1475.74
      ]
    ]
  },
  "solutions_count": 29,
  "solutions_directory": "../results/SPEA2\\solutions\\users1\\uniform_reset_high_crossover\\run5"
}