{
  "run_info": {
    "dataset": "users1.json",
    "config": "uniform_reset_high_crossover",
    "run": 5,
    "execution_time": 66.36392545700073,
    "generations": 36,
    "pareto_size": 12,
    "pareto_points": [
      [
        -470840.20000000036,
        1482.7599999999995
      ],
      [
        -462384.25000000035,
        1406.3199999999997
      ],
      [
        -463076.94000000035,
        1415.7999999999997
      ],
      [
        -458732.10000000044,
        1396.8000000000002
      ],
      [
        -469286.4300000002,
        1453.3
      ],
      [
        -465894.6700000003,
        1428.31
      ],
      [
        -466235.6700000004,
        1439.8200000000002
      ],
      [
        -468288.56000000046,
        1448.8099999999997
      ],
      [
        -458039.41000000044,
        1390.3200000000002
      ],
      [
        -470771.3500000004,
        1463.7799999999997
      ],
      [
        -461092.9000000003,
        1404.8199999999997
      ],
      [
        -451805.94000000035,
        1389.8199999999997
      ]
    ]
  },
  "solutions_count": 12,
  "solutions_directory": "../results/SPEA2\\solutions\\users1\\uniform_reset_high_crossover\\run5"
}