{
  "run_info": {
    "dataset": "users3.json",
    "config": "slow_evaporation_exploitative",
    "run": 3,
    "execution_time": 475.01188492774963,
    "iterations_completed": 15,
    "max_iterations": 200,
    "terminated_early": true,
    "generations_without_improvement": 12,
    "pareto_size": 7,
    "pareto_points": [
      [
        981882.450000001,
        2962.63
      ],
      [
        947050.1300000018,
        2897.730000000001
      ],
      [
        897212.2599999997,
        2833.78
      ],
      [
        963402.9300000018,
        2915.0700000000006
      ],
      [
        943367.7499999994,
        2846.6100000000006
      ],
      [
        934628.4600000008,
        2839.2100000000005
      ],
      [
        892585.9000000008,
        2776.789999999999
      ]
    ],
    "solutions_evaluated": 300,
    "config_params": {
      "n_ants": 20,
      "rho": 0.2,
      "alpha": 2.0,
      "beta": 3.0,
      "archive_size": 100,
      "no_improvement_generations": 12
    }
  },
  "solutions_count": 7,
  "solutions_directory": "../results/PACO\\solutions\\users3\\slow_evaporation_exploitative\\run3",
  "objective_statistics": {
    "cost_range": {
      "min": 2776.789999999999,
      "max": 2962.63
    },
    "minutes_range": {
      "min": 892585.9000000008,
      "max": 981882.450000001
    }
  },
  "algorithm_info": {
    "archive_history_length": 15,
    "max_archive_size_reached": 7
  }
}