{
  "run_info": {
    "dataset": "users2.json",
    "config": "uniform_inversion_high_mutation",
    "run": 5,
    "execution_time": 1404.2035777568817,
    "generations": 227,
    "pareto_size": 14,
    "pareto_points": [
      [
        -813154.7100000018,
        2532.72
      ],
      [
        -802920.790000002,
        2449.2300000000005
      ],
      [
        -803012.6500000015,
        2454.2500000000005
      ],
      [
        -812138.7300000017,
        2519.7200000000003
      ],
      [
        -811466.0800000016,
        2510.73
      ],
      [
        -805678.7800000018,
        2461.2700000000004
      ],
      [
        -810859.4400000019,
        2493.7400000000002
      ],
      [
        -808735.6200000022,
        2481.7100000000005
      ],
      [
        -809170.8100000017,
        2483.74
      ],
      [
        -801904.8100000019,
        2448.7200000000003
      ],
      [
        -807177.3300000016,
        2476.2200000000003
      ],
      [
        -809843.4600000018,
        2490.2300000000005
      ],
      [
        -801324.0200000013,
        2441.2599999999998
      ],
      [
        -809751.6000000023,
        2486.2200000000003
      ]
    ]
  },
  "solutions_count": 14,
  "solutions_directory": "../results/SPEA2\\solutions\\users2\\uniform_inversion_high_mutation\\run5"
}