{
  "run_info": {
    "dataset": "users2.json",
    "config": "high_pheromone_influence",
    "run": 14,
    "execution_time": 1829.326542377472,
    "iterations_completed": 74,
    "max_iterations": 200,
    "terminated_early": true,
    "generations_without_improvement": 12,
    "pareto_size": 13,
    "pareto_points": [
      [
        757931.400000002,
        2310.9900000000007
      ],
      [
        729178.0900000021,
        1822.9500000000005
      ],
      [
        732567.3900000012,
        1852.0000000000005
      ],
      [
        742361.9600000004,
        1890.6700000000005
      ],
      [
        751093.6600000018,
        1929.5100000000002
      ],
      [
        741571.1900000011,
        1865.5700000000004
      ],
      [
        725868.0500000011,
        1822.1100000000004
      ],
      [
        734965.1400000012,
        1861.5600000000004
      ],
      [
        744006.9500000012,
        1898.1100000000004
      ],
      [
        731021.1900000005,
        1827.5700000000006
      ],
      [
        723681.5000000009,
        1820.0900000000006
      ],
      [
        740467.2600000007,
        1862.6000000000006
      ],
      [
        748099.2200000009,
        1918.5900000000006
      ]
    ],
    "solutions_evaluated": 1850,
    "config_params": {
      "n_ants": 25,
      "rho": 0.3,
      "alpha": 3.0,
      "beta": 2.0,
      "archive_size": 100,
      "no_improvement_generations": 12
    }
  },
  "solutions_count": 13,
  "solutions_directory": "C:\\Users\\hctr0\\PycharmProjects\\TFG_Hector\\31Executions\\PACO\\solutions\\users2\\high_pheromone_influence\\run14",
  "objective_statistics": {
    "cost_range": {
      "min": 1820.0900000000006,
      "max": 2310.9900000000007
    },
    "minutes_range": {
      "min": 723681.5000000009,
      "max": 757931.400000002
    }
  },
  "algorithm_info": {
    "archive_history_length": 74,
    "max_archive_size_reached": 13
  }
}