{
  "run_info": {
    "dataset": "users4.json",
    "config": "uniform_reset_high_crossover",
    "run": 3,
    "execution_time": 2017.1606984138489,
    "generations": 77,
    "pareto_size": 29,
    "pareto_points": [
      [
        -1911935.8599999994,
        5279.910000000001
      ],
      [
        -1957161.4999999981,
        5451.48
      ],
      [
        -1922397.1200000015,
        5329.85
      ],
      [
        -1969299.0399999989,
        5506.96
      ],
      [
        -1933961.2500000051,
        5342.37
      ],
      [
        -1917085.5600000003,
        5315.469999999999
      ],
      [
        -1971123.2599999995,
        5521.9400000000005
      ],
      [
        -1903389.0700000012,
        5226.469999999999
      ],
      [
        -1976211.6899999995,
        5568.33
      ],
      [
        -1941648.020000001,
        5385.450000000001
      ],
      [
        -1972648.3900000001,
        5535.95
      ],
      [
        -1975040.0999999999,
        5566.85
      ],
      [
        -1946915.7799999998,
        5420.97
      ],
      [
        -1973301.069999999,
        5543.389999999999
      ],
      [
        -1935239.8900000015,
        5351.9
      ],
      [
        -1939891.6400000048,
        5383.360000000001
      ],
      [
        -1980195.1999999993,
        5609.85
      ],
      [
        -1973502.7500000007,
        5549.41
      ],
      [
        -1978303.5399999982,
        5580.35
      ],
      [
        -1961003.790000001,
        5466.9
      ],
      [
        -1968951.6099999978,
        5501.43
      ],
      [
        -1944885.6300000006,
        5414.410000000001
      ],
      [
        -1968559.7800000017,
        5478.41
      ],
      [
        -1919294.520000002,
        5323.91
      ],
      [
        -1952748.2800000014,
        5424.389999999999
      ],
      [
        -1933495.2100000016,
        5331.9400000000005
      ],
      [
        -1956219.2800000021,
        5427.42
      ],
      [
        -1943584.1800000016,
        5401.94
      ],
      [
        -1915597.5500000012,
        5292.889999999999
      ]
    ]
  },
  "solutions_count": 29,
  "solutions_directory": "../results/NSGA2\\solutions\\users4\\uniform_reset_high_crossover\\run3"
}