{
  "run_info": {
    "dataset": "users5.json",
    "config": "npoint_inversion_low_mutation",
    "run": 3,
    "execution_time": 7911.726763486862,
    "generations": 300,
    "pareto_size": 37,
    "pareto_points": [
      [
        -3091644.239999996,
        8918.230000000001
      ],
      [
        -3068370.0399999847,
        8891.04
      ],
      [
        -3144071.819999994,
        9144.600000000002
      ],
      [
        -3170728.539999993,
        9209.580000000002
      ],
      [
        -3125184.929999995,
        9039.650000000001
      ],
      [
        -3159717.829999993,
        9177.59
      ],
      [
        -3098951.639999995,
        8923.710000000001
      ],
      [
        -3068214.2799999844,
        8870.050000000003
      ],
      [
        -3111504.709999998,
        8960.25
      ],
      [
        -3136698.0999999926,
        9106.620000000003
      ],
      [
        -3185235.4199999887,
        9249.520000000002
      ],
      [
        -3126986.459999995,
        9070.600000000002
      ],
      [
        -3108635.539999998,
        8959.220000000001
      ],
      [
        -3111593.9899999984,
        9021.630000000003
      ],
      [
        -3140800.3499999936,
        9128.580000000002
      ],
      [
        -3118299.479999998,
        9027.640000000003
      ],
      [
        -3137707.629999993,
        9112.090000000002
      ],
      [
        -3115462.0299999984,
        9023.130000000003
      ],
      [
        -3137361.929999993,
        9110.640000000003
      ],
      [
        -3104787.9899999974,
        8948.240000000002
      ],
      [
        -3188589.4499999885,
        9339.9
      ],
      [
        -3044476.759999989,
        8836.560000000001
      ],
      [
        -3169944.7199999923,
        9186.090000000002
      ],
      [
        -3047633.2599999877,
        8851.050000000001
      ],
      [
        -3185797.599999989,
        9264.490000000002
      ],
      [
        -3184395.859999988,
        9238.480000000003
      ],
      [
        -3140662.309999994,
        9125.100000000002
      ],
      [
        -3186787.9199999883,
        9329.92
      ],
      [
        -3174815.5099999923,
        9222.570000000002
      ],
      [
        -3172562.0599999926,
        9210.570000000002
      ],
      [
        -3138752.6099999943,
        9118.640000000003
      ],
      [
        -3059494.5199999884,
        8854.040000000003
      ],
      [
        -3072217.5899999854,
        8909.04
      ],
      [
        -3118366.9799999977,
        9033.100000000002
      ],
      [
        -3139101.659999993,
        9119.61
      ],
      [
        -3179414.279999993,
        9237.060000000001
      ],
      [
        -3133700.649999996,
        9096.100000000002
      ]
    ]
  },
  "solutions_count": 37,
  "solutions_directory": "../results/SPEA2\\solutions\\users5\\npoint_inversion_low_mutation\\run3"
}