{
  "run_info": {
    "dataset": "users2.json",
    "config": "uniform_reset_high_crossover",
    "run": 5,
    "execution_time": 125.05635237693787,
    "generations": 41,
    "pareto_size": 24,
    "pareto_points": [
      [
        -744746.2000000009,
        2389.25
      ],
      [
        -779996.8400000012,
        2489.2100000000005
      ],
      [
        -799464.9100000008,
        2581.1500000000005
      ],
      [
        -800371.8200000006,
        2589.12
      ],
      [
        -751369.6100000017,
        2417.27
      ],
      [
        -762624.0700000001,
        2419.1800000000003
      ],
      [
        -797392.3200000004,
        2567.1200000000003
      ],
      [
        -808648.6600000006,
        2624.1300000000006
      ],
      [
        -778998.590000001,
        2484.1700000000005
      ],
      [
        -778861.5300000004,
        2477.2499999999995
      ],
      [
        -801888.5500000006,
        2592.120000000001
      ],
      [
        -795956.3400000004,
        2534.7
      ],
      [
        -790550.4200000003,
        2490.73
      ],
      [
        -808357.9300000006,
        2618.66
      ],
      [
        -800019.7000000005,
        2587.6800000000007
      ],
      [
        -796039.3800000007,
        2559.7000000000007
      ],
      [
        -768297.7900000004,
        2429.2900000000004
      ],
      [
        -745236.7400000008,
        2413.24
      ],
      [
        -809667.3500000009,
        2625.14
      ],
      [
        -805776.2100000004,
        2598.1500000000005
      ],
      [
        -792356.0100000007,
        2508.7200000000003
      ],
      [
        -781093.5900000002,
        2490.18
      ],
      [
        -814574.6000000008,
        2668.13
      ],
      [
        -773587.6599999996,
        2454.71
      ]
    ]
  },
  "solutions_count": 24,
  "solutions_directory": "../results/SPEA2\\solutions\\users2\\uniform_reset_high_crossover\\run5"
}