{
  "run_info": {
    "dataset": "users2.json",
    "config": "npoint_reset_low_crossover",
    "run": 1,
    "execution_time": 1910.8620870113373,
    "generations": 300,
    "pareto_size": 31,
    "pareto_points": [
      [
        -737410.9200000003,
        2471.2
      ],
      [
        -784626.0900000005,
        2686.5299999999997
      ],
      [
        -764378.8100000008,
        2539.1599999999994
      ],
      [
        -790017.0800000008,
        2755.0000000000005
      ],
      [
        -782446.1400000006,
        2610.62
      ],
      [
        -785130.9200000006,
        2696.57
      ],
      [
        -757735.1100000002,
        2537.63
      ],
      [
        -767392.5800000008,
        2563.12
      ],
      [
        -797741.8400000009,
        2844.98
      ],
      [
        -797508.4800000007,
        2834.0
      ],
      [
        -776295.2000000008,
        2572.64
      ],
      [
        -794478.640000001,
        2786.02
      ],
      [
        -787400.1600000008,
        2707.05
      ],
      [
        -751097.5000000005,
        2502.18
      ],
      [
        -792265.6700000009,
        2776.04
      ],
      [
        -791098.8400000007,
        2761.0700000000006
      ],
      [
        -788354.6500000006,
        2746.53
      ],
      [
        -795378.2000000007,
        2796.0
      ],
      [
        -741756.9100000007,
        2478.7000000000003
      ],
      [
        -754040.2800000001,
        2503.68
      ],
      [
        -749694.2900000003,
        2492.19
      ],
      [
        -754792.3300000002,
        2531.13
      ],
      [
        -785580.290000001,
        2704.06
      ],
      [
        -795883.0300000007,
        2802.03
      ],
      [
        -783413.0300000007,
        2669.57
      ],
      [
        -741500.6300000008,
        2474.21
      ],
      [
        -788354.3300000008,
        2736.6000000000004
      ],
      [
        -742520.3100000009,
        2485.72
      ],
      [
        -779148.4300000009,
        2594.13
      ],
      [
        -783554.6300000007,
        2683.54
      ],
      [
        -788299.1900000009,
        2732.9999999999995
      ]
    ]
  },
  "solutions_count": 31,
  "solutions_directory": "../results/SPEA2\\solutions\\users2\\npoint_reset_low_crossover\\run1"
}