{
  "run_info": {
    "dataset": "users3.json",
    "config": "uniform_reset_high_crossover",
    "run": 5,
    "execution_time": 479.9550940990448,
    "generations": 85,
    "pareto_size": 35,
    "pareto_points": [
      [
        -1213584.0599999982,
        3498.650000000001
      ],
      [
        -1205696.8199999982,
        3450.1900000000005
      ],
      [
        -1208762.7299999993,
        3450.71
      ],
      [
        -1185177.569999997,
        3334.7299999999996
      ],
      [
        -1218522.999999999,
        3542.6000000000004
      ],
      [
        -1198988.799999998,
        3399.72
      ],
      [
        -1181781.229999998,
        3315.2699999999995
      ],
      [
        -1204574.1599999974,
        3440.1900000000005
      ],
      [
        -1200822.1799999978,
        3402.7000000000003
      ],
      [
        -1225829.559999998,
        3644.52
      ],
      [
        -1223738.3099999987,
        3616.55
      ],
      [
        -1213193.0999999982,
        3495.6400000000003
      ],
      [
        -1219448.1499999992,
        3550.6400000000003
      ],
      [
        -1210944.299999998,
        3464.67
      ],
      [
        -1216957.8499999985,
        3519.6800000000003
      ],
      [
        -1191032.3899999969,
        3372.6699999999996
      ],
      [
        -1182144.1599999978,
        3331.25
      ],
      [
        -1189132.869999997,
        3349.7
      ],
      [
        -1211718.459999999,
        3480.19
      ],
      [
        -1215821.9099999988,
        3505.63
      ],
      [
        -1194967.359999997,
        3379.74
      ],
      [
        -1203156.5099999984,
        3423.7400000000002
      ],
      [
        -1189199.009999997,
        3359.7
      ],
      [
        -1219553.6599999983,
        3554.5800000000004
      ],
      [
        -1220614.2499999988,
        3558.5900000000006
      ],
      [
        -1221865.1799999985,
        3586.55
      ],
      [
        -1191447.8099999968,
        3373.2000000000003
      ],
      [
        -1224167.2199999983,
        3631.5
      ],
      [
        -1220646.2599999986,
        3564.580000000001
      ],
      [
        -1217913.1599999992,
        3529.6
      ],
      [
        -1213809.7099999995,
        3503.1600000000003
      ],
      [
        -1202765.5499999982,
        3415.7400000000002
      ],
      [
        -1216747.059999999,
        3511.6600000000008
      ],
      [
        -1223347.3499999985,
        3594.56
      ],
      [
        -1221771.3699999992,
        3580.55
      ]
    ]
  },
  "solutions_count": 35,
  "solutions_directory": "../results/SPEA2\\solutions\\users3\\uniform_reset_high_crossover\\run5"
}