{
  "run_info": {
    "dataset": "users2.json",
    "config": "npoint_reset_low_crossover",
    "run": 4,
    "execution_time": 279.5117025375366,
    "generations": 73,
    "pareto_size": 11,
    "pareto_points": [
      [
        -740009.3500000014,
        2710.9500000000003
      ],
      [
        -726152.930000001,
        2499.09
      ],
      [
        -738963.9000000021,
        2600.4900000000002
      ],
      [
        -750170.7300000011,
        2745.4700000000003
      ],
      [
        -751834.8700000009,
        2753.4300000000003
      ],
      [
        -747676.140000001,
        2724.5000000000005
      ],
      [
        -751979.810000001,
        2779.42
      ],
      [
        -723850.8600000009,
        2480.6099999999997
      ],
      [
        -726009.8400000009,
        2481.6
      ],
      [
        -748678.7800000012,
        2727.9800000000005
      ],
      [
        -735800.3400000015,
        2519.5
      ]
    ]
  },
  "solutions_count": 11,
  "solutions_directory": "../results/SPEA2\\solutions\\users2\\npoint_reset_low_crossover\\run4"
}