{
  "solution": [
    17,
    17,
    2,
    17,
    17,
    5,
    7,
    17,
    17,
    17,
    17,
    17,
    17,
    17,
    8,
    17,
    17,
    17,
    2,
    13,
    17,
    17,
    17,
    15,
    17,
    2,
    17,
    17,
    17,
    7,
    5,
    5,
    4,
    17,
    17,
    17,
    17,
    5,
    17,
    8,
    17,
    7,
    5,
    17,
    12,
    5,
    14,
    17,
    16,
    17,
    17,
    17,
    17,
    17,
    17,
    17,
    2,
    8,
    17,
    17,
    17,
    17,
    17,
    17,
    17,
    8,
    17,
    15,
    17,
    4,
    9,
    17,
    17,
    17,
    17,
    17,
    2,
    17,
    17,
    17,
    17,
    17,
    17,
    17,
    17,
    17,
    4,
    18,
    15,
    17,
    8,
    12,
    8,
    5,
    17,
    8,
    2,
    17,
    4,
    3,
    17,
    17,
    8,
    17,
    11,
    11,
    17,
    17,
    17,
    17,
    17,
    17,
    5,
    17,
    17,
    4,
    17,
    17,
    17,
    17,
    8,
    17,
    17,
    17,
    8,
    17,
    17,
    17,
    17,
    8,
    17,
    17,
    2,
    8,
    6,
    17,
    8,
    5,
    17,
    17,
    17,
    16,
    8,
    8,
    13,
    4,
    5,
    17,
    17,
    17,
    8,
    17,
    17,
    9,
    17,
    5,
    17,
    2,
    17,
    11,
    6,
    16,
    16,
    17,
    17,
    17,
    8,
    17,
    10,
    4,
    4,
    2,
    17,
    4,
    5,
    17,
    17,
    2,
    17,
    16,
    5,
    17,
    17,
    17,
    17,
    17,
    4,
    17,
    17,
    17,
    17,
    1,
    14,
    5,
    17,
    17,
    5,
    16,
    17,
    17,
    17,
    17,
    6,
    14,
    2,
    9,
    17,
    15,
    17,
    17,
    17,
    17,
    17,
    14,
    17,
    17,
    8,
    8,
    16,
    17,
    5,
    17,
    17,
    17,
    15,
    17,
    17,
    17,
    17,
    5,
    5,
    17,
    17,
    2,
    17,
    17,
    17,
    14,
    17,
    17,
    8,
    8,
    16,
    8,
    17,
    17,
    8,
    8,
    17,
    17,
    17,
    17,
    17,
    17,
    17,
    17,
    17,
    17,
    16,
    16,
    5,
    17,
    2,
    17,
    6,
    8,
    17,
    6,
    17,
    17,
    17,
    17,
    17,
    6,
    2,
    17,
    8,
    2,
    3,
    17,
    2,
    17,
    17,
    17,
    11,
    5,
    15,
    17,
    17,
    8,
    17,
    8,
    17,
    17,
    13,
    17,
    6,
    17,
    8,
    3
  ],
  "objectives": [
    453828.7099999993,
    1108.9199999999998
  ],
  "fitness": {
    "minutos_ponderados": 453828.7099999993,
    "costo_total": 1108.9199999999998
  }
}