{
  "solution": [
    17,
    17,
    2,
    17,
    17,
    5,
    17,
    17,
    17,
    17,
    1,
    14,
    17,
    17,
    8,
    17,
    17,
    17,
    6,
    15,
    17,
    17,
    17,
    17,
    17,
    2,
    17,
    17,
    17,
    4,
    8,
    17,
    8,
    17,
    17,
    17,
    17,
    5,
    17,
    8,
    17,
    17,
    17,
    17,
    2,
    5,
    2,
    17,
    16,
    17,
    13,
    17,
    17,
    7,
    2,
    17,
    17,
    8,
    17,
    14,
    17,
    17,
    17,
    17,
    17,
    8,
    17,
    17,
    17,
    2,
    9,
    17,
    17,
    17,
    17,
    17,
    17,
    17,
    5,
    17,
    11,
    5,
    17,
    17,
    17,
    17,
    16,
    17,
    6,
    17,
    15,
    17,
    8,
    5,
    17,
    8,
    2,
    17,
    4,
    8,
    17,
    17,
    9,
    17,
    4,
    17,
    17,
    17,
    17,
    17,
    17,
    17,
    8,
    17,
    17,
    4,
    17,
    17,
    17,
    17,
    8,
    5,
    17,
    17,
    8,
    17,
    4,
    17,
    17,
    8,
    17,
    17,
    2,
    8,
    16,
    17,
    8,
    15,
    17,
    17,
    17,
    13,
    8,
    8,
    4,
    5,
    5,
    17,
    17,
    17,
    8,
    11,
    17,
    5,
    18,
    5,
    5,
    2,
    17,
    11,
    6,
    2,
    17,
    17,
    17,
    17,
    8,
    17,
    17,
    17,
    4,
    2,
    17,
    4,
    16,
    17,
    17,
    2,
    17,
    16,
    5,
    3,
    17,
    17,
    17,
    17,
    4,
    16,
    17,
    17,
    17,
    16,
    17,
    5,
    17,
    17,
    5,
    5,
    17,
    17,
    17,
    17,
    6,
    17,
    17,
    16,
    17,
    15,
    17,
    17,
    17,
    17,
    17,
    17,
    15,
    17,
    8,
    8,
    16,
    17,
    5,
    17,
    17,
    17,
    8,
    17,
    17,
    17,
    17,
    16,
    18,
    6,
    17,
    2,
    17,
    17,
    17,
    17,
    17,
    6,
    8,
    8,
    16,
    8,
    17,
    17,
    8,
    8,
    17,
    12,
    8,
    6,
    17,
    17,
    17,
    17,
    17,
    17,
    16,
    5,
    5,
    17,
    2,
    17,
    6,
    14,
    17,
    10,
    17,
    17,
    17,
    16,
    17,
    6,
    2,
    1,
    8,
    17,
    14,
    17,
    17,
    17,
    17,
    17,
    8,
    5,
    17,
    17,
    17,
    8,
    17,
    8,
    17,
    17,
    8,
    4,
    6,
    17,
    8,
    7
  ],
  "objectives": [
    452826.15999999974,
    1058.4799999999998
  ],
  "fitness": {
    "minutos_ponderados": 452826.15999999974,
    "costo_total": 1058.4799999999998
  }
}