{
  "run_info": {
    "dataset": "users5.json",
    "config": "uniform_reset_low_mutation",
    "run": 4,
    "execution_time": 4453.507816314697,
    "generations": 119,
    "pareto_size": 29,
    "pareto_points": [
      [
        -3264719.6999999974,
        8369.480000000001
      ],
      [
        -3327687.179999998,
        8560.36
      ],
      [
        -3313746.8299999954,
        8485.45
      ],
      [
        -3312545.9599999976,
        8473.4
      ],
      [
        -3331002.5600000024,
        8580.44
      ],
      [
        -3318381.949999996,
        8519.87
      ],
      [
        -3282326.6899999934,
        8379.980000000001
      ],
      [
        -3300514.899999994,
        8411.480000000001
      ],
      [
        -3335891.3299999996,
        8591.92
      ],
      [
        -3324599.8000000007,
        8534.960000000001
      ],
      [
        -3245562.7099999976,
        8325.980000000001
      ],
      [
        -3317627.1399999945,
        8489.420000000002
      ],
      [
        -3337962.249999998,
        8629.91
      ],
      [
        -3339858.780000002,
        8675.890000000001
      ],
      [
        -3290942.3199999966,
        8405.990000000002
      ],
      [
        -3296240.299999996,
        8407.45
      ],
      [
        -3337576.78,
        8627.390000000001
      ],
      [
        -3326314.339999998,
        8544.400000000001
      ],
      [
        -3307374.719999996,
        8441.44
      ],
      [
        -3314149.609999993,
        8488.43
      ],
      [
        -3303843.3199999933,
        8439.45
      ],
      [
        -3343324.8700000006,
        8696.82
      ],
      [
        -3311801.619999998,
        8472.42
      ],
      [
        -3300995.1699999953,
        8433.430000000002
      ],
      [
        -3302596.519999994,
        8437.920000000002
      ],
      [
        -3303278.9299999936,
        8438.470000000001
      ],
      [
        -3327259.9800000032,
        8550.940000000002
      ],
      [
        -3289795.009999996,
        8385.470000000001
      ],
      [
        -3310288.609999994,
        8463.960000000001
      ]
    ]
  },
  "solutions_count": 29,
  "solutions_directory": "../results/NSGA2\\solutions\\users5\\uniform_reset_low_mutation\\run4"
}