{
  "solution": [
    8,
    5,
    16,
    17,
    5,
    17,
    6,
    17,
    2,
    17,
    17,
    1,
    8,
    7,
    2,
    5,
    17,
    8,
    14,
    4,
    16,
    17,
    17,
    17,
    4,
    8,
    2,
    3,
    17,
    17,
    6,
    17,
    17,
    17,
    17,
    2,
    17,
    17,
    8,
    16,
    17,
    16,
    8,
    5,
    7,
    17,
    1,
    17,
    17,
    17,
    17,
    8,
    17,
    8,
    16,
    6,
    5,
    17,
    17,
    17,
    17,
    17,
    17,
    12,
    17,
    17,
    12,
    8,
    6,
    8,
    16,
    11,
    4,
    6,
    17,
    8,
    8,
    8,
    17,
    16,
    5,
    17,
    17,
    17,
    5,
    17,
    17,
    5,
    17,
    17,
    17,
    2,
    16,
    17,
    1,
    17,
    17,
    17,
    17,
    17,
    5,
    17,
    2,
    2,
    17,
    2,
    17,
    17,
    17,
    2,
    17,
    8,
    17,
    17,
    17,
    17,
    5,
    17,
    17,
    17,
    5,
    2,
    17,
    17,
    8,
    17,
    17,
    17,
    11,
    17,
    17,
    11,
    17,
    17,
    17,
    17,
    17,
    17,
    17,
    17,
    17,
    8,
    17,
    17,
    17,
    16,
    8,
    17,
    2,
    8,
    4,
    5,
    17,
    17,
    17,
    17,
    17,
    17,
    17,
    8,
    17,
    17,
    17,
    8,
    8,
    5,
    17,
    8,
    2,
    17,
    17,
    8,
    2,
    17,
    17,
    17,
    5,
    17,
    17,
    17,
    8,
    17,
    17,
    17,
    17,
    17,
    17,
    17,
    16,
    8,
    8,
    17,
    17,
    8,
    4,
    8,
    8,
    17,
    17,
    5,
    15,
    17,
    16,
    5,
    8,
    2,
    17,
    17,
    16,
    17,
    17,
    4,
    16,
    17,
    8,
    4,
    6,
    17,
    17,
    17,
    17,
    6,
    2,
    17,
    17,
    17,
    17,
    17,
    17,
    5,
    16,
    4,
    17,
    17,
    8,
    8,
    6,
    8,
    17,
    17,
    5,
    17,
    17,
    17,
    8,
    17,
    8,
    1,
    17,
    4,
    17,
    17,
    16,
    17,
    17,
    17,
    13,
    3,
    17,
    6,
    17,
    8,
    16,
    15,
    8,
    17,
    8,
    17,
    17,
    17,
    17,
    5,
    17,
    17,
    17,
    17,
    8,
    11,
    17,
    17,
    17,
    17,
    8,
    5,
    8,
    16,
    17,
    16,
    17,
    8,
    10,
    8,
    17,
    5,
    17,
    17,
    17,
    16,
    14,
    8
  ],
  "objectives": [
    445385.5199999997,
    993.1199999999999
  ],
  "fitness": {
    "minutos_ponderados": 445385.5199999997,
    "costo_total": 993.1199999999999
  }
}