{
  "solution": [
    5,
    5,
    17,
    17,
    13,
    17,
    17,
    17,
    17,
    17,
    11,
    17,
    8,
    17,
    2,
    5,
    15,
    8,
    13,
    4,
    16,
    17,
    17,
    17,
    4,
    8,
    8,
    17,
    17,
    17,
    9,
    17,
    17,
    17,
    17,
    17,
    17,
    17,
    5,
    16,
    17,
    16,
    8,
    10,
    8,
    17,
    1,
    17,
    18,
    3,
    17,
    8,
    17,
    8,
    16,
    6,
    5,
    17,
    17,
    17,
    3,
    17,
    17,
    17,
    17,
    17,
    16,
    5,
    6,
    6,
    16,
    9,
    8,
    17,
    17,
    8,
    8,
    8,
    17,
    16,
    5,
    17,
    17,
    17,
    5,
    17,
    17,
    5,
    17,
    17,
    17,
    2,
    16,
    5,
    16,
    17,
    2,
    17,
    17,
    17,
    17,
    17,
    9,
    2,
    17,
    2,
    6,
    17,
    17,
    2,
    17,
    8,
    17,
    17,
    17,
    15,
    5,
    15,
    5,
    17,
    5,
    2,
    17,
    17,
    8,
    17,
    17,
    17,
    17,
    17,
    17,
    16,
    17,
    17,
    17,
    17,
    16,
    17,
    17,
    17,
    17,
    8,
    17,
    17,
    17,
    16,
    8,
    17,
    2,
    8,
    4,
    5,
    17,
    17,
    17,
    17,
    17,
    17,
    17,
    8,
    17,
    17,
    17,
    8,
    8,
    5,
    17,
    17,
    17,
    17,
    17,
    8,
    4,
    17,
    17,
    17,
    5,
    17,
    17,
    17,
    8,
    17,
    17,
    17,
    17,
    17,
    17,
    5,
    16,
    8,
    8,
    17,
    3,
    8,
    4,
    17,
    8,
    4,
    2,
    5,
    3,
    17,
    16,
    5,
    2,
    12,
    17,
    17,
    16,
    17,
    17,
    17,
    16,
    17,
    8,
    16,
    6,
    17,
    17,
    17,
    17,
    6,
    2,
    2,
    17,
    17,
    17,
    17,
    17,
    5,
    2,
    4,
    17,
    17,
    8,
    15,
    6,
    8,
    17,
    17,
    17,
    17,
    17,
    5,
    3,
    17,
    8,
    16,
    17,
    4,
    17,
    17,
    16,
    17,
    17,
    17,
    2,
    17,
    17,
    6,
    17,
    8,
    16,
    17,
    8,
    17,
    8,
    17,
    17,
    17,
    17,
    5,
    16,
    17,
    17,
    8,
    8,
    7,
    15,
    17,
    17,
    17,
    6,
    5,
    8,
    16,
    17,
    16,
    17,
    8,
    17,
    8,
    17,
    5,
    17,
    17,
    17,
    9,
    5,
    17
  ],
  "objectives": [
    449309.44999999943,
    996.6200000000001
  ],
  "fitness": {
    "minutos_ponderados": 449309.44999999943,
    "costo_total": 996.6200000000001
  }
}