{
  "solution": [
    17,
    17,
    17,
    17,
    17,
    8,
    17,
    17,
    17,
    17,
    17,
    17,
    17,
    17,
    17,
    17,
    17,
    17,
    15,
    17,
    17,
    17,
    17,
    17,
    1,
    17,
    17,
    17,
    17,
    17,
    17,
    8,
    17,
    17,
    5,
    17,
    14,
    17,
    17,
    17,
    11,
    17,
    17,
    6,
    17,
    17,
    17,
    7,
    11,
    16,
    17,
    17,
    17,
    17,
    17,
    17,
    17,
    17,
    17,
    17,
    17,
    17,
    17,
    17,
    17,
    16,
    10,
    17,
    17,
    17,
    2,
    15,
    17,
    5,
    4,
    16,
    17,
    5,
    17,
    17,
    8,
    17,
    17,
    2,
    17,
    17,
    8,
    17,
    17,
    17,
    17,
    2,
    17,
    17,
    17,
    5,
    17,
    17,
    16,
    8,
    5,
    2,
    17,
    17,
    17,
    17,
    17,
    5,
    2,
    17,
    17,
    17,
    2,
    17,
    17,
    8,
    2,
    17,
    17,
    17,
    17,
    17,
    17,
    9,
    18,
    16,
    5,
    8,
    16,
    17,
    17,
    17,
    17,
    17,
    17,
    2,
    2,
    2,
    17,
    17,
    17,
    17,
    16,
    17,
    17,
    17,
    17,
    17,
    17,
    16,
    5,
    17,
    17,
    17,
    17,
    17,
    14,
    2,
    18,
    17,
    17,
    17,
    12,
    17,
    17,
    17,
    17,
    6,
    17,
    2,
    8,
    2,
    17,
    17,
    8,
    17,
    17,
    17,
    17,
    4,
    15,
    17,
    17,
    17,
    17,
    5,
    17,
    17,
    17,
    17,
    17,
    17,
    17,
    17,
    17,
    8,
    15,
    16,
    17,
    8,
    17,
    11,
    7,
    2,
    4,
    17,
    17,
    17,
    17,
    16,
    17,
    17,
    2,
    17,
    17,
    18,
    17,
    17,
    16,
    17,
    17,
    17,
    16,
    17,
    8,
    17,
    17,
    5,
    17,
    17,
    17,
    17,
    17,
    2,
    17,
    17,
    17,
    17,
    17,
    8,
    11,
    8,
    17,
    5,
    17,
    5,
    9,
    9,
    17,
    17,
    17,
    17,
    17,
    17,
    17,
    17,
    17,
    17,
    17,
    17,
    17,
    17,
    17,
    17,
    17,
    17,
    2,
    2,
    17,
    17,
    17,
    17,
    17,
    17,
    17,
    17,
    2,
    17,
    17,
    17,
    17,
    17,
    8,
    17,
    17,
    17,
    12,
    17,
    17,
    17,
    17,
    17,
    8,
    17,
    17,
    2,
    5,
    17,
    17,
    17
  ],
  "objectives": [
    447104.35999999946,
    1043.8100000000002
  ],
  "fitness": {
    "minutos_ponderados": 447104.35999999946,
    "costo_total": 1043.8100000000002
  }
}