{
  "run_info": {
    "dataset": "users4.json",
    "config": "uniform_reset_high_crossover",
    "run": 1,
    "execution_time": 2365.2556262016296,
    "generations": 100,
    "pareto_size": 33,
    "pareto_points": [
      [
        -1938968.839999996,
        5341.66
      ],
      [
        -1924022.0299999947,
        5304.679999999999
      ],
      [
        -1920973.4299999964,
        5300.18
      ],
      [
        -1894737.2599999947,
        5232.7
      ],
      [
        -1958612.8799999952,
        5469.09
      ],
      [
        -1887682.319999995,
        5194.7300000000005
      ],
      [
        -1914571.5099999947,
        5271.210000000001
      ],
      [
        -1906566.659999996,
        5236.210000000001
      ],
      [
        -1971019.139999996,
        5604.589999999999
      ],
      [
        -1965290.2299999958,
        5498.56
      ],
      [
        -1885285.0799999954,
        5187.73
      ],
      [
        -1960706.1599999955,
        5471.650000000001
      ],
      [
        -1954009.1399999962,
        5413.139999999999
      ],
      [
        -1943698.7999999963,
        5376.599999999999
      ],
      [
        -1953869.1399999957,
        5406.68
      ],
      [
        -1965996.2299999949,
        5515.589999999999
      ],
      [
        -1962384.629999996,
        5494.649999999999
      ],
      [
        -1909501.3899999955,
        5236.759999999999
      ],
      [
        -1946355.8999999966,
        5382.14
      ],
      [
        -1958126.6999999946,
        5457.15
      ],
      [
        -1943027.769999996,
        5363.16
      ],
      [
        -1916974.1899999953,
        5287.17
      ],
      [
        -1958539.0799999959,
        5460.120000000001
      ],
      [
        -1957012.5599999952,
        5454.17
      ],
      [
        -1951644.2799999956,
        5385.1900000000005
      ],
      [
        -1929241.129999995,
        5323.64
      ],
      [
        -1967537.989999998,
        5515.590000000001
      ],
      [
        -1943302.2599999951,
        5369.66
      ],
      [
        -1927635.5799999959,
        5322.67
      ],
      [
        -1945310.0799999963,
        5376.679999999999
      ],
      [
        -1890728.6299999962,
        5210.24
      ],
      [
        -1915572.1499999953,
        5285.6399999999985
      ],
      [
        -1956313.259999997,
        5439.69
      ]
    ]
  },
  "solutions_count": 33,
  "solutions_directory": "../results/NSGA2\\solutions\\users4\\uniform_reset_high_crossover\\run1"
}