{
  "run_info": {
    "dataset": "users2.json",
    "config": "npoint_inversion_high_all",
    "run": 3,
    "execution_time": 925.6985831260681,
    "generations": 153,
    "pareto_size": 31,
    "pareto_points": [
      [
        -740694.7300000008,
        2230.17
      ],
      [
        -819423.3100000009,
        2530.59
      ],
      [
        -758699.8200000009,
        2258.2400000000002
      ],
      [
        -803052.8500000008,
        2469.7800000000007
      ],
      [
        -774815.4100000012,
        2310.13
      ],
      [
        -819229.300000001,
        2524.6099999999997
      ],
      [
        -807969.2500000007,
        2478.73
      ],
      [
        -824972.8900000011,
        2535.56
      ],
      [
        -785947.7800000012,
        2349.68
      ],
      [
        -773958.2200000013,
        2297.16
      ],
      [
        -821635.9400000009,
        2532.59
      ],
      [
        -820619.1200000009,
        2532.0600000000004
      ],
      [
        -810967.9700000007,
        2479.2400000000002
      ],
      [
        -769279.9500000007,
        2261.74
      ],
      [
        -802659.1400000005,
        2457.7200000000003
      ],
      [
        -789143.8300000016,
        2365.64
      ],
      [
        -772826.730000001,
        2282.17
      ],
      [
        -803409.5100000008,
        2472.69
      ],
      [
        -818399.0800000005,
        2518.08
      ],
      [
        -757043.8000000004,
        2245.71
      ],
      [
        -805007.2900000007,
        2472.76
      ],
      [
        -799311.1500000006,
        2426.7200000000003
      ],
      [
        -795473.2200000015,
        2389.6299999999997
      ],
      [
        -812990.8900000018,
        2480.2000000000003
      ],
      [
        -779950.1800000012,
        2346.63
      ],
      [
        -774647.3100000015,
        2303.15
      ],
      [
        -778758.8100000013,
        2313.13
      ],
      [
        -766833.0400000004,
        2258.75
      ],
      [
        -749173.1200000006,
        2239.7
      ],
      [
        -815749.7200000008,
        2506.61
      ],
      [
        -800130.7600000009,
        2443.1400000000003
      ]
    ]
  },
  "solutions_count": 31,
  "solutions_directory": "../results/NSGA2\\solutions\\users2\\npoint_inversion_high_all\\run3"
}