{
  "run_info": {
    "dataset": "users1.json",
    "config": "uniform_inversion_high_mutation",
    "run": 16,
    "execution_time": 235.63445568084717,
    "generations": 105,
    "pareto_size": 14,
    "pareto_points": [
      [
        -478701.4399999997,
        1025.69
      ],
      [
        -479287.9299999996,
        1036.69
      ],
      [
        -487678.8299999998,
        1164.0300000000002
      ],
      [
        -481602.70999999944,
        1066.66
      ],
      [
        -481342.08999999956,
        1054.12
      ],
      [
        -484979.8999999998,
        1089.59
      ],
      [
        -490075.3099999997,
        1217.5300000000002
      ],
      [
        -486023.9399999994,
        1135.05
      ],
      [
        -479605.5399999997,
        1048.67
      ],
      [
        -487746.00999999983,
        1169.5500000000002
      ],
      [
        -486774.89999999973,
        1135.09
      ],
      [
        -485803.61999999976,
        1091.11
      ],
      [
        -488123.16999999946,
        1176.02
      ],
      [
        -488257.58999999944,
        1178.5900000000001
      ]
    ]
  },
  "solutions_count": 14,
  "solutions_directory": "C:\\Users\\hctr0\\PycharmProjects\\TFG_Hector\\31Executions\\NSGA2\\solutions\\users1\\uniform_inversion_high_mutation\\run16"
}