{
  "run_info": {
    "dataset": "users5.json",
    "config": "uniform_inversion_high_mutation",
    "run": 11,
    "execution_time": 2801.1341774463654,
    "generations": 107,
    "pareto_size": 15,
    "pareto_points": [
      [
        -3332412.719999995,
        7974.210000000001
      ],
      [
        -3385558.0100000026,
        8245.130000000001
      ],
      [
        -3385745.0099999933,
        8261.590000000002
      ],
      [
        -3351878.5900000026,
        8031.270000000001
      ],
      [
        -3360247.3199999947,
        8047.740000000001
      ],
      [
        -3314342.109999997,
        7926.770000000001
      ],
      [
        -3365166.7799999965,
        8049.640000000002
      ],
      [
        -3348252.6999999997,
        8022.830000000002
      ],
      [
        -3356377.5700000017,
        8039.26
      ],
      [
        -3365306.4699999993,
        8052.6500000000015
      ],
      [
        -3383208.440000002,
        8126.600000000001
      ],
      [
        -3372403.060000006,
        8070.660000000001
      ],
      [
        -3347998.640000006,
        7978.660000000002
      ],
      [
        -3375128.4499999974,
        8091.200000000001
      ],
      [
        -3377187.7199999946,
        8119.1100000000015
      ]
    ]
  },
  "solutions_count": 15,
  "solutions_directory": "C:\\Users\\hctr0\\PycharmProjects\\TFG_Hector\\31Executions\\NSGA2\\solutions\\users5\\uniform_inversion_high_mutation\\run11"
}