{
  "run_info": {
    "dataset": "users3.json",
    "config": "uniform_reset_low_mutation",
    "run": 3,
    "execution_time": 388.92833828926086,
    "generations": 63,
    "pareto_size": 25,
    "pareto_points": [
      [
        -1166152.5299999977,
        3662.670000000001
      ],
      [
        -1166155.3499999975,
        3663.6499999999996
      ],
      [
        -1172470.7999999977,
        3723.5900000000006
      ],
      [
        -1166224.0599999991,
        3675.6400000000003
      ],
      [
        -1165730.1699999992,
        3652.6700000000005
      ],
      [
        -1175368.6099999968,
        3742.6000000000004
      ],
      [
        -1173270.1899999972,
        3741.5800000000004
      ],
      [
        -1175371.4299999967,
        3763.5699999999997
      ],
      [
        -1169180.8099999987,
        3679.6200000000003
      ],
      [
        -1172165.9299999974,
        3703.6400000000003
      ],
      [
        -1165727.3499999992,
        3647.6799999999994
      ],
      [
        -1156127.549999999,
        3617.6600000000003
      ],
      [
        -1172467.979999998,
        3705.63
      ],
      [
        -1152924.869999999,
        3602.6800000000007
      ],
      [
        -1159665.4999999986,
        3620.6700000000005
      ],
      [
        -1155968.9299999983,
        3613.6600000000003
      ],
      [
        -1162952.6699999985,
        3628.69
      ],
      [
        -1175928.699999997,
        3775.5500000000006
      ],
      [
        -1169423.919999999,
        3684.6499999999996
      ],
      [
        -1165978.129999999,
        3660.6400000000003
      ],
      [
        -1148963.9099999995,
        3586.68
      ],
      [
        -1169426.739999999,
        3695.6200000000003
      ],
      [
        -1172726.0199999972,
        3736.5900000000006
      ],
      [
        -1155966.1099999985,
        3612.66
      ],
      [
        -1173025.249999998,
        3739.580000000001
      ]
    ]
  },
  "solutions_count": 25,
  "solutions_directory": "../results/SPEA2\\solutions\\users3\\uniform_reset_low_mutation\\run3"
}