{
  "solution": [
    15,
    5,
    4,
    4,
    17,
    17,
    5,
    17,
    17,
    11,
    4,
    8,
    8,
    5,
    8,
    17,
    16,
    8,
    17,
    17,
    17,
    2,
    17,
    14,
    5,
    16,
    2,
    8,
    13,
    17,
    17,
    15,
    17,
    17,
    17,
    17,
    8,
    2,
    2,
    17,
    5,
    17,
    2,
    17,
    17,
    17,
    3,
    17,
    15,
    5,
    17,
    13,
    17,
    17,
    5,
    17,
    5,
    6,
    8,
    17,
    8,
    17,
    17,
    8,
    8,
    8,
    8,
    18,
    9,
    17,
    4,
    5,
    17,
    5,
    5,
    2,
    17,
    9,
    17,
    17,
    16,
    8,
    2,
    17,
    8,
    17,
    16,
    15,
    17,
    17,
    17,
    11,
    6,
    9,
    8,
    17,
    5,
    16,
    17,
    2,
    17,
    9,
    18,
    5,
    17,
    4,
    9,
    17,
    17,
    17,
    17,
    5,
    15,
    17,
    8,
    2,
    4,
    17,
    17,
    6,
    16,
    7,
    9,
    4,
    17,
    8,
    13,
    1,
    8,
    5,
    17,
    8,
    2,
    9,
    17,
    16,
    5,
    17,
    17,
    8,
    4,
    18,
    17,
    5,
    16,
    7,
    17,
    18,
    16,
    17,
    17,
    11,
    15,
    2,
    8,
    6,
    16,
    11,
    8,
    8,
    15,
    8,
    17,
    16,
    9,
    8,
    8,
    17,
    2,
    2,
    12,
    16,
    3,
    8,
    16,
    17,
    17,
    1,
    2,
    17,
    7,
    17,
    10,
    17,
    17,
    17,
    17,
    2,
    17,
    9,
    7,
    8,
    1,
    14,
    4,
    18,
    4,
    17,
    17,
    3,
    13,
    2,
    17,
    6,
    5,
    2,
    4,
    6,
    9,
    9,
    17,
    17,
    4,
    17,
    8,
    8,
    17,
    5,
    7,
    7,
    4,
    17,
    2,
    17,
    6,
    17,
    8,
    17,
    9,
    17,
    17,
    10,
    17,
    8,
    17,
    16,
    2,
    17,
    2,
    5,
    15,
    10,
    7,
    15,
    12,
    5,
    2,
    1,
    17,
    3,
    5,
    5,
    8,
    5,
    17,
    5,
    5,
    17,
    17,
    9,
    16,
    5,
    9,
    8,
    6,
    15,
    17,
    8,
    8,
    13,
    15,
    17,
    15,
    6,
    15,
    6,
    15,
    2,
    8,
    15,
    2,
    8,
    2,
    8,
    2,
    17,
    2,
    2,
    17,
    16,
    16,
    5,
    2,
    11,
    17,
    4,
    17,
    6,
    6,
    17
  ],
  "objectives": [
    371267.90000000026,
    1123.4099999999999
  ],
  "fitness": {
    "minutos_ponderados": 371267.90000000026,
    "costo_total": 1123.4099999999999
  }
}