{
  "solution": [
    17,
    8,
    17,
    9,
    18,
    8,
    8,
    17,
    12,
    17,
    7,
    8,
    9,
    5,
    11,
    17,
    17,
    4,
    17,
    9,
    17,
    1,
    2,
    17,
    16,
    8,
    2,
    17,
    8,
    17,
    16,
    17,
    17,
    17,
    17,
    17,
    5,
    2,
    16,
    2,
    5,
    2,
    2,
    17,
    17,
    12,
    8,
    17,
    17,
    6,
    2,
    2,
    15,
    16,
    14,
    6,
    5,
    17,
    1,
    17,
    17,
    16,
    17,
    8,
    17,
    8,
    17,
    17,
    17,
    15,
    4,
    5,
    17,
    16,
    17,
    15,
    16,
    17,
    17,
    17,
    17,
    17,
    2,
    17,
    8,
    17,
    11,
    11,
    17,
    17,
    8,
    2,
    17,
    5,
    8,
    8,
    12,
    17,
    3,
    8,
    17,
    13,
    17,
    5,
    8,
    4,
    5,
    17,
    17,
    17,
    7,
    10,
    6,
    17,
    8,
    8,
    4,
    8,
    17,
    8,
    16,
    1,
    2,
    4,
    2,
    4,
    4,
    17,
    17,
    9,
    12,
    8,
    1,
    2,
    17,
    16,
    17,
    15,
    5,
    16,
    4,
    16,
    17,
    8,
    5,
    17,
    17,
    17,
    10,
    8,
    16,
    17,
    17,
    2,
    17,
    8,
    16,
    17,
    8,
    2,
    17,
    16,
    17,
    2,
    17,
    8,
    9,
    15,
    3,
    2,
    5,
    17,
    17,
    17,
    17,
    17,
    2,
    17,
    2,
    17,
    17,
    9,
    8,
    17,
    17,
    5,
    17,
    17,
    15,
    17,
    6,
    8,
    17,
    16,
    11,
    1,
    16,
    9,
    8,
    17,
    8,
    5,
    4,
    5,
    17,
    8,
    6,
    17,
    13,
    17,
    17,
    17,
    17,
    2,
    17,
    8,
    5,
    5,
    17,
    2,
    4,
    17,
    17,
    17,
    5,
    17,
    3,
    14,
    3,
    9,
    17,
    4,
    9,
    14,
    8,
    3,
    4,
    8,
    17,
    17,
    17,
    8,
    14,
    8,
    16,
    2,
    8,
    1,
    10,
    16,
    2,
    5,
    8,
    16,
    1,
    17,
    8,
    10,
    17,
    17,
    5,
    8,
    8,
    4,
    5,
    8,
    17,
    6,
    16,
    6,
    2,
    17,
    4,
    17,
    16,
    6,
    17,
    8,
    6,
    8,
    17,
    16,
    5,
    8,
    2,
    17,
    2,
    15,
    8,
    16,
    1,
    5,
    6,
    17,
    17,
    4,
    17,
    6,
    6,
    17
  ],
  "objectives": [
    373124.6299999998,
    1125.3500000000001
  ],
  "fitness": {
    "minutos_ponderados": 373124.6299999998,
    "costo_total": 1125.3500000000001
  }
}