{
  "run_info": {
    "dataset": "users4.json",
    "config": "high_heuristic_influence",
    "run": 13,
    "execution_time": 5282.808357000351,
    "iterations_completed": 93,
    "max_iterations": 200,
    "terminated_early": true,
    "generations_without_improvement": 12,
    "pareto_size": 18,
    "pareto_points": [
      [
        1759137.320000009,
        4488.220000000002
      ],
      [
        1810956.6000000183,
        4536.690000000002
      ],
      [
        1822489.8700000192,
        4820.030000000004
      ],
      [
        1827399.8000000236,
        4837.3300000000045
      ],
      [
        1816705.6300000143,
        4746.380000000005
      ],
      [
        1829364.0100000207,
        4839.530000000005
      ],
      [
        1821137.1700000237,
        4751.990000000005
      ],
      [
        1839078.9700000286,
        4858.9600000000055
      ],
      [
        1866150.820000027,
        4912.370000000006
      ],
      [
        1842360.1100000278,
        4894.090000000006
      ],
      [
        1866731.3400000304,
        4917.1300000000065
      ],
      [
        1837130.900000028,
        4853.230000000006
      ],
      [
        1870989.7500000263,
        4962.640000000006
      ],
      [
        1873085.9000000292,
        4973.530000000005
      ],
      [
        1889441.140000029,
        5118.700000000006
      ],
      [
        1870342.1000000287,
        4948.200000000006
      ],
      [
        1875391.7700000303,
        4976.700000000006
      ],
      [
        1884080.3900000248,
        5012.770000000005
      ]
    ],
    "solutions_evaluated": 1860,
    "config_params": {
      "n_ants": 20,
      "rho": 0.4,
      "alpha": 0.5,
      "beta": 5.0,
      "archive_size": 100,
      "no_improvement_generations": 12
    }
  },
  "solutions_count": 18,
  "solutions_directory": "C:\\Users\\hctr0\\PycharmProjects\\TFG_Hector\\31Executions\\PACO\\solutions\\users4\\high_heuristic_influence\\run13",
  "objective_statistics": {
    "cost_range": {
      "min": 4488.220000000002,
      "max": 5118.700000000006
    },
    "minutes_range": {
      "min": 1759137.320000009,
      "max": 1889441.140000029
    }
  },
  "algorithm_info": {
    "archive_history_length": 93,
    "max_archive_size_reached": 22
  }
}