{
  "run_info": {
    "dataset": "users4.json",
    "config": "uniform_reset_low_mutation",
    "run": 2,
    "execution_time": 1165.3370819091797,
    "generations": 81,
    "pareto_size": 32,
    "pareto_points": [
      [
        -1782654.6099999966,
        5865.24
      ],
      [
        -1789273.269999995,
        5887.21
      ],
      [
        -1778711.6199999969,
        5851.25
      ],
      [
        -1798742.0299999975,
        5921.2
      ],
      [
        -1812885.8999999962,
        6024.12
      ],
      [
        -1811968.4899999963,
        6011.14
      ],
      [
        -1784558.4699999958,
        5872.720000000002
      ],
      [
        -1782213.9799999963,
        5852.26
      ],
      [
        -1783659.2199999983,
        5872.28
      ],
      [
        -1797385.4099999971,
        5915.1900000000005
      ],
      [
        -1800797.4599999967,
        5928.180000000001
      ],
      [
        -1807417.4399999974,
        5972.180000000001
      ],
      [
        -1807436.7299999965,
        5974.139999999999
      ],
      [
        -1787958.1799999957,
        5877.230000000001
      ],
      [
        -1790302.6699999953,
        5892.200000000002
      ],
      [
        -1798125.7499999972,
        5917.18
      ],
      [
        -1808466.1299999969,
        5984.150000000001
      ],
      [
        -1803673.3799999969,
        5934.68
      ],
      [
        -1793794.4299999974,
        5904.17
      ],
      [
        -1813626.2399999963,
        6035.13
      ],
      [
        -1808205.1399999966,
        5981.67
      ],
      [
        -1806668.8799999969,
        5958.15
      ],
      [
        -1794235.059999997,
        5911.160000000001
      ],
      [
        -1811088.6499999964,
        6009.100000000001
      ],
      [
        -1801001.6699999974,
        5933.669999999999
      ],
      [
        -1783529.0699999954,
        5869.23
      ],
      [
        -1809383.5399999968,
        5988.64
      ],
      [
        -1810171.2399999963,
        5991.140000000001
      ],
      [
        -1805639.4799999965,
        5948.139999999999
      ],
      [
        -1799482.3699999978,
        5922.200000000001
      ],
      [
        -1810919.7999999968,
        6006.160000000002
      ],
      [
        -1809122.5499999966,
        5986.650000000001
      ]
    ]
  },
  "solutions_count": 32,
  "solutions_directory": "../results/SPEA2\\solutions\\users4\\uniform_reset_low_mutation\\run2"
}