{
  "run_info": {
    "dataset": "users1.json",
    "config": "npoint_inversion_low_mutation",
    "run": 5,
    "execution_time": 220.88569688796997,
    "generations": 64,
    "pareto_size": 14,
    "pareto_points": [
      [
        -435135.3600000006,
        1365.86
      ],
      [
        -436290.8200000005,
        1367.8699999999997
      ],
      [
        -469658.31000000006,
        1533.7199999999998
      ],
      [
        -441885.0900000005,
        1371.8799999999997
      ],
      [
        -453889.63000000064,
        1398.8899999999996
      ],
      [
        -453244.6700000005,
        1393.8499999999997
      ],
      [
        -438930.66000000073,
        1368.8699999999997
      ],
      [
        -468784.56000000046,
        1463.7899999999997
      ],
      [
        -439089.2500000006,
        1369.37
      ],
      [
        -465775.6700000004,
        1434.3700000000001
      ],
      [
        -455963.6900000007,
        1412.37
      ],
      [
        -450352.2100000006,
        1374.9399999999998
      ],
      [
        -475380.27,
        1569.7099999999998
      ],
      [
        -469995.1400000001,
        1561.7499999999995
      ]
    ]
  },
  "solutions_count": 14,
  "solutions_directory": "../results/NSGA2\\solutions\\users1\\npoint_inversion_low_mutation\\run5"
}