{
  "run_info": {
    "dataset": "users4.json",
    "config": "npoint_inversion_low_mutation",
    "run": 5,
    "execution_time": 747.6051075458527,
    "generations": 66,
    "pareto_size": 19,
    "pareto_points": [
      [
        -1728056.739999996,
        5827.660000000001
      ],
      [
        -1727187.6499999962,
        5807.690000000001
      ],
      [
        -1734100.3399999961,
        5881.150000000002
      ],
      [
        -1709384.8299999982,
        5798.26
      ],
      [
        -1733235.6299999957,
        5871.630000000001
      ],
      [
        -1730769.9299999957,
        5867.130000000001
      ],
      [
        -1730568.249999996,
        5833.210000000001
      ],
      [
        -1766195.2300000004,
        5920.1900000000005
      ],
      [
        -1739643.0499999963,
        5907.6100000000015
      ],
      [
        -1786997.0299999986,
        6082.910000000001
      ],
      [
        -1736722.1299999955,
        5884.580000000001
      ],
      [
        -1781022.7,
        5929.710000000001
      ],
      [
        -1736840.8799999962,
        5893.64
      ],
      [
        -1782456.2799999998,
        5947.24
      ],
      [
        -1789285.119999999,
        6190.000000000001
      ],
      [
        -1787950.789999999,
        6138.010000000001
      ],
      [
        -1765347.81,
        5913.270000000001
      ],
      [
        -1784936.879999999,
        6054.4400000000005
      ],
      [
        -1738374.8499999961,
        5895.620000000002
      ]
    ]
  },
  "solutions_count": 19,
  "solutions_directory": "../results/SPEA2\\solutions\\users4\\npoint_inversion_low_mutation\\run5"
}