{
  "run_info": {
    "dataset": "users4.json",
    "config": "uniform_reset_low_mutation",
    "run": 3,
    "execution_time": 614.3599758148193,
    "generations": 44,
    "pareto_size": 19,
    "pareto_points": [
      [
        -1766814.3400000033,
        5695.68
      ],
      [
        -1776813.3500000031,
        5711.68
      ],
      [
        -1761071.9600000035,
        5666.21
      ],
      [
        -1780090.540000004,
        5713.660000000001
      ],
      [
        -1762252.6700000034,
        5683.190000000001
      ],
      [
        -1765757.0500000038,
        5694.16
      ],
      [
        -1775632.6400000034,
        5705.68
      ],
      [
        -1764372.4600000032,
        5688.220000000001
      ],
      [
        -1781712.850000004,
        5731.129999999999
      ],
      [
        -1789167.9100000048,
        5773.130000000001
      ],
      [
        -1768830.3600000036,
        5704.1900000000005
      ],
      [
        -1783037.7100000044,
        5732.65
      ],
      [
        -1787599.3800000043,
        5750.130000000001
      ],
      [
        -1785977.0700000043,
        5744.63
      ],
      [
        -1786204.2600000042,
        5749.12
      ],
      [
        -1780317.730000004,
        5718.150000000001
      ],
      [
        -1781642.5900000043,
        5727.66
      ],
      [
        -1765529.8600000038,
        5693.170000000001
      ],
      [
        -1783264.9000000043,
        5740.14
      ]
    ]
  },
  "solutions_count": 19,
  "solutions_directory": "../results/SPEA2\\solutions\\users4\\uniform_reset_low_mutation\\run3"
}