{
  "run_info": {
    "dataset": "users4.json",
    "config": "uniform_inversion_high_mutation",
    "run": 15,
    "execution_time": 1150.7273390293121,
    "generations": 82,
    "pareto_size": 11,
    "pareto_points": [
      [
        -1903392.9399999995,
        5270.760000000001
      ],
      [
        -1825600.7300000035,
        5178.64
      ],
      [
        -1895724.1600000001,
        5237.89
      ],
      [
        -1856130.6299999992,
        5225.620000000002
      ],
      [
        -1877288.7899999986,
        5225.760000000001
      ],
      [
        -1909622.3099999977,
        5282.31
      ],
      [
        -1896581.3099999991,
        5254.84
      ],
      [
        -1935925.5999999992,
        5340.210000000001
      ],
      [
        -1898972.51,
        5261.18
      ],
      [
        -1942115.2499999986,
        5405.760000000001
      ],
      [
        -1924999.5899999978,
        5291.25
      ]
    ]
  },
  "solutions_count": 11,
  "solutions_directory": "C:\\Users\\hctr0\\PycharmProjects\\TFG_Hector\\31Executions\\NSGA2\\solutions\\users4\\uniform_inversion_high_mutation\\run15"
}