{
  "run_info": {
    "dataset": "users2.json",
    "config": "npoint_inversion_low_mutation",
    "run": 5,
    "execution_time": 424.6724843978882,
    "generations": 71,
    "pareto_size": 26,
    "pareto_points": [
      [
        -720363.5799999997,
        2492.7300000000005
      ],
      [
        -723453.1899999997,
        2498.2200000000003
      ],
      [
        -718671.33,
        2479.19
      ],
      [
        -694242.6299999999,
        2443.16
      ],
      [
        -751664.6600000005,
        2629.1899999999996
      ],
      [
        -733460.0499999997,
        2507.69
      ],
      [
        -738714.0899999997,
        2541.67
      ],
      [
        -754907.2600000005,
        2674.67
      ],
      [
        -694217.729999999,
        2432.6499999999996
      ],
      [
        -740631.88,
        2558.65
      ],
      [
        -733501.3799999997,
        2513.71
      ],
      [
        -701389.5599999995,
        2454.15
      ],
      [
        -750104.4600000011,
        2589.7
      ],
      [
        -757826.0199999997,
        2727.15
      ],
      [
        -736549.6599999998,
        2517.1800000000003
      ],
      [
        -751640.5699999998,
        2598.21
      ],
      [
        -705516.2099999997,
        2478.14
      ],
      [
        -760042.0300000005,
        2753.6
      ],
      [
        -740162.6099999998,
        2547.69
      ],
      [
        -755012.0899999999,
        2690.6600000000003
      ],
      [
        -756558.3800000001,
        2714.6099999999997
      ],
      [
        -695610.7,
        2452.12
      ],
      [
        -755559.2499999999,
        2701.65
      ],
      [
        -759999.9900000007,
        2739.57
      ],
      [
        -754218.3099999999,
        2634.2099999999996
      ],
      [
        -756788.6699999997,
        2721.66
      ]
    ]
  },
  "solutions_count": 26,
  "solutions_directory": "../results/NSGA2\\solutions\\users2\\npoint_inversion_low_mutation\\run5"
}