{
  "run_info": {
    "dataset": "users3.json",
    "config": "slow_evaporation_exploitative",
    "run": 4,
    "execution_time": 444.96315026283264,
    "iterations_completed": 14,
    "max_iterations": 200,
    "terminated_early": true,
    "generations_without_improvement": 12,
    "pareto_size": 4,
    "pareto_points": [
      [
        993853.4499999991,
        2948.6800000000007
      ],
      [
        954450.6600000004,
        2794.7200000000003
      ],
      [
        922967.1200000007,
        2794.2300000000005
      ],
      [
        982097.830000001,
        2864.1300000000006
      ]
    ],
    "solutions_evaluated": 280,
    "config_params": {
      "n_ants": 20,
      "rho": 0.2,
      "alpha": 2.0,
      "beta": 3.0,
      "archive_size": 100,
      "no_improvement_generations": 12
    }
  },
  "solutions_count": 4,
  "solutions_directory": "../results/PACO\\solutions\\users3\\slow_evaporation_exploitative\\run4",
  "objective_statistics": {
    "cost_range": {
      "min": 2794.2300000000005,
      "max": 2948.6800000000007
    },
    "minutes_range": {
      "min": 922967.1200000007,
      "max": 993853.4499999991
    }
  },
  "algorithm_info": {
    "archive_history_length": 14,
    "max_archive_size_reached": 4
  }
}