{
  "run_info": {
    "dataset": "users3.json",
    "config": "high_heuristic_influence",
    "run": 5,
    "execution_time": 1973.4680733680725,
    "iterations_completed": 48,
    "max_iterations": 200,
    "terminated_early": true,
    "generations_without_improvement": 12,
    "pareto_size": 8,
    "pareto_points": [
      [
        1183365.8499999957,
        2753.31
      ],
      [
        1207347.8599999966,
        2938.5299999999997
      ],
      [
        1196284.6499999955,
        2907.2900000000004
      ],
      [
        1217972.1199999964,
        2958.180000000001
      ],
      [
        1250960.8099999945,
        3051.9100000000017
      ],
      [
        1243756.9899999953,
        3049.0100000000016
      ],
      [
        1243600.3599999957,
        3021.3500000000017
      ],
      [
        1269245.58999999,
        3100.000000000002
      ]
    ],
    "solutions_evaluated": 960,
    "config_params": {
      "n_ants": 20,
      "rho": 0.4,
      "alpha": 0.5,
      "beta": 5.0,
      "archive_size": 100,
      "no_improvement_generations": 12
    }
  },
  "solutions_count": 8,
  "solutions_directory": "C:\\Users\\hctr0\\PycharmProjects\\TFG_Hector\\31Executions\\PACO\\solutions\\users3\\high_heuristic_influence\\run5",
  "objective_statistics": {
    "cost_range": {
      "min": 2753.31,
      "max": 3100.000000000002
    },
    "minutes_range": {
      "min": 1183365.8499999957,
      "max": 1269245.58999999
    }
  },
  "algorithm_info": {
    "archive_history_length": 48,
    "max_archive_size_reached": 13
  }
}