{
  "solution": [
    17,
    8,
    17,
    5,
    10,
    2,
    17,
    17,
    7,
    16,
    17,
    17,
    17,
    2,
    17,
    17,
    5,
    17,
    8,
    14,
    6,
    2,
    9,
    5,
    2,
    17,
    4,
    15,
    17,
    17,
    5,
    17,
    17,
    17,
    4,
    11,
    8,
    17,
    17,
    4,
    17,
    2,
    8,
    17,
    17,
    17,
    17,
    8,
    17,
    16,
    17,
    1,
    17,
    2,
    17,
    8,
    17,
    17,
    17,
    17,
    17,
    16,
    8,
    17,
    4,
    17,
    17,
    16,
    17,
    17,
    2,
    17,
    17,
    17,
    17,
    17,
    17,
    17,
    8,
    17,
    16,
    17,
    17,
    2,
    15,
    8,
    16,
    15,
    2,
    8,
    17,
    17,
    17,
    17,
    8,
    17,
    2,
    8,
    17,
    17,
    2,
    17,
    17,
    17,
    12,
    8,
    17,
    16,
    17,
    17,
    17,
    17,
    17,
    17,
    17,
    17,
    17,
    17,
    17,
    8,
    2,
    2,
    17,
    8,
    2,
    17,
    17,
    3,
    17,
    17,
    17,
    2,
    5,
    16,
    17,
    2,
    8,
    17,
    8,
    17,
    5,
    6,
    17,
    2,
    4,
    8,
    5,
    10,
    17,
    17,
    8,
    17,
    17,
    17,
    17,
    17,
    4,
    17,
    17,
    17,
    17,
    17,
    6,
    6,
    17,
    17,
    17,
    4,
    8,
    17,
    17,
    16,
    17,
    17,
    17,
    17,
    8,
    17,
    17,
    17,
    2,
    8,
    8,
    6,
    9,
    17,
    17,
    17,
    17,
    17,
    17,
    17,
    17,
    17,
    17,
    5,
    16,
    15,
    8,
    9,
    17,
    17,
    11,
    4,
    6,
    17,
    17,
    5,
    17,
    4,
    5,
    5,
    17,
    17,
    17,
    2,
    5,
    17,
    17,
    16,
    17,
    8,
    4,
    17,
    17,
    8,
    16,
    17,
    17,
    15,
    5,
    17,
    2,
    16,
    17,
    16,
    17,
    16,
    17,
    17,
    8,
    8,
    17,
    17,
    17,
    17,
    17,
    17,
    17,
    17,
    17,
    16,
    14,
    17,
    8,
    2,
    2,
    17,
    8,
    5,
    17,
    17,
    17,
    17,
    16,
    17,
    1,
    17,
    17,
    17,
    17,
    8,
    17,
    5,
    17,
    17,
    17,
    2,
    17,
    17,
    17,
    5,
    1,
    17,
    17,
    4,
    17,
    16,
    17,
    2,
    17,
    17,
    17,
    12,
    17,
    2,
    17,
    2,
    17,
    17
  ],
  "objectives": [
    449736.28999999946,
    998.5799999999999
  ],
  "fitness": {
    "minutos_ponderados": 449736.28999999946,
    "costo_total": 998.5799999999999
  }
}