{
  "run_info": {
    "dataset": "users4.json",
    "config": "npoint_inversion_high_all",
    "run": 5,
    "execution_time": 5729.883262872696,
    "generations": 300,
    "pareto_size": 56,
    "pareto_points": [
      [
        -1925975.209999996,
        5612.070000000001
      ],
      [
        -1873819.1200000031,
        5523.580000000001
      ],
      [
        -1845180.2300000007,
        5420.06
      ],
      [
        -1932695.5899999996,
        5656.73
      ],
      [
        -1866660.280000001,
        5500.93
      ],
      [
        -1973875.6800000009,
        5925.49
      ],
      [
        -1967154.8900000008,
        5836.01
      ],
      [
        -1918720.7799999968,
        5593.1
      ],
      [
        -1960603.7800000017,
        5796.040000000001
      ],
      [
        -1972648.8400000003,
        5923.99
      ],
      [
        -1931026.1699999946,
        5633.110000000001
      ],
      [
        -1885900.3700000027,
        5530.650000000001
      ],
      [
        -1967928.1100000017,
        5874.000000000001
      ],
      [
        -1860766.7600000026,
        5454.000000000001
      ],
      [
        -1958344.72,
        5763.67
      ],
      [
        -1956968.93,
        5749.700000000001
      ],
      [
        -1868683.1100000038,
        5502.030000000001
      ],
      [
        -1920247.969999997,
        5596.0700000000015
      ],
      [
        -1977970.4000000015,
        5973.520000000002
      ],
      [
        -1943938.9599999997,
        5732.67
      ],
      [
        -1957873.6700000004,
        5756.710000000001
      ],
      [
        -1872699.370000001,
        5506.990000000001
      ],
      [
        -1862662.9500000011,
        5478.9800000000005
      ],
      [
        -1895253.9500000027,
        5575.550000000001
      ],
      [
        -1936531.3099999998,
        5668.200000000002
      ],
      [
        -1890014.6400000034,
        5566.59
      ],
      [
        -1975071.0500000014,
        5971.030000000001
      ],
      [
        -1923075.8599999961,
        5603.09
      ],
      [
        -1895804.300000003,
        5589.540000000001
      ],
      [
        -1945655.3599999996,
        5733.650000000001
      ],
      [
        -1887616.7700000026,
        5560.62
      ],
      [
        -1929549.9799999963,
        5629.060000000001
      ],
      [
        -1935533.549999999,
        5665.740000000001
      ],
      [
        -1959565.3700000017,
        5776.580000000001
      ],
      [
        -1969418.070000002,
        5883.950000000001
      ],
      [
        -1963592.580000002,
        5811.52
      ],
      [
        -1865344.9700000011,
        5494.950000000001
      ],
      [
        -1848782.330000001,
        5445.04
      ],
      [
        -1793307.9100000006,
        5405.58
      ],
      [
        -1793527.3700000006,
        5417.06
      ],
      [
        -1928839.4799999967,
        5626.5700000000015
      ],
      [
        -1929818.4299999953,
        5629.120000000001
      ],
      [
        -1981873.0800000024,
        6033.9800000000005
      ],
      [
        -1943027.9100000001,
        5718.64
      ],
      [
        -1942157.8800000004,
        5703.160000000001
      ],
      [
        -1848127.3900000008,
        5437.030000000002
      ],
      [
        -1936571.9599999993,
        5686.200000000002
      ],
      [
        -1891078.5700000036,
        5566.6
      ],
      [
        -1946376.8600000003,
        5749.650000000001
      ],
      [
        -1961772.8100000022,
        5801.010000000001
      ],
      [
        -1936133.759999999,
        5665.77
      ],
      [
        -1962894.3700000017,
        5809.050000000001
      ],
      [
        -1964610.7700000016,
        5827.000000000001
      ],
      [
        -1938283.78,
        5699.690000000001
      ],
      [
        -1926933.899999997,
        5617.55
      ],
      [
        -1891636.3100000026,
        5570.590000000002
      ]
    ]
  },
  "solutions_count": 56,
  "solutions_directory": "../results/SPEA2\\solutions\\users4\\npoint_inversion_high_all\\run5"
}