{
  "run_info": {
    "dataset": "users5.json",
    "config": "high_heuristic_influence",
    "run": 6,
    "execution_time": 5397.459707021713,
    "iterations_completed": 62,
    "max_iterations": 200,
    "terminated_early": true,
    "generations_without_improvement": 12,
    "pareto_size": 25,
    "pareto_points": [
      [
        2983019.140000008,
        6956.130000000008
      ],
      [
        3007014.4400000093,
        6991.580000000006
      ],
      [
        3018797.829999995,
        7012.050000000008
      ],
      [
        3002930.340000008,
        6972.870000000008
      ],
      [
        3038923.7800000156,
        7033.720000000008
      ],
      [
        2960381.099999999,
        6949.550000000008
      ],
      [
        3056314.0800000075,
        7227.090000000009
      ],
      [
        3045264.040000001,
        7154.420000000009
      ],
      [
        3056068.170000022,
        7216.540000000012
      ],
      [
        3091299.5400000075,
        7455.660000000012
      ],
      [
        3086767.5200000014,
        7346.010000000011
      ],
      [
        3090505.300000013,
        7392.140000000011
      ],
      [
        3130683.4,
        7571.220000000011
      ],
      [
        3101021.080000008,
        7468.0700000000115
      ],
      [
        3113885.7600000235,
        7498.480000000011
      ],
      [
        3154608.0800000275,
        7574.340000000012
      ],
      [
        3129055.6700000158,
        7513.470000000013
      ],
      [
        3175845.73000002,
        7720.8300000000145
      ],
      [
        3191335.3400000143,
        7752.640000000014
      ],
      [
        3181072.5500000203,
        7730.660000000015
      ],
      [
        3192674.9000000157,
        7795.610000000015
      ],
      [
        3205116.7000000305,
        7850.500000000015
      ],
      [
        3156794.2700000205,
        7675.760000000015
      ],
      [
        3176763.300000028,
        7722.680000000014
      ],
      [
        3164941.3200000264,
        7683.940000000013
      ]
    ],
    "solutions_evaluated": 1240,
    "config_params": {
      "n_ants": 20,
      "rho": 0.4,
      "alpha": 0.5,
      "beta": 5.0,
      "archive_size": 100,
      "no_improvement_generations": 12
    }
  },
  "solutions_count": 25,
  "solutions_directory": "C:\\Users\\hctr0\\PycharmProjects\\TFG_Hector\\31Executions\\PACO\\solutions\\users5\\high_heuristic_influence\\run6",
  "objective_statistics": {
    "cost_range": {
      "min": 6949.550000000008,
      "max": 7850.500000000015
    },
    "minutes_range": {
      "min": 2960381.099999999,
      "max": 3205116.7000000305
    }
  },
  "algorithm_info": {
    "archive_history_length": 62,
    "max_archive_size_reached": 26
  }
}