{
  "run_info": {
    "dataset": "users4.json",
    "config": "uniform_reset_low_mutation",
    "run": 1,
    "execution_time": 2105.4243273735046,
    "generations": 108,
    "pareto_size": 24,
    "pareto_points": [
      [
        -1931752.3399999982,
        5315.43
      ],
      [
        -1945171.2099999983,
        5334.979999999999
      ],
      [
        -1978659.2599999965,
        5575.829999999999
      ],
      [
        -1976775.4299999967,
        5539.860000000001
      ],
      [
        -1976248.6699999955,
        5517.89
      ],
      [
        -1976880.419999997,
        5545.380000000001
      ],
      [
        -1968534.5299999965,
        5438.919999999999
      ],
      [
        -1950618.6999999972,
        5358.39
      ],
      [
        -1980159.4099999971,
        5609.8099999999995
      ],
      [
        -1964175.0299999975,
        5392.49
      ],
      [
        -1959532.759999998,
        5359.46
      ],
      [
        -1978431.3299999957,
        5569.840000000001
      ],
      [
        -1979166.689999996,
        5588.320000000001
      ],
      [
        -1976344.0899999973,
        5533.88
      ],
      [
        -1967458.3599999964,
        5408.95
      ],
      [
        -1938533.8799999994,
        5323.01
      ],
      [
        -1971184.019999998,
        5442.39
      ],
      [
        -1971799.929999997,
        5477.94
      ],
      [
        -1960022.2899999972,
        5386.46
      ],
      [
        -1946812.4099999985,
        5347.950000000001
      ],
      [
        -1971725.839999997,
        5455.920000000001
      ],
      [
        -1978034.689999998,
        5556.82
      ],
      [
        -1976230.8299999957,
        5481.42
      ],
      [
        -1977904.7499999956,
        5551.329999999999
      ]
    ]
  },
  "solutions_count": 24,
  "solutions_directory": "../results/NSGA2\\solutions\\users4\\uniform_reset_low_mutation\\run1"
}