{
  "run_info": {
    "dataset": "users2.json",
    "config": "npoint_reset_low_crossover",
    "run": 3,
    "execution_time": 1733.9506516456604,
    "generations": 271,
    "pareto_size": 46,
    "pareto_points": [
      [
        -728998.160000001,
        2551.09
      ],
      [
        -744147.2600000016,
        2703.54
      ],
      [
        -722579.5000000014,
        2526.6400000000003
      ],
      [
        -700544.0500000004,
        2457.17
      ],
      [
        -705466.660000001,
        2460.2
      ],
      [
        -738107.6400000008,
        2619.5699999999997
      ],
      [
        -709343.0700000012,
        2485.17
      ],
      [
        -721961.0200000012,
        2526.13
      ],
      [
        -727163.7500000009,
        2544.1100000000006
      ],
      [
        -717539.4800000011,
        2508.14
      ],
      [
        -714287.6400000016,
        2497.6299999999997
      ],
      [
        -732991.6300000007,
        2583.03
      ],
      [
        -713023.7800000013,
        2489.14
      ],
      [
        -695182.5200000006,
        2444.1600000000003
      ],
      [
        -746215.2000000018,
        2755.99
      ],
      [
        -732820.3600000006,
        2576.0400000000004
      ],
      [
        -690907.4500000005,
        2439.18
      ],
      [
        -729169.4300000011,
        2561.0600000000004
      ],
      [
        -745856.7900000017,
        2735.04
      ],
      [
        -743332.0000000012,
        2680.04
      ],
      [
        -707662.250000001,
        2477.1400000000003
      ],
      [
        -713210.9200000012,
        2490.1300000000006
      ],
      [
        -740124.0100000005,
        2646.57
      ],
      [
        -724130.1900000011,
        2535.63
      ],
      [
        -699698.2200000003,
        2456.1800000000003
      ],
      [
        -736338.7300000007,
        2603.54
      ],
      [
        -733772.5600000008,
        2589.14
      ],
      [
        -741454.7400000007,
        2648.5600000000004
      ],
      [
        -736167.4600000005,
        2589.5600000000004
      ],
      [
        -723193.9700000008,
        2530.13
      ],
      [
        -739293.0300000006,
        2636.08
      ],
      [
        -721814.5500000011,
        2520.13
      ],
      [
        -718304.4300000013,
        2515.64
      ],
      [
        -709171.8000000011,
        2483.1800000000003
      ],
      [
        -720715.1800000012,
        2518.1500000000005
      ],
      [
        -744334.4000000017,
        2721.5
      ],
      [
        -745909.9100000018,
        2749.0
      ],
      [
        -730425.4600000009,
        2563.63
      ],
      [
        -696268.9800000006,
        2449.1800000000003
      ],
      [
        -742390.960000001,
        2657.58
      ],
      [
        -739043.8600000012,
        2625.08
      ],
      [
        -745088.3000000018,
        2723.0099999999998
      ],
      [
        -739464.3000000007,
        2642.0700000000006
      ],
      [
        -726235.6500000011,
        2542.13
      ],
      [
        -722888.6800000009,
        2527.1200000000003
      ],
      [
        -744281.2800000015,
        2715.54
      ]
    ]
  },
  "solutions_count": 46,
  "solutions_directory": "../results/SPEA2\\solutions\\users2\\npoint_reset_low_crossover\\run3"
}