{
  "run_info": {
    "dataset": "users3.json",
    "config": "uniform_inversion_high_mutation",
    "run": 3,
    "execution_time": 1054.4531738758087,
    "generations": 189,
    "pareto_size": 14,
    "pareto_points": [
      [
        -1277466.3599999973,
        2877.1700000000005
      ],
      [
        -1325513.2999999989,
        3027.57
      ],
      [
        -1319021.5399999977,
        2976.5700000000006
      ],
      [
        -1314012.6299999969,
        2941.0800000000004
      ],
      [
        -1318096.889999998,
        2972.5400000000004
      ],
      [
        -1318055.2999999973,
        2971.54
      ],
      [
        -1301636.6199999966,
        2904.1500000000005
      ],
      [
        -1322900.1999999986,
        2987.520000000001
      ],
      [
        -1312765.5599999966,
        2924.590000000001
      ],
      [
        -1325382.2199999995,
        3007.51
      ],
      [
        -1303257.2399999963,
        2918.6500000000005
      ],
      [
        -1327427.7999999993,
        3090.9600000000005
      ],
      [
        -1317459.039999998,
        2952.540000000001
      ],
      [
        -1299026.6599999974,
        2887.6100000000006
      ]
    ]
  },
  "solutions_count": 14,
  "solutions_directory": "../results/SPEA2\\solutions\\users3\\uniform_inversion_high_mutation\\run3"
}