{
  "run_info": {
    "dataset": "users3.json",
    "config": "uniform_inversion_high_mutation",
    "run": 17,
    "execution_time": 822.3417179584503,
    "generations": 83,
    "pareto_size": 19,
    "pareto_points": [
      [
        -1202412.68,
        3293.090000000001
      ],
      [
        -1224380.6799999978,
        3299.0800000000004
      ],
      [
        -1263053.9099999985,
        3578.45
      ],
      [
        -1235831.269999999,
        3322.5800000000004
      ],
      [
        -1258652.539999998,
        3442.560000000001
      ],
      [
        -1258618.1600000001,
        3438.51
      ],
      [
        -1248065.6299999994,
        3372.1000000000004
      ],
      [
        -1241847.9899999995,
        3342.09
      ],
      [
        -1261955.6199999996,
        3567.9000000000005
      ],
      [
        -1251664.2099999988,
        3393.08
      ],
      [
        -1240763.969999999,
        3337.56
      ],
      [
        -1253685.46,
        3417.05
      ],
      [
        -1258845.95,
        3454.5099999999993
      ],
      [
        -1254277.6699999995,
        3420.5400000000004
      ],
      [
        -1245104.4599999997,
        3343.54
      ],
      [
        -1220163.4099999983,
        3298.6
      ],
      [
        -1237037.0599999994,
        3329.56
      ],
      [
        -1233787.0799999987,
        3311.6000000000004
      ],
      [
        -1260456.9200000004,
        3472.0400000000004
      ]
    ]
  },
  "solutions_count": 19,
  "solutions_directory": "C:\\Users\\hctr0\\PycharmProjects\\TFG_Hector\\31Executions\\NSGA2\\solutions\\users3\\uniform_inversion_high_mutation\\run17"
}