{
  "run_info": {
    "dataset": "users4.json",
    "config": "uniform_inversion_high_mutation",
    "run": 5,
    "execution_time": 1439.8419013023376,
    "generations": 134,
    "pareto_size": 13,
    "pareto_points": [
      [
        -1963349.869999997,
        4945.540000000002
      ],
      [
        -1996860.8899999962,
        4977.550000000001
      ],
      [
        -2032494.9499999962,
        5160.850000000001
      ],
      [
        -2023704.6499999973,
        5070.920000000002
      ],
      [
        -2010601.1599999967,
        4999.980000000001
      ],
      [
        -2012339.869999998,
        5041.970000000001
      ],
      [
        -2012314.0599999984,
        5036.450000000001
      ],
      [
        -2030831.2799999989,
        5141.870000000002
      ],
      [
        -2035181.1399999976,
        5194.850000000001
      ],
      [
        -2033385.699999997,
        5172.39
      ],
      [
        -2026528.4499999983,
        5121.890000000001
      ],
      [
        -2016094.5899999968,
        5044.43
      ],
      [
        -2024669.0199999965,
        5089.89
      ]
    ]
  },
  "solutions_count": 13,
  "solutions_directory": "../results/SPEA2\\solutions\\users4\\uniform_inversion_high_mutation\\run5"
}