{
  "run_info": {
    "dataset": "users5.json",
    "config": "uniform_inversion_high_mutation",
    "algorithm": "SPEA2",
    "run": 23,
    "execution_time": 6879.461978673935,
    "generations": 300,
    "pareto_size": 32,
    "pareto_points": [
      [
        -3400480.719999988,
        8429.850000000002
      ],
      [
        -3378948.059999994,
        8348.880000000001
      ],
      [
        -3411837.149999985,
        8482.35
      ],
      [
        -3402302.7299999883,
        8432.890000000001
      ],
      [
        -3392137.3599999943,
        8383.84
      ],
      [
        -3405957.5799999866,
        8443.860000000002
      ],
      [
        -3388678.789999993,
        8352.870000000003
      ],
      [
        -3425642.8299999824,
        8578.820000000002
      ],
      [
        -3408272.549999986,
        8468.360000000002
      ],
      [
        -3420792.089999983,
        8525.850000000002
      ],
      [
        -3399209.4599999934,
        8412.310000000001
      ],
      [
        -3428913.1199999824,
        8579.820000000002
      ],
      [
        -3423673.58999999,
        8554.830000000002
      ],
      [
        -3407294.7299999865,
        8459.380000000001
      ],
      [
        -3395398.2299999865,
        8409.890000000001
      ],
      [
        -3433618.819999983,
        8662.790000000003
      ],
      [
        -3417325.7599999886,
        8517.830000000002
      ],
      [
        -3395617.799999989,
        8411.84
      ],
      [
        -3388848.199999993,
        8379.850000000002
      ],
      [
        -3390124.459999991,
        8382.87
      ],
      [
        -3421993.549999983,
        8547.830000000002
      ],
      [
        -3429813.6999999806,
        8624.78
      ],
      [
        -3428998.1899999813,
        8622.78
      ],
      [
        -3403639.8799999882,
        8441.900000000001
      ],
      [
        -3415517.919999985,
        8496.350000000002
      ],
      [
        -3392859.1899999864,
        8401.890000000001
      ],
      [
        -3393930.689999995,
        8405.820000000002
      ],
      [
        -3392328.639999988,
        8401.880000000001
      ],
      [
        -3421766.6399999834,
        8540.33
      ],
      [
        -3430619.3099999847,
        8649.82
      ],
      [
        -3422744.4599999827,
        8554.310000000001
      ],
      [
        -3424504.0699999835,
        8578.81
      ]
    ]
  },
  "solutions_count": 32,
  "solutions_directory": "C:\\Users\\hctr0\\PycharmProjects\\TFG_Hector\\31Executions\\SPEA2\\solutions\\users5\\uniform_inversion_high_mutation\\run23"
}