{
  "solution": [
    2,
    17,
    15,
    17,
    17,
    17,
    17,
    17,
    17,
    8,
    17,
    8,
    16,
    8,
    6,
    8,
    16,
    5,
    16,
    8,
    17,
    8,
    17,
    17,
    17,
    17,
    17,
    17,
    4,
    1,
    16,
    3,
    17,
    17,
    8,
    14,
    5,
    2,
    8,
    17,
    17,
    1,
    17,
    16,
    4,
    8,
    16,
    17,
    14,
    17,
    17,
    17,
    2,
    17,
    6,
    17,
    17,
    17,
    2,
    17,
    17,
    5,
    9,
    8,
    14,
    17,
    7,
    17,
    2,
    17,
    17,
    9,
    5,
    17,
    17,
    16,
    8,
    4,
    5,
    17,
    7,
    16,
    17,
    17,
    17,
    4,
    8,
    17,
    8,
    17,
    17,
    17,
    10,
    17,
    4,
    2,
    14,
    6,
    9,
    17,
    9,
    8,
    8,
    8,
    9,
    16,
    8,
    2,
    17,
    17,
    17,
    17,
    11,
    3,
    10,
    8,
    1,
    17,
    17,
    17,
    17,
    16,
    1,
    8,
    18,
    1,
    9,
    2,
    17,
    17,
    15,
    17,
    5,
    17,
    17,
    17,
    17,
    17,
    17,
    5,
    16,
    15,
    5,
    17,
    17,
    8,
    17,
    8,
    17,
    16,
    6,
    16,
    6,
    16,
    17,
    8,
    8,
    6,
    17,
    17,
    16,
    2,
    17,
    5,
    4,
    17,
    8,
    15,
    8,
    8,
    8,
    16,
    13,
    8,
    17,
    17,
    17,
    9,
    16,
    18,
    14,
    4,
    17,
    8,
    17,
    8,
    17,
    17,
    17,
    4,
    5,
    17,
    8,
    2,
    2,
    2,
    8,
    6,
    8,
    5,
    17,
    8,
    17,
    17,
    16,
    16,
    16,
    17,
    8,
    1,
    6,
    17,
    17,
    8,
    2,
    2,
    17,
    17,
    10,
    3,
    11,
    17,
    17,
    15,
    15,
    17,
    16,
    2,
    17,
    16,
    17,
    8,
    15,
    17,
    17,
    8,
    17,
    6,
    5,
    17,
    14,
    2,
    17,
    17,
    5,
    8,
    17,
    4,
    4,
    17,
    8,
    8,
    17,
    17,
    17,
    4,
    16,
    17,
    8,
    17,
    4,
    4,
    6,
    5,
    8,
    1,
    17,
    17,
    17,
    12,
    17,
    15,
    4,
    17,
    17,
    17,
    2,
    3,
    17,
    17,
    17,
    2,
    14,
    8,
    14,
    4,
    5,
    5,
    16,
    10,
    18,
    8,
    5,
    17,
    8,
    8,
    15,
    17,
    17,
    7
  ],
  "objectives": [
    343531.38000000006,
    1141.2199999999998
  ],
  "fitness": {
    "minutos_ponderados": 343531.38000000006,
    "costo_total": 1141.2199999999998
  }
}