{
  "run_info": {
    "dataset": "users1.json",
    "config": "uniform_inversion_high_mutation",
    "run": 6,
    "execution_time": 232.3193519115448,
    "generations": 102,
    "pareto_size": 12,
    "pareto_points": [
      [
        -504469.9000000001,
        1256.5499999999997
      ],
      [
        -503223.0900000001,
        1194.6100000000001
      ],
      [
        -500943.48000000004,
        1125.71
      ],
      [
        -503631.52999999997,
        1200.6100000000001
      ],
      [
        -501378.05000000016,
        1134.6699999999998
      ],
      [
        -502698.0500000001,
        1156.67
      ],
      [
        -493093.5100000002,
        1058.75
      ],
      [
        -500589.0500000001,
        1120.6999999999998
      ],
      [
        -504414.87999999995,
        1215.58
      ],
      [
        -503705.00000000023,
        1205.6099999999997
      ],
      [
        -483494.35000000015,
        1029.73
      ],
      [
        -499262.2100000001,
        1070.73
      ]
    ]
  },
  "solutions_count": 12,
  "solutions_directory": "C:\\Users\\hctr0\\PycharmProjects\\TFG_Hector\\31Executions\\NSGA2\\solutions\\users1\\uniform_inversion_high_mutation\\run6"
}