{
  "run_info": {
    "dataset": "users3.json",
    "config": "uniform_reset_low_mutation",
    "run": 5,
    "execution_time": 1105.7090079784393,
    "generations": 106,
    "pareto_size": 33,
    "pareto_points": [
      [
        -1238850.319999997,
        3324.67
      ],
      [
        -1242790.7199999976,
        3328.2000000000003
      ],
      [
        -1226059.5399999951,
        3274.149999999999
      ],
      [
        -1262941.1,
        3448.65
      ],
      [
        -1236282.7399999967,
        3307.71
      ],
      [
        -1231701.249999996,
        3289.1600000000003
      ],
      [
        -1253616.6099999985,
        3384.71
      ],
      [
        -1257015.3199999996,
        3405.14
      ],
      [
        -1264450.1600000004,
        3456.6600000000003
      ],
      [
        -1256271.779999999,
        3385.14
      ],
      [
        -1226754.6999999953,
        3278.2
      ],
      [
        -1220949.3599999968,
        3209.71
      ],
      [
        -1259554.9399999992,
        3408.1800000000003
      ],
      [
        -1249693.339999998,
        3353.66
      ],
      [
        -1221937.559999996,
        3266.19
      ],
      [
        -1261775.0500000003,
        3436.6800000000003
      ],
      [
        -1256829.2399999988,
        3403.7
      ],
      [
        -1267934.5099999998,
        3478.6400000000003
      ],
      [
        -1229594.149999998,
        3288.2
      ],
      [
        -1260401.5299999996,
        3426.650000000001
      ],
      [
        -1240302.0699999973,
        3327.6000000000004
      ],
      [
        -1263228.37,
        3450.6899999999996
      ],
      [
        -1251360.8699999978,
        3370.7200000000003
      ],
      [
        -1268103.0599999998,
        3487.15
      ],
      [
        -1243346.5599999975,
        3341.1800000000003
      ],
      [
        -1259270.8799999992,
        3405.21
      ],
      [
        -1267798.25,
        3477.65
      ],
      [
        -1251694.179999998,
        3380.2200000000003
      ],
      [
        -1268292.9799999995,
        3496.66
      ],
      [
        -1243832.6699999974,
        3351.13
      ],
      [
        -1267277.7600000002,
        3460.1800000000003
      ],
      [
        -1269232.7999999993,
        3498.63
      ],
      [
        -1260092.7499999995,
        3410.6299999999997
      ]
    ]
  },
  "solutions_count": 33,
  "solutions_directory": "../results/NSGA2\\solutions\\users3\\uniform_reset_low_mutation\\run5"
}