{
  "run_info": {
    "dataset": "users2.json",
    "config": "uniform_inversion_high_mutation",
    "run": 1,
    "execution_time": 1035.7231440544128,
    "generations": 170,
    "pareto_size": 23,
    "pareto_points": [
      [
        -875982.8900000012,
        1717.2
      ],
      [
        -895056.8100000006,
        1930.9799999999998
      ],
      [
        -889261.7500000006,
        1831.07
      ],
      [
        -896635.0200000005,
        1951.0099999999995
      ],
      [
        -895801.0900000008,
        1941.99
      ],
      [
        -887758.8500000006,
        1804.62
      ],
      [
        -882254.6800000006,
        1784.6699999999996
      ],
      [
        -896279.5700000004,
        1942.0499999999997
      ],
      [
        -893833.1600000005,
        1877.04
      ],
      [
        -882919.1600000007,
        1788.6200000000001
      ],
      [
        -884482.2000000009,
        1793.66
      ],
      [
        -879259.5400000009,
        1754.1299999999999
      ],
      [
        -900647.7200000002,
        2101.3599999999997
      ],
      [
        -897322.6699999998,
        1966.9799999999996
      ],
      [
        -895067.3500000009,
        1933.9499999999996
      ],
      [
        -897613.0400000003,
        1984.9199999999996
      ],
      [
        -890291.6300000007,
        1844.05
      ],
      [
        -894125.4700000004,
        1908.4799999999998
      ],
      [
        -881258.6200000005,
        1767.1899999999996
      ],
      [
        -893145.4300000003,
        1858.07
      ],
      [
        -895193.4800000008,
        1934.4599999999998
      ],
      [
        -899013.5000000005,
        1998.4899999999996
      ],
      [
        -900618.9600000002,
        2027.9499999999996
      ]
    ]
  },
  "solutions_count": 23,
  "solutions_directory": "../results/NSGA2\\solutions\\users2\\uniform_inversion_high_mutation\\run1"
}