{
  "run_info": {
    "dataset": "users5.json",
    "config": "uniform_reset_low_mutation",
    "run": 1,
    "execution_time": 1386.128484249115,
    "generations": 89,
    "pareto_size": 26,
    "pareto_points": [
      [
        -2997603.8700000173,
        8567.29
      ],
      [
        -3028046.980000017,
        8644.26
      ],
      [
        -3027275.7800000156,
        8625.380000000001
      ],
      [
        -3043690.05000002,
        8705.760000000002
      ],
      [
        -3041604.510000019,
        8687.720000000001
      ],
      [
        -3026274.000000018,
        8622.910000000002
      ],
      [
        -3032890.3600000152,
        8646.300000000001
      ],
      [
        -3050502.660000017,
        8768.240000000002
      ],
      [
        -3048040.850000018,
        8762.7
      ],
      [
        -3039636.8800000176,
        8681.760000000002
      ],
      [
        -3039599.7200000174,
        8649.31
      ],
      [
        -3048493.9400000186,
        8766.69
      ],
      [
        -3008591.800000016,
        8568.93
      ],
      [
        -3042057.600000019,
        8699.710000000003
      ],
      [
        -3053240.660000018,
        8864.610000000002
      ],
      [
        -3024181.010000016,
        8596.380000000003
      ],
      [
        -3024927.0900000157,
        8615.850000000002
      ],
      [
        -3047114.190000019,
        8759.180000000002
      ],
      [
        -3044927.6700000195,
        8714.750000000002
      ],
      [
        -3041398.5400000177,
        8683.28
      ],
      [
        -3025568.3700000145,
        8615.860000000002
      ],
      [
        -3015224.740000015,
        8578.380000000001
      ],
      [
        -3045716.220000019,
        8737.730000000001
      ],
      [
        -3029182.5700000175,
        8645.820000000002
      ],
      [
        -3046883.0900000166,
        8754.710000000001
      ],
      [
        -3051976.1300000194,
        8828.650000000001
      ]
    ]
  },
  "solutions_count": 26,
  "solutions_directory": "../results/SPEA2\\solutions\\users5\\uniform_reset_low_mutation\\run1"
}