{
  "run_info": {
    "dataset": "users3.json",
    "config": "high_heuristic_influence",
    "run": 9,
    "execution_time": 3087.3983767032623,
    "iterations_completed": 94,
    "max_iterations": 200,
    "terminated_early": true,
    "generations_without_improvement": 12,
    "pareto_size": 18,
    "pareto_points": [
      [
        1160837.8199999959,
        2837.62
      ],
      [
        1150953.1499999913,
        2815.219999999999
      ],
      [
        1142585.1999999918,
        2767.379999999999
      ],
      [
        1171025.0299999951,
        2924.3799999999997
      ],
      [
        1185500.6399999931,
        2978.5300000000007
      ],
      [
        1178905.859999996,
        2974.37
      ],
      [
        1206578.5999999922,
        2979.52
      ],
      [
        1234786.7099999965,
        2999.7300000000014
      ],
      [
        1227628.5599999959,
        2995.5700000000015
      ],
      [
        1250766.8199999975,
        3044.5000000000014
      ],
      [
        1253093.9099999957,
        3065.4200000000014
      ],
      [
        1245553.169999995,
        3041.020000000001
      ],
      [
        1236612.5199999965,
        3026.5800000000017
      ],
      [
        1242772.3899999943,
        3028.5400000000013
      ],
      [
        1239585.4899999956,
        3028.0200000000013
      ],
      [
        1256872.6499999943,
        3071.0300000000016
      ],
      [
        1245140.5599999952,
        3039.9200000000014
      ],
      [
        1265908.4199999962,
        3088.4800000000005
      ]
    ],
    "solutions_evaluated": 1880,
    "config_params": {
      "n_ants": 20,
      "rho": 0.4,
      "alpha": 0.5,
      "beta": 5.0,
      "archive_size": 100,
      "no_improvement_generations": 12
    }
  },
  "solutions_count": 18,
  "solutions_directory": "C:\\Users\\hctr0\\PycharmProjects\\TFG_Hector\\31Executions\\PACO\\solutions\\users3\\high_heuristic_influence\\run9",
  "objective_statistics": {
    "cost_range": {
      "min": 2767.379999999999,
      "max": 3088.4800000000005
    },
    "minutes_range": {
      "min": 1142585.1999999918,
      "max": 1265908.4199999962
    }
  },
  "algorithm_info": {
    "archive_history_length": 94,
    "max_archive_size_reached": 18
  }
}