{
  "run_info": {
    "dataset": "users2.json",
    "config": "uniform_reset_low_mutation",
    "run": 3,
    "execution_time": 279.3803677558899,
    "generations": 94,
    "pareto_size": 26,
    "pareto_points": [
      [
        -798166.4500000001,
        2420.53
      ],
      [
        -751622.0300000013,
        2307.01
      ],
      [
        -794795.3800000004,
        2392.0299999999997
      ],
      [
        -801076.0799999997,
        2464.9700000000003
      ],
      [
        -799796.9600000001,
        2439.5
      ],
      [
        -774752.5700000016,
        2326.55
      ],
      [
        -802122.6599999997,
        2466.96
      ],
      [
        -803343.1099999996,
        2467.5000000000005
      ],
      [
        -800492.1499999999,
        2456.4600000000005
      ],
      [
        -805238.9999999994,
        2479.4900000000002
      ],
      [
        -798793.15,
        2426.98
      ],
      [
        -786701.150000001,
        2373.03
      ],
      [
        -801017.4099999999,
        2460.01
      ],
      [
        -798600.41,
        2423.9700000000003
      ],
      [
        -792133.4500000005,
        2375.04
      ],
      [
        -799278.4899999999,
        2427.51
      ],
      [
        -799311.62,
        2431.9800000000005
      ],
      [
        -800330.13,
        2441.5000000000005
      ],
      [
        -796969.9000000003,
        2399.9900000000002
      ],
      [
        -784109.8300000008,
        2361.52
      ],
      [
        -794644.2000000004,
        2388.03
      ],
      [
        -801058.97,
        2464.02
      ],
      [
        -794089.3900000006,
        2385.05
      ],
      [
        -807139.3099999995,
        2517.4500000000003
      ],
      [
        -797681.1100000002,
        2418.0
      ],
      [
        -801971.4799999997,
        2465.9500000000003
      ]
    ]
  },
  "solutions_count": 26,
  "solutions_directory": "../results/SPEA2\\solutions\\users2\\uniform_reset_low_mutation\\run3"
}