{
  "run_info": {
    "dataset": "users5.json",
    "config": "uniform_inversion_high_mutation",
    "run": 6,
    "execution_time": 6792.876486778259,
    "generations": 268,
    "pareto_size": 20,
    "pareto_points": [
      [
        -3384004.530000004,
        7658.600000000001
      ],
      [
        -3411831.2900000014,
        7768.140000000001
      ],
      [
        -3393293.680000006,
        7730.1
      ],
      [
        -3392852.5200000033,
        7726.580000000001
      ],
      [
        -3414423.300000001,
        7770.580000000002
      ],
      [
        -3415706.390000002,
        7786.050000000001
      ],
      [
        -3407790.720000002,
        7741.110000000001
      ],
      [
        -3414883.8400000045,
        7771.100000000001
      ],
      [
        -3411478.2900000038,
        7750.080000000001
      ],
      [
        -3416761.2500000014,
        7792.550000000001
      ],
      [
        -3446343.509999999,
        8007.470000000001
      ],
      [
        -3442341.329999995,
        7911.089999999999
      ],
      [
        -3421031.579999999,
        7800.550000000001
      ],
      [
        -3427118.1700000037,
        7801.630000000001
      ],
      [
        -3429326.310000001,
        7858.580000000002
      ],
      [
        -3432937.3600000013,
        7874.540000000001
      ],
      [
        -3437908.5699999994,
        7905.620000000001
      ],
      [
        -3428512.0099999984,
        7854.03
      ],
      [
        -3434703.5900000003,
        7886.08
      ],
      [
        -3437693.6799999983,
        7902.550000000001
      ]
    ]
  },
  "solutions_count": 20,
  "solutions_directory": "C:\\Users\\hctr0\\PycharmProjects\\TFG_Hector\\31Executions\\NSGA2\\solutions\\users5\\uniform_inversion_high_mutation\\run6"
}