{
  "solution": [
    4,
    17,
    17,
    8,
    2,
    17,
    4,
    4,
    17,
    17,
    8,
    15,
    8,
    8,
    17,
    16,
    8,
    4,
    17,
    4,
    17,
    17,
    17,
    4,
    16,
    4,
    8,
    17,
    17,
    17,
    17,
    17,
    17,
    17,
    17,
    17,
    8,
    6,
    5,
    17,
    2,
    17,
    17,
    9,
    2,
    8,
    8,
    5,
    8,
    16,
    17,
    11,
    17,
    17,
    17,
    17,
    17,
    17,
    17,
    17,
    16,
    17,
    8,
    17,
    17,
    17,
    17,
    17,
    17,
    17,
    15,
    8,
    8,
    1,
    17,
    5,
    16,
    17,
    17,
    8,
    17,
    17,
    5,
    17,
    2,
    17,
    8,
    17,
    17,
    17,
    17,
    8,
    8,
    17,
    17,
    17,
    17,
    17,
    8,
    8,
    17,
    17,
    8,
    17,
    17,
    17,
    2,
    17,
    1,
    8,
    2,
    14,
    8,
    16,
    17,
    17,
    17,
    17,
    17,
    17,
    17,
    13,
    17,
    17,
    8,
    17,
    17,
    8,
    5,
    17,
    12,
    17,
    17,
    6,
    4,
    8,
    11,
    17,
    17,
    6,
    17,
    17,
    17,
    17,
    5,
    8,
    17,
    17,
    17,
    14,
    17,
    17,
    17,
    17,
    8,
    17,
    17,
    2,
    17,
    17,
    17,
    17,
    17,
    4,
    4,
    17,
    17,
    17,
    17,
    17,
    17,
    17,
    6,
    8,
    5,
    17,
    11,
    17,
    17,
    8,
    17,
    17,
    17,
    17,
    17,
    17,
    17,
    6,
    4,
    17,
    11,
    17,
    17,
    17,
    2,
    8,
    17,
    16,
    8,
    5,
    8,
    8,
    17,
    8,
    17,
    17,
    13,
    16,
    8,
    10,
    17,
    13,
    15,
    17,
    17,
    17,
    10,
    8,
    17,
    5,
    4,
    8,
    8,
    8,
    8,
    17,
    6,
    17,
    8,
    17,
    17,
    17,
    4,
    8,
    8,
    17,
    15,
    17,
    17,
    5,
    17,
    8,
    16,
    17,
    8,
    2,
    17,
    17,
    16,
    17,
    17,
    6,
    17,
    8,
    17,
    17,
    9,
    17,
    2,
    18,
    8,
    4,
    17,
    17,
    17,
    17,
    8,
    17,
    17,
    8,
    16,
    17,
    17,
    1,
    17,
    17,
    17,
    2,
    17,
    17,
    17,
    8,
    17,
    17,
    6,
    8,
    2,
    17,
    1,
    17,
    15,
    5,
    17,
    5,
    17,
    17,
    17,
    17,
    17,
    17
  ],
  "objectives": [
    407177.8700000001,
    1009.5200000000002
  ],
  "fitness": {
    "minutos_ponderados": 407177.8700000001,
    "costo_total": 1009.5200000000002
  }
}