{
  "run_info": {
    "dataset": "users3.json",
    "config": "npoint_reset_low_crossover",
    "run": 2,
    "execution_time": 186.55288934707642,
    "generations": 32,
    "pareto_size": 16,
    "pareto_points": [
      [
        -1095346.4900000016,
        3670.0399999999995
      ],
      [
        -1111532.9400000002,
        3738.03
      ],
      [
        -1131107.78,
        3820.9100000000003
      ],
      [
        -1136069.18,
        3851.92
      ],
      [
        -1101874.800000002,
        3683.0600000000004
      ],
      [
        -1094587.4400000018,
        3661.05
      ],
      [
        -1070462.7199999993,
        3610.13
      ],
      [
        -1116618.9799999993,
        3813.37
      ],
      [
        -1132494.4099999997,
        3823.9400000000005
      ],
      [
        -1129896.8900000004,
        3817.3900000000003
      ],
      [
        -1107552.960000001,
        3721.0600000000004
      ],
      [
        -1115320.019999999,
        3745.54
      ],
      [
        -1134524.44,
        3849.4100000000003
      ],
      [
        -1102937.310000002,
        3691.560000000001
      ],
      [
        -1088252.0900000017,
        3624.07
      ],
      [
        -1133549.4199999988,
        3827.4200000000005
      ]
    ]
  },
  "solutions_count": 16,
  "solutions_directory": "../results/SPEA2\\solutions\\users3\\npoint_reset_low_crossover\\run2"
}