{
  "solution": [
    17,
    17,
    17,
    17,
    17,
    8,
    17,
    17,
    17,
    17,
    8,
    17,
    17,
    8,
    17,
    17,
    2,
    17,
    17,
    8,
    17,
    17,
    17,
    17,
    17,
    18,
    8,
    8,
    17,
    17,
    17,
    16,
    17,
    8,
    17,
    17,
    17,
    8,
    17,
    17,
    17,
    4,
    17,
    17,
    8,
    15,
    17,
    17,
    17,
    17,
    17,
    17,
    6,
    17,
    17,
    17,
    17,
    4,
    8,
    17,
    17,
    6,
    8,
    8,
    17,
    17,
    17,
    17,
    17,
    17,
    17,
    16,
    1,
    17,
    17,
    5,
    8,
    17,
    17,
    17,
    16,
    17,
    4,
    2,
    17,
    4,
    8,
    17,
    17,
    17,
    17,
    17,
    17,
    8,
    17,
    16,
    17,
    2,
    8,
    18,
    5,
    5,
    17,
    17,
    17,
    16,
    17,
    17,
    17,
    17,
    17,
    16,
    17,
    17,
    8,
    17,
    5,
    17,
    15,
    17,
    13,
    17,
    8,
    17,
    4,
    8,
    5,
    2,
    17,
    8,
    4,
    8,
    17,
    17,
    17,
    17,
    8,
    17,
    4,
    2,
    8,
    2,
    17,
    17,
    8,
    5,
    8,
    17,
    17,
    6,
    17,
    17,
    17,
    17,
    4,
    17,
    9,
    17,
    8,
    17,
    5,
    17,
    17,
    8,
    17,
    17,
    17,
    8,
    2,
    4,
    17,
    8,
    4,
    6,
    8,
    7,
    5,
    17,
    17,
    17,
    5,
    17,
    17,
    17,
    17,
    17,
    5,
    17,
    17,
    17,
    17,
    17,
    6,
    8,
    8,
    17,
    17,
    5,
    17,
    17,
    4,
    5,
    17,
    2,
    16,
    17,
    17,
    2,
    16,
    8,
    8,
    17,
    17,
    17,
    16,
    8,
    17,
    17,
    2,
    16,
    17,
    17,
    5,
    8,
    17,
    17,
    17,
    17,
    17,
    8,
    17,
    17,
    6,
    15,
    16,
    16,
    17,
    16,
    17,
    16,
    6,
    17,
    8,
    17,
    17,
    16,
    8,
    5,
    17,
    17,
    17,
    8,
    17,
    17,
    16,
    17,
    12,
    17,
    1,
    16,
    2,
    17,
    2,
    17,
    7,
    8,
    9,
    17,
    5,
    16,
    17,
    8,
    17,
    8,
    14,
    17,
    16,
    17,
    16,
    8,
    1,
    2,
    17,
    17,
    17,
    5,
    17,
    17,
    17,
    4,
    17,
    8,
    6,
    17,
    8,
    17,
    6,
    15,
    2,
    17
  ],
  "objectives": [
    431004.2399999996,
    951.6400000000001
  ],
  "fitness": {
    "minutos_ponderados": 431004.2399999996,
    "costo_total": 951.6400000000001
  }
}