{
  "solution": [
    5,
    8,
    17,
    17,
    17,
    16,
    17,
    17,
    17,
    17,
    8,
    17,
    17,
    8,
    17,
    17,
    14,
    17,
    17,
    8,
    17,
    17,
    17,
    17,
    17,
    17,
    16,
    8,
    1,
    17,
    17,
    8,
    17,
    8,
    17,
    17,
    17,
    8,
    17,
    6,
    8,
    4,
    17,
    17,
    8,
    8,
    17,
    17,
    17,
    17,
    17,
    17,
    2,
    17,
    17,
    17,
    17,
    4,
    8,
    17,
    17,
    6,
    8,
    8,
    16,
    17,
    17,
    17,
    17,
    17,
    17,
    16,
    17,
    11,
    5,
    5,
    8,
    17,
    17,
    17,
    16,
    17,
    4,
    2,
    17,
    17,
    8,
    17,
    17,
    17,
    17,
    13,
    17,
    8,
    17,
    16,
    17,
    2,
    8,
    2,
    5,
    5,
    3,
    17,
    17,
    16,
    17,
    17,
    17,
    17,
    7,
    16,
    17,
    17,
    8,
    17,
    5,
    17,
    16,
    17,
    5,
    17,
    8,
    17,
    4,
    8,
    5,
    17,
    17,
    8,
    4,
    8,
    17,
    17,
    17,
    17,
    8,
    17,
    4,
    2,
    6,
    2,
    17,
    17,
    8,
    5,
    8,
    17,
    17,
    6,
    17,
    17,
    17,
    17,
    4,
    17,
    8,
    17,
    8,
    17,
    5,
    17,
    17,
    8,
    17,
    17,
    17,
    8,
    1,
    17,
    17,
    8,
    4,
    6,
    8,
    17,
    17,
    17,
    17,
    6,
    5,
    9,
    17,
    2,
    17,
    17,
    5,
    17,
    17,
    17,
    17,
    17,
    4,
    8,
    8,
    17,
    17,
    5,
    17,
    17,
    17,
    5,
    17,
    2,
    5,
    17,
    17,
    2,
    16,
    8,
    8,
    17,
    6,
    17,
    16,
    8,
    17,
    17,
    2,
    16,
    17,
    17,
    5,
    8,
    17,
    17,
    17,
    17,
    17,
    8,
    17,
    17,
    17,
    15,
    16,
    16,
    17,
    16,
    17,
    16,
    15,
    17,
    17,
    17,
    17,
    17,
    8,
    5,
    17,
    17,
    17,
    8,
    17,
    17,
    16,
    17,
    17,
    17,
    17,
    16,
    2,
    13,
    2,
    17,
    17,
    8,
    17,
    17,
    5,
    16,
    17,
    8,
    11,
    8,
    17,
    17,
    16,
    17,
    16,
    8,
    5,
    1,
    17,
    17,
    8,
    5,
    17,
    6,
    17,
    4,
    17,
    8,
    17,
    17,
    5,
    17,
    6,
    15,
    2,
    17
  ],
  "objectives": [
    428907.71999999933,
    943.1200000000001
  ],
  "fitness": {
    "minutos_ponderados": 428907.71999999933,
    "costo_total": 943.1200000000001
  }
}