{
  "solution": [
    5,
    17,
    12,
    17,
    17,
    16,
    17,
    17,
    17,
    17,
    8,
    17,
    17,
    8,
    6,
    17,
    2,
    7,
    17,
    8,
    17,
    17,
    17,
    6,
    17,
    17,
    16,
    8,
    17,
    17,
    17,
    8,
    17,
    8,
    17,
    17,
    4,
    5,
    17,
    17,
    17,
    4,
    17,
    17,
    8,
    17,
    17,
    17,
    17,
    17,
    17,
    17,
    2,
    16,
    9,
    4,
    17,
    4,
    8,
    17,
    17,
    6,
    8,
    8,
    17,
    17,
    6,
    17,
    17,
    17,
    17,
    16,
    17,
    17,
    17,
    5,
    15,
    17,
    17,
    17,
    6,
    1,
    9,
    1,
    17,
    17,
    8,
    1,
    17,
    17,
    17,
    17,
    17,
    8,
    17,
    16,
    17,
    9,
    8,
    17,
    5,
    5,
    17,
    17,
    17,
    16,
    17,
    17,
    17,
    14,
    17,
    16,
    17,
    17,
    8,
    17,
    8,
    17,
    16,
    17,
    5,
    17,
    8,
    17,
    4,
    8,
    5,
    17,
    17,
    8,
    4,
    2,
    17,
    17,
    2,
    17,
    8,
    17,
    4,
    13,
    8,
    2,
    17,
    17,
    8,
    5,
    8,
    13,
    17,
    6,
    17,
    17,
    17,
    17,
    4,
    17,
    8,
    17,
    8,
    17,
    5,
    17,
    17,
    8,
    17,
    18,
    17,
    8,
    2,
    17,
    17,
    2,
    4,
    6,
    8,
    17,
    5,
    17,
    17,
    16,
    5,
    17,
    16,
    17,
    17,
    17,
    5,
    17,
    17,
    6,
    17,
    17,
    15,
    8,
    8,
    17,
    17,
    5,
    17,
    17,
    17,
    5,
    17,
    2,
    5,
    17,
    17,
    2,
    16,
    9,
    8,
    17,
    17,
    7,
    16,
    8,
    17,
    17,
    2,
    16,
    17,
    17,
    5,
    8,
    17,
    17,
    17,
    17,
    17,
    8,
    17,
    17,
    17,
    15,
    16,
    16,
    17,
    16,
    17,
    2,
    15,
    8,
    8,
    17,
    17,
    17,
    8,
    5,
    17,
    17,
    4,
    8,
    15,
    17,
    16,
    17,
    17,
    17,
    17,
    16,
    2,
    17,
    2,
    17,
    17,
    8,
    10,
    17,
    5,
    16,
    17,
    8,
    17,
    8,
    17,
    17,
    17,
    17,
    16,
    2,
    5,
    2,
    17,
    17,
    8,
    5,
    17,
    17,
    17,
    4,
    17,
    8,
    17,
    17,
    8,
    17,
    6,
    15,
    2,
    17
  ],
  "objectives": [
    436247.49999999907,
    961.1400000000001
  ],
  "fitness": {
    "minutos_ponderados": 436247.49999999907,
    "costo_total": 961.1400000000001
  }
}