{
  "run_info": {
    "dataset": "users2.json",
    "config": "high_pheromone_influence",
    "run": 4,
    "execution_time": 1561.1297240257263,
    "iterations_completed": 55,
    "max_iterations": 200,
    "terminated_early": true,
    "generations_without_improvement": 12,
    "pareto_size": 4,
    "pareto_points": [
      [
        769067.2399999998,
        1944.4600000000003
      ],
      [
        772311.8099999992,
        1966.5900000000008
      ],
      [
        772881.1700000012,
        2007.0000000000005
      ],
      [
        765032.2900000004,
        1842.0900000000001
      ]
    ],
    "solutions_evaluated": 1375,
    "config_params": {
      "n_ants": 25,
      "rho": 0.3,
      "alpha": 3.0,
      "beta": 2.0,
      "archive_size": 100,
      "no_improvement_generations": 12
    }
  },
  "solutions_count": 4,
  "solutions_directory": "C:\\Users\\hctr0\\PycharmProjects\\TFG_Hector\\31Executions\\PACO\\solutions\\users2\\high_pheromone_influence\\run4",
  "objective_statistics": {
    "cost_range": {
      "min": 1842.0900000000001,
      "max": 2007.0000000000005
    },
    "minutes_range": {
      "min": 765032.2900000004,
      "max": 772881.1700000012
    }
  },
  "algorithm_info": {
    "archive_history_length": 55,
    "max_archive_size_reached": 10
  }
}