{
  "run_info": {
    "dataset": "users3.json",
    "config": "npoint_inversion_high_all",
    "run": 3,
    "execution_time": 765.6956777572632,
    "generations": 136,
    "pareto_size": 20,
    "pareto_points": [
      [
        -1182911.1899999965,
        3397.7
      ],
      [
        -1197814.889999998,
        3562.6
      ],
      [
        -1200196.079999998,
        3599.520000000001
      ],
      [
        -1174080.4099999974,
        3357.7200000000003
      ],
      [
        -1179633.779999997,
        3363.71
      ],
      [
        -1201850.8699999978,
        3623.0
      ],
      [
        -1193755.2399999981,
        3498.2
      ],
      [
        -1188315.9799999965,
        3402.67
      ],
      [
        -1149671.3099999977,
        3354.330000000001
      ],
      [
        -1182296.3299999963,
        3381.71
      ],
      [
        -1135644.85,
        3345.2900000000004
      ],
      [
        -1194744.2699999975,
        3521.17
      ],
      [
        -1188553.3699999966,
        3446.6400000000003
      ],
      [
        -1206647.2399999974,
        3637.0400000000004
      ],
      [
        -1139243.4399999985,
        3350.2800000000007
      ],
      [
        -1191053.0399999965,
        3471.63
      ],
      [
        -1149115.3999999978,
        3354.33
      ],
      [
        -1204129.3099999982,
        3627.5299999999997
      ],
      [
        -1194011.209999997,
        3510.13
      ],
      [
        -1199460.2899999984,
        3576.06
      ]
    ]
  },
  "solutions_count": 20,
  "solutions_directory": "../results/SPEA2\\solutions\\users3\\npoint_inversion_high_all\\run3"
}