{
  "solution": [
    2,
    2,
    5,
    16,
    2,
    14,
    2,
    15,
    17,
    17,
    2,
    3,
    4,
    17,
    17,
    6,
    13,
    8,
    17,
    4,
    16,
    18,
    6,
    5,
    5,
    16,
    2,
    2,
    9,
    17,
    6,
    5,
    4,
    4,
    17,
    12,
    11,
    3,
    5,
    17,
    2,
    17,
    6,
    16,
    2,
    16,
    6,
    11,
    7,
    16,
    5,
    17,
    5,
    2,
    9,
    16,
    16,
    17,
    16,
    9,
    8,
    6,
    6,
    4,
    14,
    8,
    17,
    1,
    17,
    1,
    17,
    2,
    17,
    14,
    17,
    5,
    13,
    8,
    8,
    5,
    4,
    4,
    4,
    10,
    11,
    18,
    2,
    17,
    8,
    14,
    2,
    13,
    17,
    11,
    15,
    8,
    12,
    15,
    17,
    9,
    3,
    6,
    10,
    18,
    11,
    7,
    10,
    6,
    16,
    14,
    6,
    5,
    17,
    17,
    8,
    15,
    8,
    11,
    5,
    1,
    11,
    10,
    8,
    14,
    3,
    17,
    16,
    4,
    15,
    1,
    8,
    15,
    17,
    8,
    18,
    6,
    3,
    17,
    3,
    17,
    9,
    2,
    17,
    17,
    4,
    3,
    16,
    17,
    16,
    17,
    8,
    3,
    1,
    14,
    17,
    11,
    16,
    5,
    5,
    11,
    16,
    6,
    6,
    15,
    9,
    1,
    16,
    17,
    7,
    17,
    4,
    5,
    15,
    5,
    6,
    8,
    15,
    16,
    5,
    4,
    16,
    4,
    6,
    13,
    9,
    2,
    7,
    10,
    11,
    2,
    17,
    17,
    17,
    17,
    17,
    2,
    2,
    17,
    6,
    17,
    6,
    2,
    12,
    6,
    10,
    5,
    5,
    3,
    4,
    4,
    14,
    18,
    10,
    7,
    10,
    6,
    9,
    8,
    16,
    16,
    7,
    10,
    3,
    11,
    17,
    16,
    16,
    17,
    2,
    7,
    13,
    18,
    17,
    14,
    1,
    10,
    5,
    6,
    8,
    10,
    11,
    4,
    5,
    5,
    15,
    6,
    18,
    8,
    8,
    11,
    16,
    8,
    8,
    6,
    4,
    11,
    17,
    1,
    5,
    6,
    9,
    6,
    7,
    8,
    10,
    18,
    15,
    17,
    1,
    12,
    1,
    17,
    3,
    17,
    16,
    5,
    1,
    16,
    6,
    11,
    17,
    10,
    2,
    1,
    17,
    15,
    4,
    1,
    14,
    14,
    4,
    18,
    4,
    11,
    17,
    17,
    17,
    15,
    6,
    8
  ],
  "objectives": [
    424639.7900000001,
    1404.9899999999998
  ],
  "fitness": {
    "minutos_ponderados": 424639.7900000001,
    "costo_total": 1404.9899999999998
  }
}