{
  "solution": [
    8,
    5,
    8,
    14,
    11,
    16,
    16,
    5,
    9,
    2,
    12,
    9,
    12,
    18,
    11,
    16,
    8,
    15,
    13,
    17,
    5,
    10,
    3,
    8,
    17,
    14,
    1,
    4,
    7,
    1,
    4,
    16,
    8,
    17,
    2,
    5,
    14,
    1,
    4,
    17,
    5,
    5,
    17,
    17,
    1,
    4,
    17,
    1,
    6,
    5,
    4,
    3,
    15,
    17,
    14,
    8,
    2,
    15,
    2,
    4,
    6,
    4,
    3,
    14,
    8,
    17,
    15,
    16,
    8,
    1,
    2,
    17,
    2,
    8,
    8,
    6,
    8,
    9,
    15,
    2,
    2,
    14,
    6,
    2,
    9,
    4,
    11,
    17,
    6,
    17,
    8,
    17,
    8,
    2,
    2,
    2,
    4,
    16,
    4,
    6,
    4,
    10,
    5,
    6,
    2,
    17,
    18,
    17,
    1,
    9,
    11,
    16,
    8,
    8,
    13,
    7,
    17,
    8,
    17,
    2,
    6,
    8,
    17,
    17,
    15,
    17,
    17,
    17,
    4,
    11,
    1,
    6,
    6,
    17,
    11,
    1,
    8,
    17,
    9,
    8,
    1,
    4,
    5,
    2,
    17,
    6,
    3,
    2,
    4,
    9,
    17,
    16,
    16,
    17,
    8,
    4,
    2,
    8,
    9,
    4,
    3,
    17,
    8,
    16,
    16,
    18,
    15,
    5,
    17,
    8,
    1,
    8,
    9,
    15,
    15,
    2,
    5,
    17,
    16,
    8,
    11,
    5,
    3,
    8,
    5,
    16,
    15,
    17,
    17,
    16,
    2,
    15,
    8,
    8,
    11,
    11,
    14,
    13,
    17,
    2,
    1,
    6,
    5,
    8,
    3,
    9,
    4,
    2,
    7,
    6,
    16,
    10,
    10,
    11,
    6,
    16,
    16,
    8,
    8,
    17,
    8,
    3,
    8,
    17,
    17,
    5,
    2,
    1,
    18,
    2,
    2,
    4,
    18,
    5,
    2,
    6,
    16,
    2,
    18,
    4,
    6,
    7,
    6,
    4,
    8,
    6,
    15,
    1,
    6,
    6,
    10,
    13,
    17,
    8,
    1,
    17,
    2,
    1,
    5,
    2,
    5,
    8,
    10,
    8,
    17,
    6,
    1,
    8,
    2,
    8,
    17,
    4,
    16,
    9,
    5,
    4,
    17,
    4,
    17,
    9,
    5,
    6,
    6,
    11,
    4,
    8,
    3,
    4,
    9,
    4,
    3,
    2,
    16,
    13,
    2,
    4,
    17,
    2,
    13,
    4
  ],
  "objectives": [
    381420.5799999993,
    1175.65
  ],
  "fitness": {
    "minutos_ponderados": 381420.5799999993,
    "costo_total": 1175.65
  }
}