{
  "solution": [
    9,
    9,
    9,
    16,
    4,
    13,
    13,
    17,
    5,
    1,
    13,
    4,
    8,
    16,
    5,
    16,
    2,
    9,
    4,
    5,
    17,
    6,
    10,
    6,
    17,
    17,
    17,
    17,
    16,
    14,
    5,
    6,
    1,
    17,
    17,
    17,
    17,
    15,
    9,
    10,
    8,
    8,
    9,
    15,
    5,
    8,
    6,
    7,
    15,
    14,
    8,
    8,
    5,
    17,
    16,
    2,
    14,
    7,
    6,
    17,
    17,
    5,
    10,
    2,
    10,
    8,
    17,
    8,
    15,
    9,
    5,
    16,
    2,
    6,
    2,
    5,
    17,
    6,
    2,
    7,
    8,
    4,
    10,
    1,
    17,
    15,
    3,
    16,
    2,
    17,
    2,
    16,
    2,
    16,
    8,
    13,
    4,
    2,
    4,
    17,
    7,
    8,
    8,
    6,
    8,
    17,
    18,
    6,
    10,
    4,
    10,
    3,
    6,
    1,
    15,
    5,
    6,
    8,
    17,
    2,
    2,
    2,
    16,
    17,
    8,
    17,
    5,
    15,
    4,
    6,
    17,
    4,
    5,
    17,
    4,
    17,
    8,
    7,
    2,
    17,
    17,
    9,
    15,
    2,
    17,
    4,
    5,
    15,
    17,
    14,
    10,
    3,
    8,
    3,
    9,
    10,
    2,
    17,
    16,
    8,
    17,
    16,
    15,
    4,
    16,
    2,
    2,
    8,
    15,
    8,
    8,
    15,
    6,
    4,
    16,
    10,
    5,
    16,
    18,
    17,
    6,
    10,
    16,
    8,
    18,
    4,
    6,
    17,
    8,
    6,
    4,
    5,
    17,
    1,
    5,
    17,
    15,
    2,
    2,
    9,
    1,
    9,
    16,
    17,
    16,
    8,
    5,
    17,
    17,
    2,
    5,
    16,
    17,
    8,
    7,
    17,
    13,
    18,
    2,
    4,
    17,
    8,
    13,
    8,
    9,
    10,
    17,
    9,
    5,
    5,
    4,
    6,
    6,
    2,
    8,
    5,
    5,
    16,
    15,
    9,
    9,
    5,
    10,
    16,
    4,
    8,
    4,
    16,
    17,
    2,
    1,
    6,
    5,
    17,
    8,
    8,
    6,
    5,
    12,
    17,
    8,
    17,
    17,
    8,
    17,
    2,
    14,
    13,
    6,
    10,
    4,
    13,
    17,
    8,
    11,
    8,
    16,
    8,
    1,
    13,
    6,
    2,
    6,
    9,
    8,
    17,
    8,
    2,
    3,
    17,
    8,
    11,
    1,
    6,
    17,
    8,
    2,
    17,
    10,
    5
  ],
  "objectives": [
    402059.23000000004,
    1195.06
  ],
  "fitness": {
    "minutos_ponderados": 402059.23000000004,
    "costo_total": 1195.06
  }
}