{
  "solution": [
    5,
    2,
    15,
    8,
    5,
    2,
    16,
    8,
    10,
    18,
    15,
    2,
    4,
    1,
    7,
    6,
    4,
    10,
    17,
    7,
    2,
    14,
    5,
    16,
    9,
    17,
    9,
    6,
    6,
    2,
    16,
    15,
    17,
    2,
    13,
    1,
    9,
    6,
    8,
    17,
    17,
    3,
    6,
    17,
    5,
    16,
    17,
    17,
    8,
    7,
    17,
    2,
    6,
    2,
    4,
    16,
    16,
    16,
    6,
    5,
    4,
    1,
    9,
    17,
    16,
    17,
    13,
    2,
    17,
    3,
    6,
    5,
    4,
    5,
    9,
    17,
    16,
    6,
    18,
    6,
    18,
    5,
    18,
    10,
    4,
    5,
    13,
    8,
    17,
    2,
    2,
    8,
    4,
    1,
    8,
    8,
    16,
    17,
    17,
    2,
    8,
    16,
    5,
    6,
    10,
    2,
    3,
    3,
    2,
    15,
    16,
    17,
    10,
    2,
    1,
    15,
    5,
    18,
    16,
    17,
    14,
    14,
    5,
    17,
    17,
    1,
    9,
    17,
    16,
    17,
    15,
    17,
    15,
    1,
    8,
    4,
    5,
    2,
    8,
    17,
    11,
    5,
    10,
    9,
    8,
    17,
    17,
    15,
    5,
    5,
    17,
    16,
    16,
    4,
    2,
    5,
    18,
    16,
    17,
    16,
    3,
    13,
    14,
    9,
    8,
    15,
    9,
    5,
    10,
    17,
    4,
    17,
    2,
    10,
    2,
    8,
    8,
    4,
    14,
    18,
    2,
    2,
    1,
    4,
    17,
    8,
    15,
    17,
    4,
    15,
    7,
    2,
    14,
    1,
    17,
    17,
    7,
    2,
    4,
    3,
    17,
    17,
    16,
    15,
    18,
    5,
    2,
    5,
    17,
    10,
    8,
    2,
    2,
    9,
    17,
    8,
    3,
    2,
    15,
    4,
    8,
    16,
    8,
    17,
    5,
    5,
    9,
    17,
    6,
    13,
    6,
    16,
    17,
    8,
    11,
    13,
    3,
    15,
    10,
    12,
    3,
    5,
    6,
    16,
    16,
    2,
    1,
    2,
    6,
    17,
    7,
    8,
    14,
    15,
    5,
    14,
    17,
    2,
    6,
    11,
    1,
    7,
    5,
    18,
    7,
    17,
    17,
    15,
    8,
    8,
    6,
    3,
    8,
    2,
    16,
    18,
    1,
    8,
    18,
    17,
    2,
    6,
    2,
    15,
    1,
    17,
    8,
    18,
    4,
    16,
    8,
    2,
    14,
    15,
    16,
    5,
    4,
    17,
    5,
    4
  ],
  "objectives": [
    408676.2499999999,
    1270.1
  ],
  "fitness": {
    "minutos_ponderados": 408676.2499999999,
    "costo_total": 1270.1
  }
}