{
  "run_info": {
    "dataset": "users4.json",
    "config": "uniform_reset_high_crossover",
    "run": 1,
    "execution_time": 1023.8799788951874,
    "generations": 110,
    "pareto_size": 35,
    "pareto_points": [
      [
        -1930919.7400000063,
        5676.170000000001
      ],
      [
        -1877629.5500000059,
        5359.270000000001
      ],
      [
        -1877424.370000006,
        5350.770000000002
      ],
      [
        -1930629.0900000057,
        5670.140000000002
      ],
      [
        -1901380.2800000056,
        5399.790000000001
      ],
      [
        -1913310.6000000057,
        5478.290000000001
      ],
      [
        -1901870.9100000057,
        5405.790000000002
      ],
      [
        -1931912.560000006,
        5689.160000000001
      ],
      [
        -1918090.6900000058,
        5524.250000000002
      ],
      [
        -1911478.8500000052,
        5456.290000000001
      ],
      [
        -1906595.830000006,
        5441.730000000001
      ],
      [
        -1922898.8200000057,
        5565.730000000001
      ],
      [
        -1867335.420000005,
        5300.370000000001
      ],
      [
        -1902104.1500000055,
        5416.780000000002
      ],
      [
        -1919822.8900000057,
        5524.77
      ],
      [
        -1891199.9800000063,
        5376.27
      ],
      [
        -1929196.8900000055,
        5634.1900000000005
      ],
      [
        -1921304.4700000046,
        5544.250000000001
      ],
      [
        -1923054.020000006,
        5581.210000000002
      ],
      [
        -1918047.5000000056,
        5515.26
      ],
      [
        -1920992.4400000055,
        5529.2300000000005
      ],
      [
        -1925942.2200000056,
        5588.700000000001
      ],
      [
        -1905553.130000005,
        5425.260000000001
      ],
      [
        -1879079.0700000052,
        5361.780000000001
      ],
      [
        -1926297.6900000053,
        5598.690000000001
      ],
      [
        -1930032.0200000054,
        5666.180000000001
      ],
      [
        -1927464.6900000055,
        5621.680000000001
      ],
      [
        -1915466.2800000052,
        5481.290000000001
      ],
      [
        -1902527.0800000057,
        5417.770000000001
      ],
      [
        -1916753.650000006,
        5510.260000000002
      ],
      [
        -1891937.800000006,
        5397.770000000001
      ],
      [
        -1905173.3900000053,
        5422.76
      ],
      [
        -1923221.7600000054,
        5587.710000000002
      ],
      [
        -1919092.4300000058,
        5524.270000000001
      ],
      [
        -1929647.9200000053,
        5664.640000000001
      ]
    ]
  },
  "solutions_count": 35,
  "solutions_directory": "../results/SPEA2\\solutions\\users4\\uniform_reset_high_crossover\\run1"
}