{
  "run_info": {
    "dataset": "users2.json",
    "config": "npoint_inversion_low_mutation",
    "run": 5,
    "execution_time": 247.3469638824463,
    "generations": 69,
    "pareto_size": 17,
    "pareto_points": [
      [
        -719541.1899999998,
        2500.71
      ],
      [
        -739889.8399999985,
        2588.72
      ],
      [
        -762329.8699999991,
        2722.1800000000003
      ],
      [
        -764843.2299999984,
        2732.5900000000006
      ],
      [
        -755501.3399999992,
        2640.69
      ],
      [
        -755296.6999999991,
        2630.6900000000005
      ],
      [
        -725964.2400000002,
        2519.2000000000003
      ],
      [
        -751204.349999999,
        2626.6800000000003
      ],
      [
        -749126.6899999995,
        2601.1800000000003
      ],
      [
        -749109.6399999994,
        2598.69
      ],
      [
        -739441.8699999999,
        2550.7
      ],
      [
        -762227.6899999987,
        2644.6800000000007
      ],
      [
        -747597.8399999996,
        2594.7100000000005
      ],
      [
        -721349.3499999996,
        2504.1800000000003
      ],
      [
        -737184.9699999995,
        2529.68
      ],
      [
        -769119.8099999987,
        2733.2300000000005
      ],
      [
        -738993.1299999993,
        2539.6500000000005
      ]
    ]
  },
  "solutions_count": 17,
  "solutions_directory": "../results/SPEA2\\solutions\\users2\\npoint_inversion_low_mutation\\run5"
}