{
  "run_info": {
    "dataset": "users5.json",
    "config": "npoint_reset_low_crossover",
    "run": 3,
    "execution_time": 7678.0676736831665,
    "generations": 300,
    "pareto_size": 30,
    "pareto_points": [
      [
        -2997657.779999996,
        8882.38
      ],
      [
        -3076542.619999989,
        9178.190000000002
      ],
      [
        -3076608.7199999895,
        9184.7
      ],
      [
        -3072939.0699999915,
        9174.660000000002
      ],
      [
        -3063954.4399999976,
        9026.26
      ],
      [
        -3047657.9599999976,
        9012.240000000002
      ],
      [
        -3128919.049999989,
        9321.090000000002
      ],
      [
        -3041771.3799999966,
        8998.26
      ],
      [
        -3083040.6199999903,
        9196.640000000001
      ],
      [
        -3084090.0999999903,
        9196.660000000002
      ],
      [
        -3092568.4799999907,
        9202.650000000001
      ],
      [
        -2989288.3999999976,
        8881.34
      ],
      [
        -3038428.169999996,
        8979.760000000002
      ],
      [
        -3070716.359999991,
        9155.650000000003
      ],
      [
        -3124173.049999989,
        9307.070000000002
      ],
      [
        -3001976.369999997,
        8918.320000000003
      ],
      [
        -3093137.9199999906,
        9223.17
      ],
      [
        -3097363.2099999874,
        9224.67
      ],
      [
        -3040934.7699999968,
        8994.260000000002
      ],
      [
        -3033931.3299999963,
        8961.290000000003
      ],
      [
        -3117199.749999991,
        9227.660000000002
      ],
      [
        -3031560.259999998,
        8935.810000000001
      ],
      [
        -3044687.9499999974,
        9007.240000000002
      ],
      [
        -3119570.8199999896,
        9242.150000000001
      ],
      [
        -3120000.8499999894,
        9274.18
      ],
      [
        -3119303.20999999,
        9227.670000000002
      ],
      [
        -3036506.9299999964,
        8974.28
      ],
      [
        -3065577.139999998,
        9067.240000000002
      ],
      [
        -3078525.989999989,
        9186.69
      ],
      [
        -3043157.4799999967,
        8998.29
      ]
    ]
  },
  "solutions_count": 30,
  "solutions_directory": "../results/SPEA2\\solutions\\users5\\npoint_reset_low_crossover\\run3"
}