{
  "run_info": {
    "dataset": "users5.json",
    "config": "uniform_inversion_high_mutation",
    "run": 3,
    "execution_time": 4549.0607368946075,
    "generations": 113,
    "pareto_size": 19,
    "pareto_points": [
      [
        -3304459.909999996,
        8001.1500000000015
      ],
      [
        -3280612.009999999,
        7951.610000000001
      ],
      [
        -3344098.0799999977,
        8082.560000000001
      ],
      [
        -3327811.1399999997,
        8012.68
      ],
      [
        -3334090.5299999984,
        8066.720000000002
      ],
      [
        -3348138.38,
        8094.680000000002
      ],
      [
        -3358926.4199999985,
        8109.170000000002
      ],
      [
        -3378987.0299999923,
        8309.630000000001
      ],
      [
        -3285218.4099999983,
        7980.17
      ],
      [
        -3319262.5799999973,
        8004.1500000000015
      ],
      [
        -3383472.4599999925,
        8310.140000000001
      ],
      [
        -3330893.6999999993,
        8060.200000000001
      ],
      [
        -3373554.8499999964,
        8289.51
      ],
      [
        -3289591.090000005,
        7987.520000000002
      ],
      [
        -3361274.510000002,
        8126.12
      ],
      [
        -3372044.779999997,
        8195.550000000001
      ],
      [
        -3342290.1399999987,
        8069.210000000001
      ],
      [
        -3372141.019999993,
        8289.050000000001
      ],
      [
        -3386159.5699999942,
        8433.470000000001
      ]
    ]
  },
  "solutions_count": 19,
  "solutions_directory": "../results/NSGA2\\solutions\\users5\\uniform_inversion_high_mutation\\run3"
}