{
  "run_info": {
    "dataset": "users5.json",
    "config": "uniform_inversion_high_mutation",
    "run": 3,
    "execution_time": 9646.176941156387,
    "generations": 360,
    "pareto_size": 18,
    "pareto_points": [
      [
        -3578899.1900000004,
        6651.970000000004
      ],
      [
        -3604172.5699999975,
        6752.880000000002
      ],
      [
        -3594094.6899999976,
        6682.9100000000035
      ],
      [
        -3584567.6100000003,
        6662.920000000004
      ],
      [
        -3607908.249999999,
        6794.870000000004
      ],
      [
        -3607287.879999999,
        6782.850000000004
      ],
      [
        -3603154.829999996,
        6710.880000000003
      ],
      [
        -3606394.469999998,
        6758.840000000006
      ],
      [
        -3584018.9099999997,
        6654.000000000003
      ],
      [
        -3589450.8699999996,
        6680.870000000003
      ],
      [
        -3601643.0999999978,
        6703.870000000003
      ],
      [
        -3589261.1199999973,
        6679.410000000002
      ],
      [
        -3599463.289999997,
        6693.370000000003
      ],
      [
        -3587248.45,
        6663.390000000003
      ],
      [
        -3606489.359999999,
        6765.340000000002
      ],
      [
        -3595521.529999997,
        6687.890000000003
      ],
      [
        -3603858.8299999973,
        6712.900000000003
      ],
      [
        -3590719.6599999983,
        6681.860000000002
      ]
    ]
  },
  "solutions_count": 18,
  "solutions_directory": "C:\\Users\\hctr0\\PycharmProjects\\TFG_Hector\\31Executions\\NSGA2\\solutions\\users5\\uniform_inversion_high_mutation\\run3"
}