{
  "run_info": {
    "dataset": "users4.json",
    "config": "high_pheromone_influence",
    "run": 5,
    "execution_time": 5676.196487903595,
    "iterations_completed": 80,
    "max_iterations": 200,
    "terminated_early": true,
    "generations_without_improvement": 12,
    "pareto_size": 9,
    "pareto_points": [
      [
        1842910.65,
        4861.880000000001
      ],
      [
        1767594.6300000064,
        4233.560000000002
      ],
      [
        1829715.4900000158,
        4326.360000000002
      ],
      [
        1838187.4900000126,
        4498.310000000003
      ],
      [
        1830895.380000017,
        4376.940000000002
      ],
      [
        1831623.0400000154,
        4448.350000000003
      ],
      [
        1809678.8000000077,
        4315.410000000003
      ],
      [
        1795100.8800000073,
        4283.500000000003
      ],
      [
        1801740.0300000103,
        4297.9900000000025
      ]
    ],
    "solutions_evaluated": 2000,
    "config_params": {
      "n_ants": 25,
      "rho": 0.3,
      "alpha": 3.0,
      "beta": 2.0,
      "archive_size": 100,
      "no_improvement_generations": 12
    }
  },
  "solutions_count": 9,
  "solutions_directory": "C:\\Users\\hctr0\\PycharmProjects\\TFG_Hector\\31Executions\\PACO\\solutions\\users4\\high_pheromone_influence\\run5",
  "objective_statistics": {
    "cost_range": {
      "min": 4233.560000000002,
      "max": 4861.880000000001
    },
    "minutes_range": {
      "min": 1767594.6300000064,
      "max": 1842910.65
    }
  },
  "algorithm_info": {
    "archive_history_length": 80,
    "max_archive_size_reached": 15
  }
}