{
  "run_info": {
    "dataset": "users4.json",
    "config": "uniform_reset_high_crossover",
    "run": 5,
    "execution_time": 2419.902676343918,
    "generations": 159,
    "pareto_size": 51,
    "pareto_points": [
      [
        -1850604.3500000047,
        5904.0700000000015
      ],
      [
        -1839321.5500000054,
        5857.099999999999
      ],
      [
        -1829945.6500000053,
        5781.68
      ],
      [
        -1829755.9000000048,
        5779.58
      ],
      [
        -1833604.8200000054,
        5807.580000000001
      ],
      [
        -1850804.5600000045,
        5922.510000000001
      ],
      [
        -1816528.540000005,
        5733.1
      ],
      [
        -1853141.090000005,
        5924.56
      ],
      [
        -1835821.0300000045,
        5825.58
      ],
      [
        -1826528.940000004,
        5765.62
      ],
      [
        -1825842.4200000053,
        5751.639999999999
      ],
      [
        -1844611.580000004,
        5873.120000000001
      ],
      [
        -1812615.0600000054,
        5719.14
      ],
      [
        -1847838.540000005,
        5889.080000000001
      ],
      [
        -1832167.4000000048,
        5783.67
      ],
      [
        -1807512.6900000048,
        5714.14
      ],
      [
        -1839231.0200000037,
        5838.650000000001
      ],
      [
        -1828393.140000005,
        5774.659999999999
      ],
      [
        -1816413.2100000044,
        5730.679999999999
      ],
      [
        -1859305.6300000045,
        5997.450000000001
      ],
      [
        -1812829.2500000054,
        5725.140000000001
      ],
      [
        -1822615.4600000044,
        5737.679999999999
      ],
      [
        -1833658.380000006,
        5809.54
      ],
      [
        -1857083.880000005,
        5974.490000000001
      ],
      [
        -1855473.9000000043,
        5945.51
      ],
      [
        -1852826.1000000043,
        5923.04
      ],
      [
        -1842065.570000004,
        5866.530000000001
      ],
      [
        -1845487.750000006,
        5887.55
      ],
      [
        -1859091.4400000046,
        5975.480000000001
      ],
      [
        -1856869.690000005,
        5966.500000000002
      ],
      [
        -1855362.8400000045,
        5935.54
      ],
      [
        -1828064.1700000048,
        5769.62
      ],
      [
        -1837937.0000000051,
        5835.639999999999
      ],
      [
        -1841636.2900000045,
        5863.58
      ],
      [
        -1853252.1500000048,
        5932.520000000001
      ],
      [
        -1841444.1600000053,
        5863.07
      ],
      [
        -1827354.8100000063,
        5766.610000000001
      ],
      [
        -1834996.890000006,
        5814.54
      ],
      [
        -1859202.5000000044,
        5991.450000000001
      ],
      [
        -1806000.3000000038,
        5711.150000000001
      ],
      [
        -1839560.2300000049,
        5858.56
      ],
      [
        -1842996.6700000055,
        5871.06
      ],
      [
        -1848267.8200000043,
        5902.02
      ],
      [
        -1833484.500000005,
        5806.5599999999995
      ],
      [
        -1834314.180000004,
        5811.58
      ],
      [
        -1859416.6900000046,
        6017.420000000002
      ],
      [
        -1836080.8800000043,
        5827.59
      ],
      [
        -1835600.4700000049,
        5816.62
      ],
      [
        -1841850.4800000046,
        5865.59
      ],
      [
        -1837333.4200000055,
        5833.549999999999
      ],
      [
        -1840488.6200000048,
        5859.600000000001
      ]
    ]
  },
  "solutions_count": 51,
  "solutions_directory": "../results/SPEA2\\solutions\\users4\\uniform_reset_high_crossover\\run5"
}