{
  "run_info": {
    "dataset": "users5.json",
    "config": "uniform_reset_high_crossover",
    "run": 5,
    "execution_time": 729.964762210846,
    "generations": 45,
    "pareto_size": 11,
    "pareto_points": [
      [
        -2968308.7500000037,
        8571.460000000001
      ],
      [
        -2969876.2000000086,
        8586.34
      ],
      [
        -3032784.290000006,
        8772.410000000003
      ],
      [
        -3003451.9300000053,
        8600.430000000002
      ],
      [
        -3029032.2800000086,
        8696.880000000001
      ],
      [
        -3013226.1100000055,
        8649.920000000002
      ],
      [
        -2999284.810000005,
        8590.390000000001
      ],
      [
        -3005268.2300000023,
        8626.45
      ],
      [
        -3003469.160000006,
        8613.36
      ],
      [
        -3024041.6300000087,
        8670.44
      ],
      [
        -3009890.8000000054,
        8629.470000000001
      ]
    ]
  },
  "solutions_count": 11,
  "solutions_directory": "../results/SPEA2\\solutions\\users5\\uniform_reset_high_crossover\\run5"
}