{
  "run_info": {
    "dataset": "users4.json",
    "config": "npoint_reset_low_crossover",
    "run": 1,
    "execution_time": 2329.8648493289948,
    "generations": 109,
    "pareto_size": 32,
    "pareto_points": [
      [
        -1729098.0000000026,
        5722.1500000000015
      ],
      [
        -1731047.820000003,
        5723.650000000001
      ],
      [
        -1693567.349999997,
        5678.66
      ],
      [
        -1703083.0199999975,
        5703.120000000001
      ],
      [
        -1770011.6000000036,
        5796.609999999999
      ],
      [
        -1702794.259999998,
        5696.65
      ],
      [
        -1769378.4900000023,
        5770.64
      ],
      [
        -1766056.3200000029,
        5762.12
      ],
      [
        -1700718.029999997,
        5687.66
      ],
      [
        -1797887.340000002,
        5859.54
      ],
      [
        -1773180.650000004,
        5810.11
      ],
      [
        -1769702.3100000035,
        5781.609999999999
      ],
      [
        -1804727.9900000023,
        5938.08
      ],
      [
        -1732918.1000000024,
        5733.09
      ],
      [
        -1824128.2900000021,
        6094.62
      ],
      [
        -1691246.609999997,
        5627.65
      ],
      [
        -1802370.8300000029,
        5917.1
      ],
      [
        -1745975.5700000017,
        5736.509999999999
      ],
      [
        -1798562.5300000024,
        5873.02
      ],
      [
        -1808878.9200000018,
        5941.070000000001
      ],
      [
        -1812126.900000001,
        6009.050000000001
      ],
      [
        -1818646.2200000023,
        6063.610000000001
      ],
      [
        -1829362.0900000029,
        6159.07
      ],
      [
        -1691712.949999997,
        5677.62
      ],
      [
        -1712508.889999996,
        5707.139999999999
      ],
      [
        -1779905.2200000046,
        5813.599999999999
      ],
      [
        -1804531.020000002,
        5936.07
      ],
      [
        -1708932.6499999964,
        5705.660000000001
      ],
      [
        -1803830.4900000026,
        5925.09
      ],
      [
        -1813244.640000002,
        6009.080000000001
      ],
      [
        -1820029.4100000022,
        6064.610000000001
      ],
      [
        -1759735.0200000047,
        5740.24
      ]
    ]
  },
  "solutions_count": 32,
  "solutions_directory": "../results/NSGA2\\solutions\\users4\\npoint_reset_low_crossover\\run1"
}