{
  "run_info": {
    "dataset": "users4.json",
    "config": "uniform_reset_high_crossover",
    "run": 4,
    "execution_time": 1967.954229593277,
    "generations": 83,
    "pareto_size": 26,
    "pareto_points": [
      [
        -1879456.900000003,
        5299.42
      ],
      [
        -1932456.7600000037,
        5407.4
      ],
      [
        -1945463.1800000018,
        5460.85
      ],
      [
        -1947910.310000003,
        5474.909999999999
      ],
      [
        -1951304.3300000012,
        5527.36
      ],
      [
        -1916965.5900000045,
        5356.460000000001
      ],
      [
        -1917733.930000002,
        5360.35
      ],
      [
        -1926299.5600000015,
        5385.840000000001
      ],
      [
        -1928073.6600000039,
        5407.32
      ],
      [
        -1921441.4200000041,
        5361.89
      ],
      [
        -1939483.6700000018,
        5449.930000000001
      ],
      [
        -1951678.7499999998,
        5547.38
      ],
      [
        -1926440.0800000017,
        5388.94
      ],
      [
        -1879149.2600000019,
        5238.549999999999
      ],
      [
        -1951637.5400000017,
        5542.33
      ],
      [
        -1933047.170000003,
        5415.879999999999
      ],
      [
        -1949236.340000002,
        5498.94
      ],
      [
        -1924512.4700000044,
        5365.450000000001
      ],
      [
        -1955617.3400000038,
        5563.369999999999
      ],
      [
        -1935887.5700000033,
        5421.93
      ],
      [
        -1955977.260000002,
        5616.38
      ],
      [
        -1932497.830000004,
        5408.41
      ],
      [
        -1956275.2100000025,
        5629.339999999999
      ],
      [
        -1916573.170000003,
        5307.4400000000005
      ],
      [
        -1943065.8100000038,
        5452.89
      ],
      [
        -1939209.3000000012,
        5428.919999999999
      ]
    ]
  },
  "solutions_count": 26,
  "solutions_directory": "../results/NSGA2\\solutions\\users4\\uniform_reset_high_crossover\\run4"
}