{
  "run_info": {
    "dataset": "users1.json",
    "config": "npoint_inversion_low_mutation",
    "run": 4,
    "execution_time": 175.43210887908936,
    "generations": 96,
    "pareto_size": 16,
    "pareto_points": [
      [
        -456278.2000000002,
        1343.36
      ],
      [
        -461415.56000000046,
        1464.2399999999996
      ],
      [
        -460586.67000000033,
        1423.2899999999997
      ],
      [
        -461104.4500000006,
        1442.2299999999998
      ],
      [
        -457652.4700000003,
        1370.3499999999997
      ],
      [
        -464654.2300000004,
        1534.7299999999996
      ],
      [
        -463120.4200000005,
        1473.7199999999996
      ],
      [
        -442136.4399999995,
        1292.85
      ],
      [
        -461243.24000000046,
        1453.7799999999997
      ],
      [
        -460807.3500000005,
        1431.2399999999996
      ],
      [
        -452827.8700000002,
        1342.85
      ],
      [
        -458274.40000000026,
        1396.29
      ],
      [
        -459648.6700000004,
        1416.2799999999997
      ],
      [
        -445431.3499999998,
        1296.8299999999997
      ],
      [
        -459212.40000000026,
        1412.2899999999995
      ],
      [
        -450820.7100000003,
        1333.81
      ]
    ]
  },
  "solutions_count": 16,
  "solutions_directory": "../results/SPEA2\\solutions\\users1\\npoint_inversion_low_mutation\\run4"
}