{
  "run_info": {
    "dataset": "users3.json",
    "config": "npoint_inversion_low_mutation",
    "run": 2,
    "execution_time": 306.87959027290344,
    "generations": 50,
    "pareto_size": 28,
    "pareto_points": [
      [
        -1084882.0400000003,
        3636.9100000000003
      ],
      [
        -1090262.9700000002,
        3654.43
      ],
      [
        -1158827.539999996,
        3877.2999999999997
      ],
      [
        -1068660.4599999993,
        3590.9300000000003
      ],
      [
        -1116097.1999999962,
        3715.49
      ],
      [
        -1066894.0299999996,
        3571.91
      ],
      [
        -1107054.3499999999,
        3684.4000000000005
      ],
      [
        -1114466.1399999969,
        3711.4800000000005
      ],
      [
        -1135556.8999999966,
        3737.43
      ],
      [
        -1138883.0099999967,
        3755.42
      ],
      [
        -1057439.169999999,
        3560.47
      ],
      [
        -1073215.7499999995,
        3594.94
      ],
      [
        -1088985.8600000003,
        3644.93
      ],
      [
        -1154528.739999997,
        3797.8800000000006
      ],
      [
        -1109993.4699999986,
        3705.39
      ],
      [
        -1131904.3599999964,
        3725.94
      ],
      [
        -1115057.4099999957,
        3714.4600000000005
      ],
      [
        -1083115.6100000006,
        3633.41
      ],
      [
        -1140649.4399999967,
        3766.41
      ],
      [
        -1137258.3299999968,
        3753.4300000000003
      ],
      [
        -1101081.1399999997,
        3666.8700000000003
      ],
      [
        -1064249.3199999991,
        3563.4600000000005
      ],
      [
        -1082442.7200000004,
        3620.890000000001
      ],
      [
        -1136280.7999999966,
        3752.42
      ],
      [
        -1154420.2799999968,
        3775.4100000000008
      ],
      [
        -1092589.94,
        3660.9100000000003
      ],
      [
        -1077317.5,
        3599.92
      ],
      [
        -1066975.969999999,
        3579.9300000000003
      ]
    ]
  },
  "solutions_count": 28,
  "solutions_directory": "../results/SPEA2\\solutions\\users3\\npoint_inversion_low_mutation\\run2"
}