{
  "run_info": {
    "dataset": "users3.json",
    "config": "npoint_reset_low_crossover",
    "run": 1,
    "execution_time": 70.22350215911865,
    "generations": 11,
    "pareto_size": 10,
    "pareto_points": [
      [
        -1116003.5300000003,
        3840.88
      ],
      [
        -1107302.1200000017,
        3709.93
      ],
      [
        -1108737.5700000012,
        3730.4399999999996
      ],
      [
        -1116871.68,
        3845.4
      ],
      [
        -1114984.4800000004,
        3832.9599999999996
      ],
      [
        -1110333.650000001,
        3758.9
      ],
      [
        -1120125.9599999997,
        3870.8500000000004
      ],
      [
        -1111581.980000001,
        3816.4100000000008
      ],
      [
        -1100096.3700000024,
        3702.4599999999996
      ],
      [
        -1116137.6500000004,
        3842.3899999999994
      ]
    ]
  },
  "solutions_count": 10,
  "solutions_directory": "../results/SPEA2\\solutions\\users3\\npoint_reset_low_crossover\\run1"
}