{
  "run_info": {
    "dataset": "users4.json",
    "config": "uniform_inversion_high_mutation",
    "run": 5,
    "execution_time": 1565.0584678649902,
    "generations": 71,
    "pareto_size": 16,
    "pareto_points": [
      [
        -1887933.6799999992,
        5098.24
      ],
      [
        -1923109.680000001,
        5172.860000000001
      ],
      [
        -1912328.2800000028,
        5165.3099999999995
      ],
      [
        -1922930.5200000003,
        5170.7699999999995
      ],
      [
        -1904983.1699999957,
        5163.33
      ],
      [
        -1997875.6400000001,
        5429.67
      ],
      [
        -1940671.5199999986,
        5175.84
      ],
      [
        -1982794.410000002,
        5277.3200000000015
      ],
      [
        -1995768.0500000028,
        5359.280000000001
      ],
      [
        -1975403.8700000031,
        5187.779999999999
      ],
      [
        -1980048.180000002,
        5190.87
      ],
      [
        -1998603.1699999995,
        5461.650000000001
      ],
      [
        -2005734.78,
        5500.179999999999
      ],
      [
        -1987220.6200000027,
        5288.340000000001
      ],
      [
        -1995306.5300000012,
        5299.77
      ],
      [
        -1893427.81,
        5123.27
      ]
    ]
  },
  "solutions_count": 16,
  "solutions_directory": "../results/NSGA2\\solutions\\users4\\uniform_inversion_high_mutation\\run5"
}