{
  "solution": [
    17,
    17,
    16,
    17,
    17,
    8,
    2,
    17,
    17,
    10,
    2,
    1,
    16,
    17,
    17,
    17,
    8,
    2,
    16,
    4,
    16,
    8,
    17,
    17,
    17,
    2,
    17,
    17,
    17,
    17,
    17,
    17,
    17,
    17,
    6,
    17,
    17,
    17,
    17,
    17,
    17,
    8,
    17,
    17,
    8,
    4,
    8,
    17,
    5,
    17,
    17,
    5,
    8,
    17,
    5,
    8,
    17,
    17,
    17,
    17,
    4,
    17,
    17,
    17,
    4,
    17,
    4,
    17,
    17,
    5,
    17,
    17,
    11,
    17,
    8,
    17,
    8,
    5,
    17,
    4,
    17,
    2,
    17,
    17,
    17,
    17,
    17,
    17,
    17,
    6,
    2,
    8,
    17,
    8,
    17,
    16,
    8,
    8,
    17,
    17,
    6,
    17,
    17,
    10,
    5,
    17,
    11,
    17,
    17,
    17,
    5,
    8,
    17,
    6,
    8,
    4,
    5,
    8,
    8,
    16,
    16,
    13,
    8,
    17,
    14,
    17,
    17,
    2,
    17,
    17,
    16,
    17,
    17,
    17,
    17,
    8,
    2,
    17,
    16,
    4,
    15,
    8,
    8,
    8,
    17,
    17,
    17,
    17,
    17,
    16,
    17,
    17,
    17,
    17,
    4,
    15,
    9,
    17,
    9,
    10,
    17,
    17,
    9,
    17,
    8,
    8,
    2,
    4,
    17,
    17,
    5,
    17,
    8,
    8,
    17,
    17,
    5,
    17,
    17,
    17,
    17,
    16,
    8,
    16,
    17,
    16,
    2,
    17,
    2,
    16,
    17,
    16,
    17,
    17,
    17,
    5,
    13,
    17,
    5,
    8,
    17,
    17,
    5,
    17,
    17,
    6,
    17,
    17,
    4,
    2,
    4,
    8,
    17,
    5,
    17,
    2,
    17,
    17,
    8,
    17,
    4,
    5,
    17,
    8,
    17,
    4,
    8,
    17,
    17,
    18,
    8,
    17,
    17,
    17,
    17,
    15,
    9,
    17,
    17,
    17,
    8,
    4,
    17,
    17,
    11,
    8,
    4,
    17,
    17,
    17,
    17,
    17,
    17,
    17,
    8,
    6,
    17,
    12,
    2,
    17,
    6,
    17,
    5,
    17,
    17,
    17,
    8,
    17,
    17,
    4,
    16,
    8,
    5,
    17,
    12,
    2,
    17,
    2,
    17,
    18,
    17,
    17,
    17,
    17,
    5,
    17,
    2,
    17,
    17,
    8,
    2,
    17,
    17,
    17,
    17,
    5,
    14,
    8,
    16,
    17
  ],
  "objectives": [
    446607.2599999991,
    974.6800000000001
  ],
  "fitness": {
    "minutos_ponderados": 446607.2599999991,
    "costo_total": 974.6800000000001
  }
}