{
  "run_info": {
    "dataset": "users3.json",
    "config": "uniform_inversion_high_mutation",
    "run": 9,
    "execution_time": 1133.8100764751434,
    "generations": 115,
    "pareto_size": 30,
    "pareto_points": [
      [
        -1175213.5799999966,
        2904.9100000000003
      ],
      [
        -1289249.9999999995,
        3165.8199999999997
      ],
      [
        -1230079.0499999986,
        2973.3599999999997
      ],
      [
        -1284496.1700000004,
        3118.9100000000003
      ],
      [
        -1206500.6899999983,
        2936.43
      ],
      [
        -1216050.6499999978,
        2943.9300000000003
      ],
      [
        -1283455.5699999994,
        3107.9
      ],
      [
        -1283949.4100000006,
        3118.4500000000003
      ],
      [
        -1247464.8599999982,
        2985.42
      ],
      [
        -1298869.79,
        3279.7700000000004
      ],
      [
        -1278506.3499999987,
        3071.49
      ],
      [
        -1217998.7899999951,
        2947.94
      ],
      [
        -1272227.5199999993,
        3061.4300000000003
      ],
      [
        -1298668.2000000004,
        3255.290000000001
      ],
      [
        -1266424.249999999,
        3022.98
      ],
      [
        -1282311.5499999993,
        3077.9100000000003
      ],
      [
        -1218126.6599999995,
        2959.8999999999996
      ],
      [
        -1297489.1900000009,
        3212.84
      ],
      [
        -1295670.0700000005,
        3212.3100000000004
      ],
      [
        -1295318.6300000001,
        3205.84
      ],
      [
        -1282849.9400000002,
        3105.3999999999996
      ],
      [
        -1271656.8099999982,
        3056.5
      ],
      [
        -1297700.2799999998,
        3215.31
      ],
      [
        -1293170.4600000002,
        3177.3300000000004
      ],
      [
        -1269919.6099999996,
        3046.4999999999995
      ],
      [
        -1288919.6199999996,
        3124.83
      ],
      [
        -1246647.6599999988,
        2980.4399999999996
      ],
      [
        -1274499.0799999994,
        3062.48
      ],
      [
        -1264890.5299999989,
        2989.5200000000004
      ],
      [
        -1298248.5700000005,
        3240.830000000001
      ]
    ]
  },
  "solutions_count": 30,
  "solutions_directory": "C:\\Users\\hctr0\\PycharmProjects\\TFG_Hector\\31Executions\\NSGA2\\solutions\\users3\\uniform_inversion_high_mutation\\run9"
}