{
  "run_info": {
    "dataset": "users3.json",
    "config": "uniform_reset_low_mutation",
    "run": 5,
    "execution_time": 303.3920032978058,
    "generations": 50,
    "pareto_size": 17,
    "pareto_points": [
      [
        -1203576.7399999967,
        3449.42
      ],
      [
        -1181737.2599999967,
        3337.5
      ],
      [
        -1175229.3699999985,
        3297.0199999999995
      ],
      [
        -1171821.5699999966,
        3286.0299999999997
      ],
      [
        -1202213.0199999977,
        3423.5
      ],
      [
        -1192798.5899999985,
        3343.54
      ],
      [
        -1201390.9799999974,
        3358.5000000000005
      ],
      [
        -1205022.1999999976,
        3489.41
      ],
      [
        -1196591.4599999972,
        3352.4900000000007
      ],
      [
        -1179197.7299999974,
        3334.4900000000002
      ],
      [
        -1179157.2999999975,
        3333.9700000000007
      ],
      [
        -1206028.6999999979,
        3538.830000000001
      ],
      [
        -1190267.5899999975,
        3343.500000000001
      ],
      [
        -1165197.1599999974,
        3269.52
      ],
      [
        -1174873.4499999974,
        3287.07
      ],
      [
        -1170048.7299999967,
        3273.0299999999997
      ],
      [
        -1204963.4499999976,
        3450.9700000000003
      ]
    ]
  },
  "solutions_count": 17,
  "solutions_directory": "../results/SPEA2\\solutions\\users3\\uniform_reset_low_mutation\\run5"
}