{
  "run_info": {
    "dataset": "users2.json",
    "config": "uniform_inversion_high_mutation",
    "run": 22,
    "execution_time": 531.2878203392029,
    "generations": 130,
    "pareto_size": 28,
    "pareto_points": [
      [
        -833097.7900000005,
        2010.4699999999998
      ],
      [
        -833008.0200000007,
        2004.4599999999998
      ],
      [
        -842576.3800000008,
        2015.9599999999996
      ],
      [
        -857544.6300000013,
        2152.85
      ],
      [
        -849186.4300000009,
        2047.4599999999998
      ],
      [
        -858209.6000000015,
        2197.83
      ],
      [
        -848055.7900000006,
        2038.4599999999998
      ],
      [
        -843414.2500000003,
        2028.9399999999998
      ],
      [
        -856569.5800000012,
        2145.8599999999997
      ],
      [
        -856074.4300000012,
        2145.3599999999997
      ],
      [
        -858035.1200000013,
        2166.3599999999997
      ],
      [
        -855108.6900000009,
        2116.88
      ],
      [
        -855203.860000002,
        2125.88
      ],
      [
        -855530.4500000009,
        2132.8799999999997
      ],
      [
        -843791.4600000005,
        2034.4499999999998
      ],
      [
        -853073.3400000014,
        2064.44
      ],
      [
        -854534.2300000018,
        2100.8999999999996
      ],
      [
        -851580.0900000014,
        2060.43
      ],
      [
        -854501.9900000014,
        2093.42
      ],
      [
        -850898.9200000011,
        2051.95
      ],
      [
        -845575.2800000013,
        2035.9499999999996
      ],
      [
        -854001.850000001,
        2074.42
      ],
      [
        -819480.1200000012,
        1910.9999999999998
      ],
      [
        -852623.8700000015,
        2061.43
      ],
      [
        -854489.1700000019,
        2081.9199999999996
      ],
      [
        -830949.4100000021,
        1980.4799999999998
      ],
      [
        -854699.1300000016,
        2103.3799999999997
      ],
      [
        -855542.9300000014,
        2144.85
      ]
    ]
  },
  "solutions_count": 28,
  "solutions_directory": "C:\\Users\\hctr0\\PycharmProjects\\TFG_Hector\\31Executions\\NSGA2\\solutions\\users2\\uniform_inversion_high_mutation\\run22"
}