{
  "run_info": {
    "dataset": "users1.json",
    "config": "uniform_inversion_high_mutation",
    "run": 19,
    "execution_time": 335.2677400112152,
    "generations": 136,
    "pareto_size": 23,
    "pareto_points": [
      [
        -500184.1399999997,
        1171.2
      ],
      [
        -486094.5000000001,
        1127.61
      ],
      [
        -509046.04999999976,
        1253.67
      ],
      [
        -505125.58999999985,
        1219.65
      ],
      [
        -505094.4199999997,
        1198.21
      ],
      [
        -499066.92000000004,
        1135.2199999999998
      ],
      [
        -503074.3399999998,
        1173.19
      ],
      [
        -508368.8999999997,
        1252.67
      ],
      [
        -500812.9499999997,
        1172.21
      ],
      [
        -506004.71999999974,
        1219.69
      ],
      [
        -504960.4499999999,
        1181.73
      ],
      [
        -492808.67000000004,
        1133.1100000000001
      ],
      [
        -512156.64999999985,
        1369.6200000000001
      ],
      [
        -510692.99999999965,
        1261.69
      ],
      [
        -515166.62999999983,
        1389.6899999999998
      ],
      [
        -504040.7199999997,
        1180.72
      ],
      [
        -507834.9999999997,
        1226.74
      ],
      [
        -507905.1499999997,
        1249.71
      ],
      [
        -511697.0899999998,
        1305.67
      ],
      [
        -509064.34999999957,
        1259.69
      ],
      [
        -512044.6299999997,
        1359.7
      ],
      [
        -505104.18999999954,
        1203.76
      ],
      [
        -517075.83999999985,
        1434.68
      ]
    ]
  },
  "solutions_count": 23,
  "solutions_directory": "C:\\Users\\hctr0\\PycharmProjects\\TFG_Hector\\31Executions\\NSGA2\\solutions\\users1\\uniform_inversion_high_mutation\\run19"
}