{
  "solution": [
    17,
    8,
    4,
    17,
    8,
    5,
    17,
    17,
    17,
    17,
    5,
    5,
    17,
    16,
    2,
    17,
    17,
    17,
    17,
    17,
    17,
    4,
    17,
    8,
    17,
    17,
    17,
    17,
    17,
    8,
    8,
    17,
    17,
    16,
    17,
    17,
    17,
    8,
    17,
    6,
    17,
    17,
    9,
    8,
    6,
    17,
    2,
    8,
    17,
    2,
    16,
    11,
    16,
    17,
    17,
    4,
    17,
    17,
    17,
    17,
    5,
    8,
    14,
    17,
    17,
    17,
    17,
    16,
    17,
    17,
    17,
    17,
    8,
    17,
    17,
    17,
    2,
    17,
    17,
    8,
    16,
    2,
    17,
    17,
    2,
    17,
    2,
    6,
    17,
    7,
    17,
    17,
    8,
    17,
    16,
    13,
    17,
    14,
    17,
    17,
    17,
    9,
    17,
    17,
    9,
    2,
    5,
    4,
    9,
    17,
    2,
    17,
    15,
    17,
    17,
    17,
    17,
    8,
    8,
    16,
    17,
    13,
    17,
    15,
    4,
    17,
    16,
    17,
    17,
    17,
    16,
    17,
    1,
    17,
    18,
    17,
    17,
    17,
    17,
    17,
    8,
    17,
    17,
    17,
    17,
    16,
    4,
    17,
    17,
    17,
    17,
    17,
    17,
    17,
    17,
    17,
    17,
    17,
    17,
    8,
    16,
    17,
    17,
    8,
    17,
    17,
    6,
    17,
    6,
    17,
    8,
    17,
    17,
    18,
    17,
    17,
    8,
    17,
    8,
    17,
    17,
    17,
    17,
    8,
    8,
    17,
    17,
    17,
    1,
    17,
    17,
    17,
    8,
    5,
    17,
    17,
    8,
    17,
    2,
    17,
    8,
    17,
    17,
    16,
    17,
    17,
    8,
    17,
    17,
    8,
    17,
    17,
    17,
    17,
    17,
    17,
    17,
    8,
    8,
    17,
    16,
    2,
    17,
    8,
    8,
    8,
    17,
    17,
    17,
    2,
    14,
    8,
    17,
    10,
    17,
    17,
    2,
    17,
    17,
    17,
    17,
    17,
    2,
    17,
    17,
    2,
    17,
    5,
    8,
    1,
    17,
    17,
    17,
    17,
    17,
    15,
    8,
    17,
    8,
    17,
    17,
    15,
    17,
    15,
    17,
    17,
    16,
    17,
    2,
    6,
    17,
    16,
    17,
    17,
    17,
    8,
    6,
    17,
    17,
    8,
    5,
    17,
    17,
    8,
    17,
    4,
    17,
    6,
    17,
    17,
    17,
    17,
    17,
    5,
    17,
    17,
    16,
    8,
    17,
    5
  ],
  "objectives": [
    437513.8599999998,
    978.5100000000001
  ],
  "fitness": {
    "minutos_ponderados": 437513.8599999998,
    "costo_total": 978.5100000000001
  }
}