{
  "run_info": {
    "dataset": "users5.json",
    "config": "npoint_reset_low_crossover",
    "run": 5,
    "execution_time": 7809.010591745377,
    "generations": 300,
    "pareto_size": 37,
    "pareto_points": [
      [
        -2941852.7599999965,
        8916.140000000003
      ],
      [
        -2947199.929999999,
        8962.110000000002
      ],
      [
        -3018644.339999999,
        9145.11
      ],
      [
        -2995841.5099999947,
        9037.160000000002
      ],
      [
        -3004203.549999995,
        9043.7
      ],
      [
        -3005328.8999999966,
        9053.69
      ],
      [
        -3070678.2599999947,
        9258.720000000001
      ],
      [
        -3073981.579999995,
        9318.660000000002
      ],
      [
        -2972111.2299999944,
        8963.61
      ],
      [
        -3010293.559999996,
        9083.230000000001
      ],
      [
        -3030522.569999998,
        9194.570000000002
      ],
      [
        -3074105.6299999948,
        9333.640000000003
      ],
      [
        -2994886.969999994,
        9028.140000000001
      ],
      [
        -3063101.829999994,
        9211.770000000002
      ],
      [
        -2924697.3699999964,
        8882.16
      ],
      [
        -3073949.7499999963,
        9305.690000000002
      ],
      [
        -3021692.4399999985,
        9182.570000000002
      ],
      [
        -3065048.2199999955,
        9225.800000000001
      ],
      [
        -2973873.4999999944,
        8973.130000000001
      ],
      [
        -3068160.2499999944,
        9247.770000000002
      ],
      [
        -2936943.039999996,
        8899.18
      ],
      [
        -3011997.409999997,
        9093.180000000002
      ],
      [
        -2991051.2099999962,
        9028.130000000001
      ],
      [
        -3078409.4099999955,
        9389.580000000002
      ],
      [
        -3079951.549999996,
        9391.620000000003
      ],
      [
        -3068876.1699999953,
        9251.750000000002
      ],
      [
        -2990710.1199999955,
        9007.640000000001
      ],
      [
        -3066184.559999996,
        9246.77
      ],
      [
        -3078285.3599999957,
        9381.620000000003
      ],
      [
        -3008821.289999996,
        9063.220000000001
      ],
      [
        -3012086.9799999963,
        9128.630000000001
      ],
      [
        -2986345.3099999945,
        8981.7
      ],
      [
        -3065676.7399999937,
        9246.740000000002
      ],
      [
        -2942904.269999997,
        8929.100000000002
      ],
      [
        -3066932.709999995,
        9246.770000000002
      ],
      [
        -3008910.8599999957,
        9077.700000000003
      ],
      [
        -3007363.4399999958,
        9054.690000000002
      ]
    ]
  },
  "solutions_count": 37,
  "solutions_directory": "../results/SPEA2\\solutions\\users5\\npoint_reset_low_crossover\\run5"
}