{
  "run_info": {
    "dataset": "users5.json",
    "config": "high_heuristic_influence",
    "run": 13,
    "execution_time": 6488.12659406662,
    "iterations_completed": 70,
    "max_iterations": 200,
    "terminated_early": true,
    "generations_without_improvement": 12,
    "pareto_size": 23,
    "pareto_points": [
      [
        3018354.310000016,
        7021.540000000009
      ],
      [
        2985393.0399999856,
        6995.300000000008
      ],
      [
        2974433.6600000253,
        6876.660000000009
      ],
      [
        3009258.1800000016,
        7007.960000000009
      ],
      [
        3069197.290000026,
        7253.47000000001
      ],
      [
        3030080.9299999997,
        7252.34000000001
      ],
      [
        3110322.460000004,
        7478.650000000011
      ],
      [
        3077357.9800000167,
        7402.7300000000105
      ],
      [
        3089072.6800000085,
        7405.040000000011
      ],
      [
        3115494.0000000186,
        7521.700000000011
      ],
      [
        3121880.140000014,
        7554.670000000012
      ],
      [
        3156953.3400000148,
        7569.050000000013
      ],
      [
        3160996.75000003,
        7635.590000000014
      ],
      [
        3171776.7400000165,
        7656.250000000013
      ],
      [
        3197948.670000031,
        7817.700000000014
      ],
      [
        3202379.1400000183,
        7828.910000000015
      ],
      [
        3185497.09000002,
        7788.330000000014
      ],
      [
        3207106.230000019,
        7875.210000000014
      ],
      [
        3207111.2400000216,
        7964.7400000000125
      ],
      [
        3208629.2100000195,
        7965.900000000014
      ],
      [
        3186704.5400000317,
        7800.2000000000135
      ],
      [
        3184185.9800000163,
        7736.740000000014
      ],
      [
        3195420.450000028,
        7811.040000000014
      ]
    ],
    "solutions_evaluated": 1400,
    "config_params": {
      "n_ants": 20,
      "rho": 0.4,
      "alpha": 0.5,
      "beta": 5.0,
      "archive_size": 100,
      "no_improvement_generations": 12
    }
  },
  "solutions_count": 23,
  "solutions_directory": "C:\\Users\\hctr0\\PycharmProjects\\TFG_Hector\\31Executions\\PACO\\solutions\\users5\\high_heuristic_influence\\run13",
  "objective_statistics": {
    "cost_range": {
      "min": 6876.660000000009,
      "max": 7965.900000000014
    },
    "minutes_range": {
      "min": 2974433.6600000253,
      "max": 3208629.2100000195
    }
  },
  "algorithm_info": {
    "archive_history_length": 70,
    "max_archive_size_reached": 24
  }
}