dataset,num_configs,best_hv,worst_hv,mean_hv,std_hv,best_config,mean_exec_time_all,mean_iterations_all,mean_pareto_size_all
users1.json,6,0.4662705226196216,0.2632011426448081,0.38321904522774247,0.0660185725086865,high_pheromone_influence,478.0422850052516,36.1,10.200000000000001
users2.json,6,0.48348417724686243,0.2576202333847249,0.4032679525256582,0.07777645052410612,high_pheromone_influence,566.9887388229371,28.066666666666666,7.7
users3.json,6,0.43548717265255465,0.09661742104377258,0.32823140148191415,0.12189546742516971,minimal_guidance,755.3809120575587,23.7,7.2
users4.json,6,0.471618549138476,0.10897136976772465,0.35669186799274794,0.13336463598139864,high_pheromone_influence,1468.7458482027052,23.633333333333336,6.733333333333333
users5.json,6,0.45611528509649624,0.06495243201667354,0.3364911060007673,0.1427910266241595,minimal_guidance,2512.7057384093605,26.76666666666667,6.7
