{
  "solution": [
    2,
    1,
    5,
    17,
    6,
    8,
    8,
    11,
    17,
    17,
    17,
    1,
    2,
    17,
    17,
    1,
    6,
    17,
    17,
    4,
    8,
    17,
    6,
    17,
    17,
    17,
    5,
    17,
    17,
    17,
    17,
    17,
    5,
    17,
    17,
    16,
    6,
    17,
    17,
    15,
    16,
    17,
    8,
    6,
    2,
    5,
    2,
    11,
    17,
    11,
    8,
    17,
    8,
    17,
    8,
    17,
    17,
    17,
    7,
    17,
    8,
    17,
    5,
    17,
    17,
    17,
    5,
    5,
    17,
    15,
    5,
    17,
    17,
    17,
    17,
    8,
    17,
    17,
    17,
    17,
    16,
    17,
    2,
    17,
    17,
    4,
    8,
    17,
    17,
    8,
    17,
    2,
    16,
    17,
    17,
    8,
    17,
    17,
    17,
    17,
    17,
    17,
    6,
    17,
    17,
    17,
    17,
    2,
    2,
    16,
    6,
    8,
    17,
    8,
    8,
    17,
    5,
    17,
    17,
    17,
    17,
    1,
    5,
    17,
    17,
    17,
    6,
    8,
    17,
    17,
    2,
    17,
    17,
    17,
    17,
    17,
    6,
    17,
    17,
    17,
    17,
    2,
    8,
    8,
    17,
    17,
    17,
    17,
    5,
    17,
    17,
    4,
    9,
    17,
    6,
    15,
    17,
    5,
    8,
    17,
    7,
    6,
    17,
    17,
    4,
    17,
    9,
    2,
    17,
    17,
    8,
    17,
    17,
    16,
    17,
    17,
    17,
    17,
    17,
    17,
    17,
    17,
    8,
    17,
    17,
    8,
    17,
    17,
    17,
    17,
    17,
    2,
    17,
    17,
    2,
    8,
    16,
    8,
    4,
    17,
    17,
    17,
    17,
    5,
    17,
    4,
    5,
    17,
    17,
    2,
    17,
    8,
    17,
    17,
    17,
    17,
    17,
    7,
    8,
    4,
    17,
    6,
    17,
    17,
    12,
    17,
    17,
    8,
    17,
    9,
    5,
    17,
    18,
    17,
    2,
    16,
    8,
    17,
    16,
    2,
    14,
    17,
    8,
    17,
    17,
    17,
    8,
    17,
    9,
    8,
    10,
    4,
    17,
    18,
    8,
    8,
    6,
    16,
    17,
    17,
    6,
    8,
    17,
    4,
    17,
    5,
    8,
    4,
    8,
    17,
    8,
    17,
    17,
    8,
    17,
    17,
    17,
    17,
    17,
    17,
    2,
    17,
    17,
    2,
    17,
    4,
    17,
    17,
    2,
    8,
    13,
    8,
    16,
    2,
    17,
    7,
    17,
    17,
    17,
    8
  ],
  "objectives": [
    442063.22999999946,
    970.6300000000001
  ],
  "fitness": {
    "minutos_ponderados": 442063.22999999946,
    "costo_total": 970.6300000000001
  }
}