{
  "run_info": {
    "dataset": "users5.json",
    "config": "uniform_inversion_high_mutation",
    "run": 29,
    "execution_time": 6316.825767755508,
    "generations": 204,
    "pareto_size": 27,
    "pareto_points": [
      [
        -3293627.610000011,
        7475.680000000001
      ],
      [
        -3360763.4700000067,
        7524.140000000001
      ],
      [
        -3349583.4600000037,
        7515.130000000001
      ],
      [
        -3390404.010000001,
        7838.580000000001
      ],
      [
        -3384184.2400000053,
        7634.700000000002
      ],
      [
        -3365499.910000004,
        7542.639999999999
      ],
      [
        -3287706.4300000085,
        7429.620000000001
      ],
      [
        -3390395.9800000014,
        7816.560000000001
      ],
      [
        -3384096.570000003,
        7603.170000000001
      ],
      [
        -3385123.230000001,
        7650.610000000002
      ],
      [
        -3371461.510000006,
        7582.150000000001
      ],
      [
        -3371235.830000004,
        7551.190000000002
      ],
      [
        -3372941.910000005,
        7587.670000000002
      ],
      [
        -3390388.930000005,
        7737.6100000000015
      ],
      [
        -3319008.0800000043,
        7490.580000000001
      ],
      [
        -3335867.470000009,
        7498.0
      ],
      [
        -3387001.320000005,
        7685.630000000001
      ],
      [
        -3378211.890000004,
        7588.65
      ],
      [
        -3388970.1300000055,
        7714.1
      ],
      [
        -3384543.3700000043,
        7641.650000000001
      ],
      [
        -3289311.2700000014,
        7460.1
      ],
      [
        -3386623.040000004,
        7682.630000000001
      ],
      [
        -3388929.7200000035,
        7688.080000000002
      ],
      [
        -3385194.380000002,
        7667.6100000000015
      ],
      [
        -3389910.900000005,
        7732.07
      ],
      [
        -3385736.2500000037,
        7672.140000000001
      ],
      [
        -3352805.790000009,
        7516.620000000001
      ]
    ]
  },
  "solutions_count": 27,
  "solutions_directory": "C:\\Users\\hctr0\\PycharmProjects\\TFG_Hector\\31Executions\\NSGA2\\solutions\\users5\\uniform_inversion_high_mutation\\run29"
}