{
  "solution": [
    8,
    16,
    17,
    16,
    17,
    17,
    17,
    17,
    12,
    17,
    3,
    5,
    15,
    11,
    13,
    17,
    2,
    17,
    16,
    17,
    4,
    16,
    17,
    17,
    17,
    16,
    8,
    4,
    17,
    5,
    17,
    14,
    10,
    8,
    8,
    7,
    17,
    6,
    2,
    16,
    17,
    8,
    17,
    17,
    17,
    2,
    2,
    15,
    2,
    15,
    4,
    17,
    17,
    6,
    4,
    17,
    4,
    6,
    16,
    17,
    17,
    8,
    17,
    9,
    17,
    5,
    8,
    11,
    8,
    17,
    14,
    14,
    17,
    4,
    11,
    2,
    4,
    2,
    14,
    18,
    15,
    17,
    2,
    8,
    8,
    8,
    17,
    11,
    10,
    17,
    8,
    5,
    5,
    17,
    17,
    5,
    5,
    15,
    2,
    8,
    17,
    6,
    17,
    16,
    17,
    9,
    17,
    8,
    16,
    17,
    17,
    13,
    4,
    9,
    11,
    8,
    17,
    2,
    7,
    8,
    9,
    5,
    2,
    2,
    8,
    18,
    8,
    17,
    5,
    8,
    10,
    2,
    17,
    6,
    17,
    17,
    4,
    9,
    12,
    8,
    11,
    13,
    6,
    5,
    8,
    17,
    8,
    11,
    8,
    17,
    7,
    15,
    17,
    15,
    1,
    2,
    8,
    17,
    7,
    5,
    2,
    17,
    17,
    11,
    2,
    13,
    6,
    8,
    4,
    4,
    17,
    8,
    9,
    17,
    4,
    17,
    16,
    16,
    6,
    17,
    6,
    17,
    1,
    5,
    17,
    8,
    2,
    17,
    10,
    17,
    4,
    8,
    2,
    17,
    16,
    17,
    16,
    17,
    8,
    17,
    17,
    9,
    3,
    2,
    10,
    17,
    14,
    8,
    2,
    8,
    16,
    8,
    17,
    4,
    17,
    6,
    8,
    8,
    5,
    14,
    16,
    2,
    16,
    8,
    17,
    17,
    16,
    16,
    18,
    4,
    17,
    16,
    8,
    2,
    14,
    8,
    17,
    1,
    17,
    17,
    8,
    5,
    15,
    4,
    16,
    5,
    8,
    18,
    5,
    17,
    8,
    17,
    11,
    17,
    11,
    6,
    5,
    10,
    17,
    8,
    4,
    17,
    8,
    17,
    17,
    5,
    17,
    5,
    5,
    18,
    2,
    17,
    18,
    8,
    1,
    6,
    8,
    17,
    2,
    5,
    6,
    11,
    10,
    16,
    13,
    16,
    8,
    2,
    15,
    15,
    2,
    17,
    17,
    5,
    17,
    17,
    6,
    17,
    8,
    17
  ],
  "objectives": [
    378466.5500000002,
    1172.43
  ],
  "fitness": {
    "minutos_ponderados": 378466.5500000002,
    "costo_total": 1172.43
  }
}