{
  "run_info": {
    "dataset": "users2.json",
    "config": "uniform_reset_low_mutation",
    "run": 4,
    "execution_time": 204.27187490463257,
    "generations": 45,
    "pareto_size": 20,
    "pareto_points": [
      [
        -761095.1300000008,
        2525.7200000000003
      ],
      [
        -760241.8000000011,
        2513.2200000000003
      ],
      [
        -765767.4200000006,
        2538.21
      ],
      [
        -761685.5600000004,
        2528.16
      ],
      [
        -757776.3800000008,
        2508.71
      ],
      [
        -763717.0500000004,
        2529.17
      ],
      [
        -766201.3500000009,
        2541.7
      ],
      [
        -768232.8400000009,
        2549.71
      ],
      [
        -769520.1000000008,
        2573.68
      ],
      [
        -753600.7000000012,
        2506.1999999999994
      ],
      [
        -765023.1900000006,
        2531.2099999999996
      ],
      [
        -770527.9500000008,
        2576.16
      ],
      [
        -772880.670000001,
        2624.63
      ],
      [
        -751890.5700000005,
        2503.2999999999997
      ],
      [
        -772559.4400000006,
        2597.1499999999996
      ],
      [
        -770094.0200000004,
        2573.6800000000003
      ],
      [
        -771272.1800000007,
        2594.18
      ],
      [
        -766182.4700000007,
        2541.66
      ],
      [
        -770754.1700000013,
        2585.1599999999994
      ],
      [
        -772785.6600000012,
        2606.15
      ]
    ]
  },
  "solutions_count": 20,
  "solutions_directory": "../results/SPEA2\\solutions\\users2\\uniform_reset_low_mutation\\run4"
}