{
  "run_info": {
    "dataset": "users3.json",
    "config": "uniform_inversion_high_mutation",
    "run": 3,
    "execution_time": 1025.138976097107,
    "generations": 93,
    "pareto_size": 22,
    "pareto_points": [
      [
        -1279630.1799999992,
        3189.1099999999997
      ],
      [
        -1272629.5399999986,
        3155.6299999999997
      ],
      [
        -1274879.0699999991,
        3176.65
      ],
      [
        -1301257.0500000007,
        3313.51
      ],
      [
        -1284147.2900000005,
        3214.6099999999997
      ],
      [
        -1260993.069999999,
        3145.18
      ],
      [
        -1283877.7599999988,
        3197.6400000000003
      ],
      [
        -1270698.6899999985,
        3147.1699999999996
      ],
      [
        -1283623.7299999984,
        3194.61
      ],
      [
        -1265455.159999999,
        3146.66
      ],
      [
        -1257627.3099999998,
        3126.1200000000003
      ],
      [
        -1304506.6700000004,
        3325.0099999999998
      ],
      [
        -1275838.5599999998,
        3179.63
      ],
      [
        -1290369.4400000006,
        3215.56
      ],
      [
        -1294738.4200000002,
        3278.55
      ],
      [
        -1310713.3999999992,
        3360.0099999999998
      ],
      [
        -1293699.4400000002,
        3275.99
      ],
      [
        -1301852.2200000004,
        3317.0
      ],
      [
        -1246553.2999999986,
        3125.1700000000005
      ],
      [
        -1297965.5399999998,
        3287.97
      ],
      [
        -1301220.56,
        3297.53
      ],
      [
        -1293046.9300000004,
        3236.0500000000006
      ]
    ]
  },
  "solutions_count": 22,
  "solutions_directory": "../results/NSGA2\\solutions\\users3\\uniform_inversion_high_mutation\\run3"
}