{
  "run_info": {
    "dataset": "users5.json",
    "config": "npoint_inversion_high_all",
    "run": 1,
    "execution_time": 8000.822797775269,
    "generations": 300,
    "pareto_size": 59,
    "pareto_points": [
      [
        -3188670.79,
        8749.400000000001
      ],
      [
        -3160232.239999997,
        8630.980000000001
      ],
      [
        -3207764.4899999956,
        8905.410000000002
      ],
      [
        -3068823.989999983,
        8538.43
      ],
      [
        -3244765.4799999814,
        8980.400000000003
      ],
      [
        -3156609.0899999966,
        8623.980000000001
      ],
      [
        -3247591.999999982,
        9007.850000000002
      ],
      [
        -3243497.229999981,
        8963.410000000003
      ],
      [
        -3066267.169999982,
        8517.430000000002
      ],
      [
        -3210321.6499999976,
        8922.87
      ],
      [
        -3247074.3999999803,
        9001.370000000003
      ],
      [
        -3067098.0799999824,
        8536.41
      ],
      [
        -3197127.2900000005,
        8770.34
      ],
      [
        -3170332.4199999976,
        8679.430000000002
      ],
      [
        -3245614.0899999803,
        8999.380000000003
      ],
      [
        -3243934.5699999817,
        8977.900000000003
      ],
      [
        -3169131.78,
        8660.410000000003
      ],
      [
        -3257752.4699999844,
        9020.920000000004
      ],
      [
        -3203423.9899999998,
        8850.910000000002
      ],
      [
        -3208330.459999997,
        8920.880000000001
      ],
      [
        -3200213.4700000007,
        8807.820000000002
      ],
      [
        -3072915.029999983,
        8547.920000000002
      ],
      [
        -3176560.7199999974,
        8696.920000000002
      ],
      [
        -3262274.279999983,
        9036.900000000001
      ],
      [
        -3262693.2899999833,
        9045.870000000003
      ],
      [
        -3172166.319999997,
        8691.910000000002
      ],
      [
        -3267883.0399999814,
        9135.860000000002
      ],
      [
        -3162066.139999997,
        8639.500000000002
      ],
      [
        -3205317.699999999,
        8876.890000000001
      ],
      [
        -3048250.2399999886,
        8503.45
      ],
      [
        -3196801.1199999996,
        8758.36
      ],
      [
        -3047352.929999988,
        8498.460000000001
      ],
      [
        -3149531.3299999954,
        8583.520000000002
      ],
      [
        -3180086.789999993,
        8720.94
      ],
      [
        -3179488.0299999914,
        8707.970000000001
      ],
      [
        -3221017.3399999826,
        8949.28
      ],
      [
        -3187331.63,
        8740.390000000001
      ],
      [
        -3207718.889999997,
        8903.860000000002
      ],
      [
        -3049170.159999988,
        8505.44
      ],
      [
        -3203627.800000002,
        8851.89
      ],
      [
        -3172519.2399999974,
        8695.910000000002
      ],
      [
        -3202960.629999999,
        8830.95
      ],
      [
        -3219724.3999999827,
        8935.270000000002
      ],
      [
        -3166206.7499999977,
        8650.410000000002
      ],
      [
        -3196356.4699999993,
        8755.34
      ],
      [
        -3222622.6499999827,
        8953.28
      ],
      [
        -3181920.689999994,
        8737.95
      ],
      [
        -3222970.929999982,
        8956.29
      ],
      [
        -3261899.3199999835,
        9027.400000000001
      ],
      [
        -3247658.149999979,
        9016.850000000004
      ],
      [
        -3148634.0199999954,
        8557.560000000001
      ],
      [
        -3190728.750000001,
        8753.86
      ],
      [
        -3188226.1399999997,
        8741.39
      ],
      [
        -3199761.480000001,
        8782.330000000002
      ],
      [
        -3245420.6099999803,
        8999.360000000002
      ],
      [
        -3204326.27,
        8852.960000000001
      ],
      [
        -3206418.4199999957,
        8896.410000000002
      ],
      [
        -3181374.019999996,
        8721.460000000001
      ],
      [
        -3205511.179999999,
        8882.900000000001
      ]
    ]
  },
  "solutions_count": 59,
  "solutions_directory": "../results/SPEA2\\solutions\\users5\\npoint_inversion_high_all\\run1"
}