{
  "run_info": {
    "dataset": "users1.json",
    "config": "uniform_reset_low_mutation",
    "run": 2,
    "execution_time": 136.7978641986847,
    "generations": 43,
    "pareto_size": 17,
    "pareto_points": [
      [
        -451035.5499999998,
        1494.2899999999997
      ],
      [
        -431206.70999999985,
        1442.2799999999997
      ],
      [
        -458711.03999999986,
        1602.7499999999998
      ],
      [
        -454223.43999999994,
        1537.2599999999998
      ],
      [
        -437081.4299999999,
        1460.7899999999997
      ],
      [
        -442824.2899999999,
        1470.7999999999997
      ],
      [
        -436949.5700000002,
        1452.2899999999997
      ],
      [
        -458366.7199999998,
        1577.7099999999998
      ],
      [
        -447648.91,
        1491.7699999999998
      ],
      [
        -446598.51999999996,
        1479.2599999999998
      ],
      [
        -437469.01999999984,
        1468.7499999999998
      ],
      [
        -452473.23999999976,
        1507.7799999999997
      ],
      [
        -456735.5399999998,
        1569.2299999999998
      ],
      [
        -455661.1299999999,
        1540.7499999999998
      ],
      [
        -459980.6399999999,
        1620.2099999999998
      ],
      [
        -459441.12999999983,
        1603.1899999999998
      ],
      [
        -459785.44999999984,
        1604.2399999999996
      ]
    ]
  },
  "solutions_count": 17,
  "solutions_directory": "../results/SPEA2\\solutions\\users1\\uniform_reset_low_mutation\\run2"
}