{
  "solution": [
    17,
    17,
    17,
    16,
    17,
    2,
    17,
    17,
    2,
    17,
    17,
    8,
    17,
    5,
    2,
    17,
    6,
    16,
    8,
    17,
    17,
    17,
    8,
    17,
    17,
    17,
    17,
    8,
    17,
    17,
    17,
    4,
    17,
    17,
    16,
    17,
    8,
    17,
    17,
    6,
    17,
    3,
    5,
    17,
    17,
    17,
    17,
    17,
    17,
    17,
    17,
    17,
    1,
    17,
    17,
    15,
    8,
    8,
    2,
    8,
    17,
    17,
    17,
    17,
    17,
    17,
    17,
    17,
    16,
    8,
    17,
    17,
    5,
    8,
    17,
    5,
    17,
    17,
    17,
    15,
    8,
    16,
    17,
    5,
    17,
    16,
    16,
    17,
    17,
    8,
    8,
    17,
    17,
    17,
    8,
    17,
    17,
    17,
    6,
    17,
    4,
    8,
    17,
    2,
    8,
    17,
    4,
    2,
    6,
    17,
    2,
    11,
    5,
    17,
    15,
    17,
    17,
    17,
    17,
    6,
    17,
    8,
    17,
    17,
    16,
    8,
    4,
    17,
    17,
    8,
    17,
    8,
    17,
    4,
    17,
    17,
    7,
    17,
    8,
    2,
    17,
    17,
    17,
    17,
    8,
    8,
    17,
    1,
    17,
    17,
    17,
    2,
    17,
    10,
    17,
    17,
    16,
    8,
    10,
    17,
    7,
    8,
    16,
    3,
    17,
    17,
    17,
    8,
    15,
    17,
    17,
    17,
    2,
    5,
    17,
    17,
    17,
    8,
    17,
    17,
    17,
    17,
    17,
    17,
    5,
    6,
    8,
    17,
    4,
    17,
    17,
    17,
    8,
    17,
    16,
    17,
    17,
    17,
    17,
    17,
    17,
    17,
    8,
    17,
    17,
    17,
    17,
    17,
    17,
    17,
    17,
    5,
    17,
    17,
    6,
    8,
    17,
    17,
    17,
    17,
    17,
    16,
    2,
    8,
    8,
    17,
    17,
    8,
    17,
    17,
    17,
    6,
    17,
    17,
    15,
    17,
    2,
    16,
    17,
    6,
    9,
    8,
    15,
    16,
    2,
    17,
    8,
    17,
    17,
    14,
    17,
    8,
    17,
    16,
    17,
    8,
    17,
    17,
    17,
    17,
    17,
    8,
    17,
    17,
    17,
    8,
    8,
    16,
    16,
    17,
    8,
    17,
    17,
    17,
    17,
    17,
    8,
    17,
    6,
    17,
    6,
    17,
    17,
    8,
    17,
    5,
    17,
    6,
    4,
    8,
    17,
    17,
    13,
    17,
    5,
    17,
    17,
    17,
    17,
    17
  ],
  "objectives": [
    419436.4799999989,
    973.5
  ],
  "fitness": {
    "minutos_ponderados": 419436.4799999989,
    "costo_total": 973.5
  }
}