{
  "run_info": {
    "dataset": "users4.json",
    "config": "uniform_inversion_high_mutation",
    "run": 17,
    "execution_time": 3236.8242485523224,
    "generations": 227,
    "pareto_size": 30,
    "pareto_points": [
      [
        -1959047.440000001,
        4673.820000000001
      ],
      [
        -2065369.6600000034,
        4883.300000000002
      ],
      [
        -2018023.4800000053,
        4729.300000000001
      ],
      [
        -2066362.6100000036,
        4883.83
      ],
      [
        -2046486.780000002,
        4793.820000000001
      ],
      [
        -2071799.400000002,
        4978.790000000002
      ],
      [
        -2029363.4100000053,
        4740.35
      ],
      [
        -2030645.4400000027,
        4758.32
      ],
      [
        -2059100.6100000038,
        4837.360000000001
      ],
      [
        -1991655.8700000008,
        4677.870000000001
      ],
      [
        -2071055.7100000025,
        4945.270000000001
      ],
      [
        -2030821.1400000039,
        4765.360000000001
      ],
      [
        -2011604.4900000014,
        4722.310000000001
      ],
      [
        -2058932.770000004,
        4836.290000000001
      ],
      [
        -2065554.370000003,
        4883.8
      ],
      [
        -2036889.1500000046,
        4770.330000000001
      ],
      [
        -2070578.490000001,
        4944.280000000002
      ],
      [
        -2066993.780000001,
        4888.310000000001
      ],
      [
        -1950400.550000001,
        4663.71
      ],
      [
        -2069186.9200000023,
        4901.8
      ],
      [
        -2059763.9200000043,
        4864.330000000001
      ],
      [
        -2076257.710000002,
        5018.240000000001
      ],
      [
        -2011390.0300000021,
        4701.85
      ],
      [
        -2064377.8500000036,
        4865.320000000001
      ],
      [
        -2070363.4400000016,
        4921.82
      ],
      [
        -1921943.950000002,
        4660.700000000001
      ],
      [
        -2055992.230000004,
        4816.290000000001
      ],
      [
        -2043516.650000003,
        4786.790000000001
      ],
      [
        -2051231.740000003,
        4806.8
      ],
      [
        -2040301.8600000057,
        4776.81
      ]
    ]
  },
  "solutions_count": 30,
  "solutions_directory": "C:\\Users\\hctr0\\PycharmProjects\\TFG_Hector\\31Executions\\NSGA2\\solutions\\users4\\uniform_inversion_high_mutation\\run17"
}