{
  "run_info": {
    "dataset": "users4.json",
    "config": "uniform_inversion_high_mutation",
    "run": 2,
    "execution_time": 5414.837817668915,
    "generations": 300,
    "pareto_size": 28,
    "pareto_points": [
      [
        -1953291.6399999994,
        5288.160000000001
      ],
      [
        -1941736.2399999993,
        5222.720000000001
      ],
      [
        -1940491.9699999993,
        5218.72
      ],
      [
        -1945673.4099999995,
        5260.22
      ],
      [
        -1933292.9199999985,
        5195.690000000001
      ],
      [
        -1954535.91,
        5292.6900000000005
      ],
      [
        -1927798.4899999988,
        5171.719999999999
      ],
      [
        -1934956.6299999994,
        5196.1900000000005
      ],
      [
        -1950849.4399999995,
        5262.719999999999
      ],
      [
        -1954592.0699999991,
        5317.660000000002
      ],
      [
        -1921993.1599999983,
        5165.72
      ],
      [
        -1946163.1099999996,
        5262.18
      ],
      [
        -1932971.9599999993,
        5176.71
      ],
      [
        -1937930.3599999987,
        5206.71
      ],
      [
        -1944102.3199999998,
        5229.690000000001
      ],
      [
        -1935478.419999999,
        5200.22
      ],
      [
        -1959360.439999999,
        5380.62
      ],
      [
        -1959139.1599999992,
        5366.13
      ],
      [
        -1956308.7999999993,
        5322.18
      ],
      [
        -1921661.3999999985,
        5162.720000000001
      ],
      [
        -1923744.7199999986,
        5170.69
      ],
      [
        -1958950.9799999988,
        5357.62
      ],
      [
        -1958042.7699999996,
        5329.66
      ],
      [
        -1945422.7099999997,
        5256.68
      ],
      [
        -1924853.7399999986,
        5170.720000000001
      ],
      [
        -1958743.1499999997,
        5341.639999999999
      ],
      [
        -1944627.439999999,
        5246.6900000000005
      ],
      [
        -1946098.4299999995,
        5261.200000000001
      ]
    ]
  },
  "solutions_count": 28,
  "solutions_directory": "../results/SPEA2\\solutions\\users4\\uniform_inversion_high_mutation\\run2"
}