{
  "run_info": {
    "dataset": "users4.json",
    "config": "high_pheromone_influence",
    "run": 13,
    "execution_time": 6343.2681183815,
    "iterations_completed": 81,
    "max_iterations": 200,
    "terminated_early": true,
    "generations_without_improvement": 12,
    "pareto_size": 19,
    "pareto_points": [
      [
        1836688.8700000069,
        4649.970000000001
      ],
      [
        1840820.6400000013,
        4771.900000000001
      ],
      [
        1809418.6800000092,
        4472.250000000001
      ],
      [
        1810818.4600000028,
        4531.430000000001
      ],
      [
        1815022.1000000103,
        4557.179999999999
      ],
      [
        1819871.2300000102,
        4602.600000000002
      ],
      [
        1804810.7400000142,
        4437.630000000003
      ],
      [
        1803386.7000000118,
        4403.330000000003
      ],
      [
        1778368.8800000073,
        4240.630000000002
      ],
      [
        1790895.0100000123,
        4340.230000000002
      ],
      [
        1783056.0700000122,
        4255.470000000003
      ],
      [
        1795324.37000001,
        4349.090000000003
      ],
      [
        1808143.8100000145,
        4456.600000000002
      ],
      [
        1805676.460000016,
        4452.680000000003
      ],
      [
        1797208.5200000135,
        4377.550000000002
      ],
      [
        1789952.6500000102,
        4320.600000000003
      ],
      [
        1793199.6000000087,
        4349.070000000002
      ],
      [
        1795901.2300000098,
        4351.930000000002
      ],
      [
        1786193.1800000137,
        4296.020000000002
      ]
    ],
    "solutions_evaluated": 2025,
    "config_params": {
      "n_ants": 25,
      "rho": 0.3,
      "alpha": 3.0,
      "beta": 2.0,
      "archive_size": 100,
      "no_improvement_generations": 12
    }
  },
  "solutions_count": 19,
  "solutions_directory": "C:\\Users\\hctr0\\PycharmProjects\\TFG_Hector\\31Executions\\PACO\\solutions\\users4\\high_pheromone_influence\\run13",
  "objective_statistics": {
    "cost_range": {
      "min": 4240.630000000002,
      "max": 4771.900000000001
    },
    "minutes_range": {
      "min": 1778368.8800000073,
      "max": 1840820.6400000013
    }
  },
  "algorithm_info": {
    "archive_history_length": 81,
    "max_archive_size_reached": 19
  }
}