{
  "run_info": {
    "dataset": "users1.json",
    "config": "high_pheromone_influence",
    "run": 23,
    "execution_time": 1180.9163827896118,
    "iterations_completed": 68,
    "max_iterations": 200,
    "terminated_early": true,
    "generations_without_improvement": 12,
    "pareto_size": 9,
    "pareto_points": [
      [
        439097.01000000007,
        1001.0699999999999
      ],
      [
        446787.4999999998,
        1130.9999999999998
      ],
      [
        443395.11000000004,
        1036.0600000000002
      ],
      [
        436901.5399999999,
        979.0999999999999
      ],
      [
        443426.1199999999,
        1037.6000000000001
      ],
      [
        446328.57,
        1117.02
      ],
      [
        447448.5199999994,
        1140.05
      ],
      [
        445177.5499999998,
        1053.0
      ],
      [
        442573.68999999954,
        1014.0900000000001
      ]
    ],
    "solutions_evaluated": 1700,
    "config_params": {
      "n_ants": 25,
      "rho": 0.3,
      "alpha": 3.0,
      "beta": 2.0,
      "archive_size": 100,
      "no_improvement_generations": 12
    }
  },
  "solutions_count": 9,
  "solutions_directory": "C:\\Users\\hctr0\\PycharmProjects\\TFG_Hector\\31Executions\\PACO\\solutions\\users1\\high_pheromone_influence\\run23",
  "objective_statistics": {
    "cost_range": {
      "min": 979.0999999999999,
      "max": 1140.05
    },
    "minutes_range": {
      "min": 436901.5399999999,
      "max": 447448.5199999994
    }
  },
  "algorithm_info": {
    "archive_history_length": 68,
    "max_archive_size_reached": 10
  }
}