{
  "solution": [
    17,
    17,
    17,
    17,
    17,
    17,
    8,
    17,
    17,
    17,
    17,
    17,
    17,
    16,
    17,
    8,
    17,
    8,
    17,
    17,
    6,
    17,
    16,
    17,
    4,
    17,
    6,
    17,
    17,
    5,
    2,
    8,
    17,
    17,
    6,
    17,
    17,
    2,
    17,
    17,
    17,
    17,
    17,
    13,
    17,
    17,
    5,
    16,
    17,
    8,
    17,
    17,
    17,
    17,
    14,
    2,
    5,
    17,
    17,
    5,
    17,
    8,
    6,
    17,
    6,
    17,
    17,
    17,
    17,
    17,
    17,
    17,
    2,
    4,
    3,
    17,
    17,
    5,
    17,
    8,
    17,
    5,
    17,
    17,
    13,
    17,
    17,
    7,
    17,
    17,
    17,
    17,
    17,
    8,
    17,
    8,
    17,
    16,
    2,
    17,
    8,
    6,
    8,
    5,
    6,
    17,
    8,
    17,
    5,
    17,
    4,
    17,
    17,
    17,
    17,
    17,
    8,
    8,
    10,
    17,
    16,
    8,
    17,
    17,
    16,
    8,
    8,
    17,
    5,
    17,
    16,
    17,
    17,
    14,
    17,
    16,
    17,
    15,
    17,
    17,
    17,
    8,
    8,
    17,
    8,
    17,
    17,
    1,
    15,
    17,
    18,
    17,
    17,
    17,
    17,
    8,
    4,
    17,
    5,
    17,
    5,
    4,
    17,
    17,
    11,
    17,
    8,
    8,
    17,
    17,
    4,
    2,
    17,
    17,
    17,
    8,
    17,
    17,
    17,
    17,
    15,
    11,
    8,
    9,
    17,
    2,
    8,
    17,
    2,
    2,
    8,
    8,
    17,
    17,
    8,
    4,
    17,
    17,
    7,
    8,
    17,
    17,
    10,
    3,
    17,
    17,
    17,
    17,
    17,
    8,
    17,
    16,
    17,
    17,
    17,
    8,
    17,
    17,
    17,
    4,
    17,
    17,
    17,
    8,
    17,
    4,
    8,
    17,
    17,
    8,
    16,
    17,
    17,
    5,
    5,
    8,
    17,
    17,
    17,
    17,
    6,
    8,
    11,
    4,
    2,
    17,
    5,
    17,
    17,
    2,
    5,
    17,
    4,
    17,
    2,
    17,
    17,
    15,
    17,
    16,
    17,
    17,
    4,
    5,
    17,
    2,
    2,
    2,
    17,
    8,
    17,
    17,
    16,
    17,
    16,
    17,
    4,
    2,
    17,
    6,
    16,
    16,
    17,
    17,
    8,
    17,
    5,
    6,
    8,
    17,
    17,
    17,
    2,
    17,
    6,
    17,
    16,
    17,
    4,
    17
  ],
  "objectives": [
    439097.01000000007,
    1001.0699999999999
  ],
  "fitness": {
    "minutos_ponderados": 439097.01000000007,
    "costo_total": 1001.0699999999999
  }
}