{
  "solution": [
    17,
    7,
    17,
    17,
    17,
    17,
    8,
    17,
    17,
    17,
    17,
    10,
    4,
    16,
    17,
    17,
    7,
    8,
    17,
    17,
    6,
    17,
    16,
    17,
    4,
    17,
    17,
    14,
    17,
    8,
    3,
    8,
    17,
    17,
    6,
    8,
    17,
    4,
    17,
    17,
    17,
    17,
    17,
    8,
    17,
    17,
    5,
    16,
    11,
    8,
    17,
    17,
    17,
    17,
    16,
    11,
    5,
    17,
    17,
    5,
    17,
    8,
    6,
    17,
    6,
    17,
    17,
    17,
    17,
    17,
    16,
    17,
    2,
    17,
    17,
    17,
    17,
    5,
    17,
    8,
    17,
    5,
    17,
    17,
    17,
    17,
    8,
    17,
    17,
    17,
    17,
    5,
    17,
    8,
    17,
    8,
    17,
    16,
    2,
    17,
    8,
    2,
    17,
    5,
    6,
    17,
    8,
    17,
    17,
    17,
    4,
    10,
    8,
    17,
    17,
    17,
    8,
    8,
    17,
    17,
    16,
    8,
    5,
    17,
    16,
    8,
    8,
    17,
    5,
    18,
    7,
    13,
    14,
    8,
    17,
    16,
    17,
    8,
    2,
    17,
    17,
    8,
    8,
    17,
    8,
    17,
    17,
    17,
    15,
    17,
    17,
    17,
    17,
    17,
    17,
    8,
    4,
    17,
    5,
    17,
    5,
    4,
    17,
    17,
    5,
    2,
    8,
    4,
    17,
    4,
    8,
    2,
    8,
    2,
    17,
    8,
    17,
    17,
    17,
    17,
    15,
    11,
    8,
    17,
    17,
    2,
    8,
    17,
    17,
    2,
    8,
    17,
    17,
    17,
    12,
    4,
    17,
    17,
    17,
    8,
    17,
    17,
    10,
    17,
    17,
    17,
    17,
    17,
    17,
    8,
    17,
    16,
    17,
    17,
    17,
    6,
    17,
    17,
    17,
    4,
    17,
    17,
    17,
    16,
    8,
    4,
    8,
    17,
    17,
    8,
    16,
    2,
    17,
    5,
    17,
    8,
    17,
    17,
    17,
    17,
    6,
    8,
    5,
    4,
    2,
    17,
    5,
    17,
    17,
    17,
    5,
    17,
    4,
    17,
    17,
    10,
    17,
    6,
    17,
    16,
    17,
    17,
    4,
    17,
    17,
    17,
    2,
    10,
    17,
    8,
    17,
    17,
    16,
    17,
    16,
    17,
    4,
    2,
    17,
    6,
    16,
    18,
    17,
    17,
    8,
    17,
    6,
    17,
    8,
    17,
    17,
    17,
    2,
    17,
    6,
    17,
    16,
    17,
    4,
    17
  ],
  "objectives": [
    443395.11000000004,
    1036.0600000000002
  ],
  "fitness": {
    "minutos_ponderados": 443395.11000000004,
    "costo_total": 1036.0600000000002
  }
}