{
  "solution": [
    17,
    17,
    3,
    17,
    17,
    17,
    8,
    17,
    17,
    17,
    17,
    17,
    17,
    17,
    17,
    17,
    12,
    8,
    17,
    5,
    6,
    17,
    16,
    17,
    4,
    17,
    17,
    17,
    17,
    5,
    2,
    8,
    17,
    17,
    6,
    8,
    2,
    2,
    17,
    17,
    17,
    17,
    6,
    8,
    17,
    17,
    5,
    16,
    17,
    8,
    17,
    17,
    18,
    17,
    16,
    2,
    5,
    17,
    17,
    5,
    2,
    8,
    6,
    17,
    6,
    14,
    11,
    17,
    17,
    17,
    17,
    1,
    2,
    17,
    17,
    17,
    16,
    15,
    17,
    8,
    15,
    5,
    17,
    17,
    17,
    17,
    17,
    17,
    17,
    17,
    17,
    17,
    11,
    8,
    17,
    8,
    17,
    16,
    2,
    17,
    8,
    2,
    8,
    11,
    6,
    17,
    8,
    17,
    17,
    17,
    4,
    17,
    8,
    17,
    17,
    17,
    8,
    8,
    17,
    17,
    16,
    8,
    17,
    17,
    16,
    4,
    8,
    17,
    5,
    17,
    16,
    17,
    17,
    8,
    17,
    16,
    17,
    8,
    17,
    17,
    17,
    8,
    8,
    17,
    8,
    17,
    17,
    17,
    8,
    16,
    17,
    17,
    17,
    17,
    17,
    8,
    15,
    17,
    5,
    17,
    5,
    14,
    17,
    17,
    5,
    17,
    8,
    8,
    17,
    17,
    8,
    15,
    9,
    10,
    17,
    4,
    17,
    17,
    17,
    17,
    15,
    11,
    8,
    17,
    17,
    2,
    8,
    17,
    17,
    2,
    8,
    17,
    17,
    17,
    8,
    4,
    6,
    17,
    17,
    12,
    17,
    17,
    8,
    17,
    17,
    17,
    17,
    1,
    17,
    8,
    17,
    16,
    17,
    17,
    17,
    8,
    17,
    17,
    17,
    4,
    3,
    17,
    9,
    8,
    17,
    4,
    8,
    17,
    17,
    13,
    4,
    17,
    17,
    5,
    17,
    8,
    17,
    17,
    17,
    17,
    6,
    8,
    5,
    4,
    2,
    17,
    6,
    17,
    5,
    17,
    8,
    17,
    4,
    17,
    17,
    17,
    17,
    17,
    17,
    9,
    17,
    17,
    4,
    17,
    17,
    17,
    2,
    14,
    17,
    16,
    17,
    14,
    14,
    17,
    16,
    17,
    4,
    2,
    17,
    6,
    16,
    3,
    17,
    17,
    8,
    17,
    1,
    17,
    8,
    17,
    17,
    17,
    2,
    17,
    2,
    17,
    16,
    17,
    4,
    17
  ],
  "objectives": [
    443426.1199999999,
    1037.6000000000001
  ],
  "fitness": {
    "minutos_ponderados": 443426.1199999999,
    "costo_total": 1037.6000000000001
  }
}