{
  "solution": [
    17,
    17,
    17,
    17,
    17,
    17,
    8,
    17,
    17,
    17,
    17,
    17,
    17,
    16,
    17,
    17,
    17,
    8,
    17,
    17,
    6,
    17,
    16,
    17,
    4,
    17,
    14,
    17,
    17,
    5,
    2,
    8,
    17,
    17,
    6,
    8,
    17,
    2,
    17,
    17,
    17,
    17,
    17,
    8,
    17,
    17,
    5,
    3,
    17,
    8,
    17,
    17,
    17,
    17,
    16,
    2,
    5,
    17,
    17,
    5,
    17,
    8,
    6,
    17,
    6,
    17,
    16,
    17,
    17,
    17,
    17,
    17,
    2,
    17,
    17,
    17,
    17,
    5,
    2,
    10,
    17,
    5,
    17,
    17,
    17,
    17,
    8,
    17,
    17,
    17,
    17,
    17,
    17,
    8,
    5,
    11,
    17,
    16,
    5,
    17,
    8,
    2,
    8,
    5,
    6,
    11,
    8,
    17,
    17,
    17,
    4,
    17,
    14,
    17,
    17,
    17,
    8,
    8,
    17,
    5,
    16,
    16,
    17,
    17,
    16,
    8,
    8,
    17,
    5,
    16,
    16,
    17,
    17,
    12,
    17,
    16,
    17,
    8,
    17,
    17,
    3,
    8,
    16,
    17,
    1,
    17,
    8,
    17,
    6,
    17,
    17,
    17,
    17,
    17,
    17,
    8,
    4,
    17,
    5,
    17,
    5,
    5,
    17,
    17,
    5,
    17,
    8,
    8,
    17,
    17,
    8,
    2,
    8,
    17,
    17,
    8,
    17,
    17,
    2,
    17,
    15,
    11,
    8,
    17,
    17,
    2,
    8,
    10,
    17,
    2,
    8,
    15,
    17,
    17,
    8,
    4,
    11,
    17,
    17,
    8,
    17,
    17,
    8,
    17,
    17,
    17,
    17,
    17,
    17,
    8,
    14,
    16,
    10,
    17,
    17,
    8,
    17,
    17,
    17,
    4,
    17,
    17,
    17,
    8,
    17,
    4,
    8,
    17,
    17,
    8,
    16,
    17,
    17,
    5,
    17,
    8,
    17,
    1,
    17,
    17,
    6,
    8,
    5,
    4,
    2,
    17,
    5,
    17,
    17,
    17,
    5,
    1,
    4,
    17,
    17,
    1,
    17,
    17,
    5,
    16,
    17,
    17,
    4,
    17,
    17,
    17,
    2,
    17,
    17,
    8,
    17,
    17,
    16,
    17,
    18,
    17,
    4,
    2,
    17,
    6,
    16,
    16,
    17,
    17,
    8,
    17,
    6,
    17,
    8,
    17,
    17,
    9,
    9,
    17,
    6,
    17,
    16,
    17,
    4,
    17
  ],
  "objectives": [
    442573.68999999954,
    1014.0900000000001
  ],
  "fitness": {
    "minutos_ponderados": 442573.68999999954,
    "costo_total": 1014.0900000000001
  }
}