{
  "run_info": {
    "dataset": "users3.json",
    "config": "uniform_inversion_high_mutation",
    "run": 14,
    "execution_time": 476.754243850708,
    "generations": 47,
    "pareto_size": 12,
    "pareto_points": [
      [
        -1140654.8399999973,
        3330.4500000000003
      ],
      [
        -1203957.229999998,
        3444.38
      ],
      [
        -1195448.1199999978,
        3366.95
      ],
      [
        -1163111.849999996,
        3333.62
      ],
      [
        -1221104.0299999963,
        3571.870000000001
      ],
      [
        -1217814.7199999976,
        3457.9400000000005
      ],
      [
        -1203956.3899999964,
        3415.87
      ],
      [
        -1177408.6999999955,
        3342.5100000000007
      ],
      [
        -1231039.639999996,
        3607.290000000001
      ],
      [
        -1198502.9899999972,
        3407.41
      ],
      [
        -1226064.5599999966,
        3572.3500000000004
      ],
      [
        -1207701.089999995,
        3444.4300000000003
      ]
    ]
  },
  "solutions_count": 12,
  "solutions_directory": "C:\\Users\\hctr0\\PycharmProjects\\TFG_Hector\\31Executions\\NSGA2\\solutions\\users3\\uniform_inversion_high_mutation\\run14"
}