{
  "run_info": {
    "dataset": "users1.json",
    "config": "uniform_inversion_high_mutation",
    "run": 27,
    "execution_time": 187.94625234603882,
    "generations": 82,
    "pareto_size": 16,
    "pareto_points": [
      [
        -451767.84999999986,
        1105.07
      ],
      [
        -463248.00000000006,
        1116.6000000000001
      ],
      [
        -476862.4399999999,
        1183.4699999999998
      ],
      [
        -470368.9199999994,
        1142.0299999999997
      ],
      [
        -482164.1699999996,
        1295.87
      ],
      [
        -486622.42,
        1388.85
      ],
      [
        -484107.1099999999,
        1310.36
      ],
      [
        -475778.16999999946,
        1176.5
      ],
      [
        -469232.3199999993,
        1137.02
      ],
      [
        -464432.09,
        1124.1
      ],
      [
        -484245.2000000001,
        1358.29
      ],
      [
        -482018.7200000004,
        1272.9399999999996
      ],
      [
        -478226.4999999993,
        1207.9499999999998
      ],
      [
        -474449.6899999994,
        1145.0699999999997
      ],
      [
        -480685.9999999996,
        1209.4699999999998
      ],
      [
        -478071.62999999936,
        1190.9699999999998
      ]
    ]
  },
  "solutions_count": 16,
  "solutions_directory": "C:\\Users\\hctr0\\PycharmProjects\\TFG_Hector\\31Executions\\NSGA2\\solutions\\users1\\uniform_inversion_high_mutation\\run27"
}