{
  "run_info": {
    "dataset": "users5.json",
    "config": "uniform_inversion_high_mutation",
    "run": 3,
    "execution_time": 2396.801929950714,
    "generations": 142,
    "pareto_size": 27,
    "pareto_points": [
      [
        -3158241.6300000073,
        8340.18
      ],
      [
        -3141623.7000000053,
        8214.260000000002
      ],
      [
        -3140343.2400000044,
        8201.280000000002
      ],
      [
        -3142122.2400000016,
        8229.260000000002
      ],
      [
        -3157533.480000005,
        8326.190000000002
      ],
      [
        -3137580.4600000037,
        8196.780000000002
      ],
      [
        -3151873.010000004,
        8289.66
      ],
      [
        -3160720.1500000064,
        8341.68
      ],
      [
        -3140435.730000006,
        8208.270000000002
      ],
      [
        -3169438.0100000105,
        8363.700000000003
      ],
      [
        -3150685.040000004,
        8284.68
      ],
      [
        -3153006.810000004,
        8289.730000000001
      ],
      [
        -3149584.5800000057,
        8281.720000000001
      ],
      [
        -3148661.2000000053,
        8236.760000000002
      ],
      [
        -3153335.310000005,
        8302.690000000002
      ],
      [
        -3163687.570000008,
        8359.200000000003
      ],
      [
        -3159597.810000006,
        8340.7
      ],
      [
        -3149277.8700000052,
        8256.240000000002
      ],
      [
        -3156107.600000006,
        8313.670000000002
      ],
      [
        -3148818.1900000055,
        8251.720000000001
      ],
      [
        -3156921.5200000075,
        8323.250000000002
      ],
      [
        -3165965.33000001,
        8360.680000000002
      ],
      [
        -3163181.410000012,
        8358.760000000002
      ],
      [
        -3151075.0300000063,
        8287.690000000002
      ],
      [
        -3156001.930000004,
        8305.730000000001
      ],
      [
        -3153052.7800000077,
        8289.77
      ],
      [
        -3162727.4700000086,
        8346.67
      ]
    ]
  },
  "solutions_count": 27,
  "solutions_directory": "../results/SPEA2\\solutions\\users5\\uniform_inversion_high_mutation\\run3"
}