{
  "run_info": {
    "dataset": "users1.json",
    "config": "uniform_reset_high_crossover",
    "run": 2,
    "execution_time": 237.73474597930908,
    "generations": 71,
    "pareto_size": 34,
    "pareto_points": [
      [
        -448428.32999999967,
        1591.1799999999996
      ],
      [
        -442397.55999999965,
        1537.7299999999998
      ],
      [
        -452605.9299999997,
        1648.6699999999996
      ],
      [
        -446115.5999999997,
        1566.7499999999998
      ],
      [
        -441816.7599999995,
        1532.74
      ],
      [
        -452244.0899999995,
        1643.6699999999998
      ],
      [
        -443928.91999999963,
        1550.7299999999998
      ],
      [
        -442421.99999999953,
        1544.7499999999995
      ],
      [
        -445753.75999999937,
        1558.7699999999998
      ],
      [
        -451974.70999999956,
        1628.1799999999996
      ],
      [
        -448490.64999999944,
        1595.7299999999996
      ],
      [
        -449716.7399999996,
        1607.6799999999994
      ],
      [
        -444198.2999999997,
        1551.1799999999998
      ],
      [
        -446316.1699999995,
        1569.2
      ],
      [
        -447260.6799999996,
        1587.7099999999998
      ],
      [
        -450615.0099999997,
        1610.6899999999998
      ],
      [
        -447940.4399999994,
        1588.7599999999998
      ],
      [
        -434566.38999999955,
        1490.2499999999998
      ],
      [
        -451760.08999999973,
        1628.1599999999996
      ],
      [
        -454430.76999999955,
        1668.6699999999996
      ],
      [
        -456152.30999999953,
        1679.1799999999998
      ],
      [
        -452439.8499999995,
        1645.6999999999996
      ],
      [
        -455937.6899999997,
        1679.1499999999999
      ],
      [
        -454161.3899999996,
        1654.1899999999996
      ],
      [
        -453965.6299999996,
        1653.1699999999998
      ],
      [
        -436678.5499999997,
        1506.2299999999998
      ],
      [
        -449862.5499999994,
        1608.1999999999996
      ],
      [
        -453946.7699999998,
        1651.1599999999999
      ],
      [
        -454216.14999999973,
        1660.6599999999996
      ],
      [
        -437898.1499999995,
        1512.2499999999998
      ],
      [
        -439065.7999999996,
        1515.7299999999998
      ],
      [
        -449647.9299999996,
        1601.1899999999998
      ],
      [
        -446384.97999999963,
        1580.6899999999996
      ],
      [
        -452203.1099999996,
        1643.6699999999996
      ]
    ]
  },
  "solutions_count": 34,
  "solutions_directory": "../results/SPEA2\\solutions\\users1\\uniform_reset_high_crossover\\run2"
}