{
  "solution": [
    7,
    2,
    5,
    4,
    17,
    16,
    3,
    17,
    16,
    7,
    17,
    8,
    2,
    1,
    5,
    17,
    9,
    2,
    8,
    17,
    17,
    9,
    17,
    17,
    2,
    17,
    17,
    17,
    17,
    17,
    7,
    16,
    5,
    17,
    4,
    9,
    8,
    11,
    2,
    5,
    17,
    8,
    16,
    5,
    8,
    17,
    2,
    17,
    17,
    17,
    14,
    2,
    2,
    17,
    9,
    15,
    8,
    8,
    4,
    8,
    9,
    17,
    17,
    5,
    17,
    4,
    8,
    1,
    16,
    8,
    17,
    6,
    8,
    2,
    4,
    6,
    17,
    6,
    17,
    9,
    3,
    5,
    8,
    8,
    5,
    16,
    17,
    17,
    17,
    6,
    12,
    8,
    15,
    17,
    12,
    18,
    8,
    17,
    17,
    2,
    5,
    8,
    17,
    2,
    18,
    10,
    15,
    6,
    4,
    17,
    5,
    6,
    11,
    6,
    17,
    8,
    8,
    6,
    17,
    3,
    9,
    8,
    5,
    17,
    14,
    11,
    4,
    17,
    17,
    4,
    17,
    16,
    17,
    8,
    17,
    5,
    8,
    17,
    8,
    17,
    17,
    17,
    8,
    17,
    2,
    17,
    6,
    15,
    4,
    5,
    17,
    2,
    17,
    8,
    17,
    17,
    12,
    5,
    17,
    4,
    3,
    8,
    16,
    17,
    17,
    17,
    17,
    15,
    15,
    17,
    2,
    6,
    6,
    8,
    17,
    17,
    17,
    16,
    3,
    17,
    5,
    17,
    17,
    5,
    8,
    6,
    10,
    17,
    8,
    4,
    17,
    5,
    4,
    17,
    4,
    9,
    17,
    17,
    12,
    17,
    4,
    17,
    4,
    17,
    5,
    2,
    17,
    1,
    17,
    10,
    17,
    7,
    17,
    2,
    5,
    11,
    9,
    8,
    17,
    4,
    17,
    2,
    2,
    17,
    17,
    17,
    17,
    17,
    5,
    5,
    17,
    17,
    17,
    10,
    7,
    6,
    2,
    16,
    2,
    6,
    17,
    4,
    5,
    16,
    3,
    2,
    8,
    7,
    17,
    17,
    17,
    8,
    17,
    16,
    17,
    5,
    10,
    17,
    5,
    15,
    13,
    8,
    3,
    2,
    17,
    8,
    17,
    9,
    18,
    13,
    4,
    15,
    15,
    17,
    4,
    8,
    12,
    17,
    16,
    17,
    2,
    18,
    17,
    8,
    17,
    5,
    7,
    14,
    2,
    2,
    17,
    17,
    17,
    2,
    2,
    17,
    17,
    2,
    2,
    17
  ],
  "objectives": [
    451134.3600000003,
    1208.2899999999997
  ],
  "fitness": {
    "minutos_ponderados": 451134.3600000003,
    "costo_total": 1208.2899999999997
  }
}