{
  "solution": [
    17,
    17,
    17,
    16,
    16,
    2,
    17,
    12,
    2,
    17,
    17,
    8,
    17,
    5,
    2,
    11,
    6,
    17,
    10,
    17,
    17,
    17,
    8,
    17,
    17,
    17,
    7,
    2,
    17,
    11,
    17,
    7,
    17,
    17,
    16,
    17,
    8,
    17,
    10,
    17,
    17,
    8,
    5,
    17,
    17,
    17,
    8,
    17,
    5,
    17,
    17,
    17,
    2,
    17,
    17,
    15,
    8,
    8,
    4,
    8,
    17,
    17,
    17,
    2,
    17,
    17,
    17,
    17,
    16,
    8,
    11,
    17,
    5,
    8,
    17,
    5,
    17,
    17,
    17,
    15,
    8,
    16,
    15,
    5,
    17,
    16,
    4,
    17,
    17,
    8,
    13,
    8,
    17,
    1,
    8,
    17,
    17,
    17,
    6,
    17,
    8,
    8,
    17,
    2,
    8,
    17,
    17,
    17,
    6,
    17,
    2,
    8,
    5,
    17,
    17,
    17,
    17,
    17,
    17,
    6,
    17,
    8,
    17,
    17,
    16,
    16,
    4,
    17,
    15,
    11,
    2,
    8,
    17,
    8,
    17,
    17,
    8,
    17,
    8,
    2,
    17,
    17,
    17,
    17,
    2,
    8,
    17,
    17,
    17,
    14,
    17,
    2,
    17,
    17,
    9,
    17,
    16,
    8,
    17,
    17,
    8,
    8,
    16,
    17,
    17,
    17,
    17,
    8,
    8,
    1,
    17,
    17,
    2,
    4,
    11,
    17,
    12,
    8,
    17,
    17,
    15,
    17,
    12,
    17,
    2,
    6,
    11,
    17,
    4,
    17,
    17,
    17,
    16,
    17,
    16,
    8,
    17,
    17,
    17,
    17,
    17,
    17,
    8,
    17,
    5,
    6,
    17,
    17,
    17,
    12,
    17,
    5,
    17,
    17,
    13,
    6,
    17,
    17,
    17,
    17,
    17,
    10,
    2,
    17,
    8,
    17,
    17,
    2,
    12,
    17,
    12,
    12,
    17,
    17,
    2,
    17,
    2,
    16,
    17,
    6,
    14,
    14,
    17,
    16,
    2,
    17,
    5,
    17,
    17,
    17,
    17,
    17,
    17,
    16,
    17,
    8,
    17,
    17,
    17,
    6,
    9,
    8,
    17,
    17,
    17,
    9,
    8,
    17,
    8,
    17,
    8,
    17,
    17,
    17,
    17,
    17,
    8,
    17,
    2,
    17,
    6,
    17,
    17,
    8,
    17,
    5,
    17,
    6,
    7,
    8,
    4,
    17,
    5,
    2,
    5,
    17,
    17,
    17,
    2,
    17
  ],
  "objectives": [
    441602.39999999915,
    1096.6
  ],
  "fitness": {
    "minutos_ponderados": 441602.39999999915,
    "costo_total": 1096.6
  }
}