{
  "solution": [
    17,
    17,
    17,
    16,
    17,
    2,
    7,
    17,
    2,
    18,
    9,
    8,
    17,
    5,
    2,
    11,
    2,
    17,
    8,
    17,
    17,
    17,
    8,
    17,
    17,
    17,
    17,
    8,
    17,
    17,
    17,
    16,
    17,
    17,
    16,
    17,
    8,
    17,
    17,
    17,
    17,
    8,
    17,
    17,
    17,
    17,
    17,
    17,
    5,
    17,
    17,
    17,
    2,
    17,
    17,
    15,
    8,
    3,
    4,
    8,
    17,
    17,
    7,
    17,
    17,
    12,
    15,
    17,
    16,
    8,
    17,
    17,
    5,
    8,
    17,
    16,
    17,
    17,
    17,
    15,
    8,
    16,
    17,
    5,
    17,
    16,
    17,
    17,
    17,
    8,
    8,
    17,
    17,
    17,
    4,
    17,
    17,
    17,
    6,
    17,
    8,
    8,
    17,
    2,
    9,
    3,
    17,
    17,
    8,
    17,
    2,
    8,
    5,
    17,
    17,
    17,
    17,
    17,
    17,
    6,
    17,
    8,
    17,
    17,
    16,
    8,
    4,
    17,
    17,
    8,
    17,
    11,
    17,
    8,
    8,
    17,
    8,
    17,
    8,
    2,
    17,
    17,
    17,
    17,
    8,
    8,
    8,
    17,
    4,
    17,
    17,
    2,
    5,
    17,
    17,
    17,
    16,
    8,
    5,
    17,
    6,
    8,
    16,
    17,
    17,
    17,
    17,
    8,
    15,
    5,
    17,
    17,
    17,
    4,
    15,
    17,
    17,
    8,
    17,
    17,
    17,
    17,
    17,
    17,
    4,
    5,
    10,
    12,
    4,
    17,
    18,
    17,
    8,
    17,
    16,
    17,
    17,
    10,
    17,
    17,
    17,
    17,
    2,
    17,
    5,
    17,
    17,
    12,
    11,
    17,
    6,
    5,
    5,
    3,
    6,
    8,
    17,
    17,
    17,
    17,
    17,
    16,
    2,
    4,
    17,
    17,
    17,
    5,
    17,
    17,
    17,
    17,
    17,
    17,
    15,
    17,
    2,
    16,
    17,
    6,
    17,
    8,
    17,
    16,
    2,
    17,
    8,
    17,
    17,
    17,
    17,
    17,
    17,
    16,
    17,
    17,
    12,
    17,
    17,
    5,
    17,
    8,
    10,
    17,
    16,
    8,
    8,
    7,
    17,
    7,
    8,
    17,
    2,
    16,
    11,
    17,
    8,
    17,
    6,
    17,
    6,
    17,
    3,
    8,
    17,
    5,
    9,
    6,
    6,
    8,
    17,
    17,
    5,
    17,
    5,
    17,
    17,
    17,
    2,
    17
  ],
  "objectives": [
    440666.9499999991,
    1083.06
  ],
  "fitness": {
    "minutos_ponderados": 440666.9499999991,
    "costo_total": 1083.06
  }
}