{
  "solution": [
    17,
    17,
    17,
    16,
    17,
    2,
    17,
    17,
    2,
    17,
    17,
    6,
    17,
    5,
    17,
    14,
    6,
    17,
    8,
    10,
    17,
    17,
    8,
    17,
    17,
    17,
    6,
    8,
    17,
    17,
    17,
    16,
    17,
    17,
    16,
    17,
    8,
    17,
    17,
    17,
    17,
    8,
    5,
    17,
    17,
    17,
    8,
    17,
    5,
    17,
    17,
    17,
    5,
    17,
    17,
    15,
    8,
    8,
    9,
    8,
    17,
    17,
    17,
    17,
    17,
    17,
    17,
    17,
    16,
    8,
    17,
    17,
    5,
    8,
    17,
    5,
    17,
    17,
    17,
    15,
    8,
    16,
    17,
    5,
    17,
    16,
    17,
    17,
    17,
    8,
    8,
    17,
    17,
    18,
    8,
    5,
    17,
    17,
    6,
    17,
    5,
    8,
    17,
    2,
    8,
    17,
    17,
    17,
    6,
    17,
    2,
    8,
    5,
    17,
    17,
    17,
    17,
    17,
    17,
    6,
    17,
    8,
    17,
    17,
    16,
    8,
    16,
    17,
    17,
    6,
    17,
    4,
    17,
    8,
    17,
    17,
    8,
    17,
    8,
    2,
    17,
    17,
    7,
    17,
    8,
    15,
    17,
    17,
    11,
    8,
    17,
    2,
    17,
    17,
    17,
    17,
    16,
    8,
    5,
    17,
    8,
    15,
    16,
    17,
    12,
    17,
    17,
    8,
    15,
    11,
    17,
    7,
    2,
    4,
    17,
    17,
    17,
    8,
    17,
    17,
    17,
    17,
    17,
    17,
    5,
    6,
    8,
    17,
    4,
    18,
    17,
    12,
    8,
    17,
    16,
    17,
    14,
    17,
    17,
    17,
    17,
    17,
    8,
    17,
    17,
    17,
    17,
    17,
    17,
    17,
    17,
    12,
    17,
    17,
    6,
    8,
    17,
    17,
    17,
    17,
    17,
    16,
    2,
    17,
    8,
    17,
    17,
    8,
    17,
    17,
    6,
    17,
    17,
    3,
    15,
    17,
    2,
    8,
    3,
    6,
    17,
    8,
    17,
    16,
    2,
    17,
    8,
    17,
    17,
    17,
    17,
    2,
    17,
    16,
    17,
    8,
    17,
    17,
    17,
    17,
    17,
    8,
    17,
    17,
    17,
    8,
    8,
    17,
    17,
    3,
    8,
    17,
    17,
    17,
    17,
    17,
    5,
    17,
    6,
    17,
    6,
    17,
    17,
    8,
    17,
    5,
    17,
    6,
    4,
    8,
    17,
    17,
    5,
    17,
    5,
    13,
    17,
    17,
    15,
    17
  ],
  "objectives": [
    440086.98999999906,
    1034.04
  ],
  "fitness": {
    "minutos_ponderados": 440086.98999999906,
    "costo_total": 1034.04
  }
}