{
  "solution": [
    11,
    8,
    18,
    17,
    2,
    17,
    16,
    2,
    16,
    17,
    8,
    13,
    11,
    17,
    8,
    17,
    17,
    6,
    2,
    17,
    5,
    17,
    2,
    8,
    8,
    11,
    17,
    13,
    14,
    8,
    2,
    17,
    16,
    4,
    16,
    4,
    1,
    17,
    15,
    4,
    11,
    17,
    10,
    17,
    17,
    2,
    5,
    9,
    17,
    9,
    17,
    3,
    17,
    17,
    17,
    17,
    1,
    17,
    5,
    11,
    5,
    5,
    17,
    1,
    8,
    6,
    8,
    16,
    17,
    2,
    17,
    4,
    17,
    17,
    6,
    17,
    2,
    17,
    17,
    15,
    4,
    18,
    17,
    17,
    17,
    3,
    17,
    17,
    17,
    10,
    10,
    5,
    1,
    11,
    2,
    1,
    6,
    17,
    5,
    6,
    8,
    17,
    17,
    8,
    17,
    11,
    17,
    5,
    17,
    17,
    6,
    17,
    17,
    8,
    5,
    17,
    1,
    5,
    2,
    5,
    8,
    8,
    17,
    5,
    5,
    5,
    15,
    17,
    8,
    2,
    4,
    8,
    1,
    8,
    1,
    18,
    17,
    6,
    3,
    18,
    17,
    17,
    15,
    5,
    5,
    2,
    17,
    6,
    17,
    17,
    2,
    4,
    6,
    17,
    17,
    17,
    17,
    5,
    4,
    2,
    17,
    15,
    8,
    17,
    17,
    5,
    5,
    17,
    6,
    8,
    18,
    17,
    17,
    8,
    8,
    6,
    17,
    8,
    17,
    6,
    17,
    17,
    8,
    13,
    16,
    5,
    16,
    4,
    15,
    4,
    5,
    18,
    4,
    8,
    6,
    18,
    8,
    17,
    8,
    17,
    17,
    17,
    16,
    13,
    17,
    4,
    5,
    17,
    17,
    16,
    17,
    8,
    2,
    1,
    4,
    15,
    17,
    17,
    6,
    17,
    17,
    15,
    1,
    8,
    17,
    17,
    16,
    17,
    17,
    17,
    5,
    17,
    4,
    17,
    17,
    2,
    4,
    9,
    17,
    17,
    16,
    17,
    17,
    3,
    2,
    17,
    17,
    4,
    17,
    17,
    17,
    3,
    8,
    4,
    17,
    17,
    5,
    17,
    10,
    16,
    8,
    11,
    8,
    17,
    13,
    9,
    17,
    17,
    17,
    8,
    4,
    8,
    16,
    17,
    8,
    17,
    16,
    17,
    17,
    17,
    4,
    8,
    16,
    5,
    17,
    15,
    8,
    15,
    17,
    6,
    17,
    6,
    2,
    17,
    8,
    8,
    2,
    2,
    16,
    17
  ],
  "objectives": [
    342190.8499999994,
    1085.3000000000002
  ],
  "fitness": {
    "minutos_ponderados": 342190.8499999994,
    "costo_total": 1085.3000000000002
  }
}