{
  "run_info": {
    "dataset": "users3.json",
    "config": "uniform_reset_high_crossover",
    "run": 5,
    "execution_time": 855.09068608284,
    "generations": 80,
    "pareto_size": 33,
    "pareto_points": [
      [
        -1205807.2599999977,
        3223.6899999999996
      ],
      [
        -1213876.0499999977,
        3225.17
      ],
      [
        -1229810.9599999972,
        3268.66
      ],
      [
        -1234690.2599999972,
        3301.61
      ],
      [
        -1234871.4299999978,
        3302.68
      ],
      [
        -1242168.4599999979,
        3320.1499999999996
      ],
      [
        -1238744.7299999967,
        3312.63
      ],
      [
        -1249850.1699999978,
        3361.629999999999
      ],
      [
        -1243670.5899999975,
        3325.6399999999994
      ],
      [
        -1255136.439999997,
        3427.08
      ],
      [
        -1197393.6699999976,
        3204.2699999999995
      ],
      [
        -1232016.9099999978,
        3287.68
      ],
      [
        -1235792.5899999973,
        3305.62
      ],
      [
        -1246474.4099999974,
        3342.140000000001
      ],
      [
        -1244772.9199999974,
        3331.6400000000003
      ],
      [
        -1233433.9099999976,
        3297.1500000000005
      ],
      [
        -1247503.599999998,
        3358.63
      ],
      [
        -1233095.0799999973,
        3288.1600000000003
      ],
      [
        -1202369.819999998,
        3216.72
      ],
      [
        -1227055.4399999976,
        3266.6699999999996
      ],
      [
        -1255396.4399999972,
        3478.09
      ],
      [
        -1251659.3599999975,
        3365.1600000000003
      ],
      [
        -1223918.489999998,
        3265.66
      ],
      [
        -1247491.819999997,
        3351.13
      ],
      [
        -1196759.5199999975,
        3200.2
      ],
      [
        -1230746.7599999974,
        3287.65
      ],
      [
        -1216918.319999997,
        3246.1999999999994
      ],
      [
        -1253905.8699999973,
        3400.1
      ],
      [
        -1220923.0499999968,
        3261.66
      ],
      [
        -1205452.1799999976,
        3218.6699999999996
      ],
      [
        -1243328.1799999978,
        3323.67
      ],
      [
        -1260092.3899999973,
        3499.09
      ],
      [
        -1254914.0099999974,
        3423.12
      ]
    ]
  },
  "solutions_count": 33,
  "solutions_directory": "../results/NSGA2\\solutions\\users3\\uniform_reset_high_crossover\\run5"
}