{
  "run_info": {
    "dataset": "users3.json",
    "config": "npoint_reset_low_crossover",
    "run": 5,
    "execution_time": 395.82070446014404,
    "generations": 67,
    "pareto_size": 22,
    "pareto_points": [
      [
        -1077862.840000001,
        3653.47
      ],
      [
        -1117928.9099999962,
        3682.98
      ],
      [
        -1059060.4900000007,
        3604.0300000000007
      ],
      [
        -1058918.7100000004,
        3583.5099999999998
      ],
      [
        -1158536.5399999989,
        3841.38
      ],
      [
        -1075976.4700000004,
        3619.4400000000005
      ],
      [
        -1133273.0999999975,
        3710.5
      ],
      [
        -1134262.2199999974,
        3712.01
      ],
      [
        -1130701.1699999971,
        3698.49
      ],
      [
        -1157559.369999999,
        3818.9500000000007
      ],
      [
        -1146056.5299999986,
        3742.0
      ],
      [
        -1156047.729999999,
        3811.4000000000005
      ],
      [
        -1154947.169999999,
        3764.4600000000005
      ],
      [
        -1081054.8000000005,
        3662.4700000000007
      ],
      [
        -1068810.180000001,
        3617.460000000001
      ],
      [
        -1068654.1200000008,
        3607.4700000000007
      ],
      [
        -1152463.239999999,
        3759.4799999999996
      ],
      [
        -1159558.0099999988,
        3869.350000000001
      ],
      [
        -1086930.9300000009,
        3666.4500000000003
      ],
      [
        -1111521.4299999976,
        3672.9800000000005
      ],
      [
        -1077581.6200000013,
        3625.94
      ],
      [
        -1155042.3599999987,
        3800.43
      ]
    ]
  },
  "solutions_count": 22,
  "solutions_directory": "../results/SPEA2\\solutions\\users3\\npoint_reset_low_crossover\\run5"
}