{
  "run_info": {
    "dataset": "users1.json",
    "config": "npoint_inversion_high_all",
    "run": 4,
    "execution_time": 621.4161105155945,
    "generations": 211,
    "pareto_size": 15,
    "pareto_points": [
      [
        -509561.7899999999,
        1274.65
      ],
      [
        -519869.74000000046,
        1296.7
      ],
      [
        -512450.9099999999,
        1284.66
      ],
      [
        -508938.38,
        1269.61
      ],
      [
        -524913.0200000003,
        1425.02
      ],
      [
        -521432.12000000046,
        1337.16
      ],
      [
        -520607.3600000003,
        1314.16
      ],
      [
        -517675.9200000002,
        1284.72
      ],
      [
        -494542.00000000006,
        1246.0899999999997
      ],
      [
        -522901.20000000024,
        1344.1599999999999
      ],
      [
        -521054.61000000016,
        1334.66
      ],
      [
        -521221.4700000005,
        1336.15
      ],
      [
        -524702.3700000002,
        1410.03
      ],
      [
        -524252.9300000003,
        1375.62
      ],
      [
        -524463.5800000002,
        1384.6200000000001
      ]
    ]
  },
  "solutions_count": 15,
  "solutions_directory": "../results/SPEA2\\solutions\\users1\\npoint_inversion_high_all\\run4"
}