{
  "solution": [
    17,
    5,
    17,
    17,
    8,
    2,
    2,
    17,
    8,
    17,
    16,
    2,
    17,
    2,
    17,
    9,
    13,
    17,
    16,
    10,
    17,
    15,
    5,
    17,
    6,
    5,
    17,
    13,
    18,
    16,
    17,
    2,
    17,
    13,
    8,
    2,
    9,
    16,
    8,
    8,
    17,
    8,
    17,
    2,
    17,
    9,
    4,
    17,
    17,
    17,
    2,
    8,
    16,
    16,
    17,
    5,
    5,
    17,
    16,
    16,
    17,
    16,
    5,
    2,
    6,
    16,
    5,
    17,
    9,
    5,
    6,
    16,
    3,
    8,
    17,
    2,
    15,
    5,
    8,
    17,
    10,
    8,
    15,
    17,
    17,
    9,
    16,
    17,
    15,
    2,
    1,
    9,
    5,
    11,
    7,
    6,
    16,
    2,
    17,
    7,
    2,
    6,
    17,
    15,
    16,
    17,
    16,
    5,
    8,
    5,
    8,
    2,
    8,
    2,
    10,
    16,
    15,
    4,
    17,
    12,
    6,
    4,
    9,
    5,
    5,
    5,
    17,
    17,
    16,
    1,
    14,
    15,
    17,
    17,
    16,
    8,
    17,
    6,
    2,
    8,
    4,
    3,
    4,
    7,
    15,
    5,
    18,
    3,
    16,
    2,
    10,
    9,
    17,
    16,
    2,
    2,
    17,
    1,
    14,
    18,
    16,
    17,
    2,
    16,
    11,
    8,
    13,
    18,
    17,
    18,
    5,
    5,
    3,
    6,
    2,
    17,
    17,
    17,
    5,
    17,
    17,
    14,
    5,
    17,
    8,
    17,
    3,
    17,
    5,
    12,
    5,
    17,
    17,
    16,
    8,
    8,
    17,
    16,
    17,
    1,
    8,
    17,
    6,
    6,
    17,
    8,
    17,
    8,
    17,
    17,
    5,
    18,
    17,
    14,
    17,
    13,
    2,
    2,
    6,
    2,
    6,
    17,
    2,
    17,
    18,
    5,
    4,
    3,
    4,
    4,
    8,
    6,
    8,
    16,
    5,
    10,
    5,
    4,
    4,
    17,
    4,
    15,
    8,
    8,
    5,
    16,
    10,
    2,
    4,
    2,
    8,
    11,
    9,
    17,
    17,
    12,
    17,
    2,
    9,
    17,
    17,
    2,
    2,
    8,
    4,
    2,
    8,
    17,
    8,
    8,
    17,
    8,
    10,
    17,
    17,
    17,
    17,
    6,
    2,
    17,
    5,
    9,
    10,
    8,
    17,
    11,
    5,
    2,
    5,
    8,
    5,
    3,
    8,
    8,
    17,
    5,
    16,
    9,
    6,
    17
  ],
  "objectives": [
    386589.5699999995,
    1166.53
  ],
  "fitness": {
    "minutos_ponderados": 386589.5699999995,
    "costo_total": 1166.53
  }
}