{
  "solution": [
    17,
    16,
    17,
    17,
    8,
    15,
    4,
    12,
    8,
    1,
    9,
    17,
    17,
    5,
    17,
    4,
    6,
    5,
    4,
    11,
    17,
    17,
    17,
    17,
    17,
    17,
    17,
    8,
    17,
    4,
    2,
    15,
    11,
    4,
    17,
    11,
    17,
    4,
    8,
    17,
    17,
    8,
    17,
    6,
    17,
    17,
    17,
    1,
    17,
    6,
    17,
    17,
    2,
    17,
    17,
    3,
    17,
    17,
    17,
    17,
    17,
    17,
    17,
    2,
    17,
    17,
    17,
    17,
    17,
    17,
    8,
    8,
    8,
    8,
    17,
    7,
    17,
    17,
    8,
    17,
    16,
    14,
    15,
    17,
    17,
    2,
    17,
    17,
    17,
    17,
    2,
    4,
    17,
    17,
    8,
    8,
    16,
    8,
    11,
    5,
    5,
    16,
    5,
    15,
    2,
    16,
    17,
    17,
    9,
    5,
    2,
    16,
    17,
    17,
    8,
    17,
    7,
    4,
    17,
    2,
    2,
    17,
    8,
    11,
    17,
    17,
    15,
    2,
    2,
    8,
    2,
    2,
    17,
    17,
    4,
    6,
    17,
    1,
    12,
    5,
    17,
    17,
    13,
    5,
    4,
    17,
    17,
    8,
    4,
    17,
    17,
    8,
    17,
    17,
    11,
    17,
    2,
    17,
    17,
    17,
    5,
    6,
    17,
    4,
    11,
    5,
    16,
    17,
    17,
    6,
    16,
    16,
    17,
    8,
    17,
    2,
    17,
    17,
    16,
    17,
    17,
    18,
    5,
    17,
    17,
    17,
    8,
    17,
    5,
    17,
    17,
    4,
    17,
    17,
    17,
    8,
    2,
    17,
    8,
    17,
    2,
    17,
    6,
    17,
    8,
    16,
    3,
    3,
    17,
    17,
    5,
    17,
    17,
    17,
    17,
    17,
    4,
    2,
    17,
    8,
    4,
    17,
    15,
    17,
    17,
    2,
    4,
    5,
    5,
    15,
    17,
    17,
    8,
    17,
    17,
    4,
    17,
    17,
    8,
    17,
    17,
    17,
    8,
    17,
    5,
    8,
    16,
    16,
    17,
    5,
    8,
    17,
    2,
    17,
    2,
    5,
    17,
    17,
    2,
    17,
    8,
    5,
    4,
    8,
    17,
    17,
    2,
    5,
    8,
    17,
    17,
    7,
    17,
    17,
    17,
    17,
    16,
    7,
    4,
    17,
    8,
    9,
    8,
    17,
    17,
    8,
    1,
    2,
    5,
    17,
    16,
    17,
    17,
    17,
    15,
    4,
    16,
    17,
    17,
    8
  ],
  "objectives": [
    341244.79999999946,
    1051.19
  ],
  "fitness": {
    "minutos_ponderados": 341244.79999999946,
    "costo_total": 1051.19
  }
}