{
  "run_info": {
    "dataset": "users4.json",
    "config": "uniform_reset_low_mutation",
    "run": 4,
    "execution_time": 1681.2389557361603,
    "generations": 85,
    "pareto_size": 24,
    "pareto_points": [
      [
        -1909520.94,
        5371.99
      ],
      [
        -1892196.71,
        5368.969999999999
      ],
      [
        -1913184.9900000002,
        5374.97
      ],
      [
        -1921353.72,
        5428.969999999999
      ],
      [
        -1919791.2200000004,
        5406.49
      ],
      [
        -1905609.0400000007,
        5369.98
      ],
      [
        -1918578.26,
        5398.51
      ],
      [
        -1921025.87,
        5417.49
      ],
      [
        -1915555.7599999998,
        5376.98
      ],
      [
        -1919426.6900000009,
        5404.990000000001
      ],
      [
        -1942435.449999999,
        5543.94
      ],
      [
        -1927768.0600000003,
        5442.930000000001
      ],
      [
        -1937681.9999999998,
        5507.93
      ],
      [
        -1942998.4499999988,
        5588.87
      ],
      [
        -1941670.719999999,
        5534.92
      ],
      [
        -1924044.1499999997,
        5430.46
      ],
      [
        -1932714.7299999993,
        5457.46
      ],
      [
        -1921913.2700000007,
        5429.009999999999
      ],
      [
        -1927474.9100000004,
        5432.9400000000005
      ],
      [
        -1915845.0800000008,
        5388.969999999999
      ],
      [
        -1943424.1799999976,
        5650.320000000001
      ],
      [
        -1940283.95,
        5514.45
      ],
      [
        -1935746.9799999997,
        5487.949999999999
      ],
      [
        -1928390.0100000002,
        5449.9800000000005
      ]
    ]
  },
  "solutions_count": 24,
  "solutions_directory": "../results/NSGA2\\solutions\\users4\\uniform_reset_low_mutation\\run4"
}