{
  "solution": [
    2,
    17,
    8,
    17,
    17,
    16,
    8,
    17,
    17,
    17,
    8,
    4,
    10,
    8,
    17,
    17,
    17,
    2,
    17,
    5,
    8,
    17,
    8,
    17,
    17,
    5,
    17,
    17,
    7,
    13,
    14,
    8,
    17,
    8,
    5,
    17,
    18,
    17,
    8,
    17,
    17,
    5,
    1,
    17,
    2,
    17,
    8,
    16,
    17,
    17,
    3,
    17,
    16,
    17,
    17,
    8,
    5,
    16,
    17,
    2,
    17,
    17,
    17,
    8,
    17,
    17,
    17,
    17,
    17,
    4,
    3,
    17,
    17,
    17,
    4,
    6,
    17,
    10,
    5,
    17,
    8,
    17,
    17,
    5,
    8,
    8,
    17,
    8,
    17,
    17,
    2,
    2,
    2,
    6,
    11,
    2,
    4,
    8,
    4,
    17,
    2,
    11,
    5,
    17,
    17,
    17,
    17,
    17,
    17,
    8,
    17,
    16,
    2,
    5,
    18,
    17,
    17,
    17,
    8,
    2,
    8,
    2,
    17,
    11,
    6,
    17,
    17,
    5,
    7,
    6,
    17,
    16,
    17,
    5,
    17,
    17,
    16,
    8,
    6,
    8,
    17,
    12,
    17,
    2,
    16,
    17,
    17,
    17,
    7,
    17,
    17,
    9,
    2,
    17,
    17,
    1,
    16,
    16,
    15,
    17,
    17,
    17,
    2,
    17,
    17,
    17,
    8,
    17,
    17,
    12,
    8,
    17,
    17,
    17,
    8,
    16,
    17,
    2,
    17,
    17,
    8,
    15,
    16,
    8,
    8,
    17,
    6,
    17,
    7,
    8,
    8,
    2,
    17,
    2,
    16,
    17,
    8,
    10,
    17,
    5,
    17,
    2,
    2,
    17,
    8,
    7,
    17,
    17,
    2,
    17,
    17,
    17,
    17,
    17,
    17,
    17,
    2,
    17,
    17,
    2,
    16,
    8,
    17,
    6,
    6,
    17,
    2,
    17,
    15,
    5,
    4,
    17,
    17,
    5,
    8,
    17,
    8,
    17,
    17,
    17,
    17,
    17,
    15,
    17,
    17,
    17,
    17,
    4,
    8,
    18,
    17,
    17,
    17,
    17,
    17,
    17,
    17,
    17,
    8,
    18,
    1,
    8,
    17,
    17,
    2,
    2,
    17,
    2,
    16,
    8,
    8,
    2,
    17,
    14,
    17,
    17,
    2,
    17,
    17,
    17,
    17,
    5,
    17,
    5,
    17,
    17,
    17,
    17,
    2,
    13,
    2,
    17,
    2,
    8,
    5,
    17,
    8,
    4,
    2,
    17
  ],
  "objectives": [
    448144.2199999997,
    1028.7099999999998
  ],
  "fitness": {
    "minutos_ponderados": 448144.2199999997,
    "costo_total": 1028.7099999999998
  }
}