{
  "run_info": {
    "dataset": "users3.json",
    "config": "uniform_inversion_high_mutation",
    "run": 1,
    "execution_time": 576.0930528640747,
    "generations": 87,
    "pareto_size": 18,
    "pareto_points": [
      [
        -1227801.5899999992,
        3296.1200000000003
      ],
      [
        -1227550.8999999994,
        3285.12
      ],
      [
        -1238834.4799999988,
        3325.0699999999997
      ],
      [
        -1173096.3899999976,
        3264.5800000000004
      ],
      [
        -1259430.0999999987,
        3503.9
      ],
      [
        -1231218.8599999996,
        3298.6700000000005
      ],
      [
        -1255207.5099999981,
        3450.01
      ],
      [
        -1256946.8899999987,
        3483.980000000001
      ],
      [
        -1253495.109999998,
        3397.060000000001
      ],
      [
        -1256017.8399999985,
        3454.02
      ],
      [
        -1232561.0999999992,
        3323.08
      ],
      [
        -1254879.0699999982,
        3414.02
      ],
      [
        -1259141.8199999987,
        3494.9200000000005
      ],
      [
        -1244538.0599999982,
        3334.5899999999997
      ],
      [
        -1246564.0899999982,
        3351.12
      ],
      [
        -1205603.8899999985,
        3283.0400000000004
      ],
      [
        -1252692.449999998,
        3371.0499999999997
      ],
      [
        -1256451.0799999987,
        3457.01
      ]
    ]
  },
  "solutions_count": 18,
  "solutions_directory": "C:\\Users\\hctr0\\PycharmProjects\\TFG_Hector\\31Executions\\NSGA2\\solutions\\users3\\uniform_inversion_high_mutation\\run1"
}