{
  "run_info": {
    "dataset": "users5.json",
    "config": "slow_evaporation_exploitative",
    "run": 1,
    "execution_time": 1252.443425655365,
    "iterations_completed": 14,
    "max_iterations": 200,
    "terminated_early": true,
    "generations_without_improvement": 12,
    "pareto_size": 4,
    "pareto_points": [
      [
        2468741.899999999,
        6819.730000000001
      ],
      [
        2513840.9000000083,
        6998.520000000002
      ],
      [
        2489526.8199999947,
        6865.380000000003
      ],
      [
        2480370.589999991,
        6836.020000000002
      ]
    ],
    "solutions_evaluated": 280,
    "config_params": {
      "n_ants": 20,
      "rho": 0.2,
      "alpha": 2.0,
      "beta": 3.0,
      "archive_size": 100,
      "no_improvement_generations": 12
    }
  },
  "solutions_count": 4,
  "solutions_directory": "../results/PACO\\solutions\\users5\\slow_evaporation_exploitative\\run1",
  "objective_statistics": {
    "cost_range": {
      "min": 6819.730000000001,
      "max": 6998.520000000002
    },
    "minutes_range": {
      "min": 2468741.899999999,
      "max": 2513840.9000000083
    }
  },
  "algorithm_info": {
    "archive_history_length": 14,
    "max_archive_size_reached": 4
  }
}