{
  "solution": [
    2,
    10,
    8,
    17,
    8,
    5,
    17,
    8,
    17,
    17,
    2,
    6,
    6,
    2,
    17,
    17,
    16,
    17,
    5,
    17,
    17,
    2,
    17,
    8,
    2,
    2,
    16,
    4,
    17,
    8,
    13,
    6,
    16,
    3,
    1,
    4,
    8,
    4,
    8,
    17,
    17,
    17,
    4,
    2,
    4,
    8,
    8,
    17,
    17,
    9,
    4,
    11,
    5,
    4,
    12,
    1,
    2,
    5,
    17,
    9,
    2,
    17,
    6,
    8,
    4,
    6,
    5,
    4,
    17,
    8,
    2,
    16,
    17,
    2,
    17,
    16,
    5,
    15,
    6,
    8,
    18,
    17,
    4,
    15,
    13,
    17,
    1,
    12,
    13,
    18,
    15,
    16,
    17,
    16,
    14,
    17,
    9,
    6,
    15,
    2,
    8,
    6,
    10,
    14,
    18,
    2,
    17,
    17,
    2,
    10,
    16,
    11,
    17,
    2,
    17,
    6,
    17,
    15,
    10,
    17,
    17,
    18,
    4,
    2,
    17,
    8,
    17,
    2,
    16,
    8,
    8,
    2,
    8,
    11,
    17,
    17,
    17,
    7,
    17,
    2,
    11,
    8,
    17,
    17,
    15,
    4,
    8,
    8,
    17,
    17,
    8,
    17,
    17,
    17,
    12,
    15,
    17,
    2,
    4,
    5,
    8,
    7,
    17,
    8,
    5,
    17,
    18,
    17,
    5,
    17,
    17,
    6,
    6,
    17,
    17,
    17,
    17,
    17,
    17,
    17,
    9,
    17,
    5,
    9,
    12,
    1,
    4,
    5,
    8,
    8,
    8,
    2,
    17,
    9,
    17,
    4,
    17,
    17,
    6,
    17,
    17,
    8,
    15,
    11,
    4,
    17,
    8,
    11,
    1,
    18,
    13,
    8,
    15,
    17,
    5,
    9,
    2,
    1,
    8,
    17,
    15,
    17,
    14,
    17,
    17,
    17,
    8,
    6,
    16,
    17,
    15,
    2,
    8,
    1,
    2,
    14,
    17,
    17,
    4,
    11,
    17,
    1,
    15,
    9,
    17,
    8,
    15,
    16,
    12,
    17,
    5,
    8,
    13,
    17,
    5,
    2,
    5,
    16,
    17,
    17,
    4,
    8,
    17,
    5,
    4,
    4,
    8,
    8,
    14,
    2,
    1,
    17,
    16,
    2,
    8,
    4,
    10,
    17,
    17,
    1,
    17,
    15,
    16,
    17,
    16,
    6,
    10,
    17,
    8,
    4,
    5,
    17,
    15,
    5,
    16,
    17,
    11,
    8,
    4,
    2
  ],
  "objectives": [
    369147.9900000004,
    1195.9199999999998
  ],
  "fitness": {
    "minutos_ponderados": 369147.9900000004,
    "costo_total": 1195.9199999999998
  }
}