{
  "solution": [
    8,
    17,
    15,
    17,
    17,
    2,
    17,
    5,
    2,
    17,
    2,
    15,
    4,
    17,
    2,
    16,
    17,
    17,
    1,
    8,
    5,
    6,
    2,
    2,
    17,
    8,
    17,
    4,
    16,
    5,
    3,
    7,
    8,
    11,
    17,
    17,
    17,
    8,
    8,
    17,
    7,
    13,
    2,
    6,
    8,
    10,
    8,
    17,
    17,
    2,
    6,
    16,
    18,
    2,
    2,
    17,
    18,
    17,
    14,
    4,
    8,
    4,
    5,
    2,
    17,
    17,
    1,
    8,
    2,
    17,
    1,
    8,
    17,
    17,
    17,
    3,
    5,
    6,
    17,
    17,
    17,
    8,
    17,
    2,
    4,
    8,
    4,
    17,
    17,
    17,
    2,
    17,
    4,
    5,
    8,
    5,
    4,
    4,
    16,
    2,
    17,
    4,
    16,
    17,
    4,
    7,
    8,
    4,
    17,
    7,
    17,
    5,
    4,
    16,
    8,
    3,
    13,
    8,
    1,
    17,
    2,
    4,
    4,
    8,
    15,
    4,
    17,
    8,
    9,
    5,
    5,
    3,
    16,
    17,
    8,
    8,
    16,
    17,
    5,
    16,
    4,
    17,
    5,
    16,
    2,
    2,
    8,
    17,
    5,
    5,
    4,
    17,
    11,
    6,
    11,
    17,
    5,
    10,
    2,
    13,
    8,
    9,
    4,
    17,
    8,
    10,
    5,
    8,
    2,
    6,
    5,
    8,
    3,
    2,
    15,
    16,
    16,
    5,
    7,
    5,
    8,
    11,
    17,
    15,
    7,
    15,
    16,
    6,
    9,
    5,
    8,
    14,
    5,
    6,
    17,
    17,
    4,
    3,
    5,
    17,
    1,
    17,
    9,
    3,
    16,
    10,
    9,
    17,
    2,
    15,
    17,
    17,
    17,
    16,
    5,
    4,
    14,
    1,
    8,
    4,
    17,
    2,
    17,
    17,
    16,
    14,
    16,
    17,
    5,
    8,
    17,
    2,
    17,
    17,
    17,
    18,
    14,
    9,
    7,
    17,
    4,
    17,
    7,
    8,
    15,
    9,
    17,
    3,
    17,
    17,
    5,
    10,
    8,
    17,
    15,
    17,
    17,
    2,
    2,
    10,
    2,
    8,
    16,
    7,
    17,
    8,
    17,
    2,
    2,
    8,
    16,
    2,
    17,
    17,
    6,
    3,
    15,
    10,
    15,
    17,
    11,
    17,
    10,
    2,
    6,
    17,
    15,
    12,
    8,
    8,
    17,
    1,
    5,
    9,
    17,
    8,
    17,
    16,
    1,
    13
  ],
  "objectives": [
    363100.25999999995,
    1192.9199999999998
  ],
  "fitness": {
    "minutos_ponderados": 363100.25999999995,
    "costo_total": 1192.9199999999998
  }
}