{
  "solution": [
    17,
    5,
    16,
    17,
    17,
    11,
    4,
    8,
    17,
    17,
    17,
    2,
    2,
    17,
    17,
    17,
    8,
    4,
    2,
    17,
    17,
    2,
    14,
    8,
    17,
    16,
    17,
    17,
    17,
    17,
    17,
    7,
    14,
    4,
    17,
    15,
    17,
    17,
    2,
    17,
    8,
    17,
    17,
    17,
    5,
    8,
    8,
    8,
    17,
    8,
    17,
    8,
    9,
    4,
    4,
    11,
    4,
    17,
    8,
    17,
    4,
    8,
    15,
    9,
    17,
    15,
    17,
    17,
    17,
    7,
    8,
    2,
    17,
    17,
    5,
    5,
    17,
    2,
    8,
    5,
    17,
    16,
    5,
    4,
    4,
    17,
    8,
    2,
    17,
    16,
    17,
    16,
    17,
    8,
    17,
    4,
    16,
    6,
    4,
    6,
    17,
    17,
    8,
    8,
    17,
    8,
    18,
    17,
    12,
    17,
    10,
    2,
    10,
    17,
    16,
    17,
    17,
    4,
    17,
    6,
    4,
    10,
    17,
    8,
    17,
    5,
    5,
    2,
    17,
    17,
    17,
    2,
    5,
    9,
    17,
    17,
    2,
    17,
    17,
    3,
    2,
    8,
    17,
    17,
    15,
    2,
    17,
    14,
    8,
    8,
    16,
    17,
    8,
    17,
    17,
    8,
    17,
    3,
    2,
    2,
    2,
    17,
    17,
    2,
    17,
    17,
    17,
    16,
    17,
    16,
    17,
    8,
    17,
    17,
    1,
    17,
    17,
    17,
    17,
    17,
    8,
    17,
    17,
    5,
    17,
    4,
    4,
    17,
    17,
    17,
    17,
    17,
    17,
    8,
    17,
    6,
    17,
    17,
    17,
    17,
    17,
    8,
    17,
    16,
    16,
    2,
    8,
    17,
    17,
    17,
    17,
    17,
    15,
    17,
    2,
    16,
    11,
    17,
    8,
    17,
    17,
    17,
    8,
    17,
    17,
    17,
    8,
    18,
    17,
    17,
    2,
    17,
    8,
    5,
    16,
    5,
    17,
    17,
    8,
    10,
    17,
    1,
    17,
    17,
    17,
    8,
    8,
    17,
    17,
    18,
    17,
    17,
    17,
    1,
    2,
    4,
    17,
    1,
    2,
    17,
    5,
    5,
    13,
    4,
    17,
    17,
    8,
    8,
    5,
    17,
    11,
    17,
    11,
    16,
    9,
    17,
    17,
    17,
    2,
    5,
    17,
    17,
    16,
    16,
    17,
    6,
    4,
    7,
    17,
    17,
    6,
    17,
    17,
    1,
    3,
    9,
    17,
    17,
    2,
    17
  ],
  "objectives": [
    337535.4099999997,
    1055.6900000000003
  ],
  "fitness": {
    "minutos_ponderados": 337535.4099999997,
    "costo_total": 1055.6900000000003
  }
}