{
  "run_info": {
    "dataset": "users5.json",
    "config": "npoint_inversion_low_mutation",
    "run": 2,
    "execution_time": 8987.848261833191,
    "generations": 300,
    "pareto_size": 38,
    "pareto_points": [
      [
        -3153410.6699999883,
        8959.250000000002
      ],
      [
        -3205381.849999991,
        9230.140000000003
      ],
      [
        -3105259.599999984,
        8824.270000000002
      ],
      [
        -3175658.780000002,
        9189.0
      ],
      [
        -3100054.929999983,
        8812.27
      ],
      [
        -3143972.549999987,
        8945.770000000002
      ],
      [
        -3144842.1499999864,
        8948.77
      ],
      [
        -3112142.2899999847,
        8868.730000000001
      ],
      [
        -3140650.2299999865,
        8933.79
      ],
      [
        -3106700.7899999847,
        8844.75
      ],
      [
        -3173954.1600000034,
        9167.5
      ],
      [
        -3222640.069999992,
        9270.100000000002
      ],
      [
        -3128190.419999987,
        8881.240000000002
      ],
      [
        -3136274.969999987,
        8931.770000000002
      ],
      [
        -3210066.1099999896,
        9254.130000000001
      ],
      [
        -3167337.730000001,
        9073.59
      ],
      [
        -3223704.1699999897,
        9343.130000000001
      ],
      [
        -3141920.4399999883,
        8936.270000000002
      ],
      [
        -3215422.2699999916,
        9259.120000000003
      ],
      [
        -3130857.639999987,
        8901.2
      ],
      [
        -3155995.219999988,
        9015.2
      ],
      [
        -3210054.7199999895,
        9239.130000000001
      ],
      [
        -3130567.6699999864,
        8886.770000000002
      ],
      [
        -3169561.870000001,
        9137.520000000002
      ],
      [
        -3134421.069999986,
        8918.280000000002
      ],
      [
        -3132204.3899999857,
        8915.300000000003
      ],
      [
        -3132172.809999987,
        8904.24
      ],
      [
        -3141773.2099999865,
        8935.790000000003
      ],
      [
        -3136119.2099999874,
        8920.750000000002
      ],
      [
        -3106349.199999985,
        8841.770000000002
      ],
      [
        -3205318.4699999904,
        9193.18
      ],
      [
        -3206648.3099999907,
        9231.140000000003
      ],
      [
        -3108948.0799999842,
        8848.800000000001
      ],
      [
        -3161028.160000002,
        9051.99
      ],
      [
        -3109493.4499999853,
        8856.75
      ],
      [
        -3207714.3999999906,
        9237.150000000001
      ],
      [
        -3111581.169999986,
        8863.27
      ],
      [
        -3107284.309999985,
        8844.770000000002
      ]
    ]
  },
  "solutions_count": 38,
  "solutions_directory": "../results/SPEA2\\solutions\\users5\\npoint_inversion_low_mutation\\run2"
}