{
  "run_info": {
    "dataset": "users4.json",
    "config": "uniform_inversion_high_mutation",
    "run": 4,
    "execution_time": 1749.3265843391418,
    "generations": 133,
    "pareto_size": 16,
    "pareto_points": [
      [
        -1970050.790000004,
        4853.51
      ],
      [
        -1983963.0200000033,
        4915.960000000001
      ],
      [
        -1923451.1600000022,
        4845.530000000001
      ],
      [
        -1999242.6200000022,
        4920.9800000000005
      ],
      [
        -2005340.2500000033,
        4992.36
      ],
      [
        -2023489.5699999998,
        5126.280000000002
      ],
      [
        -1980915.3200000022,
        4855.52
      ],
      [
        -2016576.7700000016,
        5018.830000000001
      ],
      [
        -1985593.5700000029,
        4919.99
      ],
      [
        -2004962.9500000027,
        4989.420000000001
      ],
      [
        -2001690.7500000005,
        4952.340000000001
      ],
      [
        -1982991.8600000024,
        4894.030000000001
      ],
      [
        -2018133.1500000001,
        5084.320000000001
      ],
      [
        -2011807.9700000035,
        5004.320000000001
      ],
      [
        -2004197.9800000025,
        4959.950000000001
      ],
      [
        -2008652.8200000017,
        4997.9000000000015
      ]
    ]
  },
  "solutions_count": 16,
  "solutions_directory": "C:\\Users\\hctr0\\PycharmProjects\\TFG_Hector\\31Executions\\NSGA2\\solutions\\users4\\uniform_inversion_high_mutation\\run4"
}