{
  "run_info": {
    "dataset": "users5.json",
    "config": "uniform_inversion_high_mutation",
    "run": 9,
    "execution_time": 4635.525637626648,
    "generations": 182,
    "pareto_size": 16,
    "pareto_points": [
      [
        -3310628.149999994,
        7756.140000000002
      ],
      [
        -3328958.7999999924,
        7784.66
      ],
      [
        -3380356.2999999956,
        8024.610000000001
      ],
      [
        -3380579.3199999956,
        8069.550000000001
      ],
      [
        -3318713.819999993,
        7762.690000000001
      ],
      [
        -3361249.759999992,
        7842.640000000001
      ],
      [
        -3365264.7099999934,
        7844.210000000001
      ],
      [
        -3368368.999999995,
        7847.700000000001
      ],
      [
        -3377167.169999994,
        7983.040000000002
      ],
      [
        -3372651.4199999953,
        7941.670000000001
      ],
      [
        -3371453.4699999983,
        7882.630000000001
      ],
      [
        -3359788.07999999,
        7785.69
      ],
      [
        -3378688.399999993,
        8016.6
      ],
      [
        -3382158.6599999955,
        8071.55
      ],
      [
        -3375546.2699999944,
        7982.610000000001
      ],
      [
        -3369610.5299999923,
        7871.6500000000015
      ]
    ]
  },
  "solutions_count": 16,
  "solutions_directory": "C:\\Users\\hctr0\\PycharmProjects\\TFG_Hector\\31Executions\\NSGA2\\solutions\\users5\\uniform_inversion_high_mutation\\run9"
}