{
  "run_info": {
    "dataset": "users3.json",
    "config": "uniform_inversion_high_mutation",
    "run": 4,
    "execution_time": 507.6535315513611,
    "generations": 91,
    "pareto_size": 13,
    "pareto_points": [
      [
        -1193982.2299999965,
        3230.7800000000007
      ],
      [
        -1190419.079999996,
        3223.7400000000002
      ],
      [
        -1205593.9599999967,
        3249.2299999999996
      ],
      [
        -1200508.2699999968,
        3240.29
      ],
      [
        -1230402.1999999967,
        3256.27
      ],
      [
        -1194501.9399999978,
        3239.2800000000007
      ],
      [
        -1249413.4999999967,
        3327.26
      ],
      [
        -1201528.6299999962,
        3246.2700000000004
      ],
      [
        -1260749.199999997,
        3397.7000000000007
      ],
      [
        -1245986.9599999988,
        3323.2
      ],
      [
        -1238860.4799999995,
        3291.79
      ],
      [
        -1250160.2199999965,
        3396.7200000000003
      ],
      [
        -1237992.269999997,
        3274.7800000000007
      ]
    ]
  },
  "solutions_count": 13,
  "solutions_directory": "../results/SPEA2\\solutions\\users3\\uniform_inversion_high_mutation\\run4"
}