{
  "run_info": {
    "dataset": "users1.json",
    "config": "high_pheromone_influence",
    "run": 5,
    "execution_time": 731.3815689086914,
    "iterations_completed": 42,
    "max_iterations": 200,
    "terminated_early": true,
    "generations_without_improvement": 12,
    "pareto_size": 9,
    "pareto_points": [
      [
        461423.26999999915,
        1082.1299999999999
      ],
      [
        460640.68999999884,
        1067.54
      ],
      [
        449736.28999999946,
        998.5799999999999
      ],
      [
        450376.8099999992,
        1001.0799999999999
      ],
      [
        444066.3099999995,
        970.52
      ],
      [
        457484.98999999923,
        1063.02
      ],
      [
        446985.0499999997,
        993.5799999999999
      ],
      [
        455952.4099999994,
        1003.0699999999999
      ],
      [
        456454.1399999991,
        1042.11
      ]
    ],
    "solutions_evaluated": 1050,
    "config_params": {
      "n_ants": 25,
      "rho": 0.3,
      "alpha": 3.0,
      "beta": 2.0,
      "archive_size": 100,
      "no_improvement_generations": 12
    }
  },
  "solutions_count": 9,
  "solutions_directory": "C:\\Users\\hctr0\\PycharmProjects\\TFG_Hector\\31Executions\\PACO\\solutions\\users1\\high_pheromone_influence\\run5",
  "objective_statistics": {
    "cost_range": {
      "min": 970.52,
      "max": 1082.1299999999999
    },
    "minutes_range": {
      "min": 444066.3099999995,
      "max": 461423.26999999915
    }
  },
  "algorithm_info": {
    "archive_history_length": 42,
    "max_archive_size_reached": 10
  }
}