{
  "solution": [
    17,
    2,
    17,
    15,
    10,
    2,
    17,
    17,
    17,
    1,
    17,
    17,
    17,
    2,
    17,
    17,
    5,
    17,
    8,
    2,
    6,
    2,
    17,
    8,
    17,
    17,
    4,
    9,
    2,
    17,
    5,
    17,
    4,
    17,
    15,
    11,
    15,
    17,
    17,
    4,
    17,
    2,
    8,
    17,
    17,
    5,
    17,
    17,
    17,
    16,
    17,
    17,
    17,
    17,
    16,
    8,
    17,
    17,
    17,
    17,
    2,
    16,
    8,
    17,
    4,
    17,
    17,
    16,
    17,
    17,
    2,
    17,
    17,
    17,
    2,
    15,
    17,
    17,
    8,
    17,
    16,
    17,
    17,
    2,
    17,
    8,
    16,
    6,
    5,
    8,
    17,
    17,
    6,
    17,
    8,
    17,
    2,
    8,
    8,
    17,
    17,
    17,
    8,
    17,
    6,
    8,
    5,
    17,
    17,
    17,
    17,
    17,
    17,
    17,
    17,
    12,
    1,
    17,
    17,
    4,
    2,
    2,
    6,
    8,
    15,
    17,
    17,
    5,
    17,
    17,
    16,
    2,
    5,
    16,
    17,
    2,
    5,
    17,
    11,
    17,
    5,
    6,
    10,
    2,
    17,
    17,
    5,
    5,
    16,
    4,
    15,
    1,
    17,
    17,
    17,
    17,
    4,
    17,
    17,
    17,
    17,
    17,
    17,
    7,
    17,
    17,
    17,
    2,
    8,
    17,
    17,
    2,
    17,
    16,
    17,
    2,
    5,
    17,
    17,
    17,
    14,
    8,
    8,
    6,
    17,
    17,
    4,
    17,
    17,
    17,
    8,
    17,
    3,
    17,
    17,
    5,
    16,
    6,
    8,
    8,
    17,
    17,
    17,
    2,
    2,
    17,
    17,
    5,
    17,
    4,
    9,
    17,
    3,
    17,
    6,
    10,
    5,
    17,
    17,
    4,
    17,
    10,
    4,
    2,
    17,
    2,
    16,
    17,
    17,
    15,
    5,
    17,
    17,
    16,
    17,
    16,
    17,
    12,
    17,
    17,
    8,
    8,
    16,
    10,
    16,
    17,
    18,
    1,
    17,
    17,
    16,
    1,
    17,
    17,
    12,
    2,
    2,
    5,
    8,
    5,
    17,
    15,
    17,
    17,
    16,
    17,
    1,
    17,
    17,
    17,
    17,
    17,
    17,
    5,
    17,
    2,
    2,
    2,
    17,
    17,
    17,
    5,
    17,
    17,
    3,
    4,
    17,
    16,
    17,
    17,
    5,
    17,
    17,
    11,
    5,
    2,
    17,
    5,
    14,
    17
  ],
  "objectives": [
    461423.26999999915,
    1082.1299999999999
  ],
  "fitness": {
    "minutos_ponderados": 461423.26999999915,
    "costo_total": 1082.1299999999999
  }
}