{
  "solution": [
    17,
    16,
    16,
    8,
    5,
    17,
    17,
    18,
    10,
    14,
    5,
    17,
    17,
    11,
    8,
    17,
    17,
    6,
    5,
    2,
    11,
    8,
    2,
    8,
    5,
    4,
    17,
    9,
    15,
    4,
    5,
    17,
    14,
    17,
    17,
    17,
    17,
    16,
    8,
    17,
    1,
    17,
    17,
    8,
    7,
    8,
    2,
    2,
    18,
    5,
    8,
    2,
    17,
    16,
    4,
    13,
    8,
    17,
    8,
    2,
    17,
    8,
    17,
    8,
    17,
    17,
    16,
    17,
    8,
    8,
    17,
    6,
    5,
    14,
    9,
    17,
    8,
    6,
    1,
    14,
    8,
    8,
    17,
    15,
    17,
    17,
    17,
    17,
    17,
    6,
    5,
    9,
    4,
    8,
    16,
    16,
    8,
    2,
    5,
    2,
    17,
    2,
    8,
    4,
    5,
    17,
    4,
    8,
    17,
    12,
    17,
    2,
    16,
    4,
    17,
    17,
    16,
    2,
    8,
    16,
    17,
    2,
    16,
    11,
    17,
    18,
    17,
    18,
    1,
    17,
    17,
    6,
    17,
    2,
    17,
    2,
    17,
    2,
    10,
    6,
    15,
    6,
    17,
    17,
    2,
    15,
    1,
    13,
    2,
    17,
    5,
    4,
    17,
    17,
    5,
    5,
    17,
    17,
    16,
    17,
    8,
    17,
    17,
    17,
    8,
    18,
    8,
    3,
    13,
    2,
    5,
    8,
    16,
    1,
    9,
    17,
    17,
    4,
    10,
    2,
    17,
    17,
    8,
    17,
    17,
    15,
    17,
    17,
    17,
    2,
    7,
    17,
    4,
    15,
    2,
    17,
    4,
    11,
    8,
    5,
    4,
    11,
    17,
    17,
    2,
    17,
    17,
    8,
    2,
    17,
    16,
    17,
    16,
    4,
    8,
    7,
    17,
    16,
    17,
    8,
    17,
    5,
    5,
    3,
    5,
    8,
    17,
    6,
    5,
    17,
    17,
    17,
    8,
    8,
    17,
    5,
    5,
    9,
    8,
    8,
    8,
    5,
    17,
    17,
    8,
    8,
    17,
    11,
    8,
    8,
    4,
    5,
    17,
    8,
    17,
    16,
    17,
    17,
    17,
    4,
    8,
    17,
    17,
    8,
    8,
    2,
    5,
    8,
    17,
    17,
    2,
    8,
    8,
    9,
    16,
    17,
    17,
    17,
    8,
    17,
    16,
    6,
    9,
    8,
    9,
    17,
    18,
    17,
    1,
    17,
    8,
    8,
    8,
    17,
    16,
    5,
    17,
    9,
    5,
    16
  ],
  "objectives": [
    346705.7300000001,
    1072.9300000000003
  ],
  "fitness": {
    "minutos_ponderados": 346705.7300000001,
    "costo_total": 1072.9300000000003
  }
}