{
  "solution": [
    17,
    8,
    17,
    5,
    10,
    2,
    17,
    17,
    17,
    16,
    17,
    17,
    17,
    10,
    17,
    17,
    16,
    10,
    8,
    17,
    6,
    2,
    17,
    8,
    2,
    17,
    4,
    8,
    17,
    17,
    5,
    17,
    16,
    17,
    4,
    11,
    8,
    10,
    15,
    4,
    15,
    7,
    8,
    17,
    17,
    17,
    17,
    12,
    17,
    15,
    17,
    17,
    17,
    2,
    17,
    8,
    17,
    17,
    17,
    17,
    17,
    16,
    16,
    17,
    4,
    17,
    17,
    16,
    17,
    17,
    2,
    17,
    17,
    17,
    17,
    17,
    17,
    17,
    8,
    17,
    16,
    7,
    17,
    2,
    17,
    8,
    16,
    17,
    2,
    8,
    17,
    17,
    6,
    17,
    8,
    17,
    2,
    8,
    17,
    17,
    8,
    17,
    17,
    17,
    17,
    8,
    17,
    17,
    17,
    1,
    17,
    17,
    17,
    17,
    17,
    17,
    17,
    17,
    17,
    4,
    2,
    2,
    17,
    8,
    2,
    17,
    17,
    5,
    17,
    17,
    17,
    2,
    5,
    16,
    17,
    2,
    8,
    17,
    8,
    17,
    5,
    6,
    17,
    2,
    17,
    8,
    5,
    5,
    17,
    8,
    8,
    17,
    17,
    17,
    17,
    17,
    4,
    17,
    17,
    17,
    17,
    17,
    17,
    6,
    17,
    17,
    17,
    4,
    8,
    17,
    17,
    16,
    6,
    5,
    16,
    17,
    17,
    16,
    17,
    17,
    2,
    8,
    8,
    6,
    17,
    17,
    17,
    17,
    17,
    17,
    17,
    17,
    17,
    17,
    17,
    5,
    16,
    6,
    8,
    17,
    17,
    17,
    9,
    4,
    6,
    17,
    17,
    5,
    17,
    4,
    8,
    17,
    17,
    8,
    15,
    7,
    5,
    17,
    5,
    16,
    17,
    17,
    4,
    17,
    17,
    8,
    16,
    17,
    4,
    15,
    5,
    17,
    17,
    16,
    13,
    16,
    17,
    16,
    17,
    17,
    8,
    8,
    17,
    17,
    17,
    17,
    14,
    17,
    17,
    7,
    15,
    17,
    17,
    17,
    8,
    2,
    2,
    17,
    8,
    5,
    17,
    17,
    17,
    17,
    16,
    17,
    1,
    17,
    17,
    6,
    17,
    8,
    15,
    5,
    17,
    17,
    17,
    2,
    17,
    17,
    17,
    5,
    17,
    17,
    17,
    4,
    17,
    16,
    17,
    2,
    17,
    17,
    17,
    11,
    17,
    2,
    17,
    2,
    17,
    17
  ],
  "objectives": [
    450376.8099999992,
    1001.0799999999999
  ],
  "fitness": {
    "minutos_ponderados": 450376.8099999992,
    "costo_total": 1001.0799999999999
  }
}