{
  "solution": [
    10,
    8,
    17,
    5,
    10,
    2,
    17,
    17,
    17,
    16,
    17,
    17,
    17,
    2,
    17,
    17,
    5,
    17,
    13,
    17,
    6,
    2,
    17,
    1,
    11,
    17,
    4,
    8,
    17,
    17,
    5,
    17,
    13,
    17,
    4,
    11,
    8,
    17,
    17,
    4,
    17,
    17,
    8,
    17,
    17,
    8,
    9,
    17,
    17,
    16,
    15,
    17,
    17,
    2,
    17,
    8,
    10,
    17,
    17,
    17,
    17,
    16,
    8,
    6,
    4,
    17,
    17,
    16,
    17,
    17,
    2,
    17,
    17,
    17,
    17,
    17,
    17,
    17,
    8,
    17,
    16,
    17,
    5,
    2,
    17,
    8,
    16,
    17,
    2,
    8,
    17,
    17,
    17,
    17,
    8,
    14,
    2,
    8,
    17,
    17,
    2,
    17,
    17,
    3,
    17,
    6,
    17,
    17,
    17,
    17,
    17,
    6,
    17,
    17,
    17,
    17,
    17,
    17,
    17,
    4,
    2,
    2,
    17,
    8,
    2,
    17,
    5,
    5,
    17,
    17,
    17,
    2,
    10,
    5,
    17,
    7,
    8,
    17,
    10,
    17,
    3,
    6,
    17,
    2,
    17,
    17,
    5,
    5,
    17,
    8,
    8,
    17,
    17,
    17,
    6,
    17,
    5,
    17,
    17,
    17,
    17,
    17,
    17,
    6,
    17,
    17,
    17,
    4,
    8,
    17,
    17,
    16,
    7,
    17,
    17,
    17,
    5,
    17,
    17,
    17,
    2,
    8,
    8,
    6,
    17,
    17,
    17,
    17,
    17,
    17,
    17,
    17,
    6,
    17,
    17,
    5,
    16,
    6,
    8,
    17,
    17,
    17,
    3,
    11,
    11,
    17,
    17,
    5,
    2,
    4,
    17,
    17,
    17,
    17,
    17,
    2,
    5,
    17,
    17,
    16,
    17,
    17,
    10,
    17,
    3,
    8,
    16,
    17,
    17,
    15,
    5,
    16,
    17,
    16,
    4,
    16,
    17,
    16,
    17,
    18,
    8,
    2,
    6,
    10,
    17,
    17,
    17,
    17,
    17,
    17,
    17,
    17,
    17,
    17,
    8,
    2,
    2,
    17,
    8,
    5,
    17,
    17,
    17,
    17,
    16,
    17,
    11,
    17,
    17,
    12,
    17,
    8,
    17,
    5,
    17,
    6,
    17,
    2,
    17,
    17,
    17,
    5,
    17,
    17,
    17,
    4,
    17,
    16,
    17,
    2,
    16,
    7,
    17,
    11,
    17,
    2,
    17,
    2,
    17,
    17
  ],
  "objectives": [
    457484.98999999923,
    1063.02
  ],
  "fitness": {
    "minutos_ponderados": 457484.98999999923,
    "costo_total": 1063.02
  }
}