{
  "solution": [
    17,
    8,
    15,
    5,
    10,
    2,
    2,
    6,
    17,
    16,
    17,
    17,
    17,
    2,
    17,
    17,
    5,
    4,
    8,
    17,
    6,
    2,
    17,
    8,
    2,
    17,
    4,
    8,
    17,
    17,
    5,
    10,
    17,
    17,
    4,
    11,
    8,
    17,
    17,
    1,
    17,
    17,
    8,
    17,
    17,
    17,
    17,
    17,
    17,
    16,
    17,
    17,
    17,
    2,
    17,
    15,
    17,
    17,
    17,
    17,
    17,
    15,
    8,
    17,
    4,
    17,
    17,
    16,
    17,
    17,
    2,
    17,
    17,
    17,
    17,
    17,
    17,
    2,
    8,
    5,
    16,
    17,
    17,
    2,
    17,
    8,
    16,
    17,
    9,
    8,
    17,
    17,
    17,
    17,
    8,
    5,
    2,
    8,
    17,
    17,
    2,
    17,
    17,
    16,
    17,
    8,
    17,
    9,
    17,
    11,
    10,
    17,
    17,
    17,
    12,
    17,
    17,
    17,
    17,
    4,
    2,
    2,
    17,
    8,
    2,
    17,
    17,
    5,
    17,
    17,
    17,
    2,
    5,
    2,
    14,
    2,
    8,
    5,
    9,
    17,
    5,
    6,
    15,
    2,
    17,
    6,
    5,
    5,
    17,
    8,
    8,
    17,
    17,
    8,
    17,
    17,
    4,
    17,
    17,
    17,
    17,
    17,
    17,
    6,
    17,
    17,
    17,
    4,
    8,
    17,
    17,
    16,
    17,
    17,
    17,
    17,
    11,
    17,
    6,
    17,
    2,
    11,
    8,
    6,
    17,
    17,
    17,
    17,
    17,
    17,
    17,
    17,
    17,
    17,
    17,
    5,
    16,
    3,
    8,
    17,
    17,
    17,
    2,
    4,
    6,
    17,
    16,
    5,
    17,
    4,
    8,
    17,
    17,
    17,
    6,
    2,
    5,
    17,
    17,
    16,
    17,
    5,
    2,
    17,
    17,
    8,
    16,
    17,
    17,
    15,
    5,
    17,
    17,
    16,
    17,
    16,
    17,
    16,
    17,
    17,
    8,
    8,
    17,
    17,
    17,
    17,
    17,
    17,
    17,
    17,
    17,
    17,
    13,
    17,
    8,
    2,
    2,
    17,
    16,
    5,
    17,
    17,
    17,
    17,
    16,
    17,
    6,
    17,
    17,
    17,
    17,
    8,
    17,
    5,
    17,
    17,
    17,
    2,
    17,
    17,
    17,
    5,
    17,
    17,
    17,
    4,
    17,
    16,
    17,
    1,
    17,
    17,
    17,
    11,
    17,
    2,
    17,
    2,
    17,
    17
  ],
  "objectives": [
    446985.0499999997,
    993.5799999999999
  ],
  "fitness": {
    "minutos_ponderados": 446985.0499999997,
    "costo_total": 993.5799999999999
  }
}