{
  "solution": [
    17,
    4,
    17,
    17,
    4,
    17,
    2,
    16,
    8,
    5,
    5,
    2,
    17,
    17,
    8,
    5,
    17,
    17,
    4,
    5,
    17,
    8,
    2,
    17,
    4,
    4,
    17,
    2,
    17,
    4,
    5,
    8,
    8,
    17,
    8,
    5,
    2,
    17,
    17,
    16,
    2,
    12,
    17,
    17,
    8,
    8,
    2,
    6,
    8,
    5,
    8,
    17,
    16,
    8,
    4,
    4,
    5,
    10,
    16,
    17,
    17,
    17,
    17,
    8,
    4,
    17,
    16,
    17,
    4,
    10,
    17,
    8,
    17,
    8,
    4,
    2,
    8,
    7,
    17,
    2,
    17,
    8,
    17,
    17,
    17,
    1,
    17,
    2,
    8,
    3,
    17,
    17,
    8,
    8,
    8,
    13,
    17,
    2,
    16,
    7,
    10,
    2,
    16,
    18,
    15,
    17,
    9,
    9,
    17,
    17,
    17,
    4,
    16,
    1,
    16,
    17,
    16,
    17,
    17,
    16,
    17,
    4,
    16,
    17,
    17,
    8,
    8,
    17,
    5,
    17,
    17,
    4,
    17,
    17,
    17,
    15,
    17,
    1,
    10,
    2,
    17,
    17,
    17,
    8,
    4,
    17,
    17,
    17,
    17,
    8,
    5,
    2,
    6,
    17,
    5,
    17,
    17,
    17,
    17,
    17,
    4,
    17,
    17,
    17,
    17,
    7,
    15,
    17,
    2,
    17,
    5,
    17,
    17,
    14,
    8,
    17,
    10,
    4,
    5,
    17,
    17,
    17,
    8,
    17,
    14,
    2,
    5,
    17,
    4,
    17,
    8,
    9,
    4,
    8,
    8,
    16,
    17,
    17,
    9,
    5,
    8,
    8,
    17,
    17,
    8,
    5,
    17,
    17,
    2,
    8,
    17,
    15,
    8,
    8,
    2,
    8,
    17,
    2,
    17,
    8,
    17,
    4,
    5,
    17,
    17,
    8,
    17,
    17,
    2,
    17,
    17,
    17,
    17,
    2,
    17,
    17,
    17,
    17,
    8,
    4,
    17,
    4,
    17,
    17,
    5,
    17,
    17,
    17,
    6,
    2,
    2,
    5,
    17,
    8,
    17,
    17,
    13,
    17,
    17,
    15,
    8,
    17,
    5,
    8,
    2,
    8,
    17,
    6,
    3,
    8,
    17,
    16,
    17,
    6,
    14,
    2,
    17,
    17,
    17,
    8,
    16,
    17,
    8,
    17,
    5,
    17,
    2,
    14,
    8,
    17,
    17,
    5,
    8,
    17,
    16,
    5,
    9,
    2,
    5,
    18
  ],
  "objectives": [
    333380.51999999955,
    1009.34
  ],
  "fitness": {
    "minutos_ponderados": 333380.51999999955,
    "costo_total": 1009.34
  }
}