{
  "run_info": {
    "dataset": "users5.json",
    "config": "high_heuristic_influence",
    "run": 23,
    "execution_time": 3692.148572206497,
    "iterations_completed": 41,
    "max_iterations": 200,
    "terminated_early": true,
    "generations_without_improvement": 12,
    "pareto_size": 21,
    "pareto_points": [
      [
        3022233.2700000154,
        6912.060000000008
      ],
      [
        3073855.940000018,
        7420.08000000001
      ],
      [
        3030612.340000008,
        7255.300000000009
      ],
      [
        3036015.2600000002,
        7288.70000000001
      ],
      [
        3042463.260000015,
        7306.930000000011
      ],
      [
        3032718.210000004,
        7260.10000000001
      ],
      [
        3055079.570000007,
        7318.64000000001
      ],
      [
        3062074.3600000055,
        7375.490000000011
      ],
      [
        3102836.500000015,
        7476.030000000012
      ],
      [
        3100810.6900000162,
        7453.6100000000115
      ],
      [
        3115704.3800000246,
        7547.260000000012
      ],
      [
        3092003.070000028,
        7431.070000000011
      ],
      [
        3136783.170000024,
        7566.290000000013
      ],
      [
        3140366.640000024,
        7663.330000000013
      ],
      [
        3164182.080000017,
        7688.100000000013
      ],
      [
        3166374.5900000194,
        7690.500000000013
      ],
      [
        3163024.290000029,
        7666.790000000013
      ],
      [
        3184716.080000022,
        7741.700000000015
      ],
      [
        3183415.8500000197,
        7722.860000000015
      ],
      [
        3209118.010000031,
        7835.170000000015
      ],
      [
        3192286.2400000254,
        7757.350000000013
      ]
    ],
    "solutions_evaluated": 820,
    "config_params": {
      "n_ants": 20,
      "rho": 0.4,
      "alpha": 0.5,
      "beta": 5.0,
      "archive_size": 100,
      "no_improvement_generations": 12
    }
  },
  "solutions_count": 21,
  "solutions_directory": "C:\\Users\\hctr0\\PycharmProjects\\TFG_Hector\\31Executions\\PACO\\solutions\\users5\\high_heuristic_influence\\run23",
  "objective_statistics": {
    "cost_range": {
      "min": 6912.060000000008,
      "max": 7835.170000000015
    },
    "minutes_range": {
      "min": 3022233.2700000154,
      "max": 3209118.010000031
    }
  },
  "algorithm_info": {
    "archive_history_length": 41,
    "max_archive_size_reached": 25
  }
}