{
  "run_info": {
    "dataset": "users2.json",
    "config": "uniform_inversion_high_mutation",
    "run": 4,
    "execution_time": 707.7770731449127,
    "generations": 119,
    "pareto_size": 22,
    "pareto_points": [
      [
        -794479.2000000004,
        2209.88
      ],
      [
        -808776.1700000017,
        2215.38
      ],
      [
        -817229.3600000021,
        2250.88
      ],
      [
        -746614.8600000017,
        2194.43
      ],
      [
        -822265.7400000013,
        2262.91
      ],
      [
        -815429.9900000016,
        2250.39
      ],
      [
        -842276.2800000012,
        2440.75
      ],
      [
        -809837.6500000017,
        2218.39
      ],
      [
        -840675.8900000007,
        2386.3199999999997
      ],
      [
        -833875.8400000011,
        2316.8199999999997
      ],
      [
        -838958.0500000012,
        2346.87
      ],
      [
        -814502.5000000021,
        2226.8599999999997
      ],
      [
        -834481.0900000022,
        2320.8199999999997
      ],
      [
        -833542.5800000016,
        2291.85
      ],
      [
        -839147.9700000013,
        2372.83
      ],
      [
        -842231.9600000011,
        2396.82
      ],
      [
        -835175.9800000015,
        2328.82
      ],
      [
        -836224.240000001,
        2329.8100000000004
      ],
      [
        -815303.770000002,
        2232.8599999999997
      ],
      [
        -845047.3000000007,
        2467.77
      ],
      [
        -826469.2800000015,
        2290.38
      ],
      [
        -837439.9400000011,
        2336.8500000000004
      ]
    ]
  },
  "solutions_count": 22,
  "solutions_directory": "../results/NSGA2\\solutions\\users2\\uniform_inversion_high_mutation\\run4"
}