{
  "run_info": {
    "dataset": "users4.json",
    "config": "npoint_reset_low_crossover",
    "run": 4,
    "execution_time": 803.0882942676544,
    "generations": 76,
    "pareto_size": 14,
    "pareto_points": [
      [
        -1770140.9900000007,
        6076.08
      ],
      [
        -1772272.740000001,
        6082.5700000000015
      ],
      [
        -1766265.3700000006,
        6056.590000000001
      ],
      [
        -1772634.17,
        6117.040000000001
      ],
      [
        -1769981.3200000012,
        6061.590000000002
      ],
      [
        -1744441.5499999982,
        5850.410000000001
      ],
      [
        -1742849.429999998,
        5833.910000000001
      ],
      [
        -1762615.9600000007,
        5961.14
      ],
      [
        -1751097.719999998,
        5859.92
      ],
      [
        -1751323.5599999984,
        5869.880000000001
      ],
      [
        -1751478.7799999986,
        5897.410000000002
      ],
      [
        -1763962.5100000007,
        6056.56
      ],
      [
        -1757065.560000001,
        5944.11
      ],
      [
        -1757449.9300000004,
        5944.140000000001
      ]
    ]
  },
  "solutions_count": 14,
  "solutions_directory": "../results/SPEA2\\solutions\\users4\\npoint_reset_low_crossover\\run4"
}