{
  "solution": [
    15,
    2,
    5,
    17,
    8,
    17,
    17,
    17,
    2,
    8,
    17,
    17,
    8,
    17,
    17,
    17,
    17,
    17,
    17,
    8,
    8,
    17,
    17,
    17,
    11,
    17,
    5,
    15,
    17,
    8,
    17,
    17,
    17,
    17,
    8,
    4,
    17,
    17,
    17,
    17,
    17,
    8,
    13,
    17,
    17,
    17,
    10,
    10,
    17,
    17,
    16,
    8,
    17,
    8,
    8,
    17,
    17,
    17,
    18,
    17,
    17,
    17,
    17,
    5,
    17,
    17,
    8,
    18,
    2,
    17,
    17,
    8,
    17,
    17,
    17,
    17,
    8,
    17,
    8,
    2,
    2,
    17,
    17,
    8,
    17,
    8,
    17,
    17,
    16,
    4,
    2,
    17,
    17,
    8,
    8,
    17,
    17,
    4,
    2,
    17,
    16,
    8,
    17,
    17,
    17,
    8,
    17,
    17,
    18,
    17,
    8,
    17,
    2,
    2,
    13,
    4,
    17,
    17,
    8,
    16,
    17,
    17,
    4,
    8,
    2,
    17,
    7,
    17,
    17,
    17,
    17,
    17,
    4,
    17,
    17,
    2,
    17,
    2,
    8,
    17,
    5,
    17,
    17,
    17,
    17,
    17,
    17,
    8,
    16,
    17,
    17,
    17,
    17,
    17,
    8,
    6,
    5,
    17,
    8,
    17,
    3,
    8,
    16,
    5,
    17,
    3,
    17,
    4,
    15,
    17,
    17,
    1,
    8,
    6,
    17,
    17,
    17,
    17,
    16,
    8,
    18,
    8,
    17,
    5,
    8,
    17,
    8,
    17,
    18,
    17,
    8,
    17,
    17,
    2,
    17,
    8,
    8,
    17,
    17,
    17,
    17,
    17,
    5,
    17,
    17,
    17,
    17,
    6,
    8,
    5,
    17,
    17,
    17,
    17,
    17,
    17,
    13,
    8,
    2,
    17,
    8,
    17,
    17,
    17,
    17,
    14,
    17,
    17,
    17,
    17,
    8,
    17,
    16,
    17,
    17,
    8,
    17,
    17,
    17,
    13,
    17,
    8,
    17,
    17,
    6,
    17,
    17,
    5,
    14,
    17,
    8,
    16,
    17,
    17,
    2,
    8,
    17,
    17,
    17,
    17,
    17,
    15,
    8,
    1,
    17,
    17,
    17,
    17,
    17,
    17,
    17,
    17,
    2,
    16,
    9,
    17,
    8,
    6,
    17,
    17,
    17,
    17,
    17,
    3,
    17,
    17,
    5,
    17,
    6,
    17,
    17,
    16,
    17,
    17,
    6,
    7,
    17,
    17,
    17,
    7
  ],
  "objectives": [
    409978.7900000004,
    992.5100000000002
  ],
  "fitness": {
    "minutos_ponderados": 409978.7900000004,
    "costo_total": 992.5100000000002
  }
}