{
  "solution": [
    11,
    17,
    16,
    17,
    8,
    4,
    15,
    13,
    8,
    17,
    17,
    17,
    8,
    17,
    8,
    17,
    8,
    16,
    8,
    17,
    17,
    4,
    8,
    8,
    8,
    17,
    17,
    11,
    17,
    17,
    8,
    8,
    17,
    16,
    17,
    16,
    17,
    8,
    8,
    2,
    17,
    17,
    16,
    17,
    17,
    17,
    8,
    17,
    8,
    17,
    8,
    17,
    8,
    3,
    17,
    8,
    15,
    17,
    7,
    17,
    16,
    17,
    13,
    17,
    17,
    8,
    17,
    17,
    8,
    2,
    18,
    17,
    17,
    17,
    17,
    17,
    17,
    8,
    17,
    8,
    9,
    17,
    16,
    17,
    4,
    8,
    17,
    17,
    4,
    17,
    8,
    17,
    17,
    9,
    17,
    8,
    17,
    17,
    2,
    17,
    3,
    2,
    8,
    17,
    2,
    17,
    16,
    16,
    8,
    8,
    17,
    17,
    17,
    17,
    17,
    17,
    8,
    16,
    16,
    8,
    17,
    8,
    2,
    8,
    8,
    1,
    17,
    17,
    6,
    9,
    17,
    1,
    1,
    17,
    17,
    1,
    17,
    17,
    5,
    17,
    17,
    8,
    17,
    7,
    17,
    17,
    17,
    5,
    17,
    17,
    17,
    5,
    17,
    17,
    17,
    8,
    17,
    17,
    17,
    17,
    16,
    17,
    17,
    17,
    2,
    17,
    8,
    17,
    2,
    2,
    8,
    17,
    17,
    5,
    17,
    17,
    17,
    5,
    17,
    17,
    3,
    17,
    17,
    17,
    6,
    17,
    17,
    17,
    4,
    8,
    17,
    17,
    16,
    8,
    17,
    17,
    5,
    12,
    5,
    8,
    17,
    2,
    17,
    17,
    17,
    14,
    5,
    8,
    17,
    17,
    17,
    17,
    17,
    17,
    17,
    17,
    17,
    8,
    16,
    6,
    8,
    17,
    17,
    17,
    17,
    17,
    17,
    1,
    17,
    17,
    8,
    18,
    8,
    17,
    17,
    17,
    17,
    2,
    8,
    17,
    17,
    17,
    17,
    17,
    7,
    17,
    16,
    8,
    17,
    17,
    17,
    5,
    17,
    16,
    2,
    17,
    17,
    17,
    8,
    15,
    17,
    2,
    17,
    8,
    5,
    17,
    17,
    17,
    17,
    17,
    17,
    17,
    17,
    17,
    16,
    8,
    17,
    5,
    17,
    8,
    5,
    17,
    17,
    17,
    17,
    7,
    17,
    17,
    8,
    8,
    4,
    17,
    16,
    17,
    17,
    17,
    17,
    8,
    2,
    8
  ],
  "objectives": [
    407157.96999999974,
    990.0999999999999
  ],
  "fitness": {
    "minutos_ponderados": 407157.96999999974,
    "costo_total": 990.0999999999999
  }
}