{
  "run_info": {
    "dataset": "users2.json",
    "config": "uniform_reset_high_crossover",
    "run": 3,
    "execution_time": 461.5402235984802,
    "generations": 98,
    "pareto_size": 42,
    "pareto_points": [
      [
        -785749.3500000009,
        2795.17
      ],
      [
        -784335.5000000013,
        2764.1899999999996
      ],
      [
        -755948.5400000027,
        2564.26
      ],
      [
        -781818.130000001,
        2730.2199999999993
      ],
      [
        -777048.2700000026,
        2669.18
      ],
      [
        -762661.3500000016,
        2576.24
      ],
      [
        -776270.4500000018,
        2668.71
      ],
      [
        -764131.9600000018,
        2590.74
      ],
      [
        -779923.7100000024,
        2700.6600000000003
      ],
      [
        -784925.4900000009,
        2777.69
      ],
      [
        -785159.3600000013,
        2780.67
      ],
      [
        -771520.0400000028,
        2633.68
      ],
      [
        -782315.2600000018,
        2737.63
      ],
      [
        -756731.0300000027,
        2572.21
      ],
      [
        -782622.5400000017,
        2737.67
      ],
      [
        -752353.0100000027,
        2549.7700000000004
      ],
      [
        -745968.1200000029,
        2534.7400000000002
      ],
      [
        -784593.6400000016,
        2766.66
      ],
      [
        -767014.3400000026,
        2618.6499999999996
      ],
      [
        -754444.2700000027,
        2563.75
      ],
      [
        -756674.2700000021,
        2569.24
      ],
      [
        -775963.1700000019,
        2662.68
      ],
      [
        -770696.1800000027,
        2622.18
      ],
      [
        -771003.4600000026,
        2631.19
      ],
      [
        -780230.9900000023,
        2711.67
      ],
      [
        -773571.6200000026,
        2641.69
      ],
      [
        -773878.9000000025,
        2646.7100000000005
      ],
      [
        -769099.7500000016,
        2619.24
      ],
      [
        -773961.7700000012,
        2652.7699999999995
      ],
      [
        -779099.8500000025,
        2698.17
      ],
      [
        -783188.2600000013,
        2756.67
      ],
      [
        -766318.160000003,
        2607.2000000000003
      ],
      [
        -778419.4400000024,
        2682.65
      ],
      [
        -774276.6000000028,
        2657.15
      ],
      [
        -783769.7800000017,
        2758.17
      ],
      [
        -780994.2700000008,
        2716.2299999999996
      ],
      [
        -778726.7200000024,
        2693.6600000000003
      ],
      [
        -781118.2700000018,
        2719.6600000000003
      ],
      [
        -774310.3300000019,
        2661.26
      ],
      [
        -773911.5900000022,
        2648.68
      ],
      [
        -783089.3700000016,
        2752.6400000000003
      ],
      [
        -773452.7400000026,
        2639.6499999999996
      ]
    ]
  },
  "solutions_count": 42,
  "solutions_directory": "../results/SPEA2\\solutions\\users2\\uniform_reset_high_crossover\\run3"
}