{
  "run_info": {
    "dataset": "users4.json",
    "config": "npoint_inversion_high_all",
    "run": 3,
    "execution_time": 7085.285034656525,
    "generations": 293,
    "pareto_size": 41,
    "pareto_points": [
      [
        -1856216.0599999987,
        5284.37
      ],
      [
        -1860100.7199999986,
        5286.370000000001
      ],
      [
        -1907219.8099999977,
        5490.2300000000005
      ],
      [
        -1955289.0999999975,
        5781.82
      ],
      [
        -1892891.579999996,
        5326.4800000000005
      ],
      [
        -1935153.2600000002,
        5667.880000000001
      ],
      [
        -1950601.5499999993,
        5702.29
      ],
      [
        -1902741.169999997,
        5452.289999999999
      ],
      [
        -1928628.3700000008,
        5665.820000000001
      ],
      [
        -1852160.2000000016,
        5278.889999999999
      ],
      [
        -1913774.7700000003,
        5578.7300000000005
      ],
      [
        -1921830.5100000016,
        5638.209999999999
      ],
      [
        -1866946.3599999968,
        5289.82
      ],
      [
        -1843123.2400000007,
        5228.950000000001
      ],
      [
        -1897188.4999999958,
        5352.93
      ],
      [
        -1953750.2500000007,
        5744.25
      ],
      [
        -1915579.390000002,
        5591.7300000000005
      ],
      [
        -1919619.9600000025,
        5599.6900000000005
      ],
      [
        -1843475.89,
        5233.93
      ],
      [
        -1959191.040000001,
        5784.73
      ],
      [
        -1949493.7399999988,
        5695.3
      ],
      [
        -1913247.6499999994,
        5569.6900000000005
      ],
      [
        -1920912.7099999993,
        5635.16
      ],
      [
        -1905840.7999999982,
        5462.820000000001
      ],
      [
        -1893680.649999996,
        5340.46
      ],
      [
        -1900605.7999999959,
        5406.380000000001
      ],
      [
        -1920643.3499999992,
        5627.17
      ],
      [
        -1908096.909999998,
        5493.759999999999
      ],
      [
        -1890290.2599999967,
        5312.41
      ],
      [
        -1908852.009999998,
        5520.7699999999995
      ],
      [
        -1961036.7300000011,
        5817.220000000001
      ],
      [
        -1914855.380000002,
        5588.6900000000005
      ],
      [
        -1846208.5200000007,
        5264.41
      ],
      [
        -1900338.9399999955,
        5370.360000000001
      ],
      [
        -1956709.8799999983,
        5784.340000000001
      ],
      [
        -1922452.6600000018,
        5642.700000000001
      ],
      [
        -1944929.6799999992,
        5679.300000000001
      ],
      [
        -1936151.2400000012,
        5676.8600000000015
      ],
      [
        -1889496.5899999968,
        5300.430000000001
      ],
      [
        -1951395.2199999993,
        5729.759999999999
      ],
      [
        -1848118.910000001,
        5265.86
      ]
    ]
  },
  "solutions_count": 41,
  "solutions_directory": "../results/NSGA2\\solutions\\users4\\npoint_inversion_high_all\\run3"
}