{
  "run_info": {
    "dataset": "users4.json",
    "config": "uniform_inversion_high_mutation",
    "run": 11,
    "execution_time": 1541.9840750694275,
    "generations": 107,
    "pareto_size": 15,
    "pareto_points": [
      [
        -1938005.1199999985,
        4965.1500000000015
      ],
      [
        -1977440.4999999981,
        5117.1
      ],
      [
        -1953039.5399999993,
        5007.06
      ],
      [
        -1957561.089999998,
        5012.160000000002
      ],
      [
        -1964826.789999998,
        5058.06
      ],
      [
        -1948904.8599999973,
        4996.1500000000015
      ],
      [
        -1983412.5299999975,
        5140.54
      ],
      [
        -1978696.7699999977,
        5120.570000000001
      ],
      [
        -1993113.8999999973,
        5214.53
      ],
      [
        -1969327.2199999986,
        5084.14
      ],
      [
        -1971775.3999999985,
        5093.520000000001
      ],
      [
        -1951892.7099999962,
        5004.580000000001
      ],
      [
        -1961779.8699999987,
        5045.080000000002
      ],
      [
        -1976320.239999997,
        5107.070000000001
      ],
      [
        -1986773.0999999973,
        5181.070000000001
      ]
    ]
  },
  "solutions_count": 15,
  "solutions_directory": "C:\\Users\\hctr0\\PycharmProjects\\TFG_Hector\\31Executions\\NSGA2\\solutions\\users4\\uniform_inversion_high_mutation\\run11"
}