{
  "run_info": {
    "dataset": "users4.json",
    "config": "npoint_inversion_high_all",
    "run": 2,
    "execution_time": 5259.822516441345,
    "generations": 300,
    "pareto_size": 49,
    "pareto_points": [
      [
        -1868880.8799999987,
        5450.299999999999
      ],
      [
        -1925014.2099999995,
        5605.199999999999
      ],
      [
        -1944425.5699999966,
        5690.759999999999
      ],
      [
        -1866400.7499999986,
        5438.330000000001
      ],
      [
        -1829144.2799999963,
        5352.35
      ],
      [
        -2007413.9599999983,
        5747.18
      ],
      [
        -1836537.749999996,
        5364.360000000001
      ],
      [
        -1997225.999999999,
        5733.210000000001
      ],
      [
        -2016234.3199999977,
        5801.64
      ],
      [
        -1945966.0299999975,
        5704.2300000000005
      ],
      [
        -1933115.1799999962,
        5659.750000000001
      ],
      [
        -1997778.5999999985,
        5737.69
      ],
      [
        -1925756.7899999989,
        5607.7
      ],
      [
        -1840306.6499999964,
        5373.330000000001
      ],
      [
        -2014904.7599999988,
        5794.6900000000005
      ],
      [
        -1949793.649999995,
        5714.160000000001
      ],
      [
        -1997189.159999999,
        5725.71
      ],
      [
        -1867065.5999999985,
        5449.820000000001
      ],
      [
        -1845264.689999997,
        5380.8499999999985
      ],
      [
        -1847026.609999998,
        5390.83
      ],
      [
        -1917172.4600000002,
        5590.230000000001
      ],
      [
        -1924747.38,
        5595.219999999999
      ],
      [
        -1878090.5599999977,
        5468.34
      ],
      [
        -1851982.6199999948,
        5404.759999999999
      ],
      [
        -1907954.59,
        5485.67
      ],
      [
        -1910181.0899999992,
        5539.1900000000005
      ],
      [
        -1878756.0099999981,
        5480.83
      ],
      [
        -1856787.8199999924,
        5429.760000000001
      ],
      [
        -1915091.5599999991,
        5567.67
      ],
      [
        -1933686.1499999978,
        5680.2300000000005
      ],
      [
        -2020546.1599999985,
        5819.650000000001
      ],
      [
        -1935424.7699999982,
        5681.7300000000005
      ],
      [
        -2007189.949999998,
        5747.170000000001
      ],
      [
        -1944776.0099999974,
        5702.74
      ],
      [
        -2013629.7099999976,
        5775.16
      ],
      [
        -2016584.7599999986,
        5803.65
      ],
      [
        -2014640.8299999987,
        5779.16
      ],
      [
        -1850167.8599999954,
        5394.79
      ],
      [
        -1911818.3799999997,
        5548.1900000000005
      ],
      [
        -1909668.3999999997,
        5533.740000000001
      ],
      [
        -1914878.8099999982,
        5558.18
      ],
      [
        -1933646.6399999976,
        5673.23
      ],
      [
        -1871965.7599999988,
        5455.79
      ],
      [
        -1916558.539999999,
        5575.68
      ],
      [
        -1828613.2399999967,
        5345.870000000001
      ],
      [
        -1909663.4899999993,
        5530.720000000002
      ],
      [
        -1853844.0699999954,
        5418.25
      ],
      [
        -1934354.1499999966,
        5680.240000000001
      ],
      [
        -1853773.7599999954,
        5417.790000000002
      ]
    ]
  },
  "solutions_count": 49,
  "solutions_directory": "../results/SPEA2\\solutions\\users4\\npoint_inversion_high_all\\run2"
}