{
  "run_info": {
    "dataset": "users4.json",
    "config": "npoint_inversion_high_all",
    "run": 2,
    "execution_time": 1104.174958705902,
    "generations": 111,
    "pareto_size": 20,
    "pareto_points": [
      [
        -1737875.6999999941,
        5645.740000000001
      ],
      [
        -1737813.2499999949,
        5643.280000000001
      ],
      [
        -1736566.059999995,
        5638.280000000001
      ],
      [
        -1738670.9099999946,
        5652.26
      ],
      [
        -1793248.199999997,
        5798.680000000001
      ],
      [
        -1741059.6899999941,
        5656.76
      ],
      [
        -1740967.2999999942,
        5653.250000000001
      ],
      [
        -1784461.1799999948,
        5728.570000000001
      ],
      [
        -1820149.5799999968,
        5918.5700000000015
      ],
      [
        -1748013.599999996,
        5657.240000000001
      ],
      [
        -1793021.6499999969,
        5787.68
      ],
      [
        -1729398.449999994,
        5632.260000000001
      ],
      [
        -1790658.949999995,
        5738.58
      ],
      [
        -1780558.1099999947,
        5686.619999999999
      ],
      [
        -1776818.849999996,
        5660.170000000002
      ],
      [
        -1819717.7999999968,
        5870.6
      ],
      [
        -1823018.7099999965,
        5919.050000000001
      ],
      [
        -1826768.1499999966,
        5944.530000000001
      ],
      [
        -1816448.1699999936,
        5803.59
      ],
      [
        -1817839.9999999963,
        5860.0599999999995
      ]
    ]
  },
  "solutions_count": 20,
  "solutions_directory": "../results/SPEA2\\solutions\\users4\\npoint_inversion_high_all\\run2"
}