{
  "run_info": {
    "dataset": "users3.json",
    "config": "npoint_reset_low_crossover",
    "run": 3,
    "execution_time": 254.351167678833,
    "generations": 43,
    "pareto_size": 19,
    "pareto_points": [
      [
        -1123120.0599999998,
        3737.27
      ],
      [
        -1146180.6599999976,
        3995.7
      ],
      [
        -1143204.0599999975,
        3972.270000000001
      ],
      [
        -1133354.3899999987,
        3815.3100000000004
      ],
      [
        -1156279.979999998,
        4036.17
      ],
      [
        -1123555.5699999996,
        3761.75
      ],
      [
        -1111634.190000001,
        3675.3500000000004
      ],
      [
        -1120089.4999999995,
        3700.8300000000004
      ],
      [
        -1118270.6400000022,
        3686.42
      ],
      [
        -1141255.019999998,
        3955.1700000000005
      ],
      [
        -1123715.8899999994,
        3763.2700000000004
      ],
      [
        -1128973.8900000001,
        3778.7800000000007
      ],
      [
        -1119499.8300000017,
        3689.43
      ],
      [
        -1148910.6399999978,
        3999.73
      ],
      [
        -1141091.9099999978,
        3954.67
      ],
      [
        -1137356.279999998,
        3899.21
      ],
      [
        -1155271.4699999983,
        4007.19
      ],
      [
        -1130954.1499999994,
        3806.3
      ],
      [
        -1140176.369999997,
        3944.6900000000005
      ]
    ]
  },
  "solutions_count": 19,
  "solutions_directory": "../results/SPEA2\\solutions\\users3\\npoint_reset_low_crossover\\run3"
}