{
  "run_info": {
    "dataset": "users2.json",
    "config": "uniform_reset_low_mutation",
    "run": 5,
    "execution_time": 367.8143119812012,
    "generations": 65,
    "pareto_size": 23,
    "pareto_points": [
      [
        -783364.6000000022,
        2305.73
      ],
      [
        -798964.5300000013,
        2326.27
      ],
      [
        -784489.5300000014,
        2306.72
      ],
      [
        -804222.5100000012,
        2386.1800000000003
      ],
      [
        -804482.3200000012,
        2388.73
      ],
      [
        -794473.9800000013,
        2308.7599999999998
      ],
      [
        -812908.5300000011,
        2517.6400000000003
      ],
      [
        -801974.5700000011,
        2346.2400000000002
      ],
      [
        -811026.8600000012,
        2458.17
      ],
      [
        -800698.6200000014,
        2342.2799999999997
      ],
      [
        -804935.690000001,
        2394.18
      ],
      [
        -813738.8700000013,
        2522.1400000000003
      ],
      [
        -811302.5600000013,
        2487.15
      ],
      [
        -804703.4100000011,
        2393.69
      ],
      [
        -810226.7600000012,
        2455.19
      ],
      [
        -781925.2400000021,
        2301.82
      ],
      [
        -807688.7700000008,
        2398.21
      ],
      [
        -809908.2000000015,
        2449.6600000000003
      ],
      [
        -808377.2800000014,
        2431.16
      ],
      [
        -803114.8700000007,
        2351.73
      ],
      [
        -809465.880000001,
        2434.6800000000003
      ],
      [
        -803945.2100000009,
        2353.2200000000003
      ],
      [
        -805461.970000001,
        2395.21
      ]
    ]
  },
  "solutions_count": 23,
  "solutions_directory": "../results/NSGA2\\solutions\\users2\\uniform_reset_low_mutation\\run5"
}