{
  "run_info": {
    "dataset": "users3.json",
    "config": "npoint_inversion_high_all",
    "run": 3,
    "execution_time": 490.7310400009155,
    "generations": 42,
    "pareto_size": 18,
    "pareto_points": [
      [
        -1138235.7199999988,
        3599.0000000000005
      ],
      [
        -1137931.6399999985,
        3593.4999999999995
      ],
      [
        -1131180.5599999984,
        3571.51
      ],
      [
        -1130022.4999999986,
        3570.5
      ],
      [
        -1133329.7199999995,
        3581.9900000000002
      ],
      [
        -1134577.1899999983,
        3583.0
      ],
      [
        -1183697.759999998,
        3807.4700000000003
      ],
      [
        -1139475.2699999986,
        3604.5099999999998
      ],
      [
        -1151523.5099999974,
        3661.43
      ],
      [
        -1146857.7899999984,
        3608.49
      ],
      [
        -1126680.1699999985,
        3556.54
      ],
      [
        -1109156.48,
        3547.4799999999996
      ],
      [
        -1095710.7200000004,
        3513.59
      ],
      [
        -1160520.2699999977,
        3738.9
      ],
      [
        -1167227.9899999986,
        3800.0499999999997
      ],
      [
        -1166860.2299999981,
        3752.0000000000005
      ],
      [
        -1128775.7399999993,
        3563.9900000000002
      ],
      [
        -1159805.499999999,
        3672.92
      ]
    ]
  },
  "solutions_count": 18,
  "solutions_directory": "../results/NSGA2\\solutions\\users3\\npoint_inversion_high_all\\run3"
}