{
  "solution": [
    5,
    17,
    5,
    17,
    17,
    8,
    17,
    8,
    5,
    17,
    17,
    5,
    17,
    17,
    4,
    7,
    17,
    17,
    17,
    8,
    17,
    17,
    16,
    17,
    16,
    5,
    17,
    17,
    1,
    18,
    17,
    4,
    18,
    17,
    6,
    4,
    10,
    5,
    17,
    17,
    6,
    8,
    17,
    17,
    4,
    17,
    4,
    17,
    17,
    4,
    17,
    2,
    17,
    8,
    8,
    17,
    8,
    17,
    17,
    2,
    17,
    2,
    17,
    16,
    16,
    17,
    17,
    17,
    8,
    14,
    17,
    17,
    17,
    17,
    17,
    17,
    2,
    5,
    17,
    16,
    16,
    2,
    17,
    17,
    2,
    17,
    3,
    16,
    17,
    17,
    8,
    16,
    8,
    17,
    2,
    2,
    5,
    8,
    17,
    8,
    17,
    17,
    6,
    17,
    17,
    4,
    17,
    6,
    17,
    2,
    17,
    17,
    1,
    15,
    17,
    8,
    17,
    17,
    17,
    16,
    5,
    15,
    2,
    17,
    17,
    17,
    18,
    2,
    17,
    16,
    18,
    8,
    17,
    8,
    5,
    17,
    17,
    17,
    16,
    2,
    6,
    2,
    8,
    17,
    2,
    16,
    4,
    17,
    17,
    6,
    17,
    8,
    17,
    16,
    17,
    8,
    16,
    17,
    8,
    14,
    16,
    17,
    17,
    8,
    2,
    16,
    4,
    6,
    17,
    6,
    5,
    2,
    5,
    17,
    17,
    17,
    8,
    17,
    16,
    17,
    16,
    17,
    17,
    2,
    8,
    14,
    16,
    17,
    4,
    5,
    17,
    14,
    4,
    17,
    2,
    16,
    4,
    2,
    15,
    17,
    17,
    17,
    6,
    8,
    17,
    17,
    8,
    17,
    2,
    17,
    17,
    2,
    17,
    17,
    8,
    16,
    15,
    4,
    5,
    2,
    8,
    8,
    17,
    17,
    6,
    6,
    17,
    8,
    8,
    17,
    17,
    2,
    16,
    17,
    8,
    17,
    17,
    17,
    17,
    8,
    4,
    17,
    17,
    17,
    17,
    17,
    17,
    17,
    17,
    12,
    17,
    17,
    5,
    8,
    17,
    5,
    17,
    17,
    5,
    17,
    17,
    17,
    17,
    17,
    17,
    17,
    17,
    2,
    1,
    17,
    17,
    17,
    17,
    17,
    17,
    17,
    17,
    17,
    17,
    2,
    17,
    17,
    6,
    17,
    17,
    17,
    17,
    17,
    2,
    17,
    8,
    8,
    16,
    6,
    15,
    8,
    4,
    4,
    17,
    17
  ],
  "objectives": [
    341756.3799999996,
    957.25
  ],
  "fitness": {
    "minutos_ponderados": 341756.3799999996,
    "costo_total": 957.25
  }
}