{
  "solution": [
    1,
    16,
    2,
    17,
    17,
    13,
    17,
    8,
    1,
    3,
    7,
    10,
    17,
    9,
    4,
    17,
    16,
    6,
    17,
    2,
    17,
    10,
    16,
    8,
    14,
    8,
    16,
    1,
    17,
    17,
    17,
    4,
    5,
    17,
    6,
    4,
    16,
    17,
    2,
    16,
    6,
    8,
    17,
    4,
    1,
    17,
    7,
    16,
    17,
    4,
    16,
    2,
    6,
    8,
    5,
    13,
    8,
    6,
    4,
    10,
    17,
    2,
    17,
    7,
    16,
    17,
    2,
    5,
    11,
    4,
    17,
    15,
    13,
    17,
    18,
    4,
    5,
    8,
    8,
    3,
    10,
    11,
    2,
    17,
    2,
    18,
    2,
    14,
    5,
    16,
    10,
    16,
    18,
    17,
    11,
    4,
    16,
    16,
    12,
    3,
    6,
    6,
    17,
    8,
    17,
    11,
    17,
    10,
    17,
    5,
    17,
    9,
    16,
    6,
    17,
    18,
    17,
    18,
    8,
    16,
    5,
    7,
    9,
    17,
    17,
    5,
    6,
    5,
    8,
    6,
    8,
    8,
    12,
    8,
    2,
    16,
    9,
    17,
    16,
    2,
    6,
    8,
    1,
    17,
    2,
    16,
    16,
    17,
    18,
    18,
    3,
    3,
    1,
    16,
    8,
    8,
    10,
    17,
    8,
    1,
    16,
    6,
    17,
    16,
    17,
    16,
    16,
    6,
    7,
    2,
    16,
    2,
    7,
    14,
    17,
    17,
    8,
    4,
    2,
    9,
    4,
    2,
    17,
    17,
    7,
    15,
    11,
    16,
    4,
    2,
    17,
    8,
    8,
    17,
    4,
    16,
    2,
    8,
    4,
    5,
    18,
    17,
    11,
    8,
    17,
    17,
    14,
    5,
    16,
    17,
    16,
    2,
    2,
    17,
    8,
    15,
    15,
    4,
    4,
    6,
    15,
    8,
    17,
    4,
    17,
    6,
    17,
    16,
    6,
    1,
    2,
    2,
    14,
    16,
    13,
    5,
    2,
    16,
    16,
    8,
    5,
    4,
    4,
    17,
    3,
    2,
    11,
    17,
    15,
    4,
    5,
    6,
    1,
    5,
    17,
    17,
    13,
    13,
    5,
    15,
    17,
    17,
    3,
    18,
    17,
    13,
    3,
    2,
    8,
    17,
    15,
    5,
    15,
    17,
    17,
    17,
    17,
    17,
    8,
    9,
    17,
    17,
    10,
    17,
    17,
    18,
    9,
    8,
    2,
    16,
    10,
    8,
    14,
    6,
    4,
    14,
    5,
    4,
    4,
    5
  ],
  "objectives": [
    391597.12,
    1251.5299999999997
  ],
  "fitness": {
    "minutos_ponderados": 391597.12,
    "costo_total": 1251.5299999999997
  }
}