{
  "solution": [
    5,
    17,
    5,
    17,
    17,
    8,
    17,
    8,
    9,
    17,
    17,
    5,
    17,
    17,
    4,
    7,
    17,
    17,
    17,
    8,
    13,
    17,
    2,
    17,
    16,
    5,
    17,
    17,
    17,
    17,
    17,
    4,
    5,
    17,
    6,
    4,
    17,
    17,
    17,
    17,
    6,
    8,
    17,
    17,
    4,
    15,
    4,
    17,
    17,
    4,
    17,
    2,
    17,
    8,
    8,
    17,
    8,
    17,
    17,
    2,
    17,
    2,
    3,
    16,
    2,
    17,
    17,
    17,
    8,
    4,
    17,
    17,
    17,
    17,
    17,
    17,
    16,
    5,
    17,
    16,
    16,
    17,
    17,
    17,
    2,
    8,
    17,
    16,
    17,
    17,
    8,
    16,
    8,
    17,
    2,
    2,
    5,
    8,
    17,
    8,
    17,
    17,
    17,
    17,
    17,
    17,
    17,
    6,
    17,
    2,
    4,
    9,
    16,
    15,
    16,
    8,
    17,
    17,
    17,
    16,
    5,
    15,
    2,
    17,
    17,
    17,
    8,
    2,
    17,
    16,
    5,
    8,
    17,
    8,
    17,
    17,
    17,
    17,
    16,
    2,
    6,
    2,
    17,
    17,
    2,
    16,
    16,
    17,
    17,
    4,
    17,
    8,
    17,
    16,
    17,
    8,
    16,
    2,
    8,
    16,
    16,
    17,
    17,
    8,
    17,
    16,
    16,
    6,
    17,
    6,
    5,
    2,
    5,
    17,
    17,
    15,
    8,
    17,
    16,
    17,
    16,
    17,
    10,
    2,
    8,
    17,
    8,
    17,
    4,
    9,
    15,
    8,
    4,
    17,
    2,
    16,
    4,
    2,
    6,
    17,
    17,
    17,
    6,
    8,
    17,
    17,
    8,
    17,
    2,
    17,
    17,
    2,
    17,
    17,
    8,
    15,
    15,
    4,
    5,
    2,
    8,
    8,
    17,
    17,
    17,
    6,
    17,
    8,
    8,
    17,
    17,
    2,
    16,
    17,
    8,
    17,
    13,
    9,
    17,
    8,
    4,
    17,
    17,
    17,
    17,
    17,
    17,
    17,
    17,
    6,
    17,
    17,
    5,
    8,
    17,
    11,
    17,
    17,
    5,
    17,
    17,
    17,
    17,
    17,
    17,
    17,
    17,
    2,
    4,
    17,
    17,
    17,
    17,
    17,
    17,
    17,
    18,
    11,
    17,
    16,
    17,
    17,
    17,
    17,
    15,
    17,
    17,
    1,
    9,
    18,
    8,
    8,
    16,
    6,
    15,
    8,
    4,
    4,
    17,
    17
  ],
  "objectives": [
    340843.7999999996,
    955.22
  ],
  "fitness": {
    "minutos_ponderados": 340843.7999999996,
    "costo_total": 955.22
  }
}