{
  "solution": [
    5,
    17,
    5,
    17,
    6,
    17,
    17,
    8,
    5,
    17,
    5,
    5,
    1,
    17,
    4,
    17,
    11,
    17,
    17,
    8,
    9,
    17,
    16,
    17,
    16,
    5,
    17,
    17,
    17,
    17,
    5,
    4,
    5,
    17,
    6,
    4,
    17,
    17,
    17,
    17,
    14,
    8,
    17,
    17,
    4,
    3,
    4,
    11,
    17,
    4,
    17,
    2,
    2,
    16,
    8,
    17,
    8,
    17,
    17,
    2,
    17,
    2,
    17,
    16,
    16,
    17,
    17,
    7,
    8,
    4,
    17,
    17,
    17,
    17,
    4,
    17,
    16,
    15,
    17,
    16,
    16,
    2,
    17,
    17,
    2,
    17,
    17,
    16,
    17,
    17,
    15,
    16,
    8,
    17,
    2,
    2,
    5,
    8,
    17,
    8,
    17,
    17,
    17,
    17,
    17,
    17,
    17,
    6,
    17,
    9,
    17,
    17,
    2,
    15,
    17,
    8,
    17,
    17,
    13,
    6,
    5,
    15,
    2,
    17,
    17,
    17,
    8,
    2,
    12,
    16,
    9,
    8,
    17,
    8,
    16,
    17,
    17,
    17,
    16,
    2,
    6,
    2,
    8,
    17,
    2,
    16,
    16,
    17,
    17,
    12,
    5,
    8,
    17,
    16,
    17,
    8,
    16,
    17,
    8,
    16,
    16,
    17,
    14,
    8,
    17,
    16,
    16,
    6,
    15,
    6,
    5,
    2,
    5,
    17,
    14,
    17,
    8,
    17,
    16,
    17,
    2,
    17,
    17,
    2,
    8,
    17,
    4,
    17,
    4,
    5,
    17,
    8,
    3,
    17,
    8,
    16,
    4,
    2,
    17,
    17,
    17,
    17,
    6,
    8,
    17,
    17,
    8,
    17,
    2,
    17,
    17,
    2,
    17,
    17,
    8,
    16,
    15,
    4,
    5,
    14,
    7,
    8,
    17,
    1,
    17,
    15,
    17,
    18,
    8,
    17,
    17,
    2,
    4,
    17,
    8,
    17,
    17,
    17,
    17,
    8,
    2,
    17,
    17,
    17,
    17,
    17,
    17,
    17,
    17,
    17,
    17,
    17,
    17,
    8,
    17,
    17,
    11,
    17,
    5,
    17,
    17,
    6,
    17,
    17,
    17,
    17,
    17,
    2,
    8,
    17,
    7,
    17,
    17,
    17,
    17,
    8,
    17,
    17,
    18,
    8,
    17,
    17,
    17,
    17,
    17,
    17,
    17,
    17,
    2,
    17,
    8,
    8,
    16,
    6,
    15,
    8,
    4,
    4,
    17,
    17
  ],
  "objectives": [
    357769.19999999995,
    1017.23
  ],
  "fitness": {
    "minutos_ponderados": 357769.19999999995,
    "costo_total": 1017.23
  }
}