{
  "solution": [
    5,
    4,
    5,
    17,
    17,
    8,
    17,
    8,
    5,
    17,
    17,
    5,
    17,
    17,
    8,
    17,
    17,
    17,
    14,
    8,
    17,
    17,
    14,
    17,
    14,
    5,
    16,
    17,
    17,
    5,
    17,
    4,
    5,
    17,
    6,
    4,
    1,
    10,
    17,
    17,
    6,
    8,
    17,
    17,
    4,
    17,
    16,
    17,
    18,
    16,
    17,
    2,
    17,
    8,
    8,
    17,
    8,
    16,
    17,
    2,
    17,
    2,
    17,
    16,
    16,
    17,
    3,
    17,
    8,
    4,
    17,
    17,
    17,
    18,
    17,
    17,
    16,
    5,
    17,
    16,
    16,
    2,
    17,
    17,
    2,
    17,
    17,
    16,
    17,
    6,
    8,
    16,
    8,
    17,
    10,
    2,
    5,
    8,
    17,
    8,
    17,
    17,
    17,
    17,
    17,
    15,
    1,
    6,
    17,
    2,
    16,
    17,
    16,
    15,
    17,
    8,
    17,
    5,
    17,
    16,
    5,
    11,
    2,
    17,
    6,
    17,
    8,
    2,
    17,
    16,
    5,
    8,
    17,
    8,
    17,
    9,
    6,
    17,
    16,
    2,
    6,
    2,
    9,
    17,
    2,
    16,
    16,
    17,
    17,
    8,
    17,
    8,
    17,
    16,
    17,
    8,
    5,
    17,
    8,
    17,
    16,
    17,
    17,
    8,
    17,
    16,
    16,
    6,
    17,
    6,
    5,
    2,
    5,
    17,
    17,
    17,
    8,
    17,
    16,
    17,
    16,
    17,
    17,
    2,
    8,
    17,
    4,
    10,
    4,
    5,
    17,
    8,
    4,
    17,
    2,
    16,
    4,
    2,
    17,
    17,
    17,
    17,
    6,
    8,
    17,
    17,
    8,
    17,
    7,
    17,
    17,
    15,
    17,
    17,
    8,
    16,
    15,
    11,
    5,
    2,
    8,
    8,
    17,
    17,
    17,
    6,
    17,
    3,
    8,
    17,
    17,
    2,
    3,
    17,
    8,
    17,
    17,
    17,
    17,
    8,
    4,
    17,
    17,
    17,
    15,
    17,
    17,
    17,
    17,
    17,
    17,
    13,
    5,
    8,
    3,
    17,
    17,
    17,
    5,
    17,
    17,
    17,
    17,
    17,
    17,
    15,
    17,
    2,
    8,
    17,
    17,
    4,
    17,
    17,
    6,
    17,
    17,
    17,
    1,
    8,
    17,
    17,
    17,
    17,
    17,
    10,
    17,
    17,
    10,
    17,
    2,
    8,
    16,
    6,
    15,
    8,
    4,
    4,
    17,
    17
  ],
  "objectives": [
    352995.4099999997,
    994.75
  ],
  "fitness": {
    "minutos_ponderados": 352995.4099999997,
    "costo_total": 994.75
  }
}