{
  "solution": [
    17,
    17,
    5,
    17,
    14,
    8,
    17,
    8,
    5,
    17,
    17,
    5,
    17,
    17,
    3,
    10,
    17,
    17,
    17,
    10,
    17,
    17,
    16,
    17,
    16,
    5,
    11,
    17,
    17,
    13,
    17,
    4,
    16,
    17,
    6,
    4,
    17,
    1,
    17,
    17,
    6,
    8,
    17,
    17,
    5,
    17,
    4,
    16,
    17,
    4,
    17,
    2,
    7,
    8,
    8,
    2,
    8,
    9,
    17,
    2,
    17,
    2,
    17,
    16,
    16,
    17,
    2,
    17,
    8,
    4,
    17,
    17,
    17,
    17,
    17,
    17,
    16,
    5,
    17,
    16,
    6,
    2,
    17,
    15,
    2,
    17,
    17,
    16,
    17,
    17,
    8,
    16,
    8,
    17,
    2,
    2,
    5,
    8,
    17,
    8,
    17,
    17,
    17,
    17,
    13,
    17,
    17,
    6,
    17,
    2,
    16,
    17,
    16,
    15,
    17,
    4,
    17,
    9,
    17,
    16,
    5,
    15,
    2,
    6,
    17,
    17,
    8,
    2,
    17,
    2,
    5,
    5,
    17,
    8,
    17,
    17,
    17,
    17,
    16,
    2,
    6,
    2,
    8,
    17,
    2,
    16,
    16,
    17,
    17,
    8,
    17,
    15,
    17,
    2,
    17,
    8,
    16,
    17,
    5,
    16,
    2,
    17,
    17,
    8,
    17,
    16,
    16,
    6,
    9,
    6,
    5,
    2,
    5,
    17,
    17,
    17,
    8,
    17,
    16,
    17,
    18,
    17,
    17,
    2,
    8,
    17,
    14,
    17,
    4,
    5,
    17,
    8,
    4,
    17,
    2,
    16,
    4,
    2,
    17,
    17,
    17,
    17,
    6,
    11,
    17,
    17,
    8,
    17,
    6,
    17,
    17,
    2,
    17,
    17,
    8,
    16,
    15,
    4,
    5,
    2,
    8,
    15,
    17,
    17,
    17,
    6,
    17,
    8,
    8,
    17,
    17,
    2,
    16,
    17,
    13,
    17,
    8,
    17,
    17,
    8,
    4,
    17,
    17,
    17,
    17,
    5,
    17,
    17,
    17,
    2,
    17,
    17,
    5,
    9,
    17,
    17,
    17,
    17,
    5,
    17,
    17,
    17,
    17,
    17,
    17,
    17,
    17,
    2,
    8,
    17,
    17,
    17,
    17,
    3,
    17,
    17,
    17,
    17,
    17,
    8,
    7,
    13,
    17,
    17,
    16,
    17,
    17,
    17,
    2,
    17,
    8,
    8,
    16,
    6,
    6,
    8,
    4,
    4,
    17,
    17
  ],
  "objectives": [
    352411.6199999999,
    993.7300000000001
  ],
  "fitness": {
    "minutos_ponderados": 352411.6199999999,
    "costo_total": 993.7300000000001
  }
}